{
  "type": "FeatureCollection",
  "generator": "overpass-turbo",
  "copyright": "The data included in this document is from www.openstreetmap.org. The data is made available under ODbL.",
  "timestamp": "2026-09-06T09:16:36Z",
  "features": [
    {
      "type": "Feature",
      "properties": {
        "@id": "node/308446846",
        "amenity": "drinking_water"
      },
      "geometry": {
        "type": "Point",
        "coordinates": [
          76.9610358,
          10.4805671
        ]
      },
      "id": "node/308446846"
    },
    {
      "type": "Feature",
      "properties": {
        "@id": "node/332371740",
        "amenity": "drinking_water"
      },
      "geometry": {
        "type": "Point",
        "coordinates": [
          78.9604797,
          12.4158643
        ]
      },
      "id": "node/332371740"
    },
    {
      "type": "Feature",
      "properties": {
        "@id": "node/354953033",
        "amenity": "drinking_water",
        "name": "Well"
      },
      "geometry": {
        "type": "Point",
        "coordinates": [
          78.2494488,
          11.8588228
        ]
      },
      "id": "node/354953033"
    },
    {
      "type": "Feature",
      "properties": {
        "@id": "node/452414173",
        "amenity": "drinking_water"
      },
      "geometry": {
        "type": "Point",
        "coordinates": [
          77.5887312,
          12.9685163
        ]
      },
      "id": "node/452414173"
    },
    {
      "type": "Feature",
      "properties": {
        "@id": "node/663564844",
        "amenity": "drinking_water"
      },
      "geometry": {
        "type": "Point",
        "coordinates": [
          77.5906196,
          12.9741326
        ]
      },
      "id": "node/663564844"
    },
    {
      "type": "Feature",
      "properties": {
        "@id": "node/726223369",
        "amenity": "drinking_water",
        "building": "yes",
        "name": "RO Water Plant"
      },
      "geometry": {
        "type": "Point",
        "coordinates": [
          77.5510311,
          11.314333
        ]
      },
      "id": "node/726223369"
    },
    {
      "type": "Feature",
      "properties": {
        "@id": "node/824196620",
        "amenity": "drinking_water",
        "name": "Public Drinking Water Facility",
        "name:kn": "ಸಾರ್ವಜನಿಕ ಕುಡಿಯುವ ನೀರು"
      },
      "geometry": {
        "type": "Point",
        "coordinates": [
          76.9431263,
          13.3095317
        ]
      },
      "id": "node/824196620"
    },
    {
      "type": "Feature",
      "properties": {
        "@id": "node/1119745894",
        "amenity": "drinking_water"
      },
      "geometry": {
        "type": "Point",
        "coordinates": [
          80.1267805,
          12.9366889
        ]
      },
      "id": "node/1119745894"
    },
    {
      "type": "Feature",
      "properties": {
        "@id": "node/1611575660",
        "amenity": "drinking_water"
      },
      "geometry": {
        "type": "Point",
        "coordinates": [
          75.2511241,
          13.4169262
        ]
      },
      "id": "node/1611575660"
    },
    {
      "type": "Feature",
      "properties": {
        "@id": "node/1621154471",
        "amenity": "drinking_water"
      },
      "geometry": {
        "type": "Point",
        "coordinates": [
          75.4072357,
          13.0906837
        ]
      },
      "id": "node/1621154471"
    },
    {
      "type": "Feature",
      "properties": {
        "@id": "node/1668875644",
        "amenity": "drinking_water"
      },
      "geometry": {
        "type": "Point",
        "coordinates": [
          78.11837,
          9.91928
        ]
      },
      "id": "node/1668875644"
    },
    {
      "type": "Feature",
      "properties": {
        "@id": "node/1669765227",
        "amenity": "drinking_water"
      },
      "geometry": {
        "type": "Point",
        "coordinates": [
          78.68946,
          10.86212
        ]
      },
      "id": "node/1669765227"
    },
    {
      "type": "Feature",
      "properties": {
        "@id": "node/1669765944",
        "amenity": "drinking_water"
      },
      "geometry": {
        "type": "Point",
        "coordinates": [
          78.6895284,
          10.8615556
        ]
      },
      "id": "node/1669765944"
    },
    {
      "type": "Feature",
      "properties": {
        "@id": "node/1764133439",
        "amenity": "drinking_water"
      },
      "geometry": {
        "type": "Point",
        "coordinates": [
          80.2156062,
          12.9712545
        ]
      },
      "id": "node/1764133439"
    },
    {
      "type": "Feature",
      "properties": {
        "@id": "node/1818619978",
        "amenity": "drinking_water"
      },
      "geometry": {
        "type": "Point",
        "coordinates": [
          79.6978098,
          13.7475766
        ]
      },
      "id": "node/1818619978"
    },
    {
      "type": "Feature",
      "properties": {
        "@id": "node/2057437701",
        "amenity": "drinking_water",
        "name": "water tank"
      },
      "geometry": {
        "type": "Point",
        "coordinates": [
          78.0212097,
          9.1861111
        ]
      },
      "id": "node/2057437701"
    },
    {
      "type": "Feature",
      "properties": {
        "@id": "node/2057494813",
        "amenity": "drinking_water",
        "name": "Water pump"
      },
      "geometry": {
        "type": "Point",
        "coordinates": [
          78.0192794,
          9.1861928
        ]
      },
      "id": "node/2057494813"
    },
    {
      "type": "Feature",
      "properties": {
        "@id": "node/2057494873",
        "amenity": "drinking_water",
        "name": "water pump"
      },
      "geometry": {
        "type": "Point",
        "coordinates": [
          78.0197401,
          9.1854525
        ]
      },
      "id": "node/2057494873"
    },
    {
      "type": "Feature",
      "properties": {
        "@id": "node/2057494876",
        "amenity": "drinking_water",
        "man_made": "watermill",
        "name": "water pump"
      },
      "geometry": {
        "type": "Point",
        "coordinates": [
          78.0212183,
          9.1862034
        ]
      },
      "id": "node/2057494876"
    },
    {
      "type": "Feature",
      "properties": {
        "@id": "node/2057494883",
        "amenity": "drinking_water",
        "name": "water pump"
      },
      "geometry": {
        "type": "Point",
        "coordinates": [
          78.0199408,
          9.1869934
        ]
      },
      "id": "node/2057494883"
    },
    {
      "type": "Feature",
      "properties": {
        "@id": "node/2057494886",
        "amenity": "drinking_water",
        "name": "water pump"
      },
      "geometry": {
        "type": "Point",
        "coordinates": [
          78.0190844,
          9.1875254
        ]
      },
      "id": "node/2057494886"
    },
    {
      "type": "Feature",
      "properties": {
        "@id": "node/2057494889",
        "amenity": "drinking_water",
        "name": "water pump"
      },
      "geometry": {
        "type": "Point",
        "coordinates": [
          78.0200251,
          9.1876009
        ]
      },
      "id": "node/2057494889"
    },
    {
      "type": "Feature",
      "properties": {
        "@id": "node/2057494892",
        "amenity": "drinking_water",
        "name": "water pump"
      },
      "geometry": {
        "type": "Point",
        "coordinates": [
          78.0193675,
          9.1880179
        ]
      },
      "id": "node/2057494892"
    },
    {
      "type": "Feature",
      "properties": {
        "@id": "node/2057494893",
        "amenity": "drinking_water",
        "name": "water pump"
      },
      "geometry": {
        "type": "Point",
        "coordinates": [
          78.0192106,
          9.1883593
        ]
      },
      "id": "node/2057494893"
    },
    {
      "type": "Feature",
      "properties": {
        "@id": "node/2057494894",
        "amenity": "drinking_water",
        "name": "water tank"
      },
      "geometry": {
        "type": "Point",
        "coordinates": [
          78.0201762,
          9.186975
        ]
      },
      "id": "node/2057494894"
    },
    {
      "type": "Feature",
      "properties": {
        "@id": "node/2149942503",
        "amenity": "drinking_water"
      },
      "geometry": {
        "type": "Point",
        "coordinates": [
          74.8147101,
          13.8641883
        ]
      },
      "id": "node/2149942503"
    },
    {
      "type": "Feature",
      "properties": {
        "@id": "node/2339219755",
        "amenity": "drinking_water"
      },
      "geometry": {
        "type": "Point",
        "coordinates": [
          80.2359984,
          13.0110884
        ]
      },
      "id": "node/2339219755"
    },
    {
      "type": "Feature",
      "properties": {
        "@id": "node/2407702250",
        "amenity": "drinking_water"
      },
      "geometry": {
        "type": "Point",
        "coordinates": [
          76.2963981,
          12.2949116
        ]
      },
      "id": "node/2407702250"
    },
    {
      "type": "Feature",
      "properties": {
        "@id": "node/2509074483",
        "amenity": "drinking_water"
      },
      "geometry": {
        "type": "Point",
        "coordinates": [
          76.5957485,
          8.8871225
        ]
      },
      "id": "node/2509074483"
    },
    {
      "type": "Feature",
      "properties": {
        "@id": "node/2521944417",
        "amenity": "drinking_water",
        "name": "Hand pump",
        "name:kn": "ನೀರು ಪಂಪ್"
      },
      "geometry": {
        "type": "Point",
        "coordinates": [
          76.2041552,
          12.2366076
        ]
      },
      "id": "node/2521944417"
    },
    {
      "type": "Feature",
      "properties": {
        "@id": "node/2521944418",
        "amenity": "drinking_water",
        "name": "Hand pump"
      },
      "geometry": {
        "type": "Point",
        "coordinates": [
          76.2035504,
          12.2369901
        ]
      },
      "id": "node/2521944418"
    },
    {
      "type": "Feature",
      "properties": {
        "@id": "node/2521944423",
        "amenity": "drinking_water",
        "name": "Wter tank, Kianguru"
      },
      "geometry": {
        "type": "Point",
        "coordinates": [
          76.2034076,
          12.2369506
        ]
      },
      "id": "node/2521944423"
    },
    {
      "type": "Feature",
      "properties": {
        "@id": "node/2574275831",
        "amenity": "drinking_water",
        "name": "Water Tank"
      },
      "geometry": {
        "type": "Point",
        "coordinates": [
          76.1863792,
          12.2349813
        ]
      },
      "id": "node/2574275831"
    },
    {
      "type": "Feature",
      "properties": {
        "@id": "node/2615998194",
        "amenity": "drinking_water",
        "name": "Hand pump"
      },
      "geometry": {
        "type": "Point",
        "coordinates": [
          76.3791151,
          12.2007723
        ]
      },
      "id": "node/2615998194"
    },
    {
      "type": "Feature",
      "properties": {
        "@id": "node/2615998195",
        "amenity": "drinking_water",
        "name": "Hand pump"
      },
      "geometry": {
        "type": "Point",
        "coordinates": [
          76.3767865,
          12.200964
        ]
      },
      "id": "node/2615998195"
    },
    {
      "type": "Feature",
      "properties": {
        "@id": "node/2615998196",
        "amenity": "drinking_water",
        "name": "Hand pump, Karimuddenhalli"
      },
      "geometry": {
        "type": "Point",
        "coordinates": [
          76.3765016,
          12.202709
        ]
      },
      "id": "node/2615998196"
    },
    {
      "type": "Feature",
      "properties": {
        "@id": "node/2615998197",
        "amenity": "drinking_water",
        "name": "Hand pump, Karimuddenhalli"
      },
      "geometry": {
        "type": "Point",
        "coordinates": [
          76.3778102,
          12.2032146
        ]
      },
      "id": "node/2615998197"
    },
    {
      "type": "Feature",
      "properties": {
        "@id": "node/2616016132",
        "amenity": "drinking_water",
        "name": "Hand Pump, Gadige"
      },
      "geometry": {
        "type": "Point",
        "coordinates": [
          76.3733481,
          12.1915565
        ]
      },
      "id": "node/2616016132"
    },
    {
      "type": "Feature",
      "properties": {
        "@id": "node/2617063687",
        "amenity": "drinking_water",
        "name": "Hand Pump"
      },
      "geometry": {
        "type": "Point",
        "coordinates": [
          76.256246,
          12.3298618
        ]
      },
      "id": "node/2617063687"
    },
    {
      "type": "Feature",
      "properties": {
        "@id": "node/2617063688",
        "amenity": "drinking_water",
        "name": "Hand Pump"
      },
      "geometry": {
        "type": "Point",
        "coordinates": [
          76.2618002,
          12.3308249
        ]
      },
      "id": "node/2617063688"
    },
    {
      "type": "Feature",
      "properties": {
        "@id": "node/2617205656",
        "amenity": "drinking_water",
        "name": "Handpump"
      },
      "geometry": {
        "type": "Point",
        "coordinates": [
          76.254503,
          12.3332328
        ]
      },
      "id": "node/2617205656"
    },
    {
      "type": "Feature",
      "properties": {
        "@id": "node/2621836988",
        "amenity": "drinking_water",
        "name": "Hand Pump"
      },
      "geometry": {
        "type": "Point",
        "coordinates": [
          76.4097748,
          12.1942989
        ]
      },
      "id": "node/2621836988"
    },
    {
      "type": "Feature",
      "properties": {
        "@id": "node/2621836991",
        "amenity": "drinking_water",
        "indoor": "yes",
        "name": "Hand Pump",
        "name:kn": "ನೀರು ಪಂಪ್"
      },
      "geometry": {
        "type": "Point",
        "coordinates": [
          76.4129038,
          12.2230336
        ]
      },
      "id": "node/2621836991"
    },
    {
      "type": "Feature",
      "properties": {
        "@id": "node/2621837005",
        "amenity": "drinking_water",
        "name": "Water Pump"
      },
      "geometry": {
        "type": "Point",
        "coordinates": [
          76.4097279,
          12.221307
        ]
      },
      "id": "node/2621837005"
    },
    {
      "type": "Feature",
      "properties": {
        "@id": "node/2621837008",
        "amenity": "drinking_water",
        "name": "Water Tank"
      },
      "geometry": {
        "type": "Point",
        "coordinates": [
          76.4129533,
          12.2227265
        ]
      },
      "id": "node/2621837008"
    },
    {
      "type": "Feature",
      "properties": {
        "@id": "node/2621882002",
        "amenity": "drinking_water",
        "name": "Hand Pump"
      },
      "geometry": {
        "type": "Point",
        "coordinates": [
          76.4176168,
          12.1897217
        ]
      },
      "id": "node/2621882002"
    },
    {
      "type": "Feature",
      "properties": {
        "@id": "node/2621882003",
        "amenity": "drinking_water",
        "name": "Hand Pump"
      },
      "geometry": {
        "type": "Point",
        "coordinates": [
          76.4348008,
          12.1955683
        ]
      },
      "id": "node/2621882003"
    },
    {
      "type": "Feature",
      "properties": {
        "@id": "node/2621882012",
        "amenity": "drinking_water",
        "indoor": "no",
        "name": "Water Pump"
      },
      "geometry": {
        "type": "Point",
        "coordinates": [
          76.4173922,
          12.1897041
        ]
      },
      "id": "node/2621882012"
    },
    {
      "type": "Feature",
      "properties": {
        "@id": "node/2621882013",
        "amenity": "drinking_water",
        "name": "Water Pump"
      },
      "geometry": {
        "type": "Point",
        "coordinates": [
          76.4331897,
          12.1949985
        ]
      },
      "id": "node/2621882013"
    },
    {
      "type": "Feature",
      "properties": {
        "@id": "node/2621900839",
        "amenity": "drinking_water",
        "name": "Hand Pump"
      },
      "geometry": {
        "type": "Point",
        "coordinates": [
          76.4121525,
          12.1827571
        ]
      },
      "id": "node/2621900839"
    },
    {
      "type": "Feature",
      "properties": {
        "@id": "node/2621900840",
        "amenity": "drinking_water",
        "name": "Hand Pump",
        "name:kn": "ನೀರು ಪಂಪ್"
      },
      "geometry": {
        "type": "Point",
        "coordinates": [
          76.4121468,
          12.1833026
        ]
      },
      "id": "node/2621900840"
    },
    {
      "type": "Feature",
      "properties": {
        "@id": "node/2621900853",
        "amenity": "drinking_water",
        "name": "Water Pump"
      },
      "geometry": {
        "type": "Point",
        "coordinates": [
          76.4017572,
          12.184356
        ]
      },
      "id": "node/2621900853"
    },
    {
      "type": "Feature",
      "properties": {
        "@id": "node/2621900854",
        "amenity": "drinking_water",
        "name": "Water Pump"
      },
      "geometry": {
        "type": "Point",
        "coordinates": [
          76.4000087,
          12.1892318
        ]
      },
      "id": "node/2621900854"
    },
    {
      "type": "Feature",
      "properties": {
        "@id": "node/2621904964",
        "amenity": "drinking_water",
        "indoor": "yes",
        "name": "Hand Pump"
      },
      "geometry": {
        "type": "Point",
        "coordinates": [
          76.4572547,
          12.3808466
        ]
      },
      "id": "node/2621904964"
    },
    {
      "type": "Feature",
      "properties": {
        "@id": "node/2621904987",
        "amenity": "drinking_water",
        "indoor": "yes",
        "name": "Water well"
      },
      "geometry": {
        "type": "Point",
        "coordinates": [
          76.456975,
          12.381156
        ]
      },
      "id": "node/2621904987"
    },
    {
      "type": "Feature",
      "properties": {
        "@id": "node/2622197375",
        "amenity": "drinking_water",
        "name": "Hand pump",
        "name:kn": "ನೀರು ಪಂಪ್"
      },
      "geometry": {
        "type": "Point",
        "coordinates": [
          76.415268,
          12.242225
        ]
      },
      "id": "node/2622197375"
    },
    {
      "type": "Feature",
      "properties": {
        "@id": "node/2622197376",
        "amenity": "drinking_water",
        "name": "Hand pump"
      },
      "geometry": {
        "type": "Point",
        "coordinates": [
          76.428685,
          12.257034
        ]
      },
      "id": "node/2622197376"
    },
    {
      "type": "Feature",
      "properties": {
        "@id": "node/2622197383",
        "amenity": "drinking_water",
        "name": "Hand pump"
      },
      "geometry": {
        "type": "Point",
        "coordinates": [
          76.427379,
          12.258721
        ]
      },
      "id": "node/2622197383"
    },
    {
      "type": "Feature",
      "properties": {
        "@id": "node/2622197387",
        "amenity": "drinking_water",
        "name": "Hand pump",
        "name:kn": "ನೀರು ಪಂಪ್"
      },
      "geometry": {
        "type": "Point",
        "coordinates": [
          76.417396,
          12.258737
        ]
      },
      "id": "node/2622197387"
    },
    {
      "type": "Feature",
      "properties": {
        "@id": "node/2622197391",
        "amenity": "drinking_water",
        "name": "Hand pump"
      },
      "geometry": {
        "type": "Point",
        "coordinates": [
          76.397131,
          12.264901
        ]
      },
      "id": "node/2622197391"
    },
    {
      "type": "Feature",
      "properties": {
        "@id": "node/2622197394",
        "amenity": "drinking_water",
        "name": "Hand pump"
      },
      "geometry": {
        "type": "Point",
        "coordinates": [
          76.417944,
          12.27732
        ]
      },
      "id": "node/2622197394"
    },
    {
      "type": "Feature",
      "properties": {
        "@id": "node/2622197398",
        "amenity": "drinking_water",
        "name": "Hand pump"
      },
      "geometry": {
        "type": "Point",
        "coordinates": [
          76.387882,
          12.279506
        ]
      },
      "id": "node/2622197398"
    },
    {
      "type": "Feature",
      "properties": {
        "@id": "node/2622197402",
        "amenity": "drinking_water",
        "name": "Hand pump"
      },
      "geometry": {
        "type": "Point",
        "coordinates": [
          76.392391,
          12.282937
        ]
      },
      "id": "node/2622197402"
    },
    {
      "type": "Feature",
      "properties": {
        "@id": "node/2622197410",
        "amenity": "drinking_water",
        "name": "Hand pump",
        "name:kn": "ನೀರು ಪಂಪ್"
      },
      "geometry": {
        "type": "Point",
        "coordinates": [
          76.42355,
          12.286589
        ]
      },
      "id": "node/2622197410"
    },
    {
      "type": "Feature",
      "properties": {
        "@id": "node/2622197415",
        "amenity": "drinking_water",
        "name": "Hand pump"
      },
      "geometry": {
        "type": "Point",
        "coordinates": [
          76.448084,
          12.309551
        ]
      },
      "id": "node/2622197415"
    },
    {
      "type": "Feature",
      "properties": {
        "@id": "node/2622197418",
        "amenity": "drinking_water",
        "name": "Hand pump"
      },
      "geometry": {
        "type": "Point",
        "coordinates": [
          76.450663,
          12.309736
        ]
      },
      "id": "node/2622197418"
    },
    {
      "type": "Feature",
      "properties": {
        "@id": "node/2622197422",
        "amenity": "drinking_water",
        "name": "Hand pump"
      },
      "geometry": {
        "type": "Point",
        "coordinates": [
          76.45122,
          12.314675
        ]
      },
      "id": "node/2622197422"
    },
    {
      "type": "Feature",
      "properties": {
        "@id": "node/2622197426",
        "amenity": "drinking_water",
        "name": "Hand pump",
        "name:kn": "ನೀರು ಪಂಪ್"
      },
      "geometry": {
        "type": "Point",
        "coordinates": [
          76.443135,
          12.31943
        ]
      },
      "id": "node/2622197426"
    },
    {
      "type": "Feature",
      "properties": {
        "@id": "node/2622197430",
        "amenity": "drinking_water",
        "name": "Hand pump"
      },
      "geometry": {
        "type": "Point",
        "coordinates": [
          76.460978,
          12.320194
        ]
      },
      "id": "node/2622197430"
    },
    {
      "type": "Feature",
      "properties": {
        "@id": "node/2622197493",
        "amenity": "drinking_water",
        "name": "Hand pump"
      },
      "geometry": {
        "type": "Point",
        "coordinates": [
          76.3931524,
          12.2857268
        ]
      },
      "id": "node/2622197493"
    },
    {
      "type": "Feature",
      "properties": {
        "@id": "node/2624350268",
        "amenity": "drinking_water",
        "name": "hand pump",
        "number": "822"
      },
      "geometry": {
        "type": "Point",
        "coordinates": [
          76.415426,
          12.350687
        ]
      },
      "id": "node/2624350268"
    },
    {
      "type": "Feature",
      "properties": {
        "@id": "node/2624350269",
        "amenity": "drinking_water",
        "name": "hand pump",
        "number": "825"
      },
      "geometry": {
        "type": "Point",
        "coordinates": [
          76.418082,
          12.351313
        ]
      },
      "id": "node/2624350269"
    },
    {
      "type": "Feature",
      "properties": {
        "@id": "node/2624350270",
        "amenity": "drinking_water",
        "name": "hand pump",
        "number": "824"
      },
      "geometry": {
        "type": "Point",
        "coordinates": [
          76.415502,
          12.351413
        ]
      },
      "id": "node/2624350270"
    },
    {
      "type": "Feature",
      "properties": {
        "@id": "node/2624350271",
        "amenity": "drinking_water",
        "name": "hand pump",
        "name:kn": "ನೀರು ಪಂಪ್",
        "number": "826"
      },
      "geometry": {
        "type": "Point",
        "coordinates": [
          76.419005,
          12.351464
        ]
      },
      "id": "node/2624350271"
    },
    {
      "type": "Feature",
      "properties": {
        "@id": "node/2624350272",
        "amenity": "drinking_water",
        "name": "hand pump",
        "number": "820"
      },
      "geometry": {
        "type": "Point",
        "coordinates": [
          76.415492,
          12.351578
        ]
      },
      "id": "node/2624350272"
    },
    {
      "type": "Feature",
      "properties": {
        "@id": "node/2624350273",
        "amenity": "drinking_water",
        "name": "hand pump",
        "number": "761"
      },
      "geometry": {
        "type": "Point",
        "coordinates": [
          76.416606,
          12.365459
        ]
      },
      "id": "node/2624350273"
    },
    {
      "type": "Feature",
      "properties": {
        "@id": "node/2624350274",
        "amenity": "drinking_water",
        "description": "760",
        "name": "hand pump"
      },
      "geometry": {
        "type": "Point",
        "coordinates": [
          76.418395,
          12.365498
        ]
      },
      "id": "node/2624350274"
    },
    {
      "type": "Feature",
      "properties": {
        "@id": "node/2624350275",
        "amenity": "drinking_water",
        "name": "hand pump",
        "number": "765"
      },
      "geometry": {
        "type": "Point",
        "coordinates": [
          76.417943,
          12.365819
        ]
      },
      "id": "node/2624350275"
    },
    {
      "type": "Feature",
      "properties": {
        "@id": "node/2624350276",
        "amenity": "drinking_water",
        "name": "hand pump",
        "name:kn": "ನೀರು ಪಂಪ್",
        "number": "773"
      },
      "geometry": {
        "type": "Point",
        "coordinates": [
          76.430846,
          12.378844
        ]
      },
      "id": "node/2624350276"
    },
    {
      "type": "Feature",
      "properties": {
        "@id": "node/2624350277",
        "amenity": "drinking_water",
        "name": "hand pump",
        "number": "779"
      },
      "geometry": {
        "type": "Point",
        "coordinates": [
          76.440566,
          12.379014
        ]
      },
      "id": "node/2624350277"
    },
    {
      "type": "Feature",
      "properties": {
        "@id": "node/2624350278",
        "amenity": "drinking_water",
        "description": "777",
        "name": "hand pump"
      },
      "geometry": {
        "type": "Point",
        "coordinates": [
          76.441193,
          12.37968
        ]
      },
      "id": "node/2624350278"
    },
    {
      "type": "Feature",
      "properties": {
        "@id": "node/2624350279",
        "amenity": "drinking_water",
        "name": "hand pump",
        "number": "788"
      },
      "geometry": {
        "type": "Point",
        "coordinates": [
          76.444862,
          12.380306
        ]
      },
      "id": "node/2624350279"
    },
    {
      "type": "Feature",
      "properties": {
        "@id": "node/2624350280",
        "amenity": "drinking_water",
        "name": "hand pump",
        "name:kn": "ನೀರು ಪಂಪ್",
        "number": "775"
      },
      "geometry": {
        "type": "Point",
        "coordinates": [
          76.441548,
          12.38046
        ]
      },
      "id": "node/2624350280"
    },
    {
      "type": "Feature",
      "properties": {
        "@id": "node/2624350281",
        "amenity": "drinking_water",
        "name": "hand pump",
        "number": "786"
      },
      "geometry": {
        "type": "Point",
        "coordinates": [
          76.444818,
          12.381256
        ]
      },
      "id": "node/2624350281"
    },
    {
      "type": "Feature",
      "properties": {
        "@id": "node/2624350282",
        "amenity": "drinking_water",
        "name": "hand pump",
        "number": "781"
      },
      "geometry": {
        "type": "Point",
        "coordinates": [
          76.442299,
          12.381376
        ]
      },
      "id": "node/2624350282"
    },
    {
      "type": "Feature",
      "properties": {
        "@id": "node/2624350283",
        "amenity": "drinking_water",
        "name": "hand pump",
        "number": "793"
      },
      "geometry": {
        "type": "Point",
        "coordinates": [
          76.445161,
          12.393586
        ]
      },
      "id": "node/2624350283"
    },
    {
      "type": "Feature",
      "properties": {
        "@id": "node/2624350284",
        "amenity": "drinking_water",
        "name": "hand pump",
        "number": "800"
      },
      "geometry": {
        "type": "Point",
        "coordinates": [
          76.445634,
          12.395546
        ]
      },
      "id": "node/2624350284"
    },
    {
      "type": "Feature",
      "properties": {
        "@id": "node/2624350285",
        "amenity": "drinking_water",
        "name": "hand pump",
        "name:kn": "ನೀರು ಪಂಪ್",
        "number": "803"
      },
      "geometry": {
        "type": "Point",
        "coordinates": [
          76.445385,
          12.400258
        ]
      },
      "id": "node/2624350285"
    },
    {
      "type": "Feature",
      "properties": {
        "@id": "node/2624350286",
        "amenity": "drinking_water",
        "name": "hand pump",
        "number": "805"
      },
      "geometry": {
        "type": "Point",
        "coordinates": [
          76.444917,
          12.401186
        ]
      },
      "id": "node/2624350286"
    },
    {
      "type": "Feature",
      "properties": {
        "@id": "node/2624350287",
        "amenity": "drinking_water",
        "name": "hand pump",
        "number": "813"
      },
      "geometry": {
        "type": "Point",
        "coordinates": [
          76.445255,
          12.403138
        ]
      },
      "id": "node/2624350287"
    },
    {
      "type": "Feature",
      "properties": {
        "@id": "node/2624639731",
        "amenity": "drinking_water",
        "name": "Hand Pump"
      },
      "geometry": {
        "type": "Point",
        "coordinates": [
          76.4594046,
          12.3600439
        ]
      },
      "id": "node/2624639731"
    },
    {
      "type": "Feature",
      "properties": {
        "@id": "node/2624639743",
        "amenity": "drinking_water",
        "name": "Hand pump"
      },
      "geometry": {
        "type": "Point",
        "coordinates": [
          76.4608816,
          12.3602575
        ]
      },
      "id": "node/2624639743"
    },
    {
      "type": "Feature",
      "properties": {
        "@id": "node/2624640912",
        "amenity": "drinking_water",
        "name": "Hand Pump"
      },
      "geometry": {
        "type": "Point",
        "coordinates": [
          76.4669959,
          12.3609569
        ]
      },
      "id": "node/2624640912"
    },
    {
      "type": "Feature",
      "properties": {
        "@id": "node/2688024033",
        "amenity": "drinking_water"
      },
      "geometry": {
        "type": "Point",
        "coordinates": [
          76.9546377,
          8.4636921
        ]
      },
      "id": "node/2688024033"
    },
    {
      "type": "Feature",
      "properties": {
        "@id": "node/2739097205",
        "amenity": "drinking_water"
      },
      "geometry": {
        "type": "Point",
        "coordinates": [
          80.7132843,
          9.3390165
        ]
      },
      "id": "node/2739097205"
    },
    {
      "type": "Feature",
      "properties": {
        "@id": "node/3201095320",
        "amenity": "drinking_water",
        "designation": "TK Layout Water Tank"
      },
      "geometry": {
        "type": "Point",
        "coordinates": [
          76.6189958,
          12.2971449
        ]
      },
      "id": "node/3201095320"
    },
    {
      "type": "Feature",
      "properties": {
        "@id": "node/3301974478",
        "amenity": "drinking_water",
        "check_date": "2023-02-25",
        "man_made": "water_tap"
      },
      "geometry": {
        "type": "Point",
        "coordinates": [
          76.655365,
          12.3035305
        ]
      },
      "id": "node/3301974478"
    },
    {
      "type": "Feature",
      "properties": {
        "@id": "node/3301976854",
        "amenity": "drinking_water",
        "check_date": "2023-02-25",
        "man_made": "water_tap"
      },
      "geometry": {
        "type": "Point",
        "coordinates": [
          76.6543549,
          12.3038827
        ]
      },
      "id": "node/3301976854"
    },
    {
      "type": "Feature",
      "properties": {
        "@id": "node/3303960316",
        "amenity": "drinking_water"
      },
      "geometry": {
        "type": "Point",
        "coordinates": [
          76.6639042,
          12.3022466
        ]
      },
      "id": "node/3303960316"
    },
    {
      "type": "Feature",
      "properties": {
        "@id": "node/3303962506",
        "amenity": "drinking_water"
      },
      "geometry": {
        "type": "Point",
        "coordinates": [
          76.6710257,
          12.2985213
        ]
      },
      "id": "node/3303962506"
    },
    {
      "type": "Feature",
      "properties": {
        "@id": "node/3303963516",
        "amenity": "drinking_water"
      },
      "geometry": {
        "type": "Point",
        "coordinates": [
          76.6675427,
          12.3010175
        ]
      },
      "id": "node/3303963516"
    },
    {
      "type": "Feature",
      "properties": {
        "@id": "node/3303963519",
        "amenity": "drinking_water"
      },
      "geometry": {
        "type": "Point",
        "coordinates": [
          76.6706067,
          12.3016833
        ]
      },
      "id": "node/3303963519"
    },
    {
      "type": "Feature",
      "properties": {
        "@id": "node/3303963654",
        "amenity": "drinking_water"
      },
      "geometry": {
        "type": "Point",
        "coordinates": [
          76.6675868,
          12.2995393
        ]
      },
      "id": "node/3303963654"
    },
    {
      "type": "Feature",
      "properties": {
        "@id": "node/3303963659",
        "amenity": "drinking_water"
      },
      "geometry": {
        "type": "Point",
        "coordinates": [
          76.6658977,
          12.3000341
        ]
      },
      "id": "node/3303963659"
    },
    {
      "type": "Feature",
      "properties": {
        "@id": "node/3316840718",
        "amenity": "drinking_water",
        "check_date": "2025-01-28"
      },
      "geometry": {
        "type": "Point",
        "coordinates": [
          79.8007688,
          12.0017358
        ]
      },
      "id": "node/3316840718"
    },
    {
      "type": "Feature",
      "properties": {
        "@id": "node/3331630893",
        "amenity": "drinking_water",
        "drinking_water": "unknown"
      },
      "geometry": {
        "type": "Point",
        "coordinates": [
          79.8347884,
          11.9325896
        ]
      },
      "id": "node/3331630893"
    },
    {
      "type": "Feature",
      "properties": {
        "@id": "node/3337749236",
        "access": "yes",
        "amenity": "drinking_water",
        "man_made": "water_tap",
        "operational_status": "operational",
        "operator": "government"
      },
      "geometry": {
        "type": "Point",
        "coordinates": [
          76.163222,
          12.9447433
        ]
      },
      "id": "node/3337749236"
    },
    {
      "type": "Feature",
      "properties": {
        "@id": "node/3371475717",
        "amenity": "drinking_water"
      },
      "geometry": {
        "type": "Point",
        "coordinates": [
          76.1646265,
          12.9401062
        ]
      },
      "id": "node/3371475717"
    },
    {
      "type": "Feature",
      "properties": {
        "@id": "node/3428108421",
        "amenity": "drinking_water",
        "source": "local"
      },
      "geometry": {
        "type": "Point",
        "coordinates": [
          76.1559101,
          12.9479006
        ]
      },
      "id": "node/3428108421"
    },
    {
      "type": "Feature",
      "properties": {
        "@id": "node/3467529399",
        "amenity": "drinking_water",
        "man_made": "water_tap"
      },
      "geometry": {
        "type": "Point",
        "coordinates": [
          76.4844257,
          12.8543981
        ]
      },
      "id": "node/3467529399"
    },
    {
      "type": "Feature",
      "properties": {
        "@id": "node/3500408322",
        "addr:city": "Saidapet",
        "addr:postcode": "600015",
        "addr:street": "Bazaar Road",
        "amenity": "drinking_water"
      },
      "geometry": {
        "type": "Point",
        "coordinates": [
          80.2258368,
          13.0227927
        ]
      },
      "id": "node/3500408322"
    },
    {
      "type": "Feature",
      "properties": {
        "@id": "node/3500410407",
        "addr:city": "Saidapet",
        "addr:postcode": "600015",
        "addr:street": "Jeenis Road",
        "amenity": "drinking_water"
      },
      "geometry": {
        "type": "Point",
        "coordinates": [
          80.2242404,
          13.0222611
        ]
      },
      "id": "node/3500410407"
    },
    {
      "type": "Feature",
      "properties": {
        "@id": "node/3538450204",
        "amenity": "drinking_water"
      },
      "geometry": {
        "type": "Point",
        "coordinates": [
          80.2606399,
          13.0777871
        ]
      },
      "id": "node/3538450204"
    },
    {
      "type": "Feature",
      "properties": {
        "@id": "node/3543350629",
        "amenity": "drinking_water",
        "source": "survey"
      },
      "geometry": {
        "type": "Point",
        "coordinates": [
          79.8059641,
          11.0745852
        ]
      },
      "id": "node/3543350629"
    },
    {
      "type": "Feature",
      "properties": {
        "@id": "node/3596186140",
        "amenity": "drinking_water"
      },
      "geometry": {
        "type": "Point",
        "coordinates": [
          76.1870198,
          13.0294467
        ]
      },
      "id": "node/3596186140"
    },
    {
      "type": "Feature",
      "properties": {
        "@id": "node/3596186141",
        "amenity": "drinking_water"
      },
      "geometry": {
        "type": "Point",
        "coordinates": [
          76.1865809,
          13.0293986
        ]
      },
      "id": "node/3596186141"
    },
    {
      "type": "Feature",
      "properties": {
        "@id": "node/3596186143",
        "amenity": "drinking_water"
      },
      "geometry": {
        "type": "Point",
        "coordinates": [
          76.1881408,
          13.0294564
        ]
      },
      "id": "node/3596186143"
    },
    {
      "type": "Feature",
      "properties": {
        "@id": "node/3667638745",
        "amenity": "drinking_water"
      },
      "geometry": {
        "type": "Point",
        "coordinates": [
          77.2094282,
          13.3718142
        ]
      },
      "id": "node/3667638745"
    },
    {
      "type": "Feature",
      "properties": {
        "@id": "node/3667638757",
        "amenity": "drinking_water"
      },
      "geometry": {
        "type": "Point",
        "coordinates": [
          77.2074883,
          13.3727214
        ]
      },
      "id": "node/3667638757"
    },
    {
      "type": "Feature",
      "properties": {
        "@id": "node/3670743746",
        "amenity": "drinking_water"
      },
      "geometry": {
        "type": "Point",
        "coordinates": [
          77.2071017,
          13.3741679
        ]
      },
      "id": "node/3670743746"
    },
    {
      "type": "Feature",
      "properties": {
        "@id": "node/3728660582",
        "amenity": "drinking_water"
      },
      "geometry": {
        "type": "Point",
        "coordinates": [
          79.3493613,
          13.6836383
        ]
      },
      "id": "node/3728660582"
    },
    {
      "type": "Feature",
      "properties": {
        "@id": "node/3728848525",
        "amenity": "drinking_water",
        "name": "Peechi Reservoir"
      },
      "geometry": {
        "type": "Point",
        "coordinates": [
          76.3814692,
          10.5288001
        ]
      },
      "id": "node/3728848525"
    },
    {
      "type": "Feature",
      "properties": {
        "@id": "node/3783944271",
        "amenity": "drinking_water",
        "name": "Water tank and dispensers"
      },
      "geometry": {
        "type": "Point",
        "coordinates": [
          79.7587196,
          11.7653414
        ]
      },
      "id": "node/3783944271"
    },
    {
      "type": "Feature",
      "properties": {
        "@id": "node/3800594925",
        "amenity": "drinking_water"
      },
      "geometry": {
        "type": "Point",
        "coordinates": [
          80.2388892,
          13.0044514
        ]
      },
      "id": "node/3800594925"
    },
    {
      "type": "Feature",
      "properties": {
        "@id": "node/3801849290",
        "amenity": "drinking_water",
        "name": "Public Tap"
      },
      "geometry": {
        "type": "Point",
        "coordinates": [
          76.8907326,
          9.3632848
        ]
      },
      "id": "node/3801849290"
    },
    {
      "type": "Feature",
      "properties": {
        "@id": "node/3804466114",
        "amenity": "drinking_water",
        "name": "Public Tap"
      },
      "geometry": {
        "type": "Point",
        "coordinates": [
          76.8843804,
          9.3614457
        ]
      },
      "id": "node/3804466114"
    },
    {
      "type": "Feature",
      "properties": {
        "@id": "node/3804489101",
        "amenity": "drinking_water",
        "name": "Public Tap (Bore well)"
      },
      "geometry": {
        "type": "Point",
        "coordinates": [
          76.8538043,
          9.3905849
        ]
      },
      "id": "node/3804489101"
    },
    {
      "type": "Feature",
      "properties": {
        "@id": "node/3804525091",
        "amenity": "drinking_water",
        "name": "Public Tap"
      },
      "geometry": {
        "type": "Point",
        "coordinates": [
          76.8528391,
          9.3856204
        ]
      },
      "id": "node/3804525091"
    },
    {
      "type": "Feature",
      "properties": {
        "@id": "node/3804553741",
        "amenity": "drinking_water",
        "indoor": "no",
        "name": "Public Tap"
      },
      "geometry": {
        "type": "Point",
        "coordinates": [
          76.8435128,
          9.37451
        ]
      },
      "id": "node/3804553741"
    },
    {
      "type": "Feature",
      "properties": {
        "@id": "node/3804557662",
        "amenity": "drinking_water",
        "name": "Public Tap"
      },
      "geometry": {
        "type": "Point",
        "coordinates": [
          76.8478197,
          9.3699149
        ]
      },
      "id": "node/3804557662"
    },
    {
      "type": "Feature",
      "properties": {
        "@id": "node/3804571080",
        "amenity": "drinking_water",
        "name": "Public Tap"
      },
      "geometry": {
        "type": "Point",
        "coordinates": [
          76.8501159,
          9.3673164
        ]
      },
      "id": "node/3804571080"
    },
    {
      "type": "Feature",
      "properties": {
        "@id": "node/3804587202",
        "amenity": "drinking_water",
        "name": "Public Tap"
      },
      "geometry": {
        "type": "Point",
        "coordinates": [
          76.8547402,
          9.3675924
        ]
      },
      "id": "node/3804587202"
    },
    {
      "type": "Feature",
      "properties": {
        "@id": "node/3804804185",
        "amenity": "drinking_water",
        "name": "Public Tap (Bore Well)"
      },
      "geometry": {
        "type": "Point",
        "coordinates": [
          76.8740957,
          9.3623032
        ]
      },
      "id": "node/3804804185"
    },
    {
      "type": "Feature",
      "properties": {
        "@id": "node/3804819379",
        "amenity": "drinking_water",
        "name": "Public Tap"
      },
      "geometry": {
        "type": "Point",
        "coordinates": [
          76.8384653,
          9.3638147
        ]
      },
      "id": "node/3804819379"
    },
    {
      "type": "Feature",
      "properties": {
        "@id": "node/3804819380",
        "amenity": "drinking_water",
        "name": "Public Tap"
      },
      "geometry": {
        "type": "Point",
        "coordinates": [
          76.8410068,
          9.3663895
        ]
      },
      "id": "node/3804819380"
    },
    {
      "type": "Feature",
      "properties": {
        "@id": "node/3804819381",
        "amenity": "drinking_water",
        "name": "Public Tap"
      },
      "geometry": {
        "type": "Point",
        "coordinates": [
          76.8424741,
          9.3667143
        ]
      },
      "id": "node/3804819381"
    },
    {
      "type": "Feature",
      "properties": {
        "@id": "node/3804819382",
        "amenity": "drinking_water",
        "name": "Public Tap"
      },
      "geometry": {
        "type": "Point",
        "coordinates": [
          76.8441468,
          9.3671974
        ]
      },
      "id": "node/3804819382"
    },
    {
      "type": "Feature",
      "properties": {
        "@id": "node/3804826967",
        "amenity": "drinking_water",
        "name": "Public Tap (Bore Well)"
      },
      "geometry": {
        "type": "Point",
        "coordinates": [
          76.8767086,
          9.3616245
        ]
      },
      "id": "node/3804826967"
    },
    {
      "type": "Feature",
      "properties": {
        "@id": "node/3804871606",
        "amenity": "drinking_water",
        "name": "Public Tap"
      },
      "geometry": {
        "type": "Point",
        "coordinates": [
          76.8386809,
          9.3592086
        ]
      },
      "id": "node/3804871606"
    },
    {
      "type": "Feature",
      "properties": {
        "@id": "node/3804871607",
        "amenity": "drinking_water",
        "name": "Public Tap"
      },
      "geometry": {
        "type": "Point",
        "coordinates": [
          76.8387955,
          9.361038
        ]
      },
      "id": "node/3804871607"
    },
    {
      "type": "Feature",
      "properties": {
        "@id": "node/3806160618",
        "amenity": "drinking_water",
        "name": "Public Tap (Bore Well)"
      },
      "geometry": {
        "type": "Point",
        "coordinates": [
          76.8813635,
          9.360694
        ]
      },
      "id": "node/3806160618"
    },
    {
      "type": "Feature",
      "properties": {
        "@id": "node/3806186294",
        "amenity": "drinking_water",
        "name": "Public Tap"
      },
      "geometry": {
        "type": "Point",
        "coordinates": [
          76.8538452,
          9.3657621
        ]
      },
      "id": "node/3806186294"
    },
    {
      "type": "Feature",
      "properties": {
        "@id": "node/3806194018",
        "amenity": "drinking_water",
        "name": "Public Tap"
      },
      "geometry": {
        "type": "Point",
        "coordinates": [
          76.8626822,
          9.3623702
        ]
      },
      "id": "node/3806194018"
    },
    {
      "type": "Feature",
      "properties": {
        "@id": "node/3806371240",
        "amenity": "drinking_water",
        "name": "Public Tap"
      },
      "geometry": {
        "type": "Point",
        "coordinates": [
          76.8268458,
          9.3372504
        ]
      },
      "id": "node/3806371240"
    },
    {
      "type": "Feature",
      "properties": {
        "@id": "node/3808056762",
        "amenity": "drinking_water",
        "name": "Public Tap"
      },
      "geometry": {
        "type": "Point",
        "coordinates": [
          77.0238383,
          9.4035485
        ]
      },
      "id": "node/3808056762"
    },
    {
      "type": "Feature",
      "properties": {
        "@id": "node/3808056763",
        "amenity": "drinking_water",
        "name": "Public Tap"
      },
      "geometry": {
        "type": "Point",
        "coordinates": [
          77.0177785,
          9.4043419
        ]
      },
      "id": "node/3808056763"
    },
    {
      "type": "Feature",
      "properties": {
        "@id": "node/3808120928",
        "amenity": "drinking_water",
        "name": "Public Tap"
      },
      "geometry": {
        "type": "Point",
        "coordinates": [
          76.9544852,
          9.4242586
        ]
      },
      "id": "node/3808120928"
    },
    {
      "type": "Feature",
      "properties": {
        "@id": "node/3808120929",
        "amenity": "drinking_water",
        "name": "Public Tap"
      },
      "geometry": {
        "type": "Point",
        "coordinates": [
          76.9433708,
          9.4347459
        ]
      },
      "id": "node/3808120929"
    },
    {
      "type": "Feature",
      "properties": {
        "@id": "node/3808155021",
        "amenity": "drinking_water",
        "name": "Public Tap"
      },
      "geometry": {
        "type": "Point",
        "coordinates": [
          76.936113,
          9.4946264
        ]
      },
      "id": "node/3808155021"
    },
    {
      "type": "Feature",
      "properties": {
        "@id": "node/3809648143",
        "amenity": "drinking_water",
        "name": "Public Tap"
      },
      "geometry": {
        "type": "Point",
        "coordinates": [
          76.9665447,
          9.4174024
        ]
      },
      "id": "node/3809648143"
    },
    {
      "type": "Feature",
      "properties": {
        "@id": "node/3809804251",
        "amenity": "drinking_water",
        "name": "Public Tap"
      },
      "geometry": {
        "type": "Point",
        "coordinates": [
          76.8825992,
          9.4506034
        ]
      },
      "id": "node/3809804251"
    },
    {
      "type": "Feature",
      "properties": {
        "@id": "node/3810993782",
        "amenity": "drinking_water",
        "name": "Public Tap"
      },
      "geometry": {
        "type": "Point",
        "coordinates": [
          76.8728021,
          9.4755578
        ]
      },
      "id": "node/3810993782"
    },
    {
      "type": "Feature",
      "properties": {
        "@id": "node/3810993783",
        "amenity": "drinking_water",
        "name": "Public Tap"
      },
      "geometry": {
        "type": "Point",
        "coordinates": [
          76.8619411,
          9.4771855
        ]
      },
      "id": "node/3810993783"
    },
    {
      "type": "Feature",
      "properties": {
        "@id": "node/3810993784",
        "amenity": "drinking_water",
        "name": "Public Tap"
      },
      "geometry": {
        "type": "Point",
        "coordinates": [
          76.8861115,
          9.525776
        ]
      },
      "id": "node/3810993784"
    },
    {
      "type": "Feature",
      "properties": {
        "@id": "node/3810993785",
        "amenity": "drinking_water",
        "name": "Public Tap"
      },
      "geometry": {
        "type": "Point",
        "coordinates": [
          76.8854824,
          9.5276618
        ]
      },
      "id": "node/3810993785"
    },
    {
      "type": "Feature",
      "properties": {
        "@id": "node/3811006869",
        "amenity": "drinking_water",
        "name": "Public Tap"
      },
      "geometry": {
        "type": "Point",
        "coordinates": [
          76.8835188,
          9.4630877
        ]
      },
      "id": "node/3811006869"
    },
    {
      "type": "Feature",
      "properties": {
        "@id": "node/3811028457",
        "amenity": "drinking_water",
        "name": "Public Tap"
      },
      "geometry": {
        "type": "Point",
        "coordinates": [
          76.8504196,
          9.4007682
        ]
      },
      "id": "node/3811028457"
    },
    {
      "type": "Feature",
      "properties": {
        "@id": "node/3811028458",
        "amenity": "drinking_water",
        "name": "Public Tap"
      },
      "geometry": {
        "type": "Point",
        "coordinates": [
          76.8508952,
          9.4050427
        ]
      },
      "id": "node/3811028458"
    },
    {
      "type": "Feature",
      "properties": {
        "@id": "node/3811028459",
        "amenity": "drinking_water",
        "name": "Public Tap"
      },
      "geometry": {
        "type": "Point",
        "coordinates": [
          76.8509087,
          9.4176275
        ]
      },
      "id": "node/3811028459"
    },
    {
      "type": "Feature",
      "properties": {
        "@id": "node/3811028460",
        "amenity": "drinking_water",
        "name": "Public Tap"
      },
      "geometry": {
        "type": "Point",
        "coordinates": [
          76.8524502,
          9.4178465
        ]
      },
      "id": "node/3811028460"
    },
    {
      "type": "Feature",
      "properties": {
        "@id": "node/3812199110",
        "amenity": "drinking_water",
        "name": "Public Tap"
      },
      "geometry": {
        "type": "Point",
        "coordinates": [
          76.8671278,
          9.4266072
        ]
      },
      "id": "node/3812199110"
    },
    {
      "type": "Feature",
      "properties": {
        "@id": "node/3812212609",
        "amenity": "drinking_water",
        "name": "Public Tap"
      },
      "geometry": {
        "type": "Point",
        "coordinates": [
          76.8775298,
          9.422575
        ]
      },
      "id": "node/3812212609"
    },
    {
      "type": "Feature",
      "properties": {
        "@id": "node/3812244264",
        "amenity": "drinking_water",
        "name": "Public Tap"
      },
      "geometry": {
        "type": "Point",
        "coordinates": [
          76.84387,
          9.4681918
        ]
      },
      "id": "node/3812244264"
    },
    {
      "type": "Feature",
      "properties": {
        "@id": "node/3812342518",
        "amenity": "drinking_water",
        "name": "Public Tap"
      },
      "geometry": {
        "type": "Point",
        "coordinates": [
          76.8566847,
          9.3971881
        ]
      },
      "id": "node/3812342518"
    },
    {
      "type": "Feature",
      "properties": {
        "@id": "node/3812342519",
        "amenity": "drinking_water",
        "name": "Public Tap"
      },
      "geometry": {
        "type": "Point",
        "coordinates": [
          76.8525297,
          9.3980038
        ]
      },
      "id": "node/3812342519"
    },
    {
      "type": "Feature",
      "properties": {
        "@id": "node/3812342520",
        "amenity": "drinking_water",
        "name": "Public Tap"
      },
      "geometry": {
        "type": "Point",
        "coordinates": [
          76.8493697,
          9.3996519
        ]
      },
      "id": "node/3812342520"
    },
    {
      "type": "Feature",
      "properties": {
        "@id": "node/3812342521",
        "amenity": "drinking_water",
        "name": "Public Tap"
      },
      "geometry": {
        "type": "Point",
        "coordinates": [
          76.8626062,
          9.4148737
        ]
      },
      "id": "node/3812342521"
    },
    {
      "type": "Feature",
      "properties": {
        "@id": "node/3812342522",
        "amenity": "drinking_water",
        "name": "Public Tap"
      },
      "geometry": {
        "type": "Point",
        "coordinates": [
          76.8618519,
          9.4159962
        ]
      },
      "id": "node/3812342522"
    },
    {
      "type": "Feature",
      "properties": {
        "@id": "node/3812342523",
        "amenity": "drinking_water",
        "name": "Public Tap"
      },
      "geometry": {
        "type": "Point",
        "coordinates": [
          76.86546,
          9.4160368
        ]
      },
      "id": "node/3812342523"
    },
    {
      "type": "Feature",
      "properties": {
        "@id": "node/3812342525",
        "amenity": "drinking_water",
        "name": "Public Tap"
      },
      "geometry": {
        "type": "Point",
        "coordinates": [
          76.856254,
          9.4213561
        ]
      },
      "id": "node/3812342525"
    },
    {
      "type": "Feature",
      "properties": {
        "@id": "node/3812469734",
        "amenity": "drinking_water",
        "name": "Public Tap"
      },
      "geometry": {
        "type": "Point",
        "coordinates": [
          76.8729849,
          9.4760846
        ]
      },
      "id": "node/3812469734"
    },
    {
      "type": "Feature",
      "properties": {
        "@id": "node/3910184069",
        "amenity": "drinking_water"
      },
      "geometry": {
        "type": "Point",
        "coordinates": [
          80.23856,
          13.004217
        ]
      },
      "id": "node/3910184069"
    },
    {
      "type": "Feature",
      "properties": {
        "@id": "node/3910184071",
        "amenity": "drinking_water"
      },
      "geometry": {
        "type": "Point",
        "coordinates": [
          80.237248,
          13.004392
        ]
      },
      "id": "node/3910184071"
    },
    {
      "type": "Feature",
      "properties": {
        "@id": "node/3910233232",
        "amenity": "drinking_water"
      },
      "geometry": {
        "type": "Point",
        "coordinates": [
          76.9586969,
          10.4784693
        ]
      },
      "id": "node/3910233232"
    },
    {
      "type": "Feature",
      "properties": {
        "@id": "node/3921425713",
        "amenity": "drinking_water"
      },
      "geometry": {
        "type": "Point",
        "coordinates": [
          80.0448609,
          9.6606527
        ]
      },
      "id": "node/3921425713"
    },
    {
      "type": "Feature",
      "properties": {
        "@id": "node/3921431451",
        "amenity": "drinking_water"
      },
      "geometry": {
        "type": "Point",
        "coordinates": [
          80.470019,
          8.7732795
        ]
      },
      "id": "node/3921431451"
    },
    {
      "type": "Feature",
      "properties": {
        "@id": "node/3921431452",
        "amenity": "drinking_water"
      },
      "geometry": {
        "type": "Point",
        "coordinates": [
          80.4728219,
          8.7762325
        ]
      },
      "id": "node/3921431452"
    },
    {
      "type": "Feature",
      "properties": {
        "@id": "node/3926645471",
        "amenity": "drinking_water"
      },
      "geometry": {
        "type": "Point",
        "coordinates": [
          80.6671208,
          9.0324603
        ]
      },
      "id": "node/3926645471"
    },
    {
      "type": "Feature",
      "properties": {
        "@id": "node/3928192078",
        "amenity": "drinking_water",
        "name": "Tube Well"
      },
      "geometry": {
        "type": "Point",
        "coordinates": [
          80.4648225,
          8.7512676
        ]
      },
      "id": "node/3928192078"
    },
    {
      "type": "Feature",
      "properties": {
        "@id": "node/3932251981",
        "amenity": "drinking_water"
      },
      "geometry": {
        "type": "Point",
        "coordinates": [
          80.3456442,
          8.7079984
        ]
      },
      "id": "node/3932251981"
    },
    {
      "type": "Feature",
      "properties": {
        "@id": "node/3932288955",
        "amenity": "drinking_water"
      },
      "geometry": {
        "type": "Point",
        "coordinates": [
          80.343587,
          8.7062088
        ]
      },
      "id": "node/3932288955"
    },
    {
      "type": "Feature",
      "properties": {
        "@id": "node/3945178740",
        "amenity": "drinking_water",
        "name": "Tube Well"
      },
      "geometry": {
        "type": "Point",
        "coordinates": [
          80.5134022,
          8.8624451
        ]
      },
      "id": "node/3945178740"
    },
    {
      "type": "Feature",
      "properties": {
        "@id": "node/3949437998",
        "amenity": "drinking_water",
        "check_date": "2023-08-29",
        "name": "Cool Drinking Water"
      },
      "geometry": {
        "type": "Point",
        "coordinates": [
          76.2911049,
          9.9689989
        ]
      },
      "id": "node/3949437998"
    },
    {
      "type": "Feature",
      "properties": {
        "@id": "node/3949448961",
        "amenity": "drinking_water",
        "check_date": "2023-08-29",
        "man_made": "water_tap",
        "name": "Cool Drinking Water"
      },
      "geometry": {
        "type": "Point",
        "coordinates": [
          76.2909547,
          9.96995
        ]
      },
      "id": "node/3949448961"
    },
    {
      "type": "Feature",
      "properties": {
        "@id": "node/3949450274",
        "amenity": "drinking_water",
        "man_made": "water_tap",
        "name": "Cool Drinking Water"
      },
      "geometry": {
        "type": "Point",
        "coordinates": [
          76.2919203,
          9.9694665
        ]
      },
      "id": "node/3949450274"
    },
    {
      "type": "Feature",
      "properties": {
        "@id": "node/3953071146",
        "amenity": "drinking_water"
      },
      "geometry": {
        "type": "Point",
        "coordinates": [
          80.2768781,
          13.0538139
        ]
      },
      "id": "node/3953071146"
    },
    {
      "type": "Feature",
      "properties": {
        "@id": "node/3953076893",
        "amenity": "drinking_water"
      },
      "geometry": {
        "type": "Point",
        "coordinates": [
          80.114335,
          12.9633633
        ]
      },
      "id": "node/3953076893"
    },
    {
      "type": "Feature",
      "properties": {
        "@id": "node/3956801196",
        "amenity": "drinking_water",
        "name": "Tube Well"
      },
      "geometry": {
        "type": "Point",
        "coordinates": [
          80.6639485,
          9.0707945
        ]
      },
      "id": "node/3956801196"
    },
    {
      "type": "Feature",
      "properties": {
        "@id": "node/3966758323",
        "amenity": "drinking_water",
        "name": "RO"
      },
      "geometry": {
        "type": "Point",
        "coordinates": [
          76.3445088,
          9.4984492
        ]
      },
      "id": "node/3966758323"
    },
    {
      "type": "Feature",
      "properties": {
        "@id": "node/3984759471",
        "amenity": "drinking_water",
        "name": "Free RO Water"
      },
      "geometry": {
        "type": "Point",
        "coordinates": [
          76.3306828,
          9.4920823
        ]
      },
      "id": "node/3984759471"
    },
    {
      "type": "Feature",
      "properties": {
        "@id": "node/4035952368",
        "amenity": "drinking_water"
      },
      "geometry": {
        "type": "Point",
        "coordinates": [
          76.9132302,
          13.3137614
        ]
      },
      "id": "node/4035952368"
    },
    {
      "type": "Feature",
      "properties": {
        "@id": "node/4035954857",
        "amenity": "drinking_water"
      },
      "geometry": {
        "type": "Point",
        "coordinates": [
          76.9124811,
          13.3144747
        ]
      },
      "id": "node/4035954857"
    },
    {
      "type": "Feature",
      "properties": {
        "@id": "node/4035954896",
        "amenity": "drinking_water"
      },
      "geometry": {
        "type": "Point",
        "coordinates": [
          76.9127389,
          13.3148118
        ]
      },
      "id": "node/4035954896"
    },
    {
      "type": "Feature",
      "properties": {
        "@id": "node/4035954962",
        "amenity": "drinking_water"
      },
      "geometry": {
        "type": "Point",
        "coordinates": [
          76.9127532,
          13.3153408
        ]
      },
      "id": "node/4035954962"
    },
    {
      "type": "Feature",
      "properties": {
        "@id": "node/4035955008",
        "amenity": "drinking_water"
      },
      "geometry": {
        "type": "Point",
        "coordinates": [
          76.9131149,
          13.3158291
        ]
      },
      "id": "node/4035955008"
    },
    {
      "type": "Feature",
      "properties": {
        "@id": "node/4130934096",
        "amenity": "drinking_water"
      },
      "geometry": {
        "type": "Point",
        "coordinates": [
          77.5550085,
          12.9644831
        ]
      },
      "id": "node/4130934096"
    },
    {
      "type": "Feature",
      "properties": {
        "@id": "node/4130962989",
        "amenity": "drinking_water",
        "name": "doctor water"
      },
      "geometry": {
        "type": "Point",
        "coordinates": [
          77.5508007,
          12.9612397
        ]
      },
      "id": "node/4130962989"
    },
    {
      "type": "Feature",
      "properties": {
        "@id": "node/4229940891",
        "amenity": "drinking_water",
        "name": "Malleshwara Milk Dairy and Drinking Water Supply"
      },
      "geometry": {
        "type": "Point",
        "coordinates": [
          77.7887949,
          12.5316709
        ]
      },
      "id": "node/4229940891"
    },
    {
      "type": "Feature",
      "properties": {
        "@id": "node/4252065628",
        "amenity": "drinking_water",
        "name": "Purifier",
        "survey:date": "2016-06-19"
      },
      "geometry": {
        "type": "Point",
        "coordinates": [
          76.1451472,
          10.6273123
        ]
      },
      "id": "node/4252065628"
    },
    {
      "type": "Feature",
      "properties": {
        "@id": "node/4252081432",
        "amenity": "drinking_water",
        "name": "Water Cooler"
      },
      "geometry": {
        "type": "Point",
        "coordinates": [
          76.1446681,
          10.6269566
        ]
      },
      "id": "node/4252081432"
    },
    {
      "type": "Feature",
      "properties": {
        "@id": "node/4252085483",
        "amenity": "drinking_water",
        "level": "0",
        "wheelchair": "yes"
      },
      "geometry": {
        "type": "Point",
        "coordinates": [
          76.1454589,
          10.6262793
        ]
      },
      "id": "node/4252085483"
    },
    {
      "type": "Feature",
      "properties": {
        "@id": "node/4252113836",
        "amenity": "drinking_water"
      },
      "geometry": {
        "type": "Point",
        "coordinates": [
          76.1449861,
          10.6274588
        ]
      },
      "id": "node/4252113836"
    },
    {
      "type": "Feature",
      "properties": {
        "@id": "node/4252115693",
        "amenity": "drinking_water",
        "name": "Common Pipe"
      },
      "geometry": {
        "type": "Point",
        "coordinates": [
          76.1470979,
          10.6286233
        ]
      },
      "id": "node/4252115693"
    },
    {
      "type": "Feature",
      "properties": {
        "@id": "node/4252115695",
        "amenity": "drinking_water",
        "name": "Common Pipe"
      },
      "geometry": {
        "type": "Point",
        "coordinates": [
          76.1460002,
          10.6275441
        ]
      },
      "id": "node/4252115695"
    },
    {
      "type": "Feature",
      "properties": {
        "@id": "node/4252158296",
        "amenity": "drinking_water",
        "name": "Water Cooler"
      },
      "geometry": {
        "type": "Point",
        "coordinates": [
          76.1457964,
          10.628025
        ]
      },
      "id": "node/4252158296"
    },
    {
      "type": "Feature",
      "properties": {
        "@id": "node/4252268420",
        "amenity": "drinking_water"
      },
      "geometry": {
        "type": "Point",
        "coordinates": [
          76.1462925,
          10.6262347
        ]
      },
      "id": "node/4252268420"
    },
    {
      "type": "Feature",
      "properties": {
        "@id": "node/4252324768",
        "amenity": "drinking_water"
      },
      "geometry": {
        "type": "Point",
        "coordinates": [
          76.1458981,
          10.6266776
        ]
      },
      "id": "node/4252324768"
    },
    {
      "type": "Feature",
      "properties": {
        "@id": "node/4252334305",
        "amenity": "drinking_water"
      },
      "geometry": {
        "type": "Point",
        "coordinates": [
          76.1445689,
          10.6266676
        ]
      },
      "id": "node/4252334305"
    },
    {
      "type": "Feature",
      "properties": {
        "@id": "node/4263799190",
        "amenity": "drinking_water"
      },
      "geometry": {
        "type": "Point",
        "coordinates": [
          76.6962384,
          11.6524428
        ]
      },
      "id": "node/4263799190"
    },
    {
      "type": "Feature",
      "properties": {
        "@id": "node/4263833289",
        "amenity": "drinking_water"
      },
      "geometry": {
        "type": "Point",
        "coordinates": [
          76.6968633,
          11.6521593
        ]
      },
      "id": "node/4263833289"
    },
    {
      "type": "Feature",
      "properties": {
        "@id": "node/4266324391",
        "amenity": "drinking_water"
      },
      "geometry": {
        "type": "Point",
        "coordinates": [
          76.7045516,
          11.6582425
        ]
      },
      "id": "node/4266324391"
    },
    {
      "type": "Feature",
      "properties": {
        "@id": "node/4266324392",
        "amenity": "drinking_water"
      },
      "geometry": {
        "type": "Point",
        "coordinates": [
          76.7051041,
          11.6582205
        ]
      },
      "id": "node/4266324392"
    },
    {
      "type": "Feature",
      "properties": {
        "@id": "node/4266337993",
        "amenity": "drinking_water",
        "pump": "manual"
      },
      "geometry": {
        "type": "Point",
        "coordinates": [
          76.6956645,
          11.6527337
        ]
      },
      "id": "node/4266337993"
    },
    {
      "type": "Feature",
      "properties": {
        "@id": "node/4266401189",
        "amenity": "drinking_water"
      },
      "geometry": {
        "type": "Point",
        "coordinates": [
          76.6955048,
          11.6528314
        ]
      },
      "id": "node/4266401189"
    },
    {
      "type": "Feature",
      "properties": {
        "@id": "node/4271181383",
        "amenity": "drinking_water"
      },
      "geometry": {
        "type": "Point",
        "coordinates": [
          76.7041304,
          11.6601566
        ]
      },
      "id": "node/4271181383"
    },
    {
      "type": "Feature",
      "properties": {
        "@id": "node/4277952934",
        "amenity": "drinking_water",
        "survey:date": "2016-07-02"
      },
      "geometry": {
        "type": "Point",
        "coordinates": [
          76.1490184,
          10.6277152
        ]
      },
      "id": "node/4277952934"
    },
    {
      "type": "Feature",
      "properties": {
        "@id": "node/4287813979",
        "amenity": "drinking_water",
        "name": "Drinking Water facility"
      },
      "geometry": {
        "type": "Point",
        "coordinates": [
          76.9383977,
          13.3089219
        ]
      },
      "id": "node/4287813979"
    },
    {
      "type": "Feature",
      "properties": {
        "@id": "node/4287814305",
        "amenity": "drinking_water"
      },
      "geometry": {
        "type": "Point",
        "coordinates": [
          76.9404094,
          13.3157734
        ]
      },
      "id": "node/4287814305"
    },
    {
      "type": "Feature",
      "properties": {
        "@id": "node/4316919306",
        "amenity": "drinking_water",
        "name": "Public Pipe"
      },
      "geometry": {
        "type": "Point",
        "coordinates": [
          76.1641404,
          10.645567
        ]
      },
      "id": "node/4316919306"
    },
    {
      "type": "Feature",
      "properties": {
        "@id": "node/4316938731",
        "amenity": "drinking_water",
        "name": "water tap"
      },
      "geometry": {
        "type": "Point",
        "coordinates": [
          76.1601617,
          10.653385
        ]
      },
      "id": "node/4316938731"
    },
    {
      "type": "Feature",
      "properties": {
        "@id": "node/4316941156",
        "amenity": "drinking_water",
        "name": "Public Tap"
      },
      "geometry": {
        "type": "Point",
        "coordinates": [
          76.1697111,
          10.6421247
        ]
      },
      "id": "node/4316941156"
    },
    {
      "type": "Feature",
      "properties": {
        "@id": "node/4316941164",
        "amenity": "drinking_water",
        "name": "public tap"
      },
      "geometry": {
        "type": "Point",
        "coordinates": [
          76.1763549,
          10.6436972
        ]
      },
      "id": "node/4316941164"
    },
    {
      "type": "Feature",
      "properties": {
        "@id": "node/4316941165",
        "amenity": "drinking_water",
        "name": "public tap"
      },
      "geometry": {
        "type": "Point",
        "coordinates": [
          76.172638,
          10.6434461
        ]
      },
      "id": "node/4316941165"
    },
    {
      "type": "Feature",
      "properties": {
        "@id": "node/4316952334",
        "amenity": "drinking_water"
      },
      "geometry": {
        "type": "Point",
        "coordinates": [
          76.1615965,
          10.6329288
        ]
      },
      "id": "node/4316952334"
    },
    {
      "type": "Feature",
      "properties": {
        "@id": "node/4316956505",
        "amenity": "drinking_water",
        "name": "Public water tap"
      },
      "geometry": {
        "type": "Point",
        "coordinates": [
          76.161555,
          10.6565917
        ]
      },
      "id": "node/4316956505"
    },
    {
      "type": "Feature",
      "properties": {
        "@id": "node/4316989334",
        "amenity": "drinking_water",
        "name": "Public water tap"
      },
      "geometry": {
        "type": "Point",
        "coordinates": [
          76.1608548,
          10.6579159
        ]
      },
      "id": "node/4316989334"
    },
    {
      "type": "Feature",
      "properties": {
        "@id": "node/4317065680",
        "amenity": "drinking_water"
      },
      "geometry": {
        "type": "Point",
        "coordinates": [
          76.1563501,
          10.656876
        ]
      },
      "id": "node/4317065680"
    },
    {
      "type": "Feature",
      "properties": {
        "@id": "node/4317065681",
        "amenity": "drinking_water"
      },
      "geometry": {
        "type": "Point",
        "coordinates": [
          76.1556966,
          10.657059
        ]
      },
      "id": "node/4317065681"
    },
    {
      "type": "Feature",
      "properties": {
        "@id": "node/4317145599",
        "amenity": "drinking_water",
        "name": "post112;Water"
      },
      "geometry": {
        "type": "Point",
        "coordinates": [
          76.1439503,
          10.6338548
        ]
      },
      "id": "node/4317145599"
    },
    {
      "type": "Feature",
      "properties": {
        "@id": "node/4317158281",
        "amenity": "drinking_water"
      },
      "geometry": {
        "type": "Point",
        "coordinates": [
          76.1665578,
          10.6205892
        ]
      },
      "id": "node/4317158281"
    },
    {
      "type": "Feature",
      "properties": {
        "@id": "node/4319313660",
        "amenity": "drinking_water"
      },
      "geometry": {
        "type": "Point",
        "coordinates": [
          76.1680734,
          10.628419
        ]
      },
      "id": "node/4319313660"
    },
    {
      "type": "Feature",
      "properties": {
        "@id": "node/4319719478",
        "amenity": "drinking_water",
        "name": "Public Tap"
      },
      "geometry": {
        "type": "Point",
        "coordinates": [
          76.1645991,
          10.6444137
        ]
      },
      "id": "node/4319719478"
    },
    {
      "type": "Feature",
      "properties": {
        "@id": "node/4319738647",
        "amenity": "drinking_water"
      },
      "geometry": {
        "type": "Point",
        "coordinates": [
          76.1639672,
          10.6438106
        ]
      },
      "id": "node/4319738647"
    },
    {
      "type": "Feature",
      "properties": {
        "@id": "node/4319772343",
        "amenity": "drinking_water"
      },
      "geometry": {
        "type": "Point",
        "coordinates": [
          76.1600885,
          10.6204532
        ]
      },
      "id": "node/4319772343"
    },
    {
      "type": "Feature",
      "properties": {
        "@id": "node/4319775205",
        "amenity": "drinking_water",
        "name": "Public water tap"
      },
      "geometry": {
        "type": "Point",
        "coordinates": [
          76.1616216,
          10.6577509
        ]
      },
      "id": "node/4319775205"
    },
    {
      "type": "Feature",
      "properties": {
        "@id": "node/4319825332",
        "amenity": "drinking_water"
      },
      "geometry": {
        "type": "Point",
        "coordinates": [
          76.1602499,
          10.6208785
        ]
      },
      "id": "node/4319825332"
    },
    {
      "type": "Feature",
      "properties": {
        "@id": "node/4320088366",
        "amenity": "drinking_water"
      },
      "geometry": {
        "type": "Point",
        "coordinates": [
          76.1634807,
          10.6166351
        ]
      },
      "id": "node/4320088366"
    },
    {
      "type": "Feature",
      "properties": {
        "@id": "node/4321543390",
        "amenity": "drinking_water"
      },
      "geometry": {
        "type": "Point",
        "coordinates": [
          76.1623608,
          10.6169522
        ]
      },
      "id": "node/4321543390"
    },
    {
      "type": "Feature",
      "properties": {
        "@id": "node/4338124699",
        "amenity": "drinking_water",
        "name": "GOVT FREE WATER"
      },
      "geometry": {
        "type": "Point",
        "coordinates": [
          80.2197106,
          13.026096
        ]
      },
      "id": "node/4338124699"
    },
    {
      "type": "Feature",
      "properties": {
        "@id": "node/4347063519",
        "amenity": "drinking_water",
        "fountain": "drinking"
      },
      "geometry": {
        "type": "Point",
        "coordinates": [
          76.9037083,
          8.5456298
        ]
      },
      "id": "node/4347063519"
    },
    {
      "type": "Feature",
      "properties": {
        "@id": "node/4347063522",
        "amenity": "drinking_water"
      },
      "geometry": {
        "type": "Point",
        "coordinates": [
          76.9047556,
          8.5460358
        ]
      },
      "id": "node/4347063522"
    },
    {
      "type": "Feature",
      "properties": {
        "@id": "node/4387219896",
        "amenity": "drinking_water",
        "name:en": "ruthira road"
      },
      "geometry": {
        "type": "Point",
        "coordinates": [
          77.8919257,
          10.6454748
        ]
      },
      "id": "node/4387219896"
    },
    {
      "type": "Feature",
      "properties": {
        "@id": "node/4411781619",
        "amenity": "drinking_water"
      },
      "geometry": {
        "type": "Point",
        "coordinates": [
          80.3281844,
          8.6026152
        ]
      },
      "id": "node/4411781619"
    },
    {
      "type": "Feature",
      "properties": {
        "@id": "node/4415974019",
        "amenity": "drinking_water"
      },
      "geometry": {
        "type": "Point",
        "coordinates": [
          80.2433135,
          13.012393
        ]
      },
      "id": "node/4415974019"
    },
    {
      "type": "Feature",
      "properties": {
        "@id": "node/4440212514",
        "amenity": "drinking_water",
        "name": "Tube Well"
      },
      "geometry": {
        "type": "Point",
        "coordinates": [
          80.3134457,
          9.3088273
        ]
      },
      "id": "node/4440212514"
    },
    {
      "type": "Feature",
      "properties": {
        "@id": "node/4464641692",
        "amenity": "drinking_water"
      },
      "geometry": {
        "type": "Point",
        "coordinates": [
          75.4935535,
          12.3849202
        ]
      },
      "id": "node/4464641692"
    },
    {
      "type": "Feature",
      "properties": {
        "@id": "node/4474703097",
        "amenity": "drinking_water",
        "name": "Tap",
        "name:en": "Tap"
      },
      "geometry": {
        "type": "Point",
        "coordinates": [
          77.6729597,
          12.9460176
        ]
      },
      "id": "node/4474703097"
    },
    {
      "type": "Feature",
      "properties": {
        "@id": "node/4478572435",
        "amenity": "drinking_water",
        "name": "Tubewell"
      },
      "geometry": {
        "type": "Point",
        "coordinates": [
          80.3636101,
          9.3436473
        ]
      },
      "id": "node/4478572435"
    },
    {
      "type": "Feature",
      "properties": {
        "@id": "node/4478614289",
        "amenity": "drinking_water",
        "name": "Common Well"
      },
      "geometry": {
        "type": "Point",
        "coordinates": [
          80.3615353,
          9.3413647
        ]
      },
      "id": "node/4478614289"
    },
    {
      "type": "Feature",
      "properties": {
        "@id": "node/4553487683",
        "amenity": "drinking_water",
        "name": "Tube Well"
      },
      "geometry": {
        "type": "Point",
        "coordinates": [
          80.4021207,
          9.331323
        ]
      },
      "id": "node/4553487683"
    },
    {
      "type": "Feature",
      "properties": {
        "@id": "node/4583513490",
        "amenity": "drinking_water"
      },
      "geometry": {
        "type": "Point",
        "coordinates": [
          77.6336294,
          13.0193646
        ]
      },
      "id": "node/4583513490"
    },
    {
      "type": "Feature",
      "properties": {
        "@id": "node/4763211059",
        "amenity": "drinking_water"
      },
      "geometry": {
        "type": "Point",
        "coordinates": [
          80.2674464,
          13.0308417
        ]
      },
      "id": "node/4763211059"
    },
    {
      "type": "Feature",
      "properties": {
        "@id": "node/4763212041",
        "amenity": "drinking_water"
      },
      "geometry": {
        "type": "Point",
        "coordinates": [
          80.1964184,
          12.6164827
        ]
      },
      "id": "node/4763212041"
    },
    {
      "type": "Feature",
      "properties": {
        "@id": "node/4763212133",
        "amenity": "drinking_water"
      },
      "geometry": {
        "type": "Point",
        "coordinates": [
          77.5867696,
          12.9502621
        ]
      },
      "id": "node/4763212133"
    },
    {
      "type": "Feature",
      "properties": {
        "@id": "node/4763213261",
        "amenity": "drinking_water"
      },
      "geometry": {
        "type": "Point",
        "coordinates": [
          74.8310659,
          12.8762049
        ]
      },
      "id": "node/4763213261"
    },
    {
      "type": "Feature",
      "properties": {
        "@id": "node/4803282822",
        "amenity": "drinking_water"
      },
      "geometry": {
        "type": "Point",
        "coordinates": [
          77.7345385,
          12.8338784
        ]
      },
      "id": "node/4803282822"
    },
    {
      "type": "Feature",
      "properties": {
        "@id": "node/4816004524",
        "amenity": "drinking_water",
        "name:en": "RO WATER agency"
      },
      "geometry": {
        "type": "Point",
        "coordinates": [
          80.1928509,
          13.0379352
        ]
      },
      "id": "node/4816004524"
    },
    {
      "type": "Feature",
      "properties": {
        "@id": "node/4824906934",
        "amenity": "drinking_water"
      },
      "geometry": {
        "type": "Point",
        "coordinates": [
          77.5862685,
          12.9489409
        ]
      },
      "id": "node/4824906934"
    },
    {
      "type": "Feature",
      "properties": {
        "@id": "node/4827586123",
        "amenity": "drinking_water",
        "check_date": "2023-11-04",
        "fountain": "bottle_refill"
      },
      "geometry": {
        "type": "Point",
        "coordinates": [
          77.6841663,
          13.3691948
        ]
      },
      "id": "node/4827586123"
    },
    {
      "type": "Feature",
      "properties": {
        "@id": "node/4827607428",
        "amenity": "drinking_water"
      },
      "geometry": {
        "type": "Point",
        "coordinates": [
          77.6843266,
          13.3692679
        ]
      },
      "id": "node/4827607428"
    },
    {
      "type": "Feature",
      "properties": {
        "@id": "node/4894169442",
        "amenity": "drinking_water",
        "name": "Public Tap"
      },
      "geometry": {
        "type": "Point",
        "coordinates": [
          76.8312483,
          9.3418024
        ]
      },
      "id": "node/4894169442"
    },
    {
      "type": "Feature",
      "properties": {
        "@id": "node/4932495388",
        "amenity": "drinking_water",
        "indoor": "yes",
        "operator": "BDU"
      },
      "geometry": {
        "type": "Point",
        "coordinates": [
          78.7441588,
          10.6737682
        ]
      },
      "id": "node/4932495388"
    },
    {
      "type": "Feature",
      "properties": {
        "@id": "node/5111532048",
        "amenity": "drinking_water"
      },
      "geometry": {
        "type": "Point",
        "coordinates": [
          81.0044502,
          7.9654693
        ]
      },
      "id": "node/5111532048"
    },
    {
      "type": "Feature",
      "properties": {
        "@id": "node/5130801923",
        "amenity": "drinking_water",
        "name": "RO water"
      },
      "geometry": {
        "type": "Point",
        "coordinates": [
          77.481983,
          12.9845313
        ]
      },
      "id": "node/5130801923"
    },
    {
      "type": "Feature",
      "properties": {
        "@id": "node/5172791588",
        "amenity": "drinking_water",
        "check_date": "2025-06-16"
      },
      "geometry": {
        "type": "Point",
        "coordinates": [
          77.4998007,
          12.922463
        ]
      },
      "id": "node/5172791588"
    },
    {
      "type": "Feature",
      "properties": {
        "@id": "node/5218115318",
        "amenity": "drinking_water"
      },
      "geometry": {
        "type": "Point",
        "coordinates": [
          77.4997608,
          12.9225504
        ]
      },
      "id": "node/5218115318"
    },
    {
      "type": "Feature",
      "properties": {
        "@id": "node/5259390024",
        "amenity": "drinking_water",
        "name": "Doctor water"
      },
      "geometry": {
        "type": "Point",
        "coordinates": [
          77.5494253,
          12.9622432
        ]
      },
      "id": "node/5259390024"
    },
    {
      "type": "Feature",
      "properties": {
        "@id": "node/5267667878",
        "addr:housenumber": "25",
        "addr:street": "St Louis Street",
        "amenity": "drinking_water",
        "name": "Mineral Water",
        "opening_hours": "Mo-Su 09:00-20:30",
        "phone": "04134210232"
      },
      "geometry": {
        "type": "Point",
        "coordinates": [
          79.83502,
          11.93521
        ]
      },
      "id": "node/5267667878"
    },
    {
      "type": "Feature",
      "properties": {
        "@id": "node/5267670350",
        "access": "yes",
        "amenity": "drinking_water",
        "name": "Mineral Water",
        "name:fr": "Eau Minérale"
      },
      "geometry": {
        "type": "Point",
        "coordinates": [
          79.834803,
          11.9348178
        ]
      },
      "id": "node/5267670350"
    },
    {
      "type": "Feature",
      "properties": {
        "@id": "node/5267670530",
        "access": "yes",
        "addr:housenumber": "Pondicherry Musuem",
        "addr:street": "St.Louis Street",
        "amenity": "drinking_water",
        "name": "Free Drinking Water",
        "name:ta": "இலவச குடிநீர்",
        "opening_hours": "Tu-Su 09:00-18:30"
      },
      "geometry": {
        "type": "Point",
        "coordinates": [
          79.8348241,
          11.934317
        ]
      },
      "id": "node/5267670530"
    },
    {
      "type": "Feature",
      "properties": {
        "@id": "node/5267671051",
        "addr:housenumber": "Villa Arome",
        "addr:street": "Rue Ananda Rangapoulle",
        "amenity": "drinking_water",
        "name": "Free Drinking Water"
      },
      "geometry": {
        "type": "Point",
        "coordinates": [
          79.833668,
          11.9341312
        ]
      },
      "id": "node/5267671051"
    },
    {
      "type": "Feature",
      "properties": {
        "@id": "node/5267671911",
        "addr:housenumber": "9",
        "addr:street": "Ranga Pillai St",
        "amenity": "drinking_water",
        "name": "Mineral Water",
        "phone": "01432220613"
      },
      "geometry": {
        "type": "Point",
        "coordinates": [
          79.8317362,
          11.9345906
        ]
      },
      "id": "node/5267671911"
    },
    {
      "type": "Feature",
      "properties": {
        "@id": "node/5267673043",
        "addr:housenumber": "7",
        "addr:street": "Rue La De Lauriston",
        "amenity": "drinking_water",
        "name": "Mineral Water"
      },
      "geometry": {
        "type": "Point",
        "coordinates": [
          79.83356,
          11.9360236
        ]
      },
      "id": "node/5267673043"
    },
    {
      "type": "Feature",
      "properties": {
        "@id": "node/5267673281",
        "addr:street": "Aralmigu Manakula Vinayagar Devasthanam",
        "amenity": "drinking_water",
        "name": "Free Drinking Water",
        "opening_hours": "24/7",
        "phone": "04132336544"
      },
      "geometry": {
        "type": "Point",
        "coordinates": [
          79.8337682,
          11.9359381
        ]
      },
      "id": "node/5267673281"
    },
    {
      "type": "Feature",
      "properties": {
        "@id": "node/5267714694",
        "amenity": "drinking_water",
        "name": "Water Point non functional"
      },
      "geometry": {
        "type": "Point",
        "coordinates": [
          79.8334686,
          11.9330321
        ]
      },
      "id": "node/5267714694"
    },
    {
      "type": "Feature",
      "properties": {
        "@id": "node/5273651300",
        "amenity": "drinking_water",
        "name": "Thandappuram Water Supply Scheme"
      },
      "geometry": {
        "type": "Point",
        "coordinates": [
          75.8060342,
          11.5145669
        ]
      },
      "id": "node/5273651300"
    },
    {
      "type": "Feature",
      "properties": {
        "@id": "node/5301919564",
        "amenity": "drinking_water"
      },
      "geometry": {
        "type": "Point",
        "coordinates": [
          75.8306542,
          11.4070007
        ]
      },
      "id": "node/5301919564"
    },
    {
      "type": "Feature",
      "properties": {
        "@id": "node/5304399865",
        "amenity": "drinking_water"
      },
      "geometry": {
        "type": "Point",
        "coordinates": [
          80.1069106,
          12.9251749
        ]
      },
      "id": "node/5304399865"
    },
    {
      "type": "Feature",
      "properties": {
        "@id": "node/5304526097",
        "amenity": "drinking_water"
      },
      "geometry": {
        "type": "Point",
        "coordinates": [
          79.8154018,
          11.9324071
        ]
      },
      "id": "node/5304526097"
    },
    {
      "type": "Feature",
      "properties": {
        "@id": "node/5342648714",
        "amenity": "drinking_water"
      },
      "geometry": {
        "type": "Point",
        "coordinates": [
          77.5348151,
          12.9658991
        ]
      },
      "id": "node/5342648714"
    },
    {
      "type": "Feature",
      "properties": {
        "@id": "node/5350850821",
        "amenity": "drinking_water",
        "name:en": "Auroville Water Service"
      },
      "geometry": {
        "type": "Point",
        "coordinates": [
          79.8162814,
          12.0018168
        ]
      },
      "id": "node/5350850821"
    },
    {
      "type": "Feature",
      "properties": {
        "@id": "node/5389524054",
        "amenity": "drinking_water"
      },
      "geometry": {
        "type": "Point",
        "coordinates": [
          80.2420389,
          12.7632027
        ]
      },
      "id": "node/5389524054"
    },
    {
      "type": "Feature",
      "properties": {
        "@id": "node/5468995521",
        "amenity": "drinking_water"
      },
      "geometry": {
        "type": "Point",
        "coordinates": [
          77.6361666,
          12.9571332
        ]
      },
      "id": "node/5468995521"
    },
    {
      "type": "Feature",
      "properties": {
        "@id": "node/5585615328",
        "amenity": "drinking_water"
      },
      "geometry": {
        "type": "Point",
        "coordinates": [
          77.6377772,
          12.9742298
        ]
      },
      "id": "node/5585615328"
    },
    {
      "type": "Feature",
      "properties": {
        "@id": "node/5585615827",
        "amenity": "drinking_water"
      },
      "geometry": {
        "type": "Point",
        "coordinates": [
          77.639537,
          12.9741225
        ]
      },
      "id": "node/5585615827"
    },
    {
      "type": "Feature",
      "properties": {
        "@id": "node/5585635624",
        "amenity": "drinking_water"
      },
      "geometry": {
        "type": "Point",
        "coordinates": [
          77.6378172,
          12.9736419
        ]
      },
      "id": "node/5585635624"
    },
    {
      "type": "Feature",
      "properties": {
        "@id": "node/5585639123",
        "amenity": "drinking_water"
      },
      "geometry": {
        "type": "Point",
        "coordinates": [
          77.6385106,
          12.9733584
        ]
      },
      "id": "node/5585639123"
    },
    {
      "type": "Feature",
      "properties": {
        "@id": "node/5634374688",
        "amenity": "drinking_water"
      },
      "geometry": {
        "type": "Point",
        "coordinates": [
          80.6092104,
          9.3548621
        ]
      },
      "id": "node/5634374688"
    },
    {
      "type": "Feature",
      "properties": {
        "@id": "node/5646997521",
        "amenity": "drinking_water"
      },
      "geometry": {
        "type": "Point",
        "coordinates": [
          77.63882,
          12.9745214
        ]
      },
      "id": "node/5646997521"
    },
    {
      "type": "Feature",
      "properties": {
        "@id": "node/5666299021",
        "amenity": "drinking_water",
        "name:en": "Kemil water"
      },
      "geometry": {
        "type": "Point",
        "coordinates": [
          81.0164866,
          7.7176055
        ]
      },
      "id": "node/5666299021"
    },
    {
      "type": "Feature",
      "properties": {
        "@id": "node/5678058124",
        "amenity": "drinking_water",
        "name": "RO Center"
      },
      "geometry": {
        "type": "Point",
        "coordinates": [
          77.5416866,
          12.9642911
        ]
      },
      "id": "node/5678058124"
    },
    {
      "type": "Feature",
      "properties": {
        "@id": "node/5678058126",
        "amenity": "drinking_water",
        "name": "RO center"
      },
      "geometry": {
        "type": "Point",
        "coordinates": [
          77.5412711,
          12.9672282
        ]
      },
      "id": "node/5678058126"
    },
    {
      "type": "Feature",
      "properties": {
        "@id": "node/5686896881",
        "amenity": "drinking_water"
      },
      "geometry": {
        "type": "Point",
        "coordinates": [
          79.8352903,
          11.932819
        ]
      },
      "id": "node/5686896881"
    },
    {
      "type": "Feature",
      "properties": {
        "@id": "node/5686896882",
        "amenity": "drinking_water"
      },
      "geometry": {
        "type": "Point",
        "coordinates": [
          79.835711,
          11.9314451
        ]
      },
      "id": "node/5686896882"
    },
    {
      "type": "Feature",
      "properties": {
        "@id": "node/5686896883",
        "amenity": "drinking_water"
      },
      "geometry": {
        "type": "Point",
        "coordinates": [
          79.8355428,
          11.9314909
        ]
      },
      "id": "node/5686896883"
    },
    {
      "type": "Feature",
      "properties": {
        "@id": "node/5714974442",
        "amenity": "drinking_water"
      },
      "geometry": {
        "type": "Point",
        "coordinates": [
          77.6507228,
          12.971239
        ]
      },
      "id": "node/5714974442"
    },
    {
      "type": "Feature",
      "properties": {
        "@id": "node/5974230889",
        "amenity": "drinking_water",
        "name": "Public Tap"
      },
      "geometry": {
        "type": "Point",
        "coordinates": [
          76.8644044,
          9.416313
        ]
      },
      "id": "node/5974230889"
    },
    {
      "type": "Feature",
      "properties": {
        "@id": "node/6017445196",
        "amenity": "drinking_water",
        "fountain": "bubbler",
        "indoor": "yes",
        "layer": "1",
        "level": "1"
      },
      "geometry": {
        "type": "Point",
        "coordinates": [
          77.549682,
          13.0005043
        ]
      },
      "id": "node/6017445196"
    },
    {
      "type": "Feature",
      "properties": {
        "@id": "node/6027054253",
        "amenity": "drinking_water"
      },
      "geometry": {
        "type": "Point",
        "coordinates": [
          76.7374484,
          10.9774263
        ]
      },
      "id": "node/6027054253"
    },
    {
      "type": "Feature",
      "properties": {
        "@id": "node/6053737885",
        "amenity": "drinking_water",
        "man_made": "water_tap"
      },
      "geometry": {
        "type": "Point",
        "coordinates": [
          80.49784,
          8.7601942
        ]
      },
      "id": "node/6053737885"
    },
    {
      "type": "Feature",
      "properties": {
        "@id": "node/6249884858",
        "amenity": "drinking_water"
      },
      "geometry": {
        "type": "Point",
        "coordinates": [
          75.4109684,
          11.8951113
        ]
      },
      "id": "node/6249884858"
    },
    {
      "type": "Feature",
      "properties": {
        "@id": "node/6275859785",
        "amenity": "drinking_water"
      },
      "geometry": {
        "type": "Point",
        "coordinates": [
          78.6443835,
          10.8147577
        ]
      },
      "id": "node/6275859785"
    },
    {
      "type": "Feature",
      "properties": {
        "@id": "node/6276760785",
        "amenity": "drinking_water",
        "name:en": "Drinking Water"
      },
      "geometry": {
        "type": "Point",
        "coordinates": [
          80.1662237,
          12.9839239
        ]
      },
      "id": "node/6276760785"
    },
    {
      "type": "Feature",
      "properties": {
        "@id": "node/6292588185",
        "amenity": "drinking_water",
        "man_made": "water_tap"
      },
      "geometry": {
        "type": "Point",
        "coordinates": [
          80.7528963,
          7.95781
        ]
      },
      "id": "node/6292588185"
    },
    {
      "type": "Feature",
      "properties": {
        "@id": "node/6297611701",
        "amenity": "drinking_water"
      },
      "geometry": {
        "type": "Point",
        "coordinates": [
          80.0260193,
          12.8024512
        ]
      },
      "id": "node/6297611701"
    },
    {
      "type": "Feature",
      "properties": {
        "@id": "node/6298642202",
        "amenity": "drinking_water"
      },
      "geometry": {
        "type": "Point",
        "coordinates": [
          79.8006157,
          12.0014115
        ]
      },
      "id": "node/6298642202"
    },
    {
      "type": "Feature",
      "properties": {
        "@id": "node/6298706385",
        "amenity": "drinking_water"
      },
      "geometry": {
        "type": "Point",
        "coordinates": [
          79.8087632,
          12.0040104
        ]
      },
      "id": "node/6298706385"
    },
    {
      "type": "Feature",
      "properties": {
        "@id": "node/6299005310",
        "access": "yes",
        "amenity": "drinking_water",
        "fee": "no",
        "man_made": "water_tap",
        "operator": "Atmosbox"
      },
      "geometry": {
        "type": "Point",
        "coordinates": [
          79.8015244,
          12.0044482
        ]
      },
      "id": "node/6299005310"
    },
    {
      "type": "Feature",
      "properties": {
        "@id": "node/6299005315",
        "amenity": "drinking_water"
      },
      "geometry": {
        "type": "Point",
        "coordinates": [
          79.8012761,
          12.0040283
        ]
      },
      "id": "node/6299005315"
    },
    {
      "type": "Feature",
      "properties": {
        "@id": "node/6307990533",
        "amenity": "drinking_water"
      },
      "geometry": {
        "type": "Point",
        "coordinates": [
          80.1896423,
          12.6103542
        ]
      },
      "id": "node/6307990533"
    },
    {
      "type": "Feature",
      "properties": {
        "@id": "node/6372234925",
        "amenity": "drinking_water",
        "bottle": "yes",
        "man_made": "water_tap"
      },
      "geometry": {
        "type": "Point",
        "coordinates": [
          76.9224231,
          11.2640798
        ]
      },
      "id": "node/6372234925"
    },
    {
      "type": "Feature",
      "properties": {
        "@id": "node/6372238364",
        "amenity": "drinking_water"
      },
      "geometry": {
        "type": "Point",
        "coordinates": [
          76.9446737,
          11.0826654
        ]
      },
      "id": "node/6372238364"
    },
    {
      "type": "Feature",
      "properties": {
        "@id": "node/6372239653",
        "amenity": "drinking_water"
      },
      "geometry": {
        "type": "Point",
        "coordinates": [
          76.9588731,
          11.1820984
        ]
      },
      "id": "node/6372239653"
    },
    {
      "type": "Feature",
      "properties": {
        "@id": "node/6372249368",
        "amenity": "drinking_water",
        "indoor": "no",
        "man_made": "water_tap"
      },
      "geometry": {
        "type": "Point",
        "coordinates": [
          76.9308605,
          11.2632218
        ]
      },
      "id": "node/6372249368"
    },
    {
      "type": "Feature",
      "properties": {
        "@id": "node/6372264641",
        "amenity": "drinking_water"
      },
      "geometry": {
        "type": "Point",
        "coordinates": [
          76.9354455,
          11.2687753
        ]
      },
      "id": "node/6372264641"
    },
    {
      "type": "Feature",
      "properties": {
        "@id": "node/6372264643",
        "amenity": "drinking_water"
      },
      "geometry": {
        "type": "Point",
        "coordinates": [
          76.9345252,
          11.2633879
        ]
      },
      "id": "node/6372264643"
    },
    {
      "type": "Feature",
      "properties": {
        "@id": "node/6372264644",
        "amenity": "drinking_water"
      },
      "geometry": {
        "type": "Point",
        "coordinates": [
          76.935018,
          11.2654573
        ]
      },
      "id": "node/6372264644"
    },
    {
      "type": "Feature",
      "properties": {
        "@id": "node/6372264652",
        "amenity": "drinking_water"
      },
      "geometry": {
        "type": "Point",
        "coordinates": [
          76.9356143,
          11.2728662
        ]
      },
      "id": "node/6372264652"
    },
    {
      "type": "Feature",
      "properties": {
        "@id": "node/6372266876",
        "amenity": "drinking_water"
      },
      "geometry": {
        "type": "Point",
        "coordinates": [
          76.9463981,
          11.260534
        ]
      },
      "id": "node/6372266876"
    },
    {
      "type": "Feature",
      "properties": {
        "@id": "node/6373419686",
        "amenity": "drinking_water",
        "name": "Purified Drinking Water"
      },
      "geometry": {
        "type": "Point",
        "coordinates": [
          77.5909788,
          12.9740688
        ]
      },
      "id": "node/6373419686"
    },
    {
      "type": "Feature",
      "properties": {
        "@id": "node/6422909035",
        "amenity": "drinking_water"
      },
      "geometry": {
        "type": "Point",
        "coordinates": [
          76.8526744,
          11.0464502
        ]
      },
      "id": "node/6422909035"
    },
    {
      "type": "Feature",
      "properties": {
        "@id": "node/6422911206",
        "amenity": "drinking_water"
      },
      "geometry": {
        "type": "Point",
        "coordinates": [
          76.8513685,
          11.0464784
        ]
      },
      "id": "node/6422911206"
    },
    {
      "type": "Feature",
      "properties": {
        "@id": "node/6444607286",
        "amenity": "drinking_water"
      },
      "geometry": {
        "type": "Point",
        "coordinates": [
          79.9167104,
          8.9784977
        ]
      },
      "id": "node/6444607286"
    },
    {
      "type": "Feature",
      "properties": {
        "@id": "node/6457032947",
        "amenity": "drinking_water"
      },
      "geometry": {
        "type": "Point",
        "coordinates": [
          76.9355723,
          11.2987116
        ]
      },
      "id": "node/6457032947"
    },
    {
      "type": "Feature",
      "properties": {
        "@id": "node/6477478786",
        "amenity": "drinking_water",
        "charge": "5 LKR/litre",
        "fee": "yes"
      },
      "geometry": {
        "type": "Point",
        "coordinates": [
          81.2361223,
          8.5636754
        ]
      },
      "id": "node/6477478786"
    },
    {
      "type": "Feature",
      "properties": {
        "@id": "node/6580896167",
        "amenity": "drinking_water"
      },
      "geometry": {
        "type": "Point",
        "coordinates": [
          76.934052,
          11.2557652
        ]
      },
      "id": "node/6580896167"
    },
    {
      "type": "Feature",
      "properties": {
        "@id": "node/6645712418",
        "amenity": "drinking_water",
        "man_made": "water_tap"
      },
      "geometry": {
        "type": "Point",
        "coordinates": [
          77.5518841,
          13.0020685
        ]
      },
      "id": "node/6645712418"
    },
    {
      "type": "Feature",
      "properties": {
        "@id": "node/6653115783",
        "amenity": "drinking_water"
      },
      "geometry": {
        "type": "Point",
        "coordinates": [
          76.9879751,
          11.2072161
        ]
      },
      "id": "node/6653115783"
    },
    {
      "type": "Feature",
      "properties": {
        "@id": "node/6657987176",
        "amenity": "drinking_water",
        "operator": "WATER ATM"
      },
      "geometry": {
        "type": "Point",
        "coordinates": [
          77.6393899,
          12.8718611
        ]
      },
      "id": "node/6657987176"
    },
    {
      "type": "Feature",
      "properties": {
        "@id": "node/6893134182",
        "amenity": "drinking_water",
        "operator": "water"
      },
      "geometry": {
        "type": "Point",
        "coordinates": [
          76.5966133,
          8.8862102
        ]
      },
      "id": "node/6893134182"
    },
    {
      "type": "Feature",
      "properties": {
        "@id": "node/6893134184",
        "amenity": "drinking_water"
      },
      "geometry": {
        "type": "Point",
        "coordinates": [
          76.5961794,
          8.886223
        ]
      },
      "id": "node/6893134184"
    },
    {
      "type": "Feature",
      "properties": {
        "@id": "node/6893160085",
        "amenity": "drinking_water"
      },
      "geometry": {
        "type": "Point",
        "coordinates": [
          76.5960577,
          8.8862079
        ]
      },
      "id": "node/6893160085"
    },
    {
      "type": "Feature",
      "properties": {
        "@id": "node/6994245874",
        "amenity": "drinking_water",
        "operator": "public tap"
      },
      "geometry": {
        "type": "Point",
        "coordinates": [
          76.3535927,
          9.6827178
        ]
      },
      "id": "node/6994245874"
    },
    {
      "type": "Feature",
      "properties": {
        "@id": "node/7086050457",
        "amenity": "drinking_water"
      },
      "geometry": {
        "type": "Point",
        "coordinates": [
          76.2211168,
          10.0323146
        ]
      },
      "id": "node/7086050457"
    },
    {
      "type": "Feature",
      "properties": {
        "@id": "node/7123747087",
        "access": "permissive",
        "amenity": "drinking_water",
        "drinking_water": "yes",
        "indoor": "no",
        "name": "Cheenikulam Kudivallam Pathadidi"
      },
      "geometry": {
        "type": "Point",
        "coordinates": [
          76.1386772,
          10.5890346
        ]
      },
      "id": "node/7123747087"
    },
    {
      "type": "Feature",
      "properties": {
        "@id": "node/7177259686",
        "amenity": "drinking_water"
      },
      "geometry": {
        "type": "Point",
        "coordinates": [
          80.193881,
          12.9747904
        ]
      },
      "id": "node/7177259686"
    },
    {
      "type": "Feature",
      "properties": {
        "@id": "node/7179391785",
        "amenity": "drinking_water",
        "name:en": "Water Pump"
      },
      "geometry": {
        "type": "Point",
        "coordinates": [
          80.1931877,
          12.9747491
        ]
      },
      "id": "node/7179391785"
    },
    {
      "type": "Feature",
      "properties": {
        "@id": "node/7189871185",
        "amenity": "drinking_water"
      },
      "geometry": {
        "type": "Point",
        "coordinates": [
          75.0998407,
          12.3007752
        ]
      },
      "id": "node/7189871185"
    },
    {
      "type": "Feature",
      "properties": {
        "@id": "node/7194777785",
        "addr:street": "Chovva - Anjarakandy - Keezhallur Mattannur Road",
        "amenity": "drinking_water",
        "name": "Bharat Petroleum Pump",
        "opening_hours": "Mo-Su 06:00-22:00"
      },
      "geometry": {
        "type": "Point",
        "coordinates": [
          75.4689335,
          11.8917042
        ]
      },
      "id": "node/7194777785"
    },
    {
      "type": "Feature",
      "properties": {
        "@id": "node/7260242185",
        "addr:street": "Thaliparamba – Iritty Road",
        "amenity": "drinking_water",
        "name": "Bharat Petroleum",
        "opening_hours": "Mo-Su 06:00-23:00"
      },
      "geometry": {
        "type": "Point",
        "coordinates": [
          75.3621723,
          12.042194
        ]
      },
      "id": "node/7260242185"
    },
    {
      "type": "Feature",
      "properties": {
        "@id": "node/7291611531",
        "amenity": "drinking_water"
      },
      "geometry": {
        "type": "Point",
        "coordinates": [
          77.5477481,
          13.0013511
        ]
      },
      "id": "node/7291611531"
    },
    {
      "type": "Feature",
      "properties": {
        "@id": "node/7518127508",
        "amenity": "drinking_water"
      },
      "geometry": {
        "type": "Point",
        "coordinates": [
          77.7112826,
          12.9658359
        ]
      },
      "id": "node/7518127508"
    },
    {
      "type": "Feature",
      "properties": {
        "@id": "node/7518141838",
        "amenity": "drinking_water"
      },
      "geometry": {
        "type": "Point",
        "coordinates": [
          77.7110717,
          12.9663686
        ]
      },
      "id": "node/7518141838"
    },
    {
      "type": "Feature",
      "properties": {
        "@id": "node/7518811196",
        "amenity": "drinking_water"
      },
      "geometry": {
        "type": "Point",
        "coordinates": [
          75.8192732,
          11.4587303
        ]
      },
      "id": "node/7518811196"
    },
    {
      "type": "Feature",
      "properties": {
        "@id": "node/7529361243",
        "amenity": "drinking_water",
        "indoor": "yes"
      },
      "geometry": {
        "type": "Point",
        "coordinates": [
          77.0265519,
          10.036455
        ]
      },
      "id": "node/7529361243"
    },
    {
      "type": "Feature",
      "properties": {
        "@id": "node/7529361370",
        "amenity": "drinking_water",
        "indoor": "yes"
      },
      "geometry": {
        "type": "Point",
        "coordinates": [
          77.0253618,
          10.0222447
        ]
      },
      "id": "node/7529361370"
    },
    {
      "type": "Feature",
      "properties": {
        "@id": "node/7540036106",
        "amenity": "drinking_water"
      },
      "geometry": {
        "type": "Point",
        "coordinates": [
          76.2082801,
          10.0910344
        ]
      },
      "id": "node/7540036106"
    },
    {
      "type": "Feature",
      "properties": {
        "@id": "node/7569631783",
        "amenity": "drinking_water",
        "bottle": "yes",
        "fee": "no",
        "level": "0"
      },
      "geometry": {
        "type": "Point",
        "coordinates": [
          75.0831687,
          12.5049744
        ]
      },
      "id": "node/7569631783"
    },
    {
      "type": "Feature",
      "properties": {
        "@id": "node/7574425451",
        "amenity": "drinking_water",
        "bottle": "yes",
        "fee": "no",
        "level": "1",
        "wheelchair": "no"
      },
      "geometry": {
        "type": "Point",
        "coordinates": [
          75.0831681,
          12.504989
        ]
      },
      "id": "node/7574425451"
    },
    {
      "type": "Feature",
      "properties": {
        "@id": "node/7574476394",
        "amenity": "drinking_water",
        "bottle": "yes",
        "fee": "no"
      },
      "geometry": {
        "type": "Point",
        "coordinates": [
          75.0808012,
          12.5035271
        ]
      },
      "id": "node/7574476394"
    },
    {
      "type": "Feature",
      "properties": {
        "@id": "node/7574476415",
        "amenity": "drinking_water",
        "bottle": "yes",
        "fee": "no",
        "level": "3"
      },
      "geometry": {
        "type": "Point",
        "coordinates": [
          75.0826317,
          12.5047405
        ]
      },
      "id": "node/7574476415"
    },
    {
      "type": "Feature",
      "properties": {
        "@id": "node/7574572238",
        "amenity": "drinking_water",
        "bottle": "yes",
        "fee": "no",
        "level": "0"
      },
      "geometry": {
        "type": "Point",
        "coordinates": [
          75.0811026,
          12.5039089
        ]
      },
      "id": "node/7574572238"
    },
    {
      "type": "Feature",
      "properties": {
        "@id": "node/7574829530",
        "amenity": "drinking_water",
        "bottle": "yes",
        "fee": "no",
        "wheelchair": "yes"
      },
      "geometry": {
        "type": "Point",
        "coordinates": [
          75.0788876,
          12.5031384
        ]
      },
      "id": "node/7574829530"
    },
    {
      "type": "Feature",
      "properties": {
        "@id": "node/7575365897",
        "amenity": "drinking_water",
        "level": "0"
      },
      "geometry": {
        "type": "Point",
        "coordinates": [
          75.0804336,
          12.5029587
        ]
      },
      "id": "node/7575365897"
    },
    {
      "type": "Feature",
      "properties": {
        "@id": "node/7796477468",
        "access": "yes",
        "amenity": "drinking_water",
        "bus": "yes",
        "fee": "no",
        "highway": "bus_stop",
        "name": "Ambattur Industrial Estate Bus Stop",
        "public_transport": "platform",
        "shelter": "no"
      },
      "geometry": {
        "type": "Point",
        "coordinates": [
          80.1702657,
          13.0994583
        ]
      },
      "id": "node/7796477468"
    },
    {
      "type": "Feature",
      "properties": {
        "@id": "node/8393395332",
        "amenity": "drinking_water"
      },
      "geometry": {
        "type": "Point",
        "coordinates": [
          76.7947674,
          9.5157038
        ]
      },
      "id": "node/8393395332"
    },
    {
      "type": "Feature",
      "properties": {
        "@id": "node/8480303076",
        "access": "yes",
        "amenity": "drinking_water",
        "bottle": "yes",
        "fee": "no",
        "wheelchair": "limited"
      },
      "geometry": {
        "type": "Point",
        "coordinates": [
          76.5290881,
          9.6066861
        ]
      },
      "id": "node/8480303076"
    },
    {
      "type": "Feature",
      "properties": {
        "@id": "node/8892393012",
        "amenity": "drinking_water",
        "bottle": "yes",
        "wheelchair": "yes"
      },
      "geometry": {
        "type": "Point",
        "coordinates": [
          76.5627657,
          9.1757691
        ]
      },
      "id": "node/8892393012"
    },
    {
      "type": "Feature",
      "properties": {
        "@id": "node/9085878874",
        "access": "yes",
        "amenity": "drinking_water",
        "bottle": "no"
      },
      "geometry": {
        "type": "Point",
        "coordinates": [
          76.1709404,
          10.2281706
        ]
      },
      "id": "node/9085878874"
    },
    {
      "type": "Feature",
      "properties": {
        "@id": "node/9161061918",
        "amenity": "drinking_water",
        "man_made": "water_tap",
        "name": "Purified Drinking Water"
      },
      "geometry": {
        "type": "Point",
        "coordinates": [
          77.5935146,
          12.9749225
        ]
      },
      "id": "node/9161061918"
    },
    {
      "type": "Feature",
      "properties": {
        "@id": "node/9380870618",
        "amenity": "drinking_water",
        "name": "DRINKING WATER PULLUR WARD 8",
        "survey:date": "2021-12-31"
      },
      "geometry": {
        "type": "Point",
        "coordinates": [
          76.2406368,
          10.3474365
        ]
      },
      "id": "node/9380870618"
    },
    {
      "type": "Feature",
      "properties": {
        "@id": "node/9387615930",
        "amenity": "drinking_water"
      },
      "geometry": {
        "type": "Point",
        "coordinates": [
          76.5041073,
          10.0965013
        ]
      },
      "id": "node/9387615930"
    },
    {
      "type": "Feature",
      "properties": {
        "@id": "node/9387615931",
        "amenity": "drinking_water"
      },
      "geometry": {
        "type": "Point",
        "coordinates": [
          76.5044448,
          10.097012
        ]
      },
      "id": "node/9387615931"
    },
    {
      "type": "Feature",
      "properties": {
        "@id": "node/9404372923",
        "amenity": "drinking_water",
        "bottle": "yes",
        "fee": "no"
      },
      "geometry": {
        "type": "Point",
        "coordinates": [
          80.1228685,
          12.9209947
        ]
      },
      "id": "node/9404372923"
    },
    {
      "type": "Feature",
      "properties": {
        "@id": "node/9416365016",
        "amenity": "drinking_water",
        "name": "Water Source ( Seasonal)"
      },
      "geometry": {
        "type": "Point",
        "coordinates": [
          75.4155542,
          13.1088597
        ]
      },
      "id": "node/9416365016"
    },
    {
      "type": "Feature",
      "properties": {
        "@id": "node/9538931895",
        "amenity": "drinking_water"
      },
      "geometry": {
        "type": "Point",
        "coordinates": [
          77.5583544,
          13.02952
        ]
      },
      "id": "node/9538931895"
    },
    {
      "type": "Feature",
      "properties": {
        "@id": "node/9568620136",
        "addr:place": "Hale Upparahalli",
        "amenity": "drinking_water"
      },
      "geometry": {
        "type": "Point",
        "coordinates": [
          77.4457551,
          13.5789871
        ]
      },
      "id": "node/9568620136"
    },
    {
      "type": "Feature",
      "properties": {
        "@id": "node/9568620137",
        "addr:place": "Hale Upparahalli",
        "amenity": "drinking_water"
      },
      "geometry": {
        "type": "Point",
        "coordinates": [
          77.445969,
          13.5789976
        ]
      },
      "id": "node/9568620137"
    },
    {
      "type": "Feature",
      "properties": {
        "@id": "node/9573433528",
        "amenity": "drinking_water"
      },
      "geometry": {
        "type": "Point",
        "coordinates": [
          77.5798635,
          12.98829
        ]
      },
      "id": "node/9573433528"
    },
    {
      "type": "Feature",
      "properties": {
        "@id": "node/9574282352",
        "amenity": "drinking_water"
      },
      "geometry": {
        "type": "Point",
        "coordinates": [
          77.1326327,
          12.3117122
        ]
      },
      "id": "node/9574282352"
    },
    {
      "type": "Feature",
      "properties": {
        "@id": "node/9574282353",
        "amenity": "drinking_water"
      },
      "geometry": {
        "type": "Point",
        "coordinates": [
          77.1328627,
          12.3115923
        ]
      },
      "id": "node/9574282353"
    },
    {
      "type": "Feature",
      "properties": {
        "@id": "node/9624315267",
        "amenity": "drinking_water"
      },
      "geometry": {
        "type": "Point",
        "coordinates": [
          77.2673245,
          12.7102368
        ]
      },
      "id": "node/9624315267"
    },
    {
      "type": "Feature",
      "properties": {
        "@id": "node/9689131152",
        "amenity": "drinking_water",
        "operator": "Dr water"
      },
      "geometry": {
        "type": "Point",
        "coordinates": [
          77.5740452,
          13.103835
        ]
      },
      "id": "node/9689131152"
    },
    {
      "type": "Feature",
      "properties": {
        "@id": "node/9689772147",
        "amenity": "drinking_water",
        "man_made": "handpump",
        "operational_status": "closed"
      },
      "geometry": {
        "type": "Point",
        "coordinates": [
          76.1632193,
          12.944785
        ]
      },
      "id": "node/9689772147"
    },
    {
      "type": "Feature",
      "properties": {
        "@id": "node/9748830383",
        "amenity": "drinking_water"
      },
      "geometry": {
        "type": "Point",
        "coordinates": [
          76.918078,
          11.2576062
        ]
      },
      "id": "node/9748830383"
    },
    {
      "type": "Feature",
      "properties": {
        "@id": "node/9768707808",
        "amenity": "drinking_water",
        "name": "tube well"
      },
      "geometry": {
        "type": "Point",
        "coordinates": [
          80.4685859,
          8.746369
        ]
      },
      "id": "node/9768707808"
    },
    {
      "type": "Feature",
      "properties": {
        "@id": "node/9779742231",
        "amenity": "drinking_water"
      },
      "geometry": {
        "type": "Point",
        "coordinates": [
          77.5913119,
          12.9848191
        ]
      },
      "id": "node/9779742231"
    },
    {
      "type": "Feature",
      "properties": {
        "@id": "node/9922802663",
        "amenity": "drinking_water"
      },
      "geometry": {
        "type": "Point",
        "coordinates": [
          77.5861922,
          12.9501718
        ]
      },
      "id": "node/9922802663"
    },
    {
      "type": "Feature",
      "properties": {
        "@id": "node/9922802664",
        "amenity": "drinking_water"
      },
      "geometry": {
        "type": "Point",
        "coordinates": [
          77.5853258,
          12.9502137
        ]
      },
      "id": "node/9922802664"
    },
    {
      "type": "Feature",
      "properties": {
        "@id": "node/9922831525",
        "access": "yes",
        "amenity": "drinking_water",
        "fee": "no",
        "wheelchair": "yes"
      },
      "geometry": {
        "type": "Point",
        "coordinates": [
          77.5829266,
          12.9491419
        ]
      },
      "id": "node/9922831525"
    },
    {
      "type": "Feature",
      "properties": {
        "@id": "node/9922831538",
        "amenity": "drinking_water"
      },
      "geometry": {
        "type": "Point",
        "coordinates": [
          77.5809176,
          12.9484923
        ]
      },
      "id": "node/9922831538"
    },
    {
      "type": "Feature",
      "properties": {
        "@id": "node/9936668824",
        "amenity": "drinking_water"
      },
      "geometry": {
        "type": "Point",
        "coordinates": [
          77.5509466,
          12.9874406
        ]
      },
      "id": "node/9936668824"
    },
    {
      "type": "Feature",
      "properties": {
        "@id": "node/10006972490",
        "amenity": "drinking_water"
      },
      "geometry": {
        "type": "Point",
        "coordinates": [
          77.546521,
          12.9909755
        ]
      },
      "id": "node/10006972490"
    },
    {
      "type": "Feature",
      "properties": {
        "@id": "node/10105851144",
        "amenity": "drinking_water"
      },
      "geometry": {
        "type": "Point",
        "coordinates": [
          77.5437151,
          13.0286206
        ]
      },
      "id": "node/10105851144"
    },
    {
      "type": "Feature",
      "properties": {
        "@id": "node/10586554633",
        "amenity": "drinking_water"
      },
      "geometry": {
        "type": "Point",
        "coordinates": [
          79.4997901,
          11.9439669
        ]
      },
      "id": "node/10586554633"
    },
    {
      "type": "Feature",
      "properties": {
        "@id": "node/10586559165",
        "amenity": "drinking_water",
        "man_made": "water_tap"
      },
      "geometry": {
        "type": "Point",
        "coordinates": [
          79.4997784,
          11.9434308
        ]
      },
      "id": "node/10586559165"
    },
    {
      "type": "Feature",
      "properties": {
        "@id": "node/10631175532",
        "amenity": "drinking_water",
        "bottle": "yes",
        "fee": "no",
        "operator": "CE Kallooppara",
        "wheelchair": "limited"
      },
      "geometry": {
        "type": "Point",
        "coordinates": [
          76.6419276,
          9.4131815
        ]
      },
      "id": "node/10631175532"
    },
    {
      "type": "Feature",
      "properties": {
        "@id": "node/10761482790",
        "amenity": "drinking_water"
      },
      "geometry": {
        "type": "Point",
        "coordinates": [
          77.6042837,
          12.9885017
        ]
      },
      "id": "node/10761482790"
    },
    {
      "type": "Feature",
      "properties": {
        "@id": "node/10801954701",
        "amenity": "drinking_water",
        "name": "Pure Drinking Water Plant"
      },
      "geometry": {
        "type": "Point",
        "coordinates": [
          77.5426663,
          12.8736686
        ]
      },
      "id": "node/10801954701"
    },
    {
      "type": "Feature",
      "properties": {
        "@id": "node/10813981105",
        "amenity": "drinking_water"
      },
      "geometry": {
        "type": "Point",
        "coordinates": [
          80.5176132,
          8.3508881
        ]
      },
      "id": "node/10813981105"
    },
    {
      "type": "Feature",
      "properties": {
        "@id": "node/10823514250",
        "amenity": "drinking_water"
      },
      "geometry": {
        "type": "Point",
        "coordinates": [
          77.5717354,
          12.9376767
        ]
      },
      "id": "node/10823514250"
    },
    {
      "type": "Feature",
      "properties": {
        "@id": "node/10854298592",
        "amenity": "drinking_water"
      },
      "geometry": {
        "type": "Point",
        "coordinates": [
          77.5799198,
          12.9173497
        ]
      },
      "id": "node/10854298592"
    },
    {
      "type": "Feature",
      "properties": {
        "@id": "node/10895692105",
        "amenity": "drinking_water"
      },
      "geometry": {
        "type": "Point",
        "coordinates": [
          81.7835948,
          7.5840453
        ]
      },
      "id": "node/10895692105"
    },
    {
      "type": "Feature",
      "properties": {
        "@id": "node/10972886574",
        "amenity": "drinking_water"
      },
      "geometry": {
        "type": "Point",
        "coordinates": [
          80.2803713,
          13.0925746
        ]
      },
      "id": "node/10972886574"
    },
    {
      "type": "Feature",
      "properties": {
        "@id": "node/11067397943",
        "addr:full": "1st Main Road, HBR layout",
        "addr:street": "1st Main Road",
        "amenity": "drinking_water",
        "name": "Government Water ATM"
      },
      "geometry": {
        "type": "Point",
        "coordinates": [
          77.6257895,
          13.0262617
        ]
      },
      "id": "node/11067397943"
    },
    {
      "type": "Feature",
      "properties": {
        "@id": "node/11069650929",
        "amenity": "drinking_water"
      },
      "geometry": {
        "type": "Point",
        "coordinates": [
          77.7095751,
          13.2009875
        ]
      },
      "id": "node/11069650929"
    },
    {
      "type": "Feature",
      "properties": {
        "@id": "node/11069650938",
        "amenity": "drinking_water",
        "fountain": "bubbler"
      },
      "geometry": {
        "type": "Point",
        "coordinates": [
          77.7087235,
          13.200998
        ]
      },
      "id": "node/11069650938"
    },
    {
      "type": "Feature",
      "properties": {
        "@id": "node/11133566004",
        "access": "customers",
        "amenity": "drinking_water",
        "fountain": "drinking"
      },
      "geometry": {
        "type": "Point",
        "coordinates": [
          75.890843,
          12.324952
        ]
      },
      "id": "node/11133566004"
    },
    {
      "type": "Feature",
      "properties": {
        "@id": "node/11133596005",
        "access": "customers",
        "amenity": "drinking_water",
        "fountain": "drinking"
      },
      "geometry": {
        "type": "Point",
        "coordinates": [
          75.8937693,
          12.3270909
        ]
      },
      "id": "node/11133596005"
    },
    {
      "type": "Feature",
      "properties": {
        "@id": "node/11158894618",
        "amenity": "drinking_water",
        "indoor": "yes"
      },
      "geometry": {
        "type": "Point",
        "coordinates": [
          76.168648,
          11.6191259
        ]
      },
      "id": "node/11158894618"
    },
    {
      "type": "Feature",
      "properties": {
        "@id": "node/11207651305",
        "amenity": "drinking_water"
      },
      "geometry": {
        "type": "Point",
        "coordinates": [
          77.5898492,
          12.984538
        ]
      },
      "id": "node/11207651305"
    },
    {
      "type": "Feature",
      "properties": {
        "@id": "node/11248572521",
        "amenity": "drinking_water"
      },
      "geometry": {
        "type": "Point",
        "coordinates": [
          77.5723864,
          13.0081132
        ]
      },
      "id": "node/11248572521"
    },
    {
      "type": "Feature",
      "properties": {
        "@id": "node/11258966613",
        "access": "yes",
        "amenity": "drinking_water",
        "bottle": "yes",
        "fee": "no"
      },
      "geometry": {
        "type": "Point",
        "coordinates": [
          76.117112,
          13.0029963
        ]
      },
      "id": "node/11258966613"
    },
    {
      "type": "Feature",
      "properties": {
        "@id": "node/11292271383",
        "access": "customers",
        "amenity": "drinking_water",
        "bottle": "yes",
        "indoor": "yes",
        "level": "1",
        "operator": "BMRCL"
      },
      "geometry": {
        "type": "Point",
        "coordinates": [
          77.5801064,
          12.9295542
        ]
      },
      "id": "node/11292271383"
    },
    {
      "type": "Feature",
      "properties": {
        "@id": "node/11292276523",
        "access": "yes",
        "amenity": "drinking_water",
        "bottle": "yes",
        "indoor": "yes",
        "level": "1"
      },
      "geometry": {
        "type": "Point",
        "coordinates": [
          77.5731279,
          12.9069289
        ]
      },
      "id": "node/11292276523"
    },
    {
      "type": "Feature",
      "properties": {
        "@id": "node/11292276524",
        "access": "customers",
        "amenity": "drinking_water",
        "bottle": "yes",
        "indoor": "yes",
        "level": "1"
      },
      "geometry": {
        "type": "Point",
        "coordinates": [
          77.5729982,
          12.9073783
        ]
      },
      "id": "node/11292276524"
    },
    {
      "type": "Feature",
      "properties": {
        "@id": "node/11298111561",
        "amenity": "drinking_water",
        "bottle": "yes",
        "indoor": "yes",
        "level": "0"
      },
      "geometry": {
        "type": "Point",
        "coordinates": [
          77.5920682,
          12.9701208
        ]
      },
      "id": "node/11298111561"
    },
    {
      "type": "Feature",
      "properties": {
        "@id": "node/11298161566",
        "access": "permissive",
        "amenity": "drinking_water",
        "bottle": "yes",
        "indoor": "yes",
        "level": "0"
      },
      "geometry": {
        "type": "Point",
        "coordinates": [
          77.5913286,
          12.9541005
        ]
      },
      "id": "node/11298161566"
    },
    {
      "type": "Feature",
      "properties": {
        "@id": "node/11328167616",
        "amenity": "drinking_water"
      },
      "geometry": {
        "type": "Point",
        "coordinates": [
          79.8007651,
          11.9486967
        ]
      },
      "id": "node/11328167616"
    },
    {
      "type": "Feature",
      "properties": {
        "@id": "node/11328167622",
        "amenity": "drinking_water"
      },
      "geometry": {
        "type": "Point",
        "coordinates": [
          79.8007826,
          11.9487065
        ]
      },
      "id": "node/11328167622"
    },
    {
      "type": "Feature",
      "properties": {
        "@id": "node/11328167624",
        "amenity": "drinking_water"
      },
      "geometry": {
        "type": "Point",
        "coordinates": [
          79.800762,
          11.948684
        ]
      },
      "id": "node/11328167624"
    },
    {
      "type": "Feature",
      "properties": {
        "@id": "node/11328167630",
        "amenity": "drinking_water"
      },
      "geometry": {
        "type": "Point",
        "coordinates": [
          79.8007959,
          11.9487023
        ]
      },
      "id": "node/11328167630"
    },
    {
      "type": "Feature",
      "properties": {
        "@id": "node/11337052384",
        "access": "customers",
        "amenity": "drinking_water",
        "fee": "no",
        "fountain": "bubbler",
        "layer": "1",
        "level": "1"
      },
      "geometry": {
        "type": "Point",
        "coordinates": [
          77.5538978,
          13.0146834
        ]
      },
      "id": "node/11337052384"
    },
    {
      "type": "Feature",
      "properties": {
        "@id": "node/11355730129",
        "amenity": "drinking_water",
        "operator": "BBMP"
      },
      "geometry": {
        "type": "Point",
        "coordinates": [
          77.595148,
          12.9461493
        ]
      },
      "id": "node/11355730129"
    },
    {
      "type": "Feature",
      "properties": {
        "@id": "node/11355774237",
        "amenity": "drinking_water",
        "layer": "-1",
        "level": "-1"
      },
      "geometry": {
        "type": "Point",
        "coordinates": [
          77.5751736,
          12.9615281
        ]
      },
      "id": "node/11355774237"
    },
    {
      "type": "Feature",
      "properties": {
        "@id": "node/11364084197",
        "access": "yes",
        "addr:floor": "1",
        "amenity": "drinking_water",
        "fee": "no",
        "operator": "BMRCL"
      },
      "geometry": {
        "type": "Point",
        "coordinates": [
          77.5738814,
          12.9160186
        ]
      },
      "id": "node/11364084197"
    },
    {
      "type": "Feature",
      "properties": {
        "@id": "node/11364084198",
        "access": "yes",
        "addr:floor": "1",
        "amenity": "drinking_water",
        "fee": "no",
        "operator": "BMRCL"
      },
      "geometry": {
        "type": "Point",
        "coordinates": [
          77.5735293,
          12.9153707
        ]
      },
      "id": "node/11364084198"
    },
    {
      "type": "Feature",
      "properties": {
        "@id": "node/11445710029",
        "access": "yes",
        "amenity": "drinking_water",
        "fee": "yes",
        "operator": "BBMP",
        "payment:cash": "yes"
      },
      "geometry": {
        "type": "Point",
        "coordinates": [
          77.5777262,
          13.0951276
        ]
      },
      "id": "node/11445710029"
    },
    {
      "type": "Feature",
      "properties": {
        "@id": "node/11465535797",
        "access": "customers",
        "amenity": "drinking_water",
        "fee": "no",
        "layer": "1",
        "level": "1"
      },
      "geometry": {
        "type": "Point",
        "coordinates": [
          77.5630375,
          12.9966335
        ]
      },
      "id": "node/11465535797"
    },
    {
      "type": "Feature",
      "properties": {
        "@id": "node/11493951520",
        "access": "yes",
        "amenity": "drinking_water",
        "fee": "yes",
        "man_made": "water_tap",
        "operator": "BBMP"
      },
      "geometry": {
        "type": "Point",
        "coordinates": [
          77.6408882,
          12.9734535
        ]
      },
      "id": "node/11493951520"
    },
    {
      "type": "Feature",
      "properties": {
        "@id": "node/11496780439",
        "access": "yes",
        "amenity": "drinking_water",
        "bottle": "yes",
        "charge": "5 INR",
        "fee": "yes"
      },
      "geometry": {
        "type": "Point",
        "coordinates": [
          77.5770629,
          13.1047037
        ]
      },
      "id": "node/11496780439"
    },
    {
      "type": "Feature",
      "properties": {
        "@id": "node/11505830446",
        "access": "yes",
        "amenity": "drinking_water",
        "fee": "yes"
      },
      "geometry": {
        "type": "Point",
        "coordinates": [
          77.6203916,
          12.9537213
        ]
      },
      "id": "node/11505830446"
    },
    {
      "type": "Feature",
      "properties": {
        "@id": "node/11531669571",
        "access": "yes",
        "amenity": "drinking_water",
        "bottle": "yes",
        "fee": "no",
        "fountain": "bubbler",
        "indoor": "yes",
        "wheelchair": "yes"
      },
      "geometry": {
        "type": "Point",
        "coordinates": [
          77.7109101,
          13.2009135
        ]
      },
      "id": "node/11531669571"
    },
    {
      "type": "Feature",
      "properties": {
        "@id": "node/11671696775",
        "amenity": "drinking_water"
      },
      "geometry": {
        "type": "Point",
        "coordinates": [
          76.2723873,
          9.9867897
        ]
      },
      "id": "node/11671696775"
    },
    {
      "type": "Feature",
      "properties": {
        "@id": "node/11801404196",
        "amenity": "drinking_water"
      },
      "geometry": {
        "type": "Point",
        "coordinates": [
          79.4194202,
          13.0916703
        ]
      },
      "id": "node/11801404196"
    },
    {
      "type": "Feature",
      "properties": {
        "@id": "node/11868278523",
        "access": "customers",
        "amenity": "drinking_water",
        "indoor": "yes",
        "level": "1",
        "operator": "BMRCL"
      },
      "geometry": {
        "type": "Point",
        "coordinates": [
          77.6167298,
          12.9731758
        ]
      },
      "id": "node/11868278523"
    },
    {
      "type": "Feature",
      "properties": {
        "@id": "node/11906895965",
        "access": "yes",
        "amenity": "drinking_water",
        "operator": "Water ATM",
        "payment:cash": "yes"
      },
      "geometry": {
        "type": "Point",
        "coordinates": [
          77.5337487,
          12.9570441
        ]
      },
      "id": "node/11906895965"
    },
    {
      "type": "Feature",
      "properties": {
        "@id": "node/11906901465",
        "access": "yes",
        "amenity": "drinking_water",
        "operator": "Water ATM",
        "payment:cash": "yes"
      },
      "geometry": {
        "type": "Point",
        "coordinates": [
          77.5325885,
          12.9552827
        ]
      },
      "id": "node/11906901465"
    },
    {
      "type": "Feature",
      "properties": {
        "@id": "node/11942413044",
        "access": "yes",
        "amenity": "drinking_water",
        "fee": "yes",
        "payment:cash": "yes",
        "wheelchair": "no"
      },
      "geometry": {
        "type": "Point",
        "coordinates": [
          77.5274725,
          12.9529928
        ]
      },
      "id": "node/11942413044"
    },
    {
      "type": "Feature",
      "properties": {
        "@id": "node/11942427776",
        "access": "yes",
        "amenity": "drinking_water",
        "fee": "yes",
        "payment:cash": "yes",
        "wheelchair": "no"
      },
      "geometry": {
        "type": "Point",
        "coordinates": [
          77.5278838,
          12.9547341
        ]
      },
      "id": "node/11942427776"
    },
    {
      "type": "Feature",
      "properties": {
        "@id": "node/11949210773",
        "amenity": "drinking_water"
      },
      "geometry": {
        "type": "Point",
        "coordinates": [
          77.5781152,
          12.9998483
        ]
      },
      "id": "node/11949210773"
    },
    {
      "type": "Feature",
      "properties": {
        "@id": "node/11998985478",
        "access": "permissive",
        "amenity": "drinking_water",
        "bottle": "yes",
        "fee": "yes",
        "indoor": "yes",
        "level": "1",
        "operator": "BMRCL"
      },
      "geometry": {
        "type": "Point",
        "coordinates": [
          77.5005074,
          13.0480153
        ]
      },
      "id": "node/11998985478"
    },
    {
      "type": "Feature",
      "properties": {
        "@id": "node/12000085312",
        "access": "yes",
        "amenity": "drinking_water",
        "fee": "no",
        "wheelchair": "yes"
      },
      "geometry": {
        "type": "Point",
        "coordinates": [
          77.5833921,
          12.9509026
        ]
      },
      "id": "node/12000085312"
    },
    {
      "type": "Feature",
      "properties": {
        "@id": "node/12000109175",
        "amenity": "drinking_water"
      },
      "geometry": {
        "type": "Point",
        "coordinates": [
          77.5851274,
          12.9532948
        ]
      },
      "id": "node/12000109175"
    },
    {
      "type": "Feature",
      "properties": {
        "@id": "node/12019980193",
        "access": "permissive",
        "addr:floor": "-1",
        "amenity": "drinking_water",
        "fee": "no",
        "level": "-1",
        "operator": "BMRCL"
      },
      "geometry": {
        "type": "Point",
        "coordinates": [
          77.5980723,
          12.9806872
        ]
      },
      "id": "node/12019980193"
    },
    {
      "type": "Feature",
      "properties": {
        "@id": "node/12048924773",
        "access": "permissive",
        "amenity": "drinking_water",
        "fee": "no",
        "indoor": "yes",
        "level": "1",
        "operator": "BMRCL"
      },
      "geometry": {
        "type": "Point",
        "coordinates": [
          77.5799952,
          12.9382871
        ]
      },
      "id": "node/12048924773"
    },
    {
      "type": "Feature",
      "properties": {
        "@id": "node/12067677455",
        "access": "private",
        "amenity": "drinking_water",
        "operator": "MITS",
        "wheelchair": "yes"
      },
      "geometry": {
        "type": "Point",
        "coordinates": [
          76.4090465,
          9.9637437
        ]
      },
      "id": "node/12067677455"
    },
    {
      "type": "Feature",
      "properties": {
        "@id": "node/12072910368",
        "access": "customers",
        "amenity": "drinking_water",
        "indoor": "yes",
        "level": "1",
        "operator": "BMRCL"
      },
      "geometry": {
        "type": "Point",
        "coordinates": [
          77.7276465,
          12.9810019
        ]
      },
      "id": "node/12072910368"
    },
    {
      "type": "Feature",
      "properties": {
        "@id": "node/12074635339",
        "amenity": "drinking_water",
        "bottle": "yes",
        "fee": "no",
        "indoor": "yes",
        "max_level": "6",
        "min_level": "2"
      },
      "geometry": {
        "type": "Point",
        "coordinates": [
          76.891239,
          8.59314
        ]
      },
      "id": "node/12074635339"
    },
    {
      "type": "Feature",
      "properties": {
        "@id": "node/12074635340",
        "amenity": "drinking_water",
        "bottle": "yes",
        "fee": "no",
        "indoor": "yes",
        "max_level": "6",
        "min_level": "2"
      },
      "geometry": {
        "type": "Point",
        "coordinates": [
          76.8916219,
          8.5930957
        ]
      },
      "id": "node/12074635340"
    },
    {
      "type": "Feature",
      "properties": {
        "@id": "node/12089389290",
        "access": "yes",
        "addr:floor": "G",
        "amenity": "drinking_water",
        "bottle": "yes",
        "covered": "yes",
        "fee": "yes",
        "indoor": "yes",
        "level": "0",
        "man_made": "water_tap",
        "payment:cash": "yes",
        "wheelchair": "yes"
      },
      "geometry": {
        "type": "Point",
        "coordinates": [
          77.5299698,
          12.9560646
        ]
      },
      "id": "node/12089389290"
    },
    {
      "type": "Feature",
      "properties": {
        "@id": "node/12101714004",
        "amenity": "drinking_water"
      },
      "geometry": {
        "type": "Point",
        "coordinates": [
          77.6012528,
          12.963641
        ]
      },
      "id": "node/12101714004"
    },
    {
      "type": "Feature",
      "properties": {
        "@id": "node/12103115002",
        "amenity": "drinking_water"
      },
      "geometry": {
        "type": "Point",
        "coordinates": [
          77.6057034,
          12.9646683
        ]
      },
      "id": "node/12103115002"
    },
    {
      "type": "Feature",
      "properties": {
        "@id": "node/12105523677",
        "amenity": "drinking_water"
      },
      "geometry": {
        "type": "Point",
        "coordinates": [
          76.5850903,
          8.897339
        ]
      },
      "id": "node/12105523677"
    },
    {
      "type": "Feature",
      "properties": {
        "@id": "node/12118305070",
        "access": "yes",
        "amenity": "drinking_water",
        "bottle": "yes",
        "covered": "yes",
        "fee": "no",
        "indoor": "yes",
        "level": "1",
        "lit": "yes",
        "operator": "BMRCL",
        "wheelchair": "yes"
      },
      "geometry": {
        "type": "Point",
        "coordinates": [
          77.6067226,
          12.9756342
        ]
      },
      "id": "node/12118305070"
    },
    {
      "type": "Feature",
      "properties": {
        "@id": "node/12135160549",
        "access": "customers",
        "amenity": "drinking_water",
        "indoor": "yes",
        "level": "1",
        "operator": "BMRCL"
      },
      "geometry": {
        "type": "Point",
        "coordinates": [
          77.7578469,
          12.9957425
        ]
      },
      "id": "node/12135160549"
    },
    {
      "type": "Feature",
      "properties": {
        "@id": "node/12149767435",
        "access": "permissive",
        "amenity": "drinking_water",
        "fee": "no"
      },
      "geometry": {
        "type": "Point",
        "coordinates": [
          77.5844782,
          13.0257726
        ]
      },
      "id": "node/12149767435"
    },
    {
      "type": "Feature",
      "properties": {
        "@id": "node/12161153127",
        "access": "customers",
        "amenity": "drinking_water",
        "fee": "no",
        "indoor": "yes",
        "level": "1",
        "operator": "BMRCL"
      },
      "geometry": {
        "type": "Point",
        "coordinates": [
          77.5801491,
          12.9461753
        ]
      },
      "id": "node/12161153127"
    },
    {
      "type": "Feature",
      "properties": {
        "@id": "node/12161153128",
        "access": "customers",
        "amenity": "drinking_water",
        "fee": "no",
        "indoor": "yes",
        "level": "1",
        "operator": "BMRCL"
      },
      "geometry": {
        "type": "Point",
        "coordinates": [
          77.5799556,
          12.9461746
        ]
      },
      "id": "node/12161153128"
    },
    {
      "type": "Feature",
      "properties": {
        "@id": "node/12161830085",
        "amenity": "drinking_water",
        "indoor": "yes"
      },
      "geometry": {
        "type": "Point",
        "coordinates": [
          77.5967675,
          12.9207582
        ]
      },
      "id": "node/12161830085"
    },
    {
      "type": "Feature",
      "properties": {
        "@id": "node/12163099769",
        "access": "permissive",
        "amenity": "drinking_water",
        "bottle": "yes",
        "indoor": "yes",
        "level": "0"
      },
      "geometry": {
        "type": "Point",
        "coordinates": [
          77.5972774,
          12.9442542
        ]
      },
      "id": "node/12163099769"
    },
    {
      "type": "Feature",
      "properties": {
        "@id": "node/12165946576",
        "access": "yes",
        "amenity": "drinking_water",
        "bottle": "yes",
        "fountain": "bubbler",
        "indoor": "yes",
        "level": "1"
      },
      "geometry": {
        "type": "Point",
        "coordinates": [
          77.7195125,
          13.1971662
        ]
      },
      "id": "node/12165946576"
    },
    {
      "type": "Feature",
      "properties": {
        "@id": "node/12220056055",
        "amenity": "drinking_water"
      },
      "geometry": {
        "type": "Point",
        "coordinates": [
          78.088003,
          11.7104229
        ]
      },
      "id": "node/12220056055"
    },
    {
      "type": "Feature",
      "properties": {
        "@id": "node/12231091243",
        "amenity": "drinking_water"
      },
      "geometry": {
        "type": "Point",
        "coordinates": [
          75.3731543,
          11.8532928
        ]
      },
      "id": "node/12231091243"
    },
    {
      "type": "Feature",
      "properties": {
        "@id": "node/12246090207",
        "access": "yes",
        "amenity": "drinking_water",
        "fee": "no"
      },
      "geometry": {
        "type": "Point",
        "coordinates": [
          77.6937845,
          12.9964976
        ]
      },
      "id": "node/12246090207"
    },
    {
      "type": "Feature",
      "properties": {
        "@id": "node/12265459595",
        "amenity": "drinking_water",
        "charge": "5 INR",
        "fee": "yes",
        "payment:cash": "yes",
        "wheelchair": "limited"
      },
      "geometry": {
        "type": "Point",
        "coordinates": [
          77.5963517,
          13.1042463
        ]
      },
      "id": "node/12265459595"
    },
    {
      "type": "Feature",
      "properties": {
        "@id": "node/12311589244",
        "amenity": "drinking_water"
      },
      "geometry": {
        "type": "Point",
        "coordinates": [
          79.7239959,
          12.8188982
        ]
      },
      "id": "node/12311589244"
    },
    {
      "type": "Feature",
      "properties": {
        "@id": "node/12325185722",
        "access": "customers",
        "addr:floor": "1",
        "amenity": "drinking_water",
        "bottle": "yes",
        "covered": "yes",
        "indoor": "yes",
        "level": "1",
        "lit": "yes",
        "operator": "BMRCL"
      },
      "geometry": {
        "type": "Point",
        "coordinates": [
          77.6382108,
          12.978351
        ]
      },
      "id": "node/12325185722"
    },
    {
      "type": "Feature",
      "properties": {
        "@id": "node/12361528765",
        "access": "yes",
        "amenity": "drinking_water",
        "wheelchair": "yes"
      },
      "geometry": {
        "type": "Point",
        "coordinates": [
          76.0179399,
          11.528423
        ]
      },
      "id": "node/12361528765"
    },
    {
      "type": "Feature",
      "properties": {
        "@id": "node/12361544639",
        "access": "yes",
        "amenity": "drinking_water"
      },
      "geometry": {
        "type": "Point",
        "coordinates": [
          76.0167259,
          11.5294626
        ]
      },
      "id": "node/12361544639"
    },
    {
      "type": "Feature",
      "properties": {
        "@id": "node/12361544653",
        "amenity": "drinking_water"
      },
      "geometry": {
        "type": "Point",
        "coordinates": [
          76.0154182,
          11.5297692
        ]
      },
      "id": "node/12361544653"
    },
    {
      "type": "Feature",
      "properties": {
        "@id": "node/12361547925",
        "access": "yes",
        "amenity": "drinking_water"
      },
      "geometry": {
        "type": "Point",
        "coordinates": [
          76.0176751,
          11.5288641
        ]
      },
      "id": "node/12361547925"
    },
    {
      "type": "Feature",
      "properties": {
        "@id": "node/12367521749",
        "amenity": "drinking_water"
      },
      "geometry": {
        "type": "Point",
        "coordinates": [
          77.6564543,
          12.9701128
        ]
      },
      "id": "node/12367521749"
    },
    {
      "type": "Feature",
      "properties": {
        "@id": "node/12369264401",
        "amenity": "drinking_water",
        "name:es": "agua"
      },
      "geometry": {
        "type": "Point",
        "coordinates": [
          76.8410347,
          8.6602494
        ]
      },
      "id": "node/12369264401"
    },
    {
      "type": "Feature",
      "properties": {
        "@id": "node/12386292156",
        "amenity": "drinking_water",
        "image": "https://media.istockphoto.com/id/993463824/vector/drinkable-water-faucet-icon-symbol-vector.jpg?s=612x612&w=0&k=20&c=VIVFMn_2vdTH0i3UQf7Gago17lq6mM7S_nCv8QQeFYs="
      },
      "geometry": {
        "type": "Point",
        "coordinates": [
          80.2754672,
          13.0828615
        ]
      },
      "id": "node/12386292156"
    },
    {
      "type": "Feature",
      "properties": {
        "@id": "node/12408824351",
        "access": "permissive",
        "amenity": "drinking_water",
        "fee": "no",
        "fountain": "bottle_refill",
        "operator": "Thevara Juma Masjid"
      },
      "geometry": {
        "type": "Point",
        "coordinates": [
          76.293862,
          9.9450654
        ]
      },
      "id": "node/12408824351"
    },
    {
      "type": "Feature",
      "properties": {
        "@id": "node/12414199254",
        "amenity": "drinking_water"
      },
      "geometry": {
        "type": "Point",
        "coordinates": [
          77.5754305,
          13.0069307
        ]
      },
      "id": "node/12414199254"
    },
    {
      "type": "Feature",
      "properties": {
        "@id": "node/12441364542",
        "amenity": "drinking_water"
      },
      "geometry": {
        "type": "Point",
        "coordinates": [
          79.8241101,
          11.8820264
        ]
      },
      "id": "node/12441364542"
    },
    {
      "type": "Feature",
      "properties": {
        "@id": "node/12458738607",
        "access": "private",
        "amenity": "drinking_water",
        "operator": "Gulf Oil Jal Jeevan Water Point",
        "payment:cash": "yes"
      },
      "geometry": {
        "type": "Point",
        "coordinates": [
          80.3137685,
          13.1913972
        ]
      },
      "id": "node/12458738607"
    },
    {
      "type": "Feature",
      "properties": {
        "@id": "node/12506944687",
        "amenity": "drinking_water"
      },
      "geometry": {
        "type": "Point",
        "coordinates": [
          77.5733035,
          12.9778557
        ]
      },
      "id": "node/12506944687"
    },
    {
      "type": "Feature",
      "properties": {
        "@id": "node/12506944688",
        "amenity": "drinking_water"
      },
      "geometry": {
        "type": "Point",
        "coordinates": [
          77.57304,
          12.9778773
        ]
      },
      "id": "node/12506944688"
    },
    {
      "type": "Feature",
      "properties": {
        "@id": "node/12506944690",
        "amenity": "drinking_water"
      },
      "geometry": {
        "type": "Point",
        "coordinates": [
          77.5724137,
          12.9783124
        ]
      },
      "id": "node/12506944690"
    },
    {
      "type": "Feature",
      "properties": {
        "@id": "node/12506944692",
        "amenity": "drinking_water"
      },
      "geometry": {
        "type": "Point",
        "coordinates": [
          77.5717753,
          12.9779955
        ]
      },
      "id": "node/12506944692"
    },
    {
      "type": "Feature",
      "properties": {
        "@id": "node/12506944695",
        "amenity": "drinking_water"
      },
      "geometry": {
        "type": "Point",
        "coordinates": [
          77.5723064,
          12.977925
        ]
      },
      "id": "node/12506944695"
    },
    {
      "type": "Feature",
      "properties": {
        "@id": "node/12507390919",
        "amenity": "drinking_water"
      },
      "geometry": {
        "type": "Point",
        "coordinates": [
          77.6389224,
          12.9618509
        ]
      },
      "id": "node/12507390919"
    },
    {
      "type": "Feature",
      "properties": {
        "@id": "node/12518226615",
        "amenity": "drinking_water",
        "fountain": "bubbler",
        "indoor": "yes",
        "layer": "1",
        "level": "1"
      },
      "geometry": {
        "type": "Point",
        "coordinates": [
          77.5336759,
          13.0328946
        ]
      },
      "id": "node/12518226615"
    },
    {
      "type": "Feature",
      "properties": {
        "@id": "node/12534435701",
        "access": "yes",
        "amenity": "drinking_water",
        "fee": "no",
        "man_made": "water_tap",
        "wheelchair": "limited"
      },
      "geometry": {
        "type": "Point",
        "coordinates": [
          74.7116898,
          13.3892701
        ]
      },
      "id": "node/12534435701"
    },
    {
      "type": "Feature",
      "properties": {
        "@id": "node/12546378761",
        "access": "yes",
        "amenity": "drinking_water",
        "fee": "no"
      },
      "geometry": {
        "type": "Point",
        "coordinates": [
          79.9838381,
          12.7306847
        ]
      },
      "id": "node/12546378761"
    },
    {
      "type": "Feature",
      "properties": {
        "@id": "node/12571705512",
        "access": "yes",
        "amenity": "drinking_water",
        "operator": "Maraimalai Nagar Municipality"
      },
      "geometry": {
        "type": "Point",
        "coordinates": [
          80.0282272,
          12.7923493
        ]
      },
      "id": "node/12571705512"
    },
    {
      "type": "Feature",
      "properties": {
        "@id": "node/12571705513",
        "amenity": "drinking_water"
      },
      "geometry": {
        "type": "Point",
        "coordinates": [
          80.0274926,
          12.7940221
        ]
      },
      "id": "node/12571705513"
    },
    {
      "type": "Feature",
      "properties": {
        "@id": "node/12571705518",
        "access": "yes",
        "amenity": "drinking_water",
        "operator": "Maraimalai Nagar Municipality"
      },
      "geometry": {
        "type": "Point",
        "coordinates": [
          80.0267225,
          12.7937316
        ]
      },
      "id": "node/12571705518"
    },
    {
      "type": "Feature",
      "properties": {
        "@id": "node/12617924072",
        "amenity": "drinking_water",
        "fountain": "bottle_refill"
      },
      "geometry": {
        "type": "Point",
        "coordinates": [
          74.7940883,
          13.0099132
        ]
      },
      "id": "node/12617924072"
    },
    {
      "type": "Feature",
      "properties": {
        "@id": "node/12617924075",
        "amenity": "drinking_water",
        "fountain": "bottle_refill"
      },
      "geometry": {
        "type": "Point",
        "coordinates": [
          74.7948163,
          13.010118
        ]
      },
      "id": "node/12617924075"
    },
    {
      "type": "Feature",
      "properties": {
        "@id": "node/12617924076",
        "amenity": "drinking_water",
        "fountain": "bottle_refill"
      },
      "geometry": {
        "type": "Point",
        "coordinates": [
          74.7954831,
          13.0094427
        ]
      },
      "id": "node/12617924076"
    },
    {
      "type": "Feature",
      "properties": {
        "@id": "node/12620334783",
        "amenity": "drinking_water",
        "fountain": "bottle_refill"
      },
      "geometry": {
        "type": "Point",
        "coordinates": [
          74.795748,
          13.008689
        ]
      },
      "id": "node/12620334783"
    },
    {
      "type": "Feature",
      "properties": {
        "@id": "node/12620366252",
        "amenity": "drinking_water",
        "fountain": "bubbler"
      },
      "geometry": {
        "type": "Point",
        "coordinates": [
          74.7973271,
          13.011061
        ]
      },
      "id": "node/12620366252"
    },
    {
      "type": "Feature",
      "properties": {
        "@id": "node/12622668843",
        "amenity": "drinking_water",
        "fountain": "bottle_refill"
      },
      "geometry": {
        "type": "Point",
        "coordinates": [
          74.794729,
          13.0054055
        ]
      },
      "id": "node/12622668843"
    },
    {
      "type": "Feature",
      "properties": {
        "@id": "node/12622668846",
        "amenity": "drinking_water",
        "fountain": "bottle_refill"
      },
      "geometry": {
        "type": "Point",
        "coordinates": [
          74.7957397,
          13.0059058
        ]
      },
      "id": "node/12622668846"
    },
    {
      "type": "Feature",
      "properties": {
        "@id": "node/12622668848",
        "amenity": "drinking_water",
        "fountain": "bottle_refill"
      },
      "geometry": {
        "type": "Point",
        "coordinates": [
          74.7965551,
          13.0063838
        ]
      },
      "id": "node/12622668848"
    },
    {
      "type": "Feature",
      "properties": {
        "@id": "node/12622668851",
        "amenity": "drinking_water",
        "fountain": "bottle_refill"
      },
      "geometry": {
        "type": "Point",
        "coordinates": [
          74.7973162,
          13.0071108
        ]
      },
      "id": "node/12622668851"
    },
    {
      "type": "Feature",
      "properties": {
        "@id": "node/12622668853",
        "amenity": "drinking_water",
        "fountain": "bottle_refill",
        "male": "yes"
      },
      "geometry": {
        "type": "Point",
        "coordinates": [
          74.797427,
          13.0080462
        ]
      },
      "id": "node/12622668853"
    },
    {
      "type": "Feature",
      "properties": {
        "@id": "node/12622668856",
        "amenity": "drinking_water",
        "fountain": "bottle_refill"
      },
      "geometry": {
        "type": "Point",
        "coordinates": [
          74.7962521,
          13.0079287
        ]
      },
      "id": "node/12622668856"
    },
    {
      "type": "Feature",
      "properties": {
        "@id": "node/12622668859",
        "amenity": "drinking_water"
      },
      "geometry": {
        "type": "Point",
        "coordinates": [
          74.7940325,
          13.007449
        ]
      },
      "id": "node/12622668859"
    },
    {
      "type": "Feature",
      "properties": {
        "@id": "node/12622668863",
        "amenity": "drinking_water",
        "fountain": "bubbler"
      },
      "geometry": {
        "type": "Point",
        "coordinates": [
          74.7941749,
          13.008065
        ]
      },
      "id": "node/12622668863"
    },
    {
      "type": "Feature",
      "properties": {
        "@id": "node/12622668864",
        "amenity": "drinking_water",
        "fountain": "bubbler"
      },
      "geometry": {
        "type": "Point",
        "coordinates": [
          74.7938826,
          13.0093784
        ]
      },
      "id": "node/12622668864"
    },
    {
      "type": "Feature",
      "properties": {
        "@id": "node/12622668867",
        "amenity": "drinking_water",
        "fountain": "bottle_refill"
      },
      "geometry": {
        "type": "Point",
        "coordinates": [
          74.7943298,
          13.0104545
        ]
      },
      "id": "node/12622668867"
    },
    {
      "type": "Feature",
      "properties": {
        "@id": "node/12622668869",
        "amenity": "drinking_water",
        "fountain": "bottle_refill"
      },
      "geometry": {
        "type": "Point",
        "coordinates": [
          74.7951369,
          13.0085054
        ]
      },
      "id": "node/12622668869"
    },
    {
      "type": "Feature",
      "properties": {
        "@id": "node/12622668872",
        "amenity": "drinking_water"
      },
      "geometry": {
        "type": "Point",
        "coordinates": [
          74.7957778,
          13.009496
        ]
      },
      "id": "node/12622668872"
    },
    {
      "type": "Feature",
      "properties": {
        "@id": "node/12622668874",
        "amenity": "drinking_water",
        "fountain": "bottle_refill"
      },
      "geometry": {
        "type": "Point",
        "coordinates": [
          74.7971929,
          13.0090184
        ]
      },
      "id": "node/12622668874"
    },
    {
      "type": "Feature",
      "properties": {
        "@id": "node/12622856150",
        "amenity": "drinking_water"
      },
      "geometry": {
        "type": "Point",
        "coordinates": [
          77.2114329,
          11.1777874
        ]
      },
      "id": "node/12622856150"
    },
    {
      "type": "Feature",
      "properties": {
        "@id": "node/12622868537",
        "amenity": "drinking_water"
      },
      "geometry": {
        "type": "Point",
        "coordinates": [
          77.2122284,
          11.1783509
        ]
      },
      "id": "node/12622868537"
    },
    {
      "type": "Feature",
      "properties": {
        "@id": "node/12622868538",
        "amenity": "drinking_water"
      },
      "geometry": {
        "type": "Point",
        "coordinates": [
          77.2124413,
          11.1782773
        ]
      },
      "id": "node/12622868538"
    },
    {
      "type": "Feature",
      "properties": {
        "@id": "node/12622868539",
        "amenity": "drinking_water"
      },
      "geometry": {
        "type": "Point",
        "coordinates": [
          77.2127046,
          11.178368
        ]
      },
      "id": "node/12622868539"
    },
    {
      "type": "Feature",
      "properties": {
        "@id": "node/12740975401",
        "amenity": "drinking_water"
      },
      "geometry": {
        "type": "Point",
        "coordinates": [
          77.7519412,
          12.8838795
        ]
      },
      "id": "node/12740975401"
    },
    {
      "type": "Feature",
      "properties": {
        "@id": "node/12743805130",
        "access": "yes",
        "amenity": "drinking_water",
        "operator": "BBMP"
      },
      "geometry": {
        "type": "Point",
        "coordinates": [
          77.4990643,
          13.0463318
        ]
      },
      "id": "node/12743805130"
    },
    {
      "type": "Feature",
      "properties": {
        "@id": "node/12777774134",
        "amenity": "drinking_water"
      },
      "geometry": {
        "type": "Point",
        "coordinates": [
          77.5558812,
          12.9984145
        ]
      },
      "id": "node/12777774134"
    },
    {
      "type": "Feature",
      "properties": {
        "@id": "node/12813313865",
        "access": "yes",
        "amenity": "drinking_water",
        "bottle": "yes",
        "fee": "yes",
        "operator": "under Town Masjid",
        "wheelchair": "yes"
      },
      "geometry": {
        "type": "Point",
        "coordinates": [
          75.3553354,
          12.4573434
        ]
      },
      "id": "node/12813313865"
    },
    {
      "type": "Feature",
      "properties": {
        "@id": "node/13027769343",
        "access": "yes",
        "amenity": "drinking_water",
        "operator": "Airport Authorites of India / Adani Group"
      },
      "geometry": {
        "type": "Point",
        "coordinates": [
          74.8723246,
          12.9508886
        ]
      },
      "id": "node/13027769343"
    },
    {
      "type": "Feature",
      "properties": {
        "@id": "node/13034168522",
        "amenity": "drinking_water"
      },
      "geometry": {
        "type": "Point",
        "coordinates": [
          76.3894871,
          10.1550458
        ]
      },
      "id": "node/13034168522"
    },
    {
      "type": "Feature",
      "properties": {
        "@id": "node/13106398187",
        "amenity": "drinking_water",
        "man_made": "water_tap"
      },
      "geometry": {
        "type": "Point",
        "coordinates": [
          76.3264401,
          10.046163
        ]
      },
      "id": "node/13106398187"
    },
    {
      "type": "Feature",
      "properties": {
        "@id": "node/13131435578",
        "access": "yes",
        "amenity": "drinking_water",
        "charge": "1 inr",
        "description": "can water refilling for drinking purpose",
        "fee": "yes",
        "operator": "tamilnadu governemnet",
        "payment:cash": "yes",
        "wheelchair": "no"
      },
      "geometry": {
        "type": "Point",
        "coordinates": [
          77.809536,
          12.7413206
        ]
      },
      "id": "node/13131435578"
    },
    {
      "type": "Feature",
      "properties": {
        "@id": "node/13148735416",
        "access": "customers",
        "amenity": "drinking_water",
        "fee": "no",
        "fountain": "bottle_refill"
      },
      "geometry": {
        "type": "Point",
        "coordinates": [
          76.7212641,
          8.7555438
        ]
      },
      "id": "node/13148735416"
    },
    {
      "type": "Feature",
      "properties": {
        "@id": "node/13152414822",
        "amenity": "drinking_water"
      },
      "geometry": {
        "type": "Point",
        "coordinates": [
          77.5763482,
          12.9295808
        ]
      },
      "id": "node/13152414822"
    },
    {
      "type": "Feature",
      "properties": {
        "@id": "node/13161243881",
        "amenity": "drinking_water"
      },
      "geometry": {
        "type": "Point",
        "coordinates": [
          77.7606531,
          12.9962277
        ]
      },
      "id": "node/13161243881"
    },
    {
      "type": "Feature",
      "properties": {
        "@id": "node/13161243893",
        "amenity": "drinking_water"
      },
      "geometry": {
        "type": "Point",
        "coordinates": [
          77.7601258,
          12.9963127
        ]
      },
      "id": "node/13161243893"
    },
    {
      "type": "Feature",
      "properties": {
        "@id": "node/13184076213",
        "amenity": "drinking_water"
      },
      "geometry": {
        "type": "Point",
        "coordinates": [
          78.1132065,
          11.6706508
        ]
      },
      "id": "node/13184076213"
    },
    {
      "type": "Feature",
      "properties": {
        "@id": "node/13205603110",
        "access": "yes",
        "amenity": "drinking_water",
        "bottle": "yes",
        "indoor": "yes"
      },
      "geometry": {
        "type": "Point",
        "coordinates": [
          77.5715103,
          12.9757341
        ]
      },
      "id": "node/13205603110"
    },
    {
      "type": "Feature",
      "properties": {
        "@id": "node/13316569348",
        "amenity": "drinking_water"
      },
      "geometry": {
        "type": "Point",
        "coordinates": [
          75.6544106,
          12.6687745
        ]
      },
      "id": "node/13316569348"
    },
    {
      "type": "Feature",
      "properties": {
        "@id": "node/13316569349",
        "amenity": "drinking_water"
      },
      "geometry": {
        "type": "Point",
        "coordinates": [
          75.6217511,
          12.6596726
        ]
      },
      "id": "node/13316569349"
    },
    {
      "type": "Feature",
      "properties": {
        "@id": "node/13316569389",
        "access": "yes",
        "amenity": "drinking_water"
      },
      "geometry": {
        "type": "Point",
        "coordinates": [
          75.7046323,
          12.6610719
        ]
      },
      "id": "node/13316569389"
    },
    {
      "type": "Feature",
      "properties": {
        "@id": "node/13447359438",
        "amenity": "drinking_water",
        "man_made": "water_tap"
      },
      "geometry": {
        "type": "Point",
        "coordinates": [
          76.4870081,
          9.0885814
        ]
      },
      "id": "node/13447359438"
    },
    {
      "type": "Feature",
      "properties": {
        "@id": "node/13467922192",
        "amenity": "drinking_water",
        "level": "1"
      },
      "geometry": {
        "type": "Point",
        "coordinates": [
          74.8054086,
          12.9901172
        ]
      },
      "id": "node/13467922192"
    },
    {
      "type": "Feature",
      "properties": {
        "@id": "node/13467954597",
        "amenity": "drinking_water"
      },
      "geometry": {
        "type": "Point",
        "coordinates": [
          74.8006405,
          12.9889767
        ]
      },
      "id": "node/13467954597"
    },
    {
      "type": "Feature",
      "properties": {
        "@id": "node/13472599921",
        "amenity": "drinking_water"
      },
      "geometry": {
        "type": "Point",
        "coordinates": [
          74.7921347,
          13.0106902
        ]
      },
      "id": "node/13472599921"
    },
    {
      "type": "Feature",
      "properties": {
        "@id": "node/13481201803",
        "amenity": "drinking_water"
      },
      "geometry": {
        "type": "Point",
        "coordinates": [
          77.5868628,
          13.0242063
        ]
      },
      "id": "node/13481201803"
    },
    {
      "type": "Feature",
      "properties": {
        "@id": "node/13593475737",
        "amenity": "drinking_water"
      },
      "geometry": {
        "type": "Point",
        "coordinates": [
          76.3473214,
          10.3594957
        ]
      },
      "id": "node/13593475737"
    },
    {
      "type": "Feature",
      "properties": {
        "@id": "node/13593475738",
        "amenity": "drinking_water"
      },
      "geometry": {
        "type": "Point",
        "coordinates": [
          76.3452702,
          10.3596105
        ]
      },
      "id": "node/13593475738"
    },
    {
      "type": "Feature",
      "properties": {
        "@id": "node/13593475739",
        "amenity": "drinking_water"
      },
      "geometry": {
        "type": "Point",
        "coordinates": [
          76.3463411,
          10.3595076
        ]
      },
      "id": "node/13593475739"
    },
    {
      "type": "Feature",
      "properties": {
        "@id": "node/13593475740",
        "amenity": "drinking_water"
      },
      "geometry": {
        "type": "Point",
        "coordinates": [
          76.3477687,
          10.3605854
        ]
      },
      "id": "node/13593475740"
    },
    {
      "type": "Feature",
      "properties": {
        "@id": "node/13597425345",
        "amenity": "drinking_water",
        "natural": "spring"
      },
      "geometry": {
        "type": "Point",
        "coordinates": [
          74.9986462,
          13.0742752
        ]
      },
      "id": "node/13597425345"
    },
    {
      "type": "Feature",
      "properties": {
        "@id": "node/13607698272",
        "amenity": "drinking_water"
      },
      "geometry": {
        "type": "Point",
        "coordinates": [
          76.4742872,
          13.2557908
        ]
      },
      "id": "node/13607698272"
    },
    {
      "type": "Feature",
      "properties": {
        "@id": "node/13607698273",
        "amenity": "drinking_water",
        "wheelchair": "designated"
      },
      "geometry": {
        "type": "Point",
        "coordinates": [
          76.4743532,
          13.2557825
        ]
      },
      "id": "node/13607698273"
    },
    {
      "type": "Feature",
      "properties": {
        "@id": "node/13607984874",
        "amenity": "drinking_water"
      },
      "geometry": {
        "type": "Point",
        "coordinates": [
          78.1105062,
          9.919862
        ]
      },
      "id": "node/13607984874"
    },
    {
      "type": "Feature",
      "properties": {
        "@id": "node/13607984937",
        "amenity": "drinking_water"
      },
      "geometry": {
        "type": "Point",
        "coordinates": [
          78.110499,
          9.9198452
        ]
      },
      "id": "node/13607984937"
    },
    {
      "type": "Feature",
      "properties": {
        "@id": "node/13612853728",
        "amenity": "drinking_water"
      },
      "geometry": {
        "type": "Point",
        "coordinates": [
          78.1109595,
          9.9214424
        ]
      },
      "id": "node/13612853728"
    },
    {
      "type": "Feature",
      "properties": {
        "@id": "node/13612853855",
        "amenity": "drinking_water",
        "fountain": "bottle_refill",
        "indoor": "yes"
      },
      "geometry": {
        "type": "Point",
        "coordinates": [
          78.1489207,
          9.9193184
        ]
      },
      "id": "node/13612853855"
    },
    {
      "type": "Feature",
      "properties": {
        "@id": "node/13612853905",
        "amenity": "drinking_water"
      },
      "geometry": {
        "type": "Point",
        "coordinates": [
          78.1109973,
          9.9210758
        ]
      },
      "id": "node/13612853905"
    },
    {
      "type": "Feature",
      "properties": {
        "@id": "node/13612853962",
        "amenity": "drinking_water"
      },
      "geometry": {
        "type": "Point",
        "coordinates": [
          78.1111488,
          9.9213361
        ]
      },
      "id": "node/13612853962"
    },
    {
      "type": "Feature",
      "properties": {
        "@id": "node/13648908489",
        "amenity": "drinking_water"
      },
      "geometry": {
        "type": "Point",
        "coordinates": [
          77.6065636,
          13.2817139
        ]
      },
      "id": "node/13648908489"
    },
    {
      "type": "Feature",
      "properties": {
        "@id": "node/13670585507",
        "amenity": "drinking_water"
      },
      "geometry": {
        "type": "Point",
        "coordinates": [
          79.8002503,
          12.0011024
        ]
      },
      "id": "node/13670585507"
    },
    {
      "type": "Feature",
      "properties": {
        "@id": "node/13676301501",
        "amenity": "drinking_water",
        "name": "BBMP PARK 10th main"
      },
      "geometry": {
        "type": "Point",
        "coordinates": [
          77.6188358,
          13.0121445
        ]
      },
      "id": "node/13676301501"
    },
    {
      "type": "Feature",
      "properties": {
        "@id": "node/13691722601",
        "amenity": "drinking_water"
      },
      "geometry": {
        "type": "Point",
        "coordinates": [
          81.6986387,
          7.7183168
        ]
      },
      "id": "node/13691722601"
    },
    {
      "type": "Feature",
      "properties": {
        "@id": "node/13694340301",
        "amenity": "drinking_water"
      },
      "geometry": {
        "type": "Point",
        "coordinates": [
          81.7001899,
          7.7128476
        ]
      },
      "id": "node/13694340301"
    },
    {
      "type": "Feature",
      "properties": {
        "@id": "node/13703133001",
        "amenity": "drinking_water"
      },
      "geometry": {
        "type": "Point",
        "coordinates": [
          80.0091248,
          9.6712748
        ]
      },
      "id": "node/13703133001"
    },
    {
      "type": "Feature",
      "properties": {
        "@id": "node/13703546901",
        "amenity": "drinking_water"
      },
      "geometry": {
        "type": "Point",
        "coordinates": [
          80.0152252,
          9.6550896
        ]
      },
      "id": "node/13703546901"
    },
    {
      "type": "Feature",
      "properties": {
        "@id": "node/13704620802",
        "amenity": "drinking_water"
      },
      "geometry": {
        "type": "Point",
        "coordinates": [
          80.0156806,
          9.6557706
        ]
      },
      "id": "node/13704620802"
    },
    {
      "type": "Feature",
      "properties": {
        "@id": "node/13704620803",
        "amenity": "drinking_water"
      },
      "geometry": {
        "type": "Point",
        "coordinates": [
          80.0124397,
          9.6604009
        ]
      },
      "id": "node/13704620803"
    },
    {
      "type": "Feature",
      "properties": {
        "@id": "node/13704623701",
        "amenity": "drinking_water"
      },
      "geometry": {
        "type": "Point",
        "coordinates": [
          80.0094673,
          9.6685243
        ]
      },
      "id": "node/13704623701"
    },
    {
      "type": "Feature",
      "properties": {
        "@id": "node/13704629601",
        "amenity": "drinking_water"
      },
      "geometry": {
        "type": "Point",
        "coordinates": [
          80.009122,
          9.6712545
        ]
      },
      "id": "node/13704629601"
    },
    {
      "type": "Feature",
      "properties": {
        "@id": "node/13707153301",
        "amenity": "drinking_water",
        "check_date": "2026-04-05",
        "level": "0",
        "name": "Jala Prasadam",
        "operator": "Tirumala Tirupati Devasthanams"
      },
      "geometry": {
        "type": "Point",
        "coordinates": [
          79.3459747,
          13.6854743
        ]
      },
      "id": "node/13707153301"
    },
    {
      "type": "Feature",
      "properties": {
        "@id": "node/13730703742",
        "amenity": "drinking_water"
      },
      "geometry": {
        "type": "Point",
        "coordinates": [
          77.6466492,
          13.0493817
        ]
      },
      "id": "node/13730703742"
    },
    {
      "type": "Feature",
      "properties": {
        "@id": "node/13738226108",
        "amenity": "drinking_water"
      },
      "geometry": {
        "type": "Point",
        "coordinates": [
          80.2746695,
          13.0844255
        ]
      },
      "id": "node/13738226108"
    },
    {
      "type": "Feature",
      "properties": {
        "@id": "node/13738226111",
        "amenity": "drinking_water"
      },
      "geometry": {
        "type": "Point",
        "coordinates": [
          80.2747817,
          13.0839882
        ]
      },
      "id": "node/13738226111"
    },
    {
      "type": "Feature",
      "properties": {
        "@id": "node/13738226112",
        "amenity": "drinking_water",
        "wheelchair": "designated"
      },
      "geometry": {
        "type": "Point",
        "coordinates": [
          80.2749384,
          13.0833353
        ]
      },
      "id": "node/13738226112"
    },
    {
      "type": "Feature",
      "properties": {
        "@id": "node/13738226115",
        "amenity": "drinking_water"
      },
      "geometry": {
        "type": "Point",
        "coordinates": [
          80.2742767,
          13.0871665
        ]
      },
      "id": "node/13738226115"
    },
    {
      "type": "Feature",
      "properties": {
        "@id": "node/13738226126",
        "amenity": "drinking_water"
      },
      "geometry": {
        "type": "Point",
        "coordinates": [
          80.2742844,
          13.0878502
        ]
      },
      "id": "node/13738226126"
    },
    {
      "type": "Feature",
      "properties": {
        "@id": "node/13738226139",
        "amenity": "drinking_water"
      },
      "geometry": {
        "type": "Point",
        "coordinates": [
          80.2747603,
          13.0841571
        ]
      },
      "id": "node/13738226139"
    },
    {
      "type": "Feature",
      "properties": {
        "@id": "node/13738226143",
        "amenity": "drinking_water"
      },
      "geometry": {
        "type": "Point",
        "coordinates": [
          80.2745891,
          13.0849615
        ]
      },
      "id": "node/13738226143"
    },
    {
      "type": "Feature",
      "properties": {
        "@id": "node/13738226147",
        "amenity": "drinking_water",
        "wheelchair": "designated"
      },
      "geometry": {
        "type": "Point",
        "coordinates": [
          80.2749888,
          13.0833419
        ]
      },
      "id": "node/13738226147"
    },
    {
      "type": "Feature",
      "properties": {
        "@id": "node/13738226148",
        "amenity": "drinking_water"
      },
      "geometry": {
        "type": "Point",
        "coordinates": [
          80.2744494,
          13.0857831
        ]
      },
      "id": "node/13738226148"
    },
    {
      "type": "Feature",
      "properties": {
        "@id": "node/13738226154",
        "amenity": "drinking_water"
      },
      "geometry": {
        "type": "Point",
        "coordinates": [
          80.2743827,
          13.0862535
        ]
      },
      "id": "node/13738226154"
    },
    {
      "type": "Feature",
      "properties": {
        "@id": "node/13738226155",
        "amenity": "drinking_water"
      },
      "geometry": {
        "type": "Point",
        "coordinates": [
          80.2742807,
          13.0875917
        ]
      },
      "id": "node/13738226155"
    },
    {
      "type": "Feature",
      "properties": {
        "@id": "node/13771773525",
        "access": "customers",
        "amenity": "drinking_water",
        "bottle": "yes",
        "charge": "30 Rupees per 20 Litres",
        "covered": "yes",
        "fee": "yes",
        "indoor": "no",
        "lit": "yes",
        "operator": "Kanishka Sai Drinking Water Agencies",
        "payment:app": "yes",
        "payment:cash": "yes",
        "payment:google_pay": "yes",
        "payment:upi": "yes"
      },
      "geometry": {
        "type": "Point",
        "coordinates": [
          79.8194766,
          11.9421211
        ]
      },
      "id": "node/13771773525"
    },
    {
      "type": "Feature",
      "properties": {
        "@id": "node/13839492368",
        "amenity": "drinking_water",
        "man_made": "water_tap"
      },
      "geometry": {
        "type": "Point",
        "coordinates": [
          80.2680951,
          13.0325612
        ]
      },
      "id": "node/13839492368"
    },
    {
      "type": "Feature",
      "properties": {
        "@id": "node/13883914654",
        "access": "yes",
        "amenity": "drinking_water",
        "bottle": "no",
        "covered": "yes",
        "dog": "no",
        "fee": "yesl",
        "lit": "yes",
        "name": "Water ATM",
        "payment:coins": "yes",
        "wheelchair": "no"
      },
      "geometry": {
        "type": "Point",
        "coordinates": [
          76.2904205,
          10.5710294
        ]
      },
      "id": "node/13883914654"
    },
    {
      "type": "Feature",
      "properties": {
        "@id": "node/13913730363",
        "access": "yes",
        "amenity": "drinking_water",
        "fee": "yes"
      },
      "geometry": {
        "type": "Point",
        "coordinates": [
          77.6360745,
          12.9614796
        ]
      },
      "id": "node/13913730363"
    },
    {
      "type": "Feature",
      "properties": {
        "@id": "node/13919194798",
        "amenity": "drinking_water"
      },
      "geometry": {
        "type": "Point",
        "coordinates": [
          80.1766748,
          13.0867096
        ]
      },
      "id": "node/13919194798"
    },
    {
      "type": "Feature",
      "properties": {
        "@id": "node/13927771849",
        "amenity": "drinking_water",
        "fixme": "resurvey",
        "man_made": "water_well",
        "pump": "no"
      },
      "geometry": {
        "type": "Point",
        "coordinates": [
          81.3774418,
          7.6371996
        ]
      },
      "id": "node/13927771849"
    },
    {
      "type": "Feature",
      "properties": {
        "@id": "node/13948944014",
        "amenity": "drinking_water",
        "fee": "no",
        "level": "0"
      },
      "geometry": {
        "type": "Point",
        "coordinates": [
          76.7275913,
          10.8053225
        ]
      },
      "id": "node/13948944014"
    },
    {
      "type": "Feature",
      "properties": {
        "@id": "node/13948944015",
        "amenity": "drinking_water",
        "fee": "no",
        "level": "0"
      },
      "geometry": {
        "type": "Point",
        "coordinates": [
          76.7279202,
          10.8048155
        ]
      },
      "id": "node/13948944015"
    },
    {
      "type": "Feature",
      "properties": {
        "@id": "node/13970519752",
        "amenity": "drinking_water"
      },
      "geometry": {
        "type": "Point",
        "coordinates": [
          74.8432574,
          12.8616411
        ]
      },
      "id": "node/13970519752"
    },
    {
      "type": "Feature",
      "properties": {
        "@id": "node/13970519810",
        "amenity": "drinking_water"
      },
      "geometry": {
        "type": "Point",
        "coordinates": [
          74.8432343,
          12.8613772
        ]
      },
      "id": "node/13970519810"
    },
    {
      "type": "Feature",
      "properties": {
        "@id": "node/13970519813",
        "amenity": "drinking_water"
      },
      "geometry": {
        "type": "Point",
        "coordinates": [
          74.8433722,
          12.8629803
        ]
      },
      "id": "node/13970519813"
    },
    {
      "type": "Feature",
      "properties": {
        "@id": "node/13970519817",
        "amenity": "drinking_water",
        "man_made": "water_tap"
      },
      "geometry": {
        "type": "Point",
        "coordinates": [
          74.8054559,
          12.9900498
        ]
      },
      "id": "node/13970519817"
    },
    {
      "type": "Feature",
      "properties": {
        "@id": "node/13970519875",
        "amenity": "drinking_water"
      },
      "geometry": {
        "type": "Point",
        "coordinates": [
          74.8433587,
          12.8631533
        ]
      },
      "id": "node/13970519875"
    },
    {
      "type": "Feature",
      "properties": {
        "@id": "node/13972106008",
        "amenity": "drinking_water",
        "level": "3"
      },
      "geometry": {
        "type": "Point",
        "coordinates": [
          75.1850661,
          12.7816984
        ]
      },
      "id": "node/13972106008"
    },
    {
      "type": "Feature",
      "properties": {
        "@id": "node/13972106016",
        "amenity": "drinking_water",
        "level": "2"
      },
      "geometry": {
        "type": "Point",
        "coordinates": [
          75.1850661,
          12.7816984
        ]
      },
      "id": "node/13972106016"
    },
    {
      "type": "Feature",
      "properties": {
        "@id": "node/13976609131",
        "amenity": "drinking_water"
      },
      "geometry": {
        "type": "Point",
        "coordinates": [
          74.9068502,
          12.6698783
        ]
      },
      "id": "node/13976609131"
    },
    {
      "type": "Feature",
      "properties": {
        "@id": "node/13976609133",
        "amenity": "drinking_water"
      },
      "geometry": {
        "type": "Point",
        "coordinates": [
          74.8897997,
          12.7237637
        ]
      },
      "id": "node/13976609133"
    },
    {
      "type": "Feature",
      "properties": {
        "@id": "node/13976609141",
        "amenity": "drinking_water"
      },
      "geometry": {
        "type": "Point",
        "coordinates": [
          74.9066985,
          12.6703226
        ]
      },
      "id": "node/13976609141"
    },
    {
      "type": "Feature",
      "properties": {
        "@id": "node/13976609154",
        "amenity": "drinking_water"
      },
      "geometry": {
        "type": "Point",
        "coordinates": [
          75.0241922,
          12.4225182
        ]
      },
      "id": "node/13976609154"
    },
    {
      "type": "Feature",
      "properties": {
        "@id": "node/13976614410",
        "amenity": "drinking_water"
      },
      "geometry": {
        "type": "Point",
        "coordinates": [
          75.2045399,
          12.7606544
        ]
      },
      "id": "node/13976614410"
    },
    {
      "type": "Feature",
      "properties": {
        "@id": "node/13976614422",
        "amenity": "drinking_water"
      },
      "geometry": {
        "type": "Point",
        "coordinates": [
          75.2046575,
          12.7687244
        ]
      },
      "id": "node/13976614422"
    },
    {
      "type": "Feature",
      "properties": {
        "@id": "node/13976614432",
        "amenity": "drinking_water"
      },
      "geometry": {
        "type": "Point",
        "coordinates": [
          75.1270502,
          12.8169326
        ]
      },
      "id": "node/13976614432"
    },
    {
      "type": "Feature",
      "properties": {
        "@id": "node/13976614434",
        "amenity": "drinking_water"
      },
      "geometry": {
        "type": "Point",
        "coordinates": [
          75.0340399,
          12.878092
        ]
      },
      "id": "node/13976614434"
    },
    {
      "type": "Feature",
      "properties": {
        "@id": "node/13976614471",
        "amenity": "drinking_water"
      },
      "geometry": {
        "type": "Point",
        "coordinates": [
          75.2045903,
          12.7687795
        ]
      },
      "id": "node/13976614471"
    },
    {
      "type": "Feature",
      "properties": {
        "@id": "node/13976614493",
        "amenity": "drinking_water",
        "wheelchair": "designated"
      },
      "geometry": {
        "type": "Point",
        "coordinates": [
          75.2044872,
          12.7687806
        ]
      },
      "id": "node/13976614493"
    },
    {
      "type": "Feature",
      "properties": {
        "@id": "node/13976617115",
        "amenity": "drinking_water"
      },
      "geometry": {
        "type": "Point",
        "coordinates": [
          74.8795086,
          12.8662966
        ]
      },
      "id": "node/13976617115"
    },
    {
      "type": "Feature",
      "properties": {
        "@id": "node/13978203980",
        "access": "yes",
        "addr:street": "Ellaipillaichavady, Puducherry",
        "amenity": "drinking_water",
        "charge": "7 INR",
        "covered": "yes",
        "description": "RO treated purified drinking water station setup and maintained by Govt. of Puducherry. One can bring their own water containers and fill it up (7 INR for 20 Liters of water).",
        "drinking_water:refill": "yes",
        "fee": "yes",
        "name": "Public Drinking Water Filling Station",
        "name:ta": "சுத்திகரிக்கப்பட்ட பொது குடிநீர் நிலையம்",
        "opening_hours": "Mo-Sa 08:00-12:00; Mo-Sa 16:30-19:00; Su 08:00-12:00",
        "operator": "Public Works Department",
        "payment:cash": "yes",
        "seasonal": "no"
      },
      "geometry": {
        "type": "Point",
        "coordinates": [
          79.8055908,
          11.9333041
        ]
      },
      "id": "node/13978203980"
    },
    {
      "type": "Feature",
      "properties": {
        "@id": "node/13980586051",
        "amenity": "drinking_water"
      },
      "geometry": {
        "type": "Point",
        "coordinates": [
          76.948611,
          8.4833368
        ]
      },
      "id": "node/13980586051"
    },
    {
      "type": "Feature",
      "properties": {
        "@id": "node/13980586063",
        "amenity": "drinking_water"
      },
      "geometry": {
        "type": "Point",
        "coordinates": [
          76.9479802,
          8.4843898
        ]
      },
      "id": "node/13980586063"
    },
    {
      "type": "Feature",
      "properties": {
        "@id": "node/13980586074",
        "amenity": "drinking_water"
      },
      "geometry": {
        "type": "Point",
        "coordinates": [
          76.9485011,
          8.4836895
        ]
      },
      "id": "node/13980586074"
    },
    {
      "type": "Feature",
      "properties": {
        "@id": "node/13987262440",
        "access": "yes",
        "amenity": "drinking_water",
        "bottle": "yes",
        "level": "0"
      },
      "geometry": {
        "type": "Point",
        "coordinates": [
          76.9473939,
          8.474052
        ]
      },
      "id": "node/13987262440"
    },
    {
      "type": "Feature",
      "properties": {
        "@id": "node/14000450173",
        "amenity": "drinking_water"
      },
      "geometry": {
        "type": "Point",
        "coordinates": [
          76.6083732,
          9.3188666
        ]
      },
      "id": "node/14000450173"
    },
    {
      "type": "Feature",
      "properties": {
        "@id": "node/14002235430",
        "access": "yes",
        "amenity": "drinking_water",
        "fee": "no",
        "wheelchair": "limited"
      },
      "geometry": {
        "type": "Point",
        "coordinates": [
          75.8267387,
          11.2433827
        ]
      },
      "id": "node/14002235430"
    },
    {
      "type": "Feature",
      "properties": {
        "@id": "node/14008033590",
        "amenity": "drinking_water",
        "bottle": "yes",
        "level": "0"
      },
      "geometry": {
        "type": "Point",
        "coordinates": [
          74.8819681,
          12.8663887
        ]
      },
      "id": "node/14008033590"
    },
    {
      "type": "Feature",
      "properties": {
        "@id": "node/14008117334",
        "amenity": "drinking_water",
        "bottle": "yes",
        "level": "0"
      },
      "geometry": {
        "type": "Point",
        "coordinates": [
          74.8812321,
          12.8664268
        ]
      },
      "id": "node/14008117334"
    },
    {
      "type": "Feature",
      "properties": {
        "@id": "node/14013534118",
        "amenity": "drinking_water"
      },
      "geometry": {
        "type": "Point",
        "coordinates": [
          74.8817693,
          12.8661764
        ]
      },
      "id": "node/14013534118"
    },
    {
      "type": "Feature",
      "properties": {
        "@id": "node/14013534120",
        "amenity": "drinking_water",
        "bottle": "yes",
        "level": "0"
      },
      "geometry": {
        "type": "Point",
        "coordinates": [
          74.8809557,
          12.8662253
        ]
      },
      "id": "node/14013534120"
    },
    {
      "type": "Feature",
      "properties": {
        "@id": "node/14050466453",
        "amenity": "drinking_water",
        "level": "1"
      },
      "geometry": {
        "type": "Point",
        "coordinates": [
          76.5259368,
          9.8820297
        ]
      },
      "id": "node/14050466453"
    },
    {
      "type": "Feature",
      "properties": {
        "@id": "node/14050466454",
        "amenity": "drinking_water"
      },
      "geometry": {
        "type": "Point",
        "coordinates": [
          76.5260826,
          9.8824244
        ]
      },
      "id": "node/14050466454"
    },
    {
      "type": "Feature",
      "properties": {
        "@id": "node/14132520388",
        "access": "yes",
        "amenity": "drinking_water",
        "fee": "yes",
        "wheelchair": "no"
      },
      "geometry": {
        "type": "Point",
        "coordinates": [
          77.5141113,
          12.9596565
        ]
      },
      "id": "node/14132520388"
    },
    {
      "type": "Feature",
      "properties": {
        "@id": "node/14133797133",
        "amenity": "drinking_water"
      },
      "geometry": {
        "type": "Point",
        "coordinates": [
          79.0710419,
          12.2311864
        ]
      },
      "id": "node/14133797133"
    },
    {
      "type": "Feature",
      "properties": {
        "@id": "node/14134350632",
        "access": "yes",
        "amenity": "drinking_water",
        "fee": "no",
        "operator": "Punalur Municipality"
      },
      "geometry": {
        "type": "Point",
        "coordinates": [
          76.9272455,
          9.0171043
        ]
      },
      "id": "node/14134350632"
    },
    {
      "type": "Feature",
      "properties": {
        "@id": "node/14134430267",
        "amenity": "drinking_water",
        "man_made": "water_tap"
      },
      "geometry": {
        "type": "Point",
        "coordinates": [
          77.5819857,
          13.0927092
        ]
      },
      "id": "node/14134430267"
    }
  ]
}