{
  "type": "FeatureCollection",
  "generator": "overpass-turbo",
  "copyright": "The data included in this document is from www.openstreetmap.org. The data is made available under ODbL.",
  "timestamp": "2026-09-06T09:17:36Z",
  "features": [
    {
      "type": "Feature",
      "properties": {
        "@id": "node/570750400",
        "amenity": "drinking_water"
      },
      "geometry": {
        "type": "Point",
        "coordinates": [
          76.2870116,
          32.2735962
        ]
      },
      "id": "node/570750400"
    },
    {
      "type": "Feature",
      "properties": {
        "@id": "node/747109526",
        "amenity": "drinking_water"
      },
      "geometry": {
        "type": "Point",
        "coordinates": [
          78.9585562,
          28.9900168
        ]
      },
      "id": "node/747109526"
    },
    {
      "type": "Feature",
      "properties": {
        "@id": "node/761080366",
        "amenity": "drinking_water",
        "name": "Neelkanth Base"
      },
      "geometry": {
        "type": "Point",
        "coordinates": [
          76.275407,
          32.2813521
        ]
      },
      "id": "node/761080366"
    },
    {
      "type": "Feature",
      "properties": {
        "@id": "node/852873684",
        "amenity": "drinking_water",
        "name": "Sale Drinking water station"
      },
      "geometry": {
        "type": "Point",
        "coordinates": [
          84.3025271,
          28.5436135
        ]
      },
      "id": "node/852873684"
    },
    {
      "type": "Feature",
      "properties": {
        "@id": "node/852891527",
        "amenity": "drinking_water",
        "name": "ACAP Safe Drinking Water Station"
      },
      "geometry": {
        "type": "Point",
        "coordinates": [
          84.2438366,
          28.5500918
        ]
      },
      "id": "node/852891527"
    },
    {
      "type": "Feature",
      "properties": {
        "@id": "node/854332159",
        "amenity": "drinking_water",
        "check_date": "2023-03-28",
        "fixme": "badly placed",
        "indoor": "yes",
        "man_made": "water_tap",
        "name": "ACAP Safe Drinking Water Station"
      },
      "geometry": {
        "type": "Point",
        "coordinates": [
          84.0237608,
          28.6655612
        ]
      },
      "id": "node/854332159"
    },
    {
      "type": "Feature",
      "properties": {
        "@id": "node/854367554",
        "amenity": "drinking_water",
        "check_date": "2025-08-27",
        "name": "Sale Drinking water station",
        "name:en": "Safe Drinking Water Station"
      },
      "geometry": {
        "type": "Point",
        "coordinates": [
          83.9738181,
          28.7225098
        ]
      },
      "id": "node/854367554"
    },
    {
      "type": "Feature",
      "properties": {
        "@id": "node/966484141",
        "amenity": "drinking_water",
        "name": "Hand Pump"
      },
      "geometry": {
        "type": "Point",
        "coordinates": [
          75.9818132,
          30.7822701
        ]
      },
      "id": "node/966484141"
    },
    {
      "type": "Feature",
      "properties": {
        "@id": "node/968896332",
        "amenity": "drinking_water",
        "name": "Hand Pump"
      },
      "geometry": {
        "type": "Point",
        "coordinates": [
          75.9812244,
          30.7824746
        ]
      },
      "id": "node/968896332"
    },
    {
      "type": "Feature",
      "properties": {
        "@id": "node/971639208",
        "amenity": "drinking_water"
      },
      "geometry": {
        "type": "Point",
        "coordinates": [
          76.0980148,
          32.3004591
        ]
      },
      "id": "node/971639208"
    },
    {
      "type": "Feature",
      "properties": {
        "@id": "node/973821289",
        "amenity": "drinking_water",
        "check_date": "2023-04-01",
        "name": "ACAP Safe Drinking Water Station"
      },
      "geometry": {
        "type": "Point",
        "coordinates": [
          83.9729371,
          28.7390361
        ]
      },
      "id": "node/973821289"
    },
    {
      "type": "Feature",
      "properties": {
        "@id": "node/995838779",
        "amenity": "drinking_water",
        "name": "ACAP Safe Drinking Water Station"
      },
      "geometry": {
        "type": "Point",
        "coordinates": [
          83.5987686,
          28.6418759
        ]
      },
      "id": "node/995838779"
    },
    {
      "type": "Feature",
      "properties": {
        "@id": "node/1188964620",
        "amenity": "drinking_water",
        "check_date": "2023-12-17",
        "man_made": "water_tap"
      },
      "geometry": {
        "type": "Point",
        "coordinates": [
          74.8777484,
          31.620251
        ]
      },
      "id": "node/1188964620"
    },
    {
      "type": "Feature",
      "properties": {
        "@id": "node/1309896114",
        "amenity": "drinking_water",
        "check_date": "2024-10-15",
        "name": "Drinking Water on Platform-4"
      },
      "geometry": {
        "type": "Point",
        "coordinates": [
          80.3525362,
          26.4548049
        ]
      },
      "id": "node/1309896114"
    },
    {
      "type": "Feature",
      "properties": {
        "@id": "node/1329319686",
        "amenity": "drinking_water",
        "check_date": "2024-03-12"
      },
      "geometry": {
        "type": "Point",
        "coordinates": [
          84.4178506,
          27.9487607
        ]
      },
      "id": "node/1329319686"
    },
    {
      "type": "Feature",
      "properties": {
        "@id": "node/1329328793",
        "amenity": "drinking_water"
      },
      "geometry": {
        "type": "Point",
        "coordinates": [
          84.3853701,
          27.9406557
        ]
      },
      "id": "node/1329328793"
    },
    {
      "type": "Feature",
      "properties": {
        "@id": "node/1329328794",
        "amenity": "drinking_water"
      },
      "geometry": {
        "type": "Point",
        "coordinates": [
          84.3975065,
          27.9351014
        ]
      },
      "id": "node/1329328794"
    },
    {
      "type": "Feature",
      "properties": {
        "@id": "node/1329346738",
        "amenity": "drinking_water"
      },
      "geometry": {
        "type": "Point",
        "coordinates": [
          84.3946065,
          27.9326369
        ]
      },
      "id": "node/1329346738"
    },
    {
      "type": "Feature",
      "properties": {
        "@id": "node/1347506447",
        "amenity": "drinking_water"
      },
      "geometry": {
        "type": "Point",
        "coordinates": [
          77.0646866,
          28.495533
        ]
      },
      "id": "node/1347506447"
    },
    {
      "type": "Feature",
      "properties": {
        "@id": "node/1356150442",
        "amenity": "drinking_water"
      },
      "geometry": {
        "type": "Point",
        "coordinates": [
          78.4665863,
          30.8426306
        ]
      },
      "id": "node/1356150442"
    },
    {
      "type": "Feature",
      "properties": {
        "@id": "node/1356150743",
        "amenity": "drinking_water"
      },
      "geometry": {
        "type": "Point",
        "coordinates": [
          78.4917782,
          30.8513482
        ]
      },
      "id": "node/1356150743"
    },
    {
      "type": "Feature",
      "properties": {
        "@id": "node/1366516165",
        "amenity": "drinking_water"
      },
      "geometry": {
        "type": "Point",
        "coordinates": [
          83.8649777,
          28.2962632
        ]
      },
      "id": "node/1366516165"
    },
    {
      "type": "Feature",
      "properties": {
        "@id": "node/1366661731",
        "amenity": "drinking_water"
      },
      "geometry": {
        "type": "Point",
        "coordinates": [
          84.0549583,
          28.2111276
        ]
      },
      "id": "node/1366661731"
    },
    {
      "type": "Feature",
      "properties": {
        "@id": "node/1382730744",
        "amenity": "drinking_water"
      },
      "geometry": {
        "type": "Point",
        "coordinates": [
          83.8674805,
          28.2943369
        ]
      },
      "id": "node/1382730744"
    },
    {
      "type": "Feature",
      "properties": {
        "@id": "node/1382996315",
        "amenity": "drinking_water"
      },
      "geometry": {
        "type": "Point",
        "coordinates": [
          83.8002937,
          28.3802599
        ]
      },
      "id": "node/1382996315"
    },
    {
      "type": "Feature",
      "properties": {
        "@id": "node/1477488932",
        "amenity": "drinking_water",
        "designation": "Water box"
      },
      "geometry": {
        "type": "Point",
        "coordinates": [
          75.9307889,
          30.060255
        ]
      },
      "id": "node/1477488932"
    },
    {
      "type": "Feature",
      "properties": {
        "@id": "node/1477489672",
        "amenity": "drinking_water",
        "designation": "Water tank"
      },
      "geometry": {
        "type": "Point",
        "coordinates": [
          75.9276426,
          30.0547739
        ]
      },
      "id": "node/1477489672"
    },
    {
      "type": "Feature",
      "properties": {
        "@id": "node/1496676816",
        "amenity": "drinking_water",
        "check_date": "2025-06-05",
        "designation": "Kohiti",
        "fountain": "drinking",
        "source": "Traditional stone"
      },
      "geometry": {
        "type": "Point",
        "coordinates": [
          85.304527,
          27.7005563
        ]
      },
      "id": "node/1496676816"
    },
    {
      "type": "Feature",
      "properties": {
        "@id": "node/1548806727",
        "amenity": "drinking_water",
        "designation": "Safe Water Station",
        "name": "ACAP Safe Drinking Water Station"
      },
      "geometry": {
        "type": "Point",
        "coordinates": [
          83.725363,
          28.7828329
        ]
      },
      "id": "node/1548806727"
    },
    {
      "type": "Feature",
      "properties": {
        "@id": "node/1665010706",
        "amenity": "drinking_water",
        "wheelchair": "limited"
      },
      "geometry": {
        "type": "Point",
        "coordinates": [
          88.4119908,
          22.5845929
        ]
      },
      "id": "node/1665010706"
    },
    {
      "type": "Feature",
      "properties": {
        "@id": "node/1667667621",
        "amenity": "drinking_water"
      },
      "geometry": {
        "type": "Point",
        "coordinates": [
          77.11226,
          28.6757483
        ]
      },
      "id": "node/1667667621"
    },
    {
      "type": "Feature",
      "properties": {
        "@id": "node/1679293274",
        "amenity": "drinking_water"
      },
      "geometry": {
        "type": "Point",
        "coordinates": [
          83.9604568,
          28.3999275
        ]
      },
      "id": "node/1679293274"
    },
    {
      "type": "Feature",
      "properties": {
        "@id": "node/1742579508",
        "amenity": "drinking_water",
        "check_date": "2023-03-21",
        "name": "ACAP Safe Drinking Water Station"
      },
      "geometry": {
        "type": "Point",
        "coordinates": [
          84.3739015,
          28.4685827
        ]
      },
      "id": "node/1742579508"
    },
    {
      "type": "Feature",
      "properties": {
        "@id": "node/1743138335",
        "amenity": "drinking_water",
        "name": "ACAP Safe Drinking Water Station",
        "source": "survey"
      },
      "geometry": {
        "type": "Point",
        "coordinates": [
          84.3246442,
          28.5328772
        ]
      },
      "id": "node/1743138335"
    },
    {
      "type": "Feature",
      "properties": {
        "@id": "node/1743185991",
        "amenity": "drinking_water",
        "name": "Safe drinking water station",
        "source": "survey"
      },
      "geometry": {
        "type": "Point",
        "coordinates": [
          83.7847126,
          28.8377055
        ]
      },
      "id": "node/1743185991"
    },
    {
      "type": "Feature",
      "properties": {
        "@id": "node/1753685090",
        "amenity": "drinking_water"
      },
      "geometry": {
        "type": "Point",
        "coordinates": [
          75.8514372,
          26.9178291
        ]
      },
      "id": "node/1753685090"
    },
    {
      "type": "Feature",
      "properties": {
        "@id": "node/1753911746",
        "access": "customers",
        "amenity": "drinking_water",
        "level": "0",
        "wheelchair": "yes"
      },
      "geometry": {
        "type": "Point",
        "coordinates": [
          78.0412969,
          27.1708884
        ]
      },
      "id": "node/1753911746"
    },
    {
      "type": "Feature",
      "properties": {
        "@id": "node/1753920464",
        "amenity": "drinking_water",
        "check_date": "2023-10-27",
        "source": "bing for detail, Mapbox Satelite for location"
      },
      "geometry": {
        "type": "Point",
        "coordinates": [
          78.0218236,
          27.1782933
        ]
      },
      "id": "node/1753920464"
    },
    {
      "type": "Feature",
      "properties": {
        "@id": "node/1769674032",
        "amenity": "drinking_water"
      },
      "geometry": {
        "type": "Point",
        "coordinates": [
          77.0068215,
          29.239528
        ]
      },
      "id": "node/1769674032"
    },
    {
      "type": "Feature",
      "properties": {
        "@id": "node/1783310493",
        "amenity": "drinking_water"
      },
      "geometry": {
        "type": "Point",
        "coordinates": [
          85.3251239,
          27.6694288
        ]
      },
      "id": "node/1783310493"
    },
    {
      "type": "Feature",
      "properties": {
        "@id": "node/1792774364",
        "amenity": "drinking_water"
      },
      "geometry": {
        "type": "Point",
        "coordinates": [
          76.9838631,
          28.6172259
        ]
      },
      "id": "node/1792774364"
    },
    {
      "type": "Feature",
      "properties": {
        "@id": "node/1869576014",
        "amenity": "drinking_water"
      },
      "geometry": {
        "type": "Point",
        "coordinates": [
          85.1882264,
          27.8540835
        ]
      },
      "id": "node/1869576014"
    },
    {
      "type": "Feature",
      "properties": {
        "@id": "node/1875024369",
        "amenity": "drinking_water"
      },
      "geometry": {
        "type": "Point",
        "coordinates": [
          85.1918993,
          27.8487573
        ]
      },
      "id": "node/1875024369"
    },
    {
      "type": "Feature",
      "properties": {
        "@id": "node/1904110336",
        "amenity": "drinking_water",
        "check_date": "2023-11-17",
        "dhungedhara": "yes",
        "fountain": "drinking",
        "note": "water_tank",
        "type": "water tap"
      },
      "geometry": {
        "type": "Point",
        "coordinates": [
          85.3254787,
          27.6736259
        ]
      },
      "id": "node/1904110336"
    },
    {
      "type": "Feature",
      "properties": {
        "@id": "node/1904206762",
        "amenity": "drinking_water",
        "name": "VERKA TOWN"
      },
      "geometry": {
        "type": "Point",
        "coordinates": [
          74.9384099,
          31.6685046
        ]
      },
      "id": "node/1904206762"
    },
    {
      "type": "Feature",
      "properties": {
        "@id": "node/1916813548",
        "amenity": "drinking_water"
      },
      "geometry": {
        "type": "Point",
        "coordinates": [
          85.2750559,
          27.672549
        ]
      },
      "id": "node/1916813548"
    },
    {
      "type": "Feature",
      "properties": {
        "@id": "node/1919864448",
        "amenity": "drinking_water",
        "name": "Char Dhara"
      },
      "geometry": {
        "type": "Point",
        "coordinates": [
          85.2785463,
          27.6680557
        ]
      },
      "id": "node/1919864448"
    },
    {
      "type": "Feature",
      "properties": {
        "@id": "node/1919864481",
        "amenity": "drinking_water"
      },
      "geometry": {
        "type": "Point",
        "coordinates": [
          85.2798887,
          27.6685185
        ]
      },
      "id": "node/1919864481"
    },
    {
      "type": "Feature",
      "properties": {
        "@id": "node/1919864520",
        "amenity": "drinking_water"
      },
      "geometry": {
        "type": "Point",
        "coordinates": [
          85.2782714,
          27.6689569
        ]
      },
      "id": "node/1919864520"
    },
    {
      "type": "Feature",
      "properties": {
        "@id": "node/1919864563",
        "amenity": "drinking_water"
      },
      "geometry": {
        "type": "Point",
        "coordinates": [
          85.2776147,
          27.6694165
        ]
      },
      "id": "node/1919864563"
    },
    {
      "type": "Feature",
      "properties": {
        "@id": "node/1919864594",
        "amenity": "drinking_water"
      },
      "geometry": {
        "type": "Point",
        "coordinates": [
          85.281444,
          27.6699395
        ]
      },
      "id": "node/1919864594"
    },
    {
      "type": "Feature",
      "properties": {
        "@id": "node/1937682155",
        "amenity": "drinking_water",
        "description": "Water tap",
        "man_made": "water_tap"
      },
      "geometry": {
        "type": "Point",
        "coordinates": [
          85.3060611,
          27.6653774
        ]
      },
      "id": "node/1937682155"
    },
    {
      "type": "Feature",
      "properties": {
        "@id": "node/1950657394",
        "amenity": "drinking_water"
      },
      "geometry": {
        "type": "Point",
        "coordinates": [
          76.1905842,
          30.8368161
        ]
      },
      "id": "node/1950657394"
    },
    {
      "type": "Feature",
      "properties": {
        "@id": "node/1950718416",
        "amenity": "drinking_water"
      },
      "geometry": {
        "type": "Point",
        "coordinates": [
          76.1811241,
          30.8387161
        ]
      },
      "id": "node/1950718416"
    },
    {
      "type": "Feature",
      "properties": {
        "@id": "node/1959686215",
        "amenity": "drinking_water"
      },
      "geometry": {
        "type": "Point",
        "coordinates": [
          83.9606608,
          28.3601428
        ]
      },
      "id": "node/1959686215"
    },
    {
      "type": "Feature",
      "properties": {
        "@id": "node/1969477045",
        "amenity": "drinking_water"
      },
      "geometry": {
        "type": "Point",
        "coordinates": [
          85.4302981,
          27.6865177
        ]
      },
      "id": "node/1969477045"
    },
    {
      "type": "Feature",
      "properties": {
        "@id": "node/1981963270",
        "amenity": "drinking_water"
      },
      "geometry": {
        "type": "Point",
        "coordinates": [
          84.0824009,
          28.2216535
        ]
      },
      "id": "node/1981963270"
    },
    {
      "type": "Feature",
      "properties": {
        "@id": "node/1990817863",
        "amenity": "drinking_water"
      },
      "geometry": {
        "type": "Point",
        "coordinates": [
          84.4183589,
          27.7223671
        ]
      },
      "id": "node/1990817863"
    },
    {
      "type": "Feature",
      "properties": {
        "@id": "node/2006144742",
        "amenity": "drinking_water",
        "name": "ढुंगेधारा",
        "name:en": "Dhungedhara",
        "name:ne": "ढुंगेधारा"
      },
      "geometry": {
        "type": "Point",
        "coordinates": [
          85.3313629,
          27.720255
        ]
      },
      "id": "node/2006144742"
    },
    {
      "type": "Feature",
      "properties": {
        "@id": "node/2017907831",
        "amenity": "drinking_water",
        "name": "Community Water Tank"
      },
      "geometry": {
        "type": "Point",
        "coordinates": [
          85.3355384,
          27.7268722
        ]
      },
      "id": "node/2017907831"
    },
    {
      "type": "Feature",
      "properties": {
        "@id": "node/2021110615",
        "amenity": "drinking_water",
        "man_made": "water_well"
      },
      "geometry": {
        "type": "Point",
        "coordinates": [
          85.332508,
          27.7278989
        ]
      },
      "id": "node/2021110615"
    },
    {
      "type": "Feature",
      "properties": {
        "@id": "node/2029937607",
        "amenity": "drinking_water",
        "designation": "Water Tank plant"
      },
      "geometry": {
        "type": "Point",
        "coordinates": [
          87.2846186,
          26.4727328
        ]
      },
      "id": "node/2029937607"
    },
    {
      "type": "Feature",
      "properties": {
        "@id": "node/2052477551",
        "amenity": "drinking_water"
      },
      "geometry": {
        "type": "Point",
        "coordinates": [
          85.2756644,
          27.6682251
        ]
      },
      "id": "node/2052477551"
    },
    {
      "type": "Feature",
      "properties": {
        "@id": "node/2052477553",
        "amenity": "drinking_water"
      },
      "geometry": {
        "type": "Point",
        "coordinates": [
          85.2764277,
          27.6686324
        ]
      },
      "id": "node/2052477553"
    },
    {
      "type": "Feature",
      "properties": {
        "@id": "node/2052477555",
        "amenity": "drinking_water"
      },
      "geometry": {
        "type": "Point",
        "coordinates": [
          85.2768768,
          27.6688269
        ]
      },
      "id": "node/2052477555"
    },
    {
      "type": "Feature",
      "properties": {
        "@id": "node/2052477556",
        "amenity": "drinking_water"
      },
      "geometry": {
        "type": "Point",
        "coordinates": [
          85.2764787,
          27.6688577
        ]
      },
      "id": "node/2052477556"
    },
    {
      "type": "Feature",
      "properties": {
        "@id": "node/2052477557",
        "amenity": "drinking_water"
      },
      "geometry": {
        "type": "Point",
        "coordinates": [
          85.2778429,
          27.670157
        ]
      },
      "id": "node/2052477557"
    },
    {
      "type": "Feature",
      "properties": {
        "@id": "node/2052477559",
        "amenity": "drinking_water"
      },
      "geometry": {
        "type": "Point",
        "coordinates": [
          85.2784804,
          27.6702482
        ]
      },
      "id": "node/2052477559"
    },
    {
      "type": "Feature",
      "properties": {
        "@id": "node/2052477561",
        "amenity": "drinking_water"
      },
      "geometry": {
        "type": "Point",
        "coordinates": [
          85.2785693,
          27.6704348
        ]
      },
      "id": "node/2052477561"
    },
    {
      "type": "Feature",
      "properties": {
        "@id": "node/2052477566",
        "amenity": "drinking_water"
      },
      "geometry": {
        "type": "Point",
        "coordinates": [
          85.2789827,
          27.6704632
        ]
      },
      "id": "node/2052477566"
    },
    {
      "type": "Feature",
      "properties": {
        "@id": "node/2052477568",
        "amenity": "drinking_water"
      },
      "geometry": {
        "type": "Point",
        "coordinates": [
          85.278218,
          27.6705629
        ]
      },
      "id": "node/2052477568"
    },
    {
      "type": "Feature",
      "properties": {
        "@id": "node/2081857808",
        "amenity": "drinking_water"
      },
      "geometry": {
        "type": "Point",
        "coordinates": [
          85.390704,
          27.6328559
        ]
      },
      "id": "node/2081857808"
    },
    {
      "type": "Feature",
      "properties": {
        "@id": "node/2081857809",
        "amenity": "drinking_water"
      },
      "geometry": {
        "type": "Point",
        "coordinates": [
          85.3902371,
          27.6329961
        ]
      },
      "id": "node/2081857809"
    },
    {
      "type": "Feature",
      "properties": {
        "@id": "node/2081858140",
        "amenity": "drinking_water",
        "designation": "public water tap"
      },
      "geometry": {
        "type": "Point",
        "coordinates": [
          85.3898375,
          27.6326468
        ]
      },
      "id": "node/2081858140"
    },
    {
      "type": "Feature",
      "properties": {
        "@id": "node/2081859090",
        "amenity": "drinking_water"
      },
      "geometry": {
        "type": "Point",
        "coordinates": [
          85.3897141,
          27.6321217
        ]
      },
      "id": "node/2081859090"
    },
    {
      "type": "Feature",
      "properties": {
        "@id": "node/2081859259",
        "amenity": "drinking_water"
      },
      "geometry": {
        "type": "Point",
        "coordinates": [
          85.3893332,
          27.6325993
        ]
      },
      "id": "node/2081859259"
    },
    {
      "type": "Feature",
      "properties": {
        "@id": "node/2081859485",
        "amenity": "drinking_water"
      },
      "geometry": {
        "type": "Point",
        "coordinates": [
          85.3888429,
          27.6332532
        ]
      },
      "id": "node/2081859485"
    },
    {
      "type": "Feature",
      "properties": {
        "@id": "node/2081859740",
        "amenity": "drinking_water"
      },
      "geometry": {
        "type": "Point",
        "coordinates": [
          85.3886417,
          27.6334053
        ]
      },
      "id": "node/2081859740"
    },
    {
      "type": "Feature",
      "properties": {
        "@id": "node/2081859743",
        "amenity": "drinking_water"
      },
      "geometry": {
        "type": "Point",
        "coordinates": [
          85.3891439,
          27.6335451
        ]
      },
      "id": "node/2081859743"
    },
    {
      "type": "Feature",
      "properties": {
        "@id": "node/2081859852",
        "amenity": "drinking_water"
      },
      "geometry": {
        "type": "Point",
        "coordinates": [
          85.3884025,
          27.6340868
        ]
      },
      "id": "node/2081859852"
    },
    {
      "type": "Feature",
      "properties": {
        "@id": "node/2081859958",
        "amenity": "drinking_water"
      },
      "geometry": {
        "type": "Point",
        "coordinates": [
          85.388027,
          27.6346476
        ]
      },
      "id": "node/2081859958"
    },
    {
      "type": "Feature",
      "properties": {
        "@id": "node/2081883172",
        "amenity": "drinking_water"
      },
      "geometry": {
        "type": "Point",
        "coordinates": [
          85.3899769,
          27.6323498
        ]
      },
      "id": "node/2081883172"
    },
    {
      "type": "Feature",
      "properties": {
        "@id": "node/2082971965",
        "amenity": "drinking_water",
        "dhungedhara": "yes"
      },
      "geometry": {
        "type": "Point",
        "coordinates": [
          85.3368995,
          27.7187024
        ]
      },
      "id": "node/2082971965"
    },
    {
      "type": "Feature",
      "properties": {
        "@id": "node/2084242176",
        "amenity": "drinking_water",
        "dhungedhara": "yes"
      },
      "geometry": {
        "type": "Point",
        "coordinates": [
          85.3034108,
          27.702222
        ]
      },
      "id": "node/2084242176"
    },
    {
      "type": "Feature",
      "properties": {
        "@id": "node/2099322422",
        "amenity": "drinking_water"
      },
      "geometry": {
        "type": "Point",
        "coordinates": [
          85.27608,
          27.6685232
        ]
      },
      "id": "node/2099322422"
    },
    {
      "type": "Feature",
      "properties": {
        "@id": "node/2104119915",
        "amenity": "drinking_water"
      },
      "geometry": {
        "type": "Point",
        "coordinates": [
          85.2756267,
          27.6689955
        ]
      },
      "id": "node/2104119915"
    },
    {
      "type": "Feature",
      "properties": {
        "@id": "node/2106838617",
        "amenity": "drinking_water",
        "name": "Dhunge Dhara"
      },
      "geometry": {
        "type": "Point",
        "coordinates": [
          85.3311257,
          27.7072343
        ]
      },
      "id": "node/2106838617"
    },
    {
      "type": "Feature",
      "properties": {
        "@id": "node/2110225743",
        "amenity": "drinking_water"
      },
      "geometry": {
        "type": "Point",
        "coordinates": [
          85.2768761,
          27.6690485
        ]
      },
      "id": "node/2110225743"
    },
    {
      "type": "Feature",
      "properties": {
        "@id": "node/2110225746",
        "amenity": "drinking_water"
      },
      "geometry": {
        "type": "Point",
        "coordinates": [
          85.2764807,
          27.6695055
        ]
      },
      "id": "node/2110225746"
    },
    {
      "type": "Feature",
      "properties": {
        "@id": "node/2110364485",
        "amenity": "drinking_water"
      },
      "geometry": {
        "type": "Point",
        "coordinates": [
          85.2760554,
          27.6694735
        ]
      },
      "id": "node/2110364485"
    },
    {
      "type": "Feature",
      "properties": {
        "@id": "node/2127188961",
        "amenity": "drinking_water",
        "dhungedhara": "yes",
        "man_made": "water_tap",
        "name": "गल्कोपाखा गैरीधारा",
        "name:en": "Galkopakha Gairidhara",
        "name:ne": "गल्कोपाखा गैरीधारा"
      },
      "geometry": {
        "type": "Point",
        "coordinates": [
          85.3127326,
          27.7196638
        ]
      },
      "id": "node/2127188961"
    },
    {
      "type": "Feature",
      "properties": {
        "@id": "node/2152925199",
        "amenity": "drinking_water"
      },
      "geometry": {
        "type": "Point",
        "coordinates": [
          85.4151387,
          27.7099653
        ]
      },
      "id": "node/2152925199"
    },
    {
      "type": "Feature",
      "properties": {
        "@id": "node/2166402971",
        "access": "permissive",
        "amenity": "drinking_water",
        "fee": "yes",
        "payment:cash": "yes",
        "wheelchair": "limited"
      },
      "geometry": {
        "type": "Point",
        "coordinates": [
          85.3225825,
          27.6737604
        ]
      },
      "id": "node/2166402971"
    },
    {
      "type": "Feature",
      "properties": {
        "@id": "node/2174589425",
        "amenity": "drinking_water",
        "dhungedhara": "yes",
        "name": "dhungedhara"
      },
      "geometry": {
        "type": "Point",
        "coordinates": [
          85.3378649,
          27.6956713
        ]
      },
      "id": "node/2174589425"
    },
    {
      "type": "Feature",
      "properties": {
        "@id": "node/2183342305",
        "amenity": "drinking_water",
        "designation": "Siwa Hiti"
      },
      "geometry": {
        "type": "Point",
        "coordinates": [
          85.3868848,
          27.6777586
        ]
      },
      "id": "node/2183342305"
    },
    {
      "type": "Feature",
      "properties": {
        "@id": "node/2183357214",
        "amenity": "drinking_water",
        "designation": "Labado Hiti"
      },
      "geometry": {
        "type": "Point",
        "coordinates": [
          85.3884566,
          27.6774475
        ]
      },
      "id": "node/2183357214"
    },
    {
      "type": "Feature",
      "properties": {
        "@id": "node/2190938405",
        "amenity": "drinking_water"
      },
      "geometry": {
        "type": "Point",
        "coordinates": [
          85.3304625,
          27.6729426
        ]
      },
      "id": "node/2190938405"
    },
    {
      "type": "Feature",
      "properties": {
        "@id": "node/2201911842",
        "amenity": "drinking_water",
        "name": "Damdma water Tank"
      },
      "geometry": {
        "type": "Point",
        "coordinates": [
          75.8099139,
          30.7579335
        ]
      },
      "id": "node/2201911842"
    },
    {
      "type": "Feature",
      "properties": {
        "@id": "node/2212691681",
        "amenity": "drinking_water",
        "designation": "Sauga Hiti",
        "name": "सौग: हिटि गा:",
        "name:ne": "सौग: हिटि गा:"
      },
      "geometry": {
        "type": "Point",
        "coordinates": [
          85.3268223,
          27.6706309
        ]
      },
      "id": "node/2212691681"
    },
    {
      "type": "Feature",
      "properties": {
        "@id": "node/2217936794",
        "amenity": "drinking_water",
        "name": "Water Pump"
      },
      "geometry": {
        "type": "Point",
        "coordinates": [
          77.1796213,
          28.7035964
        ]
      },
      "id": "node/2217936794"
    },
    {
      "type": "Feature",
      "properties": {
        "@id": "node/2224243809",
        "amenity": "drinking_water"
      },
      "geometry": {
        "type": "Point",
        "coordinates": [
          85.3282599,
          27.6747091
        ]
      },
      "id": "node/2224243809"
    },
    {
      "type": "Feature",
      "properties": {
        "@id": "node/2224243817",
        "amenity": "drinking_water"
      },
      "geometry": {
        "type": "Point",
        "coordinates": [
          85.328107,
          27.6743981
        ]
      },
      "id": "node/2224243817"
    },
    {
      "type": "Feature",
      "properties": {
        "@id": "node/2224512178",
        "amenity": "drinking_water",
        "name": "Subahal Drinking Water",
        "name:en": "Subahal Drinking Water"
      },
      "geometry": {
        "type": "Point",
        "coordinates": [
          85.3306279,
          27.6706754
        ]
      },
      "id": "node/2224512178"
    },
    {
      "type": "Feature",
      "properties": {
        "@id": "node/2245156052",
        "amenity": "drinking_water"
      },
      "geometry": {
        "type": "Point",
        "coordinates": [
          85.3739404,
          27.6826825
        ]
      },
      "id": "node/2245156052"
    },
    {
      "type": "Feature",
      "properties": {
        "@id": "node/2245160302",
        "amenity": "drinking_water",
        "designation": "Pakha Dhara"
      },
      "geometry": {
        "type": "Point",
        "coordinates": [
          85.3672215,
          27.6831718
        ]
      },
      "id": "node/2245160302"
    },
    {
      "type": "Feature",
      "properties": {
        "@id": "node/2245160453",
        "amenity": "drinking_water",
        "designation": "Well"
      },
      "geometry": {
        "type": "Point",
        "coordinates": [
          85.3713655,
          27.6827965
        ]
      },
      "id": "node/2245160453"
    },
    {
      "type": "Feature",
      "properties": {
        "@id": "node/2245163218",
        "amenity": "drinking_water",
        "man_made": "water_tap",
        "name": "Dhunge Dhara",
        "name:ne": "dhunge dhara"
      },
      "geometry": {
        "type": "Point",
        "coordinates": [
          85.3600332,
          27.678495
        ]
      },
      "id": "node/2245163218"
    },
    {
      "type": "Feature",
      "properties": {
        "@id": "node/2274069028",
        "amenity": "drinking_water"
      },
      "geometry": {
        "type": "Point",
        "coordinates": [
          88.3884713,
          23.4231767
        ]
      },
      "id": "node/2274069028"
    },
    {
      "type": "Feature",
      "properties": {
        "@id": "node/2293958126",
        "amenity": "drinking_water"
      },
      "geometry": {
        "type": "Point",
        "coordinates": [
          85.4499714,
          27.6988971
        ]
      },
      "id": "node/2293958126"
    },
    {
      "type": "Feature",
      "properties": {
        "@id": "node/2342196221",
        "amenity": "drinking_water",
        "historic": "stone_tap",
        "name": "धुसलधारा",
        "name:en": "Dhusaldhara",
        "name:ne": "धुसलधारा",
        "place": "locality"
      },
      "geometry": {
        "type": "Point",
        "coordinates": [
          85.3446405,
          27.6305566
        ]
      },
      "id": "node/2342196221"
    },
    {
      "type": "Feature",
      "properties": {
        "@id": "node/2342876332",
        "amenity": "drinking_water"
      },
      "geometry": {
        "type": "Point",
        "coordinates": [
          85.3399945,
          27.6207623
        ]
      },
      "id": "node/2342876332"
    },
    {
      "type": "Feature",
      "properties": {
        "@id": "node/2373135084",
        "amenity": "drinking_water"
      },
      "geometry": {
        "type": "Point",
        "coordinates": [
          76.2771217,
          30.7044564
        ]
      },
      "id": "node/2373135084"
    },
    {
      "type": "Feature",
      "properties": {
        "@id": "node/2374835144",
        "amenity": "drinking_water",
        "name": "Village Pump"
      },
      "geometry": {
        "type": "Point",
        "coordinates": [
          76.3680837,
          32.1985892
        ]
      },
      "id": "node/2374835144"
    },
    {
      "type": "Feature",
      "properties": {
        "@id": "node/2380259963",
        "amenity": "drinking_water"
      },
      "geometry": {
        "type": "Point",
        "coordinates": [
          76.4004935,
          30.6447277
        ]
      },
      "id": "node/2380259963"
    },
    {
      "type": "Feature",
      "properties": {
        "@id": "node/2399467888",
        "amenity": "drinking_water"
      },
      "geometry": {
        "type": "Point",
        "coordinates": [
          76.3713323,
          32.2059889
        ]
      },
      "id": "node/2399467888"
    },
    {
      "type": "Feature",
      "properties": {
        "@id": "node/2434925637",
        "amenity": "drinking_water",
        "dhungedhara": "yes"
      },
      "geometry": {
        "type": "Point",
        "coordinates": [
          85.359633,
          27.7179213
        ]
      },
      "id": "node/2434925637"
    },
    {
      "type": "Feature",
      "properties": {
        "@id": "node/2478753441",
        "amenity": "drinking_water",
        "description": "coverd",
        "man_made": "water_well",
        "name": "Well",
        "seasonal": "all",
        "type": "private"
      },
      "geometry": {
        "type": "Point",
        "coordinates": [
          85.4297949,
          27.6959758
        ]
      },
      "id": "node/2478753441"
    },
    {
      "type": "Feature",
      "properties": {
        "@id": "node/2478791628",
        "amenity": "drinking_water",
        "name": "water tap",
        "type": "public"
      },
      "geometry": {
        "type": "Point",
        "coordinates": [
          85.427215,
          27.690408
        ]
      },
      "id": "node/2478791628"
    },
    {
      "type": "Feature",
      "properties": {
        "@id": "node/2524963713",
        "amenity": "drinking_water"
      },
      "geometry": {
        "type": "Point",
        "coordinates": [
          80.347696,
          28.2808588
        ]
      },
      "id": "node/2524963713"
    },
    {
      "type": "Feature",
      "properties": {
        "@id": "node/2526449042",
        "amenity": "drinking_water"
      },
      "geometry": {
        "type": "Point",
        "coordinates": [
          85.3457351,
          27.737949
        ]
      },
      "id": "node/2526449042"
    },
    {
      "type": "Feature",
      "properties": {
        "@id": "node/2553981802",
        "amenity": "drinking_water"
      },
      "geometry": {
        "type": "Point",
        "coordinates": [
          85.2984717,
          28.2206466
        ]
      },
      "id": "node/2553981802"
    },
    {
      "type": "Feature",
      "properties": {
        "@id": "node/2592436705",
        "amenity": "drinking_water"
      },
      "geometry": {
        "type": "Point",
        "coordinates": [
          85.3480076,
          27.7106831
        ]
      },
      "id": "node/2592436705"
    },
    {
      "type": "Feature",
      "properties": {
        "@id": "node/2592436717",
        "amenity": "drinking_water"
      },
      "geometry": {
        "type": "Point",
        "coordinates": [
          85.3481555,
          27.7108866
        ]
      },
      "id": "node/2592436717"
    },
    {
      "type": "Feature",
      "properties": {
        "@id": "node/2628088727",
        "amenity": "drinking_water"
      },
      "geometry": {
        "type": "Point",
        "coordinates": [
          85.2501292,
          27.6844694
        ]
      },
      "id": "node/2628088727"
    },
    {
      "type": "Feature",
      "properties": {
        "@id": "node/2635360907",
        "amenity": "drinking_water"
      },
      "geometry": {
        "type": "Point",
        "coordinates": [
          85.1477294,
          27.8939277
        ]
      },
      "id": "node/2635360907"
    },
    {
      "type": "Feature",
      "properties": {
        "@id": "node/2635360935",
        "amenity": "drinking_water"
      },
      "geometry": {
        "type": "Point",
        "coordinates": [
          85.1477135,
          27.8939155
        ]
      },
      "id": "node/2635360935"
    },
    {
      "type": "Feature",
      "properties": {
        "@id": "node/2635369652",
        "amenity": "drinking_water",
        "name": "Public Water Tap"
      },
      "geometry": {
        "type": "Point",
        "coordinates": [
          85.1483818,
          27.8941258
        ]
      },
      "id": "node/2635369652"
    },
    {
      "type": "Feature",
      "properties": {
        "@id": "node/2635435591",
        "amenity": "drinking_water",
        "name": "water tank"
      },
      "geometry": {
        "type": "Point",
        "coordinates": [
          85.3129529,
          28.1680564
        ]
      },
      "id": "node/2635435591"
    },
    {
      "type": "Feature",
      "properties": {
        "@id": "node/2635436594",
        "amenity": "drinking_water",
        "name": "tap"
      },
      "geometry": {
        "type": "Point",
        "coordinates": [
          85.3136368,
          28.1681037
        ]
      },
      "id": "node/2635436594"
    },
    {
      "type": "Feature",
      "properties": {
        "@id": "node/2635441906",
        "amenity": "drinking_water",
        "name": "tap"
      },
      "geometry": {
        "type": "Point",
        "coordinates": [
          85.3128778,
          28.1681983
        ]
      },
      "id": "node/2635441906"
    },
    {
      "type": "Feature",
      "properties": {
        "@id": "node/2641760881",
        "amenity": "drinking_water",
        "name": "Tap"
      },
      "geometry": {
        "type": "Point",
        "coordinates": [
          85.2993808,
          28.1109741
        ]
      },
      "id": "node/2641760881"
    },
    {
      "type": "Feature",
      "properties": {
        "@id": "node/2641844035",
        "amenity": "drinking_water",
        "name": "Tap"
      },
      "geometry": {
        "type": "Point",
        "coordinates": [
          85.2058823,
          27.9975137
        ]
      },
      "id": "node/2641844035"
    },
    {
      "type": "Feature",
      "properties": {
        "@id": "node/2641883900",
        "amenity": "drinking_water",
        "name": "Water pipe line"
      },
      "geometry": {
        "type": "Point",
        "coordinates": [
          85.3145763,
          28.1682445
        ]
      },
      "id": "node/2641883900"
    },
    {
      "type": "Feature",
      "properties": {
        "@id": "node/2643252003",
        "amenity": "drinking_water",
        "name": "Swarsoti Kuwa"
      },
      "geometry": {
        "type": "Point",
        "coordinates": [
          87.3193676,
          27.2944777
        ]
      },
      "id": "node/2643252003"
    },
    {
      "type": "Feature",
      "properties": {
        "@id": "node/2643275711",
        "amenity": "drinking_water",
        "name": "Chainpur Khanipani Ayoog"
      },
      "geometry": {
        "type": "Point",
        "coordinates": [
          87.3456351,
          27.3045614
        ]
      },
      "id": "node/2643275711"
    },
    {
      "type": "Feature",
      "properties": {
        "@id": "node/2655392252",
        "amenity": "drinking_water",
        "note": "Tap"
      },
      "geometry": {
        "type": "Point",
        "coordinates": [
          85.189097,
          27.904278
        ]
      },
      "id": "node/2655392252"
    },
    {
      "type": "Feature",
      "properties": {
        "@id": "node/2655426781",
        "amenity": "drinking_water",
        "name": "Tap"
      },
      "geometry": {
        "type": "Point",
        "coordinates": [
          85.1464338,
          27.9583292
        ]
      },
      "id": "node/2655426781"
    },
    {
      "type": "Feature",
      "properties": {
        "@id": "node/2662582245",
        "amenity": "drinking_water",
        "name": "Baghdwar",
        "place": "locality"
      },
      "geometry": {
        "type": "Point",
        "coordinates": [
          85.3907371,
          27.8108112
        ]
      },
      "id": "node/2662582245"
    },
    {
      "type": "Feature",
      "properties": {
        "@id": "node/2662582326",
        "amenity": "drinking_water"
      },
      "geometry": {
        "type": "Point",
        "coordinates": [
          85.3821868,
          27.7831995
        ]
      },
      "id": "node/2662582326"
    },
    {
      "type": "Feature",
      "properties": {
        "@id": "node/2684769625",
        "amenity": "drinking_water",
        "name": "Khanepani Upateka Ltd."
      },
      "geometry": {
        "type": "Point",
        "coordinates": [
          85.3130614,
          27.6735317
        ]
      },
      "id": "node/2684769625"
    },
    {
      "type": "Feature",
      "properties": {
        "@id": "node/2684835267",
        "amenity": "drinking_water"
      },
      "geometry": {
        "type": "Point",
        "coordinates": [
          85.3201914,
          27.7487417
        ]
      },
      "id": "node/2684835267"
    },
    {
      "type": "Feature",
      "properties": {
        "@id": "node/2767061040",
        "amenity": "drinking_water"
      },
      "geometry": {
        "type": "Point",
        "coordinates": [
          76.3687956,
          32.1981564
        ]
      },
      "id": "node/2767061040"
    },
    {
      "type": "Feature",
      "properties": {
        "@id": "node/2769831849",
        "amenity": "drinking_water"
      },
      "geometry": {
        "type": "Point",
        "coordinates": [
          83.9881574,
          28.2600448
        ]
      },
      "id": "node/2769831849"
    },
    {
      "type": "Feature",
      "properties": {
        "@id": "node/2772174393",
        "amenity": "drinking_water"
      },
      "geometry": {
        "type": "Point",
        "coordinates": [
          85.2990925,
          28.1968447
        ]
      },
      "id": "node/2772174393"
    },
    {
      "type": "Feature",
      "properties": {
        "@id": "node/2798508031",
        "amenity": "drinking_water",
        "man_made": "water_well",
        "note": "tube well"
      },
      "geometry": {
        "type": "Point",
        "coordinates": [
          86.8333755,
          26.4830321
        ]
      },
      "id": "node/2798508031"
    },
    {
      "type": "Feature",
      "properties": {
        "@id": "node/2798508032",
        "amenity": "drinking_water",
        "man_made": "water_well",
        "note": "tube well"
      },
      "geometry": {
        "type": "Point",
        "coordinates": [
          86.8332887,
          26.4831692
        ]
      },
      "id": "node/2798508032"
    },
    {
      "type": "Feature",
      "properties": {
        "@id": "node/2798546001",
        "amenity": "drinking_water"
      },
      "geometry": {
        "type": "Point",
        "coordinates": [
          86.8308112,
          26.4794558
        ]
      },
      "id": "node/2798546001"
    },
    {
      "type": "Feature",
      "properties": {
        "@id": "node/2798550753",
        "amenity": "drinking_water"
      },
      "geometry": {
        "type": "Point",
        "coordinates": [
          86.8316884,
          26.479902
        ]
      },
      "id": "node/2798550753"
    },
    {
      "type": "Feature",
      "properties": {
        "@id": "node/2798555389",
        "amenity": "drinking_water",
        "man_made": "water_well"
      },
      "geometry": {
        "type": "Point",
        "coordinates": [
          86.8335071,
          26.4828283
        ]
      },
      "id": "node/2798555389"
    },
    {
      "type": "Feature",
      "properties": {
        "@id": "node/2798555393",
        "amenity": "drinking_water",
        "man_made": "water_well"
      },
      "geometry": {
        "type": "Point",
        "coordinates": [
          86.8340706,
          26.4831583
        ]
      },
      "id": "node/2798555393"
    },
    {
      "type": "Feature",
      "properties": {
        "@id": "node/2798555394",
        "amenity": "drinking_water",
        "man_made": "water_well"
      },
      "geometry": {
        "type": "Point",
        "coordinates": [
          86.8332192,
          26.4834197
        ]
      },
      "id": "node/2798555394"
    },
    {
      "type": "Feature",
      "properties": {
        "@id": "node/2798555396",
        "amenity": "drinking_water",
        "man_made": "water_well"
      },
      "geometry": {
        "type": "Point",
        "coordinates": [
          86.8338785,
          26.4834651
        ]
      },
      "id": "node/2798555396"
    },
    {
      "type": "Feature",
      "properties": {
        "@id": "node/2802931736",
        "amenity": "drinking_water"
      },
      "geometry": {
        "type": "Point",
        "coordinates": [
          86.7462984,
          26.5398861
        ]
      },
      "id": "node/2802931736"
    },
    {
      "type": "Feature",
      "properties": {
        "@id": "node/2802931751",
        "amenity": "drinking_water",
        "man_made": "water_well"
      },
      "geometry": {
        "type": "Point",
        "coordinates": [
          86.7463242,
          26.5403667
        ]
      },
      "id": "node/2802931751"
    },
    {
      "type": "Feature",
      "properties": {
        "@id": "node/2803240238",
        "amenity": "drinking_water",
        "water_source": "tube_well"
      },
      "geometry": {
        "type": "Point",
        "coordinates": [
          86.919318,
          26.5314341
        ]
      },
      "id": "node/2803240238"
    },
    {
      "type": "Feature",
      "properties": {
        "@id": "node/2803240241",
        "amenity": "drinking_water",
        "water_source": "tube_well"
      },
      "geometry": {
        "type": "Point",
        "coordinates": [
          86.919191,
          26.5314521
        ]
      },
      "id": "node/2803240241"
    },
    {
      "type": "Feature",
      "properties": {
        "@id": "node/2803240273",
        "amenity": "drinking_water",
        "water_source": "tube_well"
      },
      "geometry": {
        "type": "Point",
        "coordinates": [
          86.917625,
          26.5332311
        ]
      },
      "id": "node/2803240273"
    },
    {
      "type": "Feature",
      "properties": {
        "@id": "node/2803293432",
        "amenity": "drinking_water"
      },
      "geometry": {
        "type": "Point",
        "coordinates": [
          86.890268,
          26.5514002
        ]
      },
      "id": "node/2803293432"
    },
    {
      "type": "Feature",
      "properties": {
        "@id": "node/2803293441",
        "amenity": "drinking_water"
      },
      "geometry": {
        "type": "Point",
        "coordinates": [
          86.8900867,
          26.5515838
        ]
      },
      "id": "node/2803293441"
    },
    {
      "type": "Feature",
      "properties": {
        "@id": "node/2803293454",
        "amenity": "drinking_water"
      },
      "geometry": {
        "type": "Point",
        "coordinates": [
          86.8894896,
          26.551616
        ]
      },
      "id": "node/2803293454"
    },
    {
      "type": "Feature",
      "properties": {
        "@id": "node/2803293475",
        "amenity": "drinking_water"
      },
      "geometry": {
        "type": "Point",
        "coordinates": [
          86.8902476,
          26.5517368
        ]
      },
      "id": "node/2803293475"
    },
    {
      "type": "Feature",
      "properties": {
        "@id": "node/2901364746",
        "amenity": "drinking_water",
        "name": "Chhopati"
      },
      "geometry": {
        "type": "Point",
        "coordinates": [
          86.0748615,
          27.6759423
        ]
      },
      "id": "node/2901364746"
    },
    {
      "type": "Feature",
      "properties": {
        "@id": "node/2901364789",
        "amenity": "drinking_water",
        "name": "Ochcha"
      },
      "geometry": {
        "type": "Point",
        "coordinates": [
          86.076035,
          27.6763106
        ]
      },
      "id": "node/2901364789"
    },
    {
      "type": "Feature",
      "properties": {
        "@id": "node/2901364794",
        "amenity": "drinking_water",
        "name": "Raiti Teendhara",
        "name:ne": "राईटी तिनधारा"
      },
      "geometry": {
        "type": "Point",
        "coordinates": [
          86.0723866,
          27.676418
        ]
      },
      "id": "node/2901364794"
    },
    {
      "type": "Feature",
      "properties": {
        "@id": "node/2901365408",
        "amenity": "drinking_water"
      },
      "geometry": {
        "type": "Point",
        "coordinates": [
          86.0746469,
          27.6760331
        ]
      },
      "id": "node/2901365408"
    },
    {
      "type": "Feature",
      "properties": {
        "@id": "node/2901365409",
        "amenity": "drinking_water"
      },
      "geometry": {
        "type": "Point",
        "coordinates": [
          86.0730582,
          27.6762893
        ]
      },
      "id": "node/2901365409"
    },
    {
      "type": "Feature",
      "properties": {
        "@id": "node/2901365410",
        "amenity": "drinking_water",
        "name:en": "Nasu",
        "tourism": "viewpoint"
      },
      "geometry": {
        "type": "Point",
        "coordinates": [
          86.0758862,
          27.6768205
        ]
      },
      "id": "node/2901365410"
    },
    {
      "type": "Feature",
      "properties": {
        "@id": "node/2901365411",
        "amenity": "drinking_water"
      },
      "geometry": {
        "type": "Point",
        "coordinates": [
          86.0764389,
          27.6769521
        ]
      },
      "id": "node/2901365411"
    },
    {
      "type": "Feature",
      "properties": {
        "@id": "node/2901365412",
        "amenity": "drinking_water"
      },
      "geometry": {
        "type": "Point",
        "coordinates": [
          86.0770242,
          27.6771963
        ]
      },
      "id": "node/2901365412"
    },
    {
      "type": "Feature",
      "properties": {
        "@id": "node/2904784723",
        "amenity": "drinking_water"
      },
      "geometry": {
        "type": "Point",
        "coordinates": [
          74.6404646,
          25.328121
        ]
      },
      "id": "node/2904784723"
    },
    {
      "type": "Feature",
      "properties": {
        "@id": "node/2904827198",
        "amenity": "drinking_water"
      },
      "geometry": {
        "type": "Point",
        "coordinates": [
          74.6397944,
          25.3351464
        ]
      },
      "id": "node/2904827198"
    },
    {
      "type": "Feature",
      "properties": {
        "@id": "node/2905131438",
        "amenity": "drinking_water",
        "name": "Bajrawoti"
      },
      "geometry": {
        "type": "Point",
        "coordinates": [
          86.0720234,
          27.6761091
        ]
      },
      "id": "node/2905131438"
    },
    {
      "type": "Feature",
      "properties": {
        "@id": "node/2905131440",
        "amenity": "drinking_water",
        "name": "Godawari Dhara"
      },
      "geometry": {
        "type": "Point",
        "coordinates": [
          86.0714068,
          27.6788893
        ]
      },
      "id": "node/2905131440"
    },
    {
      "type": "Feature",
      "properties": {
        "@id": "node/2905131442",
        "amenity": "drinking_water",
        "name": "Kaachiduduwoti"
      },
      "geometry": {
        "type": "Point",
        "coordinates": [
          86.0720654,
          27.6759802
        ]
      },
      "id": "node/2905131442"
    },
    {
      "type": "Feature",
      "properties": {
        "@id": "node/2905131443",
        "amenity": "drinking_water",
        "name": "Kaachiduduwoti"
      },
      "geometry": {
        "type": "Point",
        "coordinates": [
          86.0757652,
          27.677315
        ]
      },
      "id": "node/2905131443"
    },
    {
      "type": "Feature",
      "properties": {
        "@id": "node/2905131450",
        "amenity": "drinking_water",
        "name": "Pwatanga Oti"
      },
      "geometry": {
        "type": "Point",
        "coordinates": [
          86.0763536,
          27.6759919
        ]
      },
      "id": "node/2905131450"
    },
    {
      "type": "Feature",
      "properties": {
        "@id": "node/2905131453",
        "amenity": "drinking_water"
      },
      "geometry": {
        "type": "Point",
        "coordinates": [
          86.07623,
          27.6760365
        ]
      },
      "id": "node/2905131453"
    },
    {
      "type": "Feature",
      "properties": {
        "@id": "node/2917131125",
        "amenity": "drinking_water",
        "description": "RO processed drinking water",
        "indoor": "no"
      },
      "geometry": {
        "type": "Point",
        "coordinates": [
          74.2026879,
          30.0351461
        ]
      },
      "id": "node/2917131125"
    },
    {
      "type": "Feature",
      "properties": {
        "@id": "node/2922976855",
        "amenity": "drinking_water"
      },
      "geometry": {
        "type": "Point",
        "coordinates": [
          84.1901067,
          28.5729843
        ]
      },
      "id": "node/2922976855"
    },
    {
      "type": "Feature",
      "properties": {
        "@id": "node/2923312319",
        "amenity": "drinking_water",
        "name": "Bannukuna Pandero"
      },
      "geometry": {
        "type": "Point",
        "coordinates": [
          83.9128001,
          28.1300742
        ]
      },
      "id": "node/2923312319"
    },
    {
      "type": "Feature",
      "properties": {
        "@id": "node/2936455259",
        "amenity": "drinking_water",
        "name": "pond of sangasani"
      },
      "geometry": {
        "type": "Point",
        "coordinates": [
          73.1816654,
          26.148104
        ]
      },
      "id": "node/2936455259"
    },
    {
      "type": "Feature",
      "properties": {
        "@id": "node/3015960928",
        "amenity": "drinking_water",
        "designation": "tubewell"
      },
      "geometry": {
        "type": "Point",
        "coordinates": [
          86.7933581,
          23.1689675
        ]
      },
      "id": "node/3015960928"
    },
    {
      "type": "Feature",
      "properties": {
        "@id": "node/3043772787",
        "amenity": "drinking_water",
        "name": "Tap"
      },
      "geometry": {
        "type": "Point",
        "coordinates": [
          85.5230714,
          27.6278923
        ]
      },
      "id": "node/3043772787"
    },
    {
      "type": "Feature",
      "properties": {
        "@id": "node/3074566744",
        "amenity": "drinking_water",
        "dhungedhara": "yes",
        "historic": "stone_tap"
      },
      "geometry": {
        "type": "Point",
        "coordinates": [
          85.3462019,
          27.7183951
        ]
      },
      "id": "node/3074566744"
    },
    {
      "type": "Feature",
      "properties": {
        "@id": "node/3074599691",
        "amenity": "drinking_water",
        "dhungedhara": "yes",
        "historic": "stone_tap"
      },
      "geometry": {
        "type": "Point",
        "coordinates": [
          85.3468467,
          27.7188785
        ]
      },
      "id": "node/3074599691"
    },
    {
      "type": "Feature",
      "properties": {
        "@id": "node/3076398942",
        "amenity": "drinking_water",
        "dhungedhara": "yes",
        "historic": "stone_tap"
      },
      "geometry": {
        "type": "Point",
        "coordinates": [
          85.3448796,
          27.7167278
        ]
      },
      "id": "node/3076398942"
    },
    {
      "type": "Feature",
      "properties": {
        "@id": "node/3081211151",
        "amenity": "drinking_water",
        "dhungedhara": "yes",
        "historic": "stone_tap"
      },
      "geometry": {
        "type": "Point",
        "coordinates": [
          85.3916855,
          27.6915483
        ]
      },
      "id": "node/3081211151"
    },
    {
      "type": "Feature",
      "properties": {
        "@id": "node/3085549384",
        "amenity": "drinking_water",
        "content": "water",
        "man_made": "storage_tank"
      },
      "geometry": {
        "type": "Point",
        "coordinates": [
          85.0404379,
          27.3965091
        ]
      },
      "id": "node/3085549384"
    },
    {
      "type": "Feature",
      "properties": {
        "@id": "node/3085575380",
        "amenity": "drinking_water",
        "man_made": "water_deep bording"
      },
      "geometry": {
        "type": "Point",
        "coordinates": [
          85.0363285,
          27.4013151
        ]
      },
      "id": "node/3085575380"
    },
    {
      "type": "Feature",
      "properties": {
        "@id": "node/3097305058",
        "amenity": "drinking_water",
        "name": "Tap"
      },
      "geometry": {
        "type": "Point",
        "coordinates": [
          85.039643,
          27.403877
        ]
      },
      "id": "node/3097305058"
    },
    {
      "type": "Feature",
      "properties": {
        "@id": "node/3097306991",
        "amenity": "drinking_water",
        "name": "Tap"
      },
      "geometry": {
        "type": "Point",
        "coordinates": [
          85.0380169,
          27.4040882
        ]
      },
      "id": "node/3097306991"
    },
    {
      "type": "Feature",
      "properties": {
        "@id": "node/3105805602",
        "amenity": "drinking_water"
      },
      "geometry": {
        "type": "Point",
        "coordinates": [
          77.1759772,
          32.2576929
        ]
      },
      "id": "node/3105805602"
    },
    {
      "type": "Feature",
      "properties": {
        "@id": "node/3143329596",
        "addr:city": "Madhyapur Thimi",
        "addr:place": "Nachhu Tole-8",
        "amenity": "drinking_water",
        "drinking_water": "yes",
        "man_made": "water_tap"
      },
      "geometry": {
        "type": "Point",
        "coordinates": [
          85.3887296,
          27.6908691
        ]
      },
      "id": "node/3143329596"
    },
    {
      "type": "Feature",
      "properties": {
        "@id": "node/3143332269",
        "amenity": "drinking_water"
      },
      "geometry": {
        "type": "Point",
        "coordinates": [
          85.3891324,
          27.6906973
        ]
      },
      "id": "node/3143332269"
    },
    {
      "type": "Feature",
      "properties": {
        "@id": "node/3143339050",
        "amenity": "drinking_water"
      },
      "geometry": {
        "type": "Point",
        "coordinates": [
          85.3896708,
          27.6918761
        ]
      },
      "id": "node/3143339050"
    },
    {
      "type": "Feature",
      "properties": {
        "@id": "node/3151907536",
        "amenity": "drinking_water",
        "name": "dhungedhara"
      },
      "geometry": {
        "type": "Point",
        "coordinates": [
          85.3855011,
          27.6916073
        ]
      },
      "id": "node/3151907536"
    },
    {
      "type": "Feature",
      "properties": {
        "@id": "node/3161061090",
        "amenity": "drinking_water",
        "name": "peepal dada water tank"
      },
      "geometry": {
        "type": "Point",
        "coordinates": [
          85.4034789,
          27.6652533
        ]
      },
      "id": "node/3161061090"
    },
    {
      "type": "Feature",
      "properties": {
        "@id": "node/3174073677",
        "addr:city": "Halesi Tuwachung Municipality",
        "amenity": "drinking_water",
        "drinking_water": "yes",
        "man_made": "water_tap",
        "operator:type": "public"
      },
      "geometry": {
        "type": "Point",
        "coordinates": [
          86.5597072,
          27.2035718
        ]
      },
      "id": "node/3174073677"
    },
    {
      "type": "Feature",
      "properties": {
        "@id": "node/3174073686",
        "amenity": "drinking_water",
        "water_source": "tap"
      },
      "geometry": {
        "type": "Point",
        "coordinates": [
          86.5643994,
          27.2038429
        ]
      },
      "id": "node/3174073686"
    },
    {
      "type": "Feature",
      "properties": {
        "@id": "node/3174073695",
        "amenity": "drinking_water",
        "water_source": "tap"
      },
      "geometry": {
        "type": "Point",
        "coordinates": [
          86.5596636,
          27.2044558
        ]
      },
      "id": "node/3174073695"
    },
    {
      "type": "Feature",
      "properties": {
        "@id": "node/3174073713",
        "amenity": "drinking_water",
        "water": "yes"
      },
      "geometry": {
        "type": "Point",
        "coordinates": [
          86.5645024,
          27.2056353
        ]
      },
      "id": "node/3174073713"
    },
    {
      "type": "Feature",
      "properties": {
        "@id": "node/3174073714",
        "amenity": "drinking_water",
        "water_source": "tap"
      },
      "geometry": {
        "type": "Point",
        "coordinates": [
          86.5613997,
          27.2057075
        ]
      },
      "id": "node/3174073714"
    },
    {
      "type": "Feature",
      "properties": {
        "@id": "node/3174073751",
        "amenity": "drinking_water",
        "water_source": "tap"
      },
      "geometry": {
        "type": "Point",
        "coordinates": [
          86.5609662,
          27.2065371
        ]
      },
      "id": "node/3174073751"
    },
    {
      "type": "Feature",
      "properties": {
        "@id": "node/3174073811",
        "amenity": "drinking_water",
        "water_source": "tap"
      },
      "geometry": {
        "type": "Point",
        "coordinates": [
          86.5591931,
          27.2084821
        ]
      },
      "id": "node/3174073811"
    },
    {
      "type": "Feature",
      "properties": {
        "@id": "node/3174073836",
        "amenity": "drinking_water",
        "water_source": "tap"
      },
      "geometry": {
        "type": "Point",
        "coordinates": [
          86.5579036,
          27.2093903
        ]
      },
      "id": "node/3174073836"
    },
    {
      "type": "Feature",
      "properties": {
        "@id": "node/3174073865",
        "amenity": "drinking_water",
        "water_source": "tap"
      },
      "geometry": {
        "type": "Point",
        "coordinates": [
          86.5566892,
          27.2120721
        ]
      },
      "id": "node/3174073865"
    },
    {
      "type": "Feature",
      "properties": {
        "@id": "node/3174305261",
        "amenity": "drinking_water"
      },
      "geometry": {
        "type": "Point",
        "coordinates": [
          86.5463399,
          27.2022421
        ]
      },
      "id": "node/3174305261"
    },
    {
      "type": "Feature",
      "properties": {
        "@id": "node/3199698514",
        "amenity": "drinking_water",
        "name": "Dhara"
      },
      "geometry": {
        "type": "Point",
        "coordinates": [
          85.1247884,
          27.6494714
        ]
      },
      "id": "node/3199698514"
    },
    {
      "type": "Feature",
      "properties": {
        "@id": "node/3199717142",
        "amenity": "drinking_water"
      },
      "geometry": {
        "type": "Point",
        "coordinates": [
          85.1199267,
          27.6421464
        ]
      },
      "id": "node/3199717142"
    },
    {
      "type": "Feature",
      "properties": {
        "@id": "node/3199721159",
        "amenity": "drinking_water"
      },
      "geometry": {
        "type": "Point",
        "coordinates": [
          85.1212189,
          27.650623
        ]
      },
      "id": "node/3199721159"
    },
    {
      "type": "Feature",
      "properties": {
        "@id": "node/3199721162",
        "amenity": "drinking_water"
      },
      "geometry": {
        "type": "Point",
        "coordinates": [
          85.1208519,
          27.6509499
        ]
      },
      "id": "node/3199721162"
    },
    {
      "type": "Feature",
      "properties": {
        "@id": "node/3199721191",
        "amenity": "drinking_water"
      },
      "geometry": {
        "type": "Point",
        "coordinates": [
          85.1160497,
          27.6584258
        ]
      },
      "id": "node/3199721191"
    },
    {
      "type": "Feature",
      "properties": {
        "@id": "node/3201070852",
        "amenity": "drinking_water"
      },
      "geometry": {
        "type": "Point",
        "coordinates": [
          85.1218527,
          27.6518924
        ]
      },
      "id": "node/3201070852"
    },
    {
      "type": "Feature",
      "properties": {
        "@id": "node/3201076548",
        "amenity": "drinking_water"
      },
      "geometry": {
        "type": "Point",
        "coordinates": [
          85.1212129,
          27.6521885
        ]
      },
      "id": "node/3201076548"
    },
    {
      "type": "Feature",
      "properties": {
        "@id": "node/3201155703",
        "amenity": "drinking_water"
      },
      "geometry": {
        "type": "Point",
        "coordinates": [
          85.1292811,
          27.6561195
        ]
      },
      "id": "node/3201155703"
    },
    {
      "type": "Feature",
      "properties": {
        "@id": "node/3201177959",
        "amenity": "drinking_water"
      },
      "geometry": {
        "type": "Point",
        "coordinates": [
          85.128829,
          27.6493809
        ]
      },
      "id": "node/3201177959"
    },
    {
      "type": "Feature",
      "properties": {
        "@id": "node/3202643715",
        "amenity": "drinking_water"
      },
      "geometry": {
        "type": "Point",
        "coordinates": [
          85.1216669,
          27.6735999
        ]
      },
      "id": "node/3202643715"
    },
    {
      "type": "Feature",
      "properties": {
        "@id": "node/3202666898",
        "amenity": "drinking_water"
      },
      "geometry": {
        "type": "Point",
        "coordinates": [
          85.1262197,
          27.6617006
        ]
      },
      "id": "node/3202666898"
    },
    {
      "type": "Feature",
      "properties": {
        "@id": "node/3202705070",
        "amenity": "drinking_water",
        "name": "Tanang Dhara"
      },
      "geometry": {
        "type": "Point",
        "coordinates": [
          85.1237538,
          27.6614806
        ]
      },
      "id": "node/3202705070"
    },
    {
      "type": "Feature",
      "properties": {
        "@id": "node/3202705071",
        "amenity": "drinking_water"
      },
      "geometry": {
        "type": "Point",
        "coordinates": [
          85.124574,
          27.6577937
        ]
      },
      "id": "node/3202705071"
    },
    {
      "type": "Feature",
      "properties": {
        "@id": "node/3202705073",
        "amenity": "drinking_water"
      },
      "geometry": {
        "type": "Point",
        "coordinates": [
          85.1252949,
          27.6595888
        ]
      },
      "id": "node/3202705073"
    },
    {
      "type": "Feature",
      "properties": {
        "@id": "node/3202705074",
        "amenity": "drinking_water"
      },
      "geometry": {
        "type": "Point",
        "coordinates": [
          85.1243684,
          27.6620047
        ]
      },
      "id": "node/3202705074"
    },
    {
      "type": "Feature",
      "properties": {
        "@id": "node/3202705075",
        "amenity": "drinking_water"
      },
      "geometry": {
        "type": "Point",
        "coordinates": [
          85.1258132,
          27.6620886
        ]
      },
      "id": "node/3202705075"
    },
    {
      "type": "Feature",
      "properties": {
        "@id": "node/3202705076",
        "amenity": "drinking_water"
      },
      "geometry": {
        "type": "Point",
        "coordinates": [
          85.1258516,
          27.6625363
        ]
      },
      "id": "node/3202705076"
    },
    {
      "type": "Feature",
      "properties": {
        "@id": "node/3202705078",
        "amenity": "drinking_water"
      },
      "geometry": {
        "type": "Point",
        "coordinates": [
          85.1254212,
          27.6632146
        ]
      },
      "id": "node/3202705078"
    },
    {
      "type": "Feature",
      "properties": {
        "@id": "node/3202705079",
        "amenity": "drinking_water"
      },
      "geometry": {
        "type": "Point",
        "coordinates": [
          85.1260918,
          27.6641868
        ]
      },
      "id": "node/3202705079"
    },
    {
      "type": "Feature",
      "properties": {
        "@id": "node/3202761781",
        "amenity": "drinking_water"
      },
      "geometry": {
        "type": "Point",
        "coordinates": [
          85.1228975,
          27.6596324
        ]
      },
      "id": "node/3202761781"
    },
    {
      "type": "Feature",
      "properties": {
        "@id": "node/3202761825",
        "amenity": "drinking_water"
      },
      "geometry": {
        "type": "Point",
        "coordinates": [
          85.1230906,
          27.6607764
        ]
      },
      "id": "node/3202761825"
    },
    {
      "type": "Feature",
      "properties": {
        "@id": "node/3202761845",
        "amenity": "drinking_water"
      },
      "geometry": {
        "type": "Point",
        "coordinates": [
          85.1222958,
          27.6610208
        ]
      },
      "id": "node/3202761845"
    },
    {
      "type": "Feature",
      "properties": {
        "@id": "node/3202946397",
        "amenity": "drinking_water",
        "description": "Water Tank"
      },
      "geometry": {
        "type": "Point",
        "coordinates": [
          85.1214584,
          27.6502614
        ]
      },
      "id": "node/3202946397"
    },
    {
      "type": "Feature",
      "properties": {
        "@id": "node/3204172001",
        "amenity": "drinking_water"
      },
      "geometry": {
        "type": "Point",
        "coordinates": [
          85.1284547,
          27.663633
        ]
      },
      "id": "node/3204172001"
    },
    {
      "type": "Feature",
      "properties": {
        "@id": "node/3204174459",
        "amenity": "drinking_water"
      },
      "geometry": {
        "type": "Point",
        "coordinates": [
          85.1181102,
          27.6432456
        ]
      },
      "id": "node/3204174459"
    },
    {
      "type": "Feature",
      "properties": {
        "@id": "node/3204190191",
        "amenity": "drinking_water",
        "name": "Banpale Dhara"
      },
      "geometry": {
        "type": "Point",
        "coordinates": [
          85.1217202,
          27.6604165
        ]
      },
      "id": "node/3204190191"
    },
    {
      "type": "Feature",
      "properties": {
        "@id": "node/3204217263",
        "amenity": "drinking_water"
      },
      "geometry": {
        "type": "Point",
        "coordinates": [
          85.1356837,
          27.6574697
        ]
      },
      "id": "node/3204217263"
    },
    {
      "type": "Feature",
      "properties": {
        "@id": "node/3205775468",
        "amenity": "drinking_water"
      },
      "geometry": {
        "type": "Point",
        "coordinates": [
          85.1297464,
          27.6341604
        ]
      },
      "id": "node/3205775468"
    },
    {
      "type": "Feature",
      "properties": {
        "@id": "node/3206040862",
        "amenity": "drinking_water"
      },
      "geometry": {
        "type": "Point",
        "coordinates": [
          85.1282251,
          27.6494394
        ]
      },
      "id": "node/3206040862"
    },
    {
      "type": "Feature",
      "properties": {
        "@id": "node/3210341990",
        "amenity": "drinking_water",
        "name": "Purano Dhungedhara"
      },
      "geometry": {
        "type": "Point",
        "coordinates": [
          85.13265,
          27.6492613
        ]
      },
      "id": "node/3210341990"
    },
    {
      "type": "Feature",
      "properties": {
        "@id": "node/3215441676",
        "amenity": "drinking_water",
        "description": "jarayotar 3",
        "name": "public tap"
      },
      "geometry": {
        "type": "Point",
        "coordinates": [
          87.2439273,
          27.1509705
        ]
      },
      "id": "node/3215441676"
    },
    {
      "type": "Feature",
      "properties": {
        "@id": "node/3215815061",
        "amenity": "drinking_water",
        "description": "jarayotar 3",
        "name": "18 water tap"
      },
      "geometry": {
        "type": "Point",
        "coordinates": [
          87.2401238,
          27.152637
        ]
      },
      "id": "node/3215815061"
    },
    {
      "type": "Feature",
      "properties": {
        "@id": "node/3222956215",
        "amenity": "drinking_water",
        "water_source": "tap"
      },
      "geometry": {
        "type": "Point",
        "coordinates": [
          86.497488,
          27.1683756
        ]
      },
      "id": "node/3222956215"
    },
    {
      "type": "Feature",
      "properties": {
        "@id": "node/3222956244",
        "amenity": "drinking_water",
        "water_source": "tap"
      },
      "geometry": {
        "type": "Point",
        "coordinates": [
          86.4965503,
          27.1690426
        ]
      },
      "id": "node/3222956244"
    },
    {
      "type": "Feature",
      "properties": {
        "@id": "node/3222956481",
        "amenity": "drinking_water",
        "water_source": "tap"
      },
      "geometry": {
        "type": "Point",
        "coordinates": [
          86.4954283,
          27.1694665
        ]
      },
      "id": "node/3222956481"
    },
    {
      "type": "Feature",
      "properties": {
        "@id": "node/3238945095",
        "amenity": "drinking_water",
        "water_source": "tap"
      },
      "geometry": {
        "type": "Point",
        "coordinates": [
          86.4864958,
          27.1661385
        ]
      },
      "id": "node/3238945095"
    },
    {
      "type": "Feature",
      "properties": {
        "@id": "node/3238945096",
        "amenity": "drinking_water",
        "water_source": "tap"
      },
      "geometry": {
        "type": "Point",
        "coordinates": [
          86.4849686,
          27.1663137
        ]
      },
      "id": "node/3238945096"
    },
    {
      "type": "Feature",
      "properties": {
        "@id": "node/3238945097",
        "amenity": "drinking_water",
        "water_source": "tap"
      },
      "geometry": {
        "type": "Point",
        "coordinates": [
          86.4853892,
          27.1666466
        ]
      },
      "id": "node/3238945097"
    },
    {
      "type": "Feature",
      "properties": {
        "@id": "node/3238945098",
        "amenity": "drinking_water",
        "water_source": "tap"
      },
      "geometry": {
        "type": "Point",
        "coordinates": [
          86.4851259,
          27.167665
        ]
      },
      "id": "node/3238945098"
    },
    {
      "type": "Feature",
      "properties": {
        "@id": "node/3246275440",
        "amenity": "drinking_water",
        "name": "Public Tap"
      },
      "geometry": {
        "type": "Point",
        "coordinates": [
          88.1063224,
          26.6241598
        ]
      },
      "id": "node/3246275440"
    },
    {
      "type": "Feature",
      "properties": {
        "@id": "node/3254986163",
        "amenity": "drinking_water",
        "name": "Public water tank"
      },
      "geometry": {
        "type": "Point",
        "coordinates": [
          85.2757275,
          27.6730957
        ]
      },
      "id": "node/3254986163"
    },
    {
      "type": "Feature",
      "properties": {
        "@id": "node/3254999496",
        "amenity": "drinking_water",
        "name": "chikhu"
      },
      "geometry": {
        "type": "Point",
        "coordinates": [
          85.2762875,
          27.6707489
        ]
      },
      "id": "node/3254999496"
    },
    {
      "type": "Feature",
      "properties": {
        "@id": "node/3262988188",
        "amenity": "drinking_water",
        "drinking_water": "yes"
      },
      "geometry": {
        "type": "Point",
        "coordinates": [
          85.3849197,
          27.6464414
        ]
      },
      "id": "node/3262988188"
    },
    {
      "type": "Feature",
      "properties": {
        "@id": "node/3268708056",
        "amenity": "drinking_water"
      },
      "geometry": {
        "type": "Point",
        "coordinates": [
          77.2393801,
          28.6556965
        ]
      },
      "id": "node/3268708056"
    },
    {
      "type": "Feature",
      "properties": {
        "@id": "node/3294165867",
        "amenity": "drinking_water",
        "name": "Local Water Tap"
      },
      "geometry": {
        "type": "Point",
        "coordinates": [
          85.2790961,
          27.6686264
        ]
      },
      "id": "node/3294165867"
    },
    {
      "type": "Feature",
      "properties": {
        "@id": "node/3296137590",
        "amenity": "drinking_water"
      },
      "geometry": {
        "type": "Point",
        "coordinates": [
          85.277282,
          27.673079
        ]
      },
      "id": "node/3296137590"
    },
    {
      "type": "Feature",
      "properties": {
        "@id": "node/3298336206",
        "amenity": "drinking_water"
      },
      "geometry": {
        "type": "Point",
        "coordinates": [
          85.4784506,
          27.5241944
        ]
      },
      "id": "node/3298336206"
    },
    {
      "type": "Feature",
      "properties": {
        "@id": "node/3298336260",
        "amenity": "drinking_water"
      },
      "geometry": {
        "type": "Point",
        "coordinates": [
          85.498458,
          27.5249656
        ]
      },
      "id": "node/3298336260"
    },
    {
      "type": "Feature",
      "properties": {
        "@id": "node/3298336750",
        "amenity": "drinking_water"
      },
      "geometry": {
        "type": "Point",
        "coordinates": [
          85.4830194,
          27.5242048
        ]
      },
      "id": "node/3298336750"
    },
    {
      "type": "Feature",
      "properties": {
        "@id": "node/3304282390",
        "amenity": "drinking_water"
      },
      "geometry": {
        "type": "Point",
        "coordinates": [
          85.278558,
          27.6767869
        ]
      },
      "id": "node/3304282390"
    },
    {
      "type": "Feature",
      "properties": {
        "@id": "node/3307390721",
        "amenity": "drinking_water"
      },
      "geometry": {
        "type": "Point",
        "coordinates": [
          85.2788556,
          27.677111
        ]
      },
      "id": "node/3307390721"
    },
    {
      "type": "Feature",
      "properties": {
        "@id": "node/3307481395",
        "amenity": "drinking_water"
      },
      "geometry": {
        "type": "Point",
        "coordinates": [
          85.278808,
          27.6771785
        ]
      },
      "id": "node/3307481395"
    },
    {
      "type": "Feature",
      "properties": {
        "@id": "node/3307481410",
        "amenity": "drinking_water"
      },
      "geometry": {
        "type": "Point",
        "coordinates": [
          85.2784975,
          27.6775799
        ]
      },
      "id": "node/3307481410"
    },
    {
      "type": "Feature",
      "properties": {
        "@id": "node/3307484366",
        "amenity": "drinking_water"
      },
      "geometry": {
        "type": "Point",
        "coordinates": [
          85.2730722,
          27.6811881
        ]
      },
      "id": "node/3307484366"
    },
    {
      "type": "Feature",
      "properties": {
        "@id": "node/3307485464",
        "amenity": "drinking_water"
      },
      "geometry": {
        "type": "Point",
        "coordinates": [
          85.2784009,
          27.6777845
        ]
      },
      "id": "node/3307485464"
    },
    {
      "type": "Feature",
      "properties": {
        "@id": "node/3307556018",
        "amenity": "drinking_water"
      },
      "geometry": {
        "type": "Point",
        "coordinates": [
          85.2760764,
          27.6796963
        ]
      },
      "id": "node/3307556018"
    },
    {
      "type": "Feature",
      "properties": {
        "@id": "node/3312009093",
        "amenity": "drinking_water"
      },
      "geometry": {
        "type": "Point",
        "coordinates": [
          85.2782378,
          27.6768637
        ]
      },
      "id": "node/3312009093"
    },
    {
      "type": "Feature",
      "properties": {
        "@id": "node/3312038450",
        "amenity": "drinking_water"
      },
      "geometry": {
        "type": "Point",
        "coordinates": [
          85.2774417,
          27.6767999
        ]
      },
      "id": "node/3312038450"
    },
    {
      "type": "Feature",
      "properties": {
        "@id": "node/3312049005",
        "amenity": "drinking_water"
      },
      "geometry": {
        "type": "Point",
        "coordinates": [
          85.2772255,
          27.677262
        ]
      },
      "id": "node/3312049005"
    },
    {
      "type": "Feature",
      "properties": {
        "@id": "node/3312084350",
        "amenity": "drinking_water"
      },
      "geometry": {
        "type": "Point",
        "coordinates": [
          85.276937,
          27.6780306
        ]
      },
      "id": "node/3312084350"
    },
    {
      "type": "Feature",
      "properties": {
        "@id": "node/3314396298",
        "amenity": "drinking_water"
      },
      "geometry": {
        "type": "Point",
        "coordinates": [
          85.275403,
          27.6792821
        ]
      },
      "id": "node/3314396298"
    },
    {
      "type": "Feature",
      "properties": {
        "@id": "node/3345463464",
        "amenity": "drinking_water"
      },
      "geometry": {
        "type": "Point",
        "coordinates": [
          84.4256426,
          27.6962496
        ]
      },
      "id": "node/3345463464"
    },
    {
      "type": "Feature",
      "properties": {
        "@id": "node/3347242926",
        "amenity": "drinking_water"
      },
      "geometry": {
        "type": "Point",
        "coordinates": [
          84.4090089,
          27.727471
        ]
      },
      "id": "node/3347242926"
    },
    {
      "type": "Feature",
      "properties": {
        "@id": "node/3347244248",
        "amenity": "drinking_water"
      },
      "geometry": {
        "type": "Point",
        "coordinates": [
          84.4086473,
          27.7275984
        ]
      },
      "id": "node/3347244248"
    },
    {
      "type": "Feature",
      "properties": {
        "@id": "node/3347244249",
        "amenity": "drinking_water"
      },
      "geometry": {
        "type": "Point",
        "coordinates": [
          84.4085078,
          27.7278293
        ]
      },
      "id": "node/3347244249"
    },
    {
      "type": "Feature",
      "properties": {
        "@id": "node/3347244250",
        "amenity": "drinking_water"
      },
      "geometry": {
        "type": "Point",
        "coordinates": [
          84.4089639,
          27.7273877
        ]
      },
      "id": "node/3347244250"
    },
    {
      "type": "Feature",
      "properties": {
        "@id": "node/3347244251",
        "amenity": "drinking_water"
      },
      "geometry": {
        "type": "Point",
        "coordinates": [
          84.4153413,
          27.724991
        ]
      },
      "id": "node/3347244251"
    },
    {
      "type": "Feature",
      "properties": {
        "@id": "node/3347244714",
        "amenity": "drinking_water"
      },
      "geometry": {
        "type": "Point",
        "coordinates": [
          84.4185072,
          27.7224009
        ]
      },
      "id": "node/3347244714"
    },
    {
      "type": "Feature",
      "properties": {
        "@id": "node/3347244715",
        "amenity": "drinking_water"
      },
      "geometry": {
        "type": "Point",
        "coordinates": [
          84.4112581,
          27.7270003
        ]
      },
      "id": "node/3347244715"
    },
    {
      "type": "Feature",
      "properties": {
        "@id": "node/3347244897",
        "amenity": "drinking_water"
      },
      "geometry": {
        "type": "Point",
        "coordinates": [
          84.4184554,
          27.7213495
        ]
      },
      "id": "node/3347244897"
    },
    {
      "type": "Feature",
      "properties": {
        "@id": "node/3347244898",
        "amenity": "drinking_water"
      },
      "geometry": {
        "type": "Point",
        "coordinates": [
          84.4165684,
          27.7237372
        ]
      },
      "id": "node/3347244898"
    },
    {
      "type": "Feature",
      "properties": {
        "@id": "node/3347244919",
        "amenity": "drinking_water"
      },
      "geometry": {
        "type": "Point",
        "coordinates": [
          84.4158203,
          27.724726
        ]
      },
      "id": "node/3347244919"
    },
    {
      "type": "Feature",
      "properties": {
        "@id": "node/3349596264",
        "amenity": "drinking_water",
        "name": "धारा"
      },
      "geometry": {
        "type": "Point",
        "coordinates": [
          83.6159419,
          27.9989335
        ]
      },
      "id": "node/3349596264"
    },
    {
      "type": "Feature",
      "properties": {
        "@id": "node/3363039503",
        "amenity": "drinking_water",
        "historic": "stone_tap",
        "name": "Dhunghedhara",
        "name:en": "Dhungedhara",
        "name:ko": "둥게다라"
      },
      "geometry": {
        "type": "Point",
        "coordinates": [
          85.3439812,
          27.7105719
        ]
      },
      "id": "node/3363039503"
    },
    {
      "type": "Feature",
      "properties": {
        "@id": "node/3402025233",
        "amenity": "drinking_water"
      },
      "geometry": {
        "type": "Point",
        "coordinates": [
          85.3405379,
          27.6762594
        ]
      },
      "id": "node/3402025233"
    },
    {
      "type": "Feature",
      "properties": {
        "@id": "node/3403997273",
        "amenity": "drinking_water"
      },
      "geometry": {
        "type": "Point",
        "coordinates": [
          85.2785577,
          27.6688089
        ]
      },
      "id": "node/3403997273"
    },
    {
      "type": "Feature",
      "properties": {
        "@id": "node/3404001956",
        "amenity": "drinking_water"
      },
      "geometry": {
        "type": "Point",
        "coordinates": [
          85.2770197,
          27.6675971
        ]
      },
      "id": "node/3404001956"
    },
    {
      "type": "Feature",
      "properties": {
        "@id": "node/3405337063",
        "amenity": "drinking_water"
      },
      "geometry": {
        "type": "Point",
        "coordinates": [
          85.2812735,
          27.6710473
        ]
      },
      "id": "node/3405337063"
    },
    {
      "type": "Feature",
      "properties": {
        "@id": "node/3405340420",
        "amenity": "drinking_water"
      },
      "geometry": {
        "type": "Point",
        "coordinates": [
          85.2806512,
          27.6711455
        ]
      },
      "id": "node/3405340420"
    },
    {
      "type": "Feature",
      "properties": {
        "@id": "node/3405346775",
        "amenity": "drinking_water"
      },
      "geometry": {
        "type": "Point",
        "coordinates": [
          85.278603,
          27.6691914
        ]
      },
      "id": "node/3405346775"
    },
    {
      "type": "Feature",
      "properties": {
        "@id": "node/3410330922",
        "amenity": "drinking_water"
      },
      "geometry": {
        "type": "Point",
        "coordinates": [
          85.2752239,
          27.6729283
        ]
      },
      "id": "node/3410330922"
    },
    {
      "type": "Feature",
      "properties": {
        "@id": "node/3410362086",
        "amenity": "drinking_water"
      },
      "geometry": {
        "type": "Point",
        "coordinates": [
          85.2765395,
          27.673196
        ]
      },
      "id": "node/3410362086"
    },
    {
      "type": "Feature",
      "properties": {
        "@id": "node/3410364595",
        "amenity": "drinking_water"
      },
      "geometry": {
        "type": "Point",
        "coordinates": [
          85.2744873,
          27.6730712
        ]
      },
      "id": "node/3410364595"
    },
    {
      "type": "Feature",
      "properties": {
        "@id": "node/3413008749",
        "amenity": "drinking_water"
      },
      "geometry": {
        "type": "Point",
        "coordinates": [
          77.6779045,
          27.5719733
        ]
      },
      "id": "node/3413008749"
    },
    {
      "type": "Feature",
      "properties": {
        "@id": "node/3413009007",
        "amenity": "drinking_water"
      },
      "geometry": {
        "type": "Point",
        "coordinates": [
          77.6771601,
          27.5724677
        ]
      },
      "id": "node/3413009007"
    },
    {
      "type": "Feature",
      "properties": {
        "@id": "node/3413009010",
        "amenity": "drinking_water"
      },
      "geometry": {
        "type": "Point",
        "coordinates": [
          77.6776798,
          27.5725042
        ]
      },
      "id": "node/3413009010"
    },
    {
      "type": "Feature",
      "properties": {
        "@id": "node/3428209883",
        "amenity": "drinking_water"
      },
      "geometry": {
        "type": "Point",
        "coordinates": [
          85.27954,
          27.676004
        ]
      },
      "id": "node/3428209883"
    },
    {
      "type": "Feature",
      "properties": {
        "@id": "node/3433472723",
        "amenity": "drinking_water",
        "description": "непитьевая"
      },
      "geometry": {
        "type": "Point",
        "coordinates": [
          88.3902431,
          23.4243018
        ]
      },
      "id": "node/3433472723"
    },
    {
      "type": "Feature",
      "properties": {
        "@id": "node/3433538695",
        "amenity": "drinking_water"
      },
      "geometry": {
        "type": "Point",
        "coordinates": [
          88.391608,
          23.4268659
        ]
      },
      "id": "node/3433538695"
    },
    {
      "type": "Feature",
      "properties": {
        "@id": "node/3434412313",
        "amenity": "drinking_water",
        "name": "Padhera"
      },
      "geometry": {
        "type": "Point",
        "coordinates": [
          84.3759524,
          28.2306719
        ]
      },
      "id": "node/3434412313"
    },
    {
      "type": "Feature",
      "properties": {
        "@id": "node/3438531993",
        "amenity": "drinking_water"
      },
      "geometry": {
        "type": "Point",
        "coordinates": [
          88.3892842,
          23.4254098
        ]
      },
      "id": "node/3438531993"
    },
    {
      "type": "Feature",
      "properties": {
        "@id": "node/3438726846",
        "amenity": "drinking_water"
      },
      "geometry": {
        "type": "Point",
        "coordinates": [
          84.8146541,
          27.5236704
        ]
      },
      "id": "node/3438726846"
    },
    {
      "type": "Feature",
      "properties": {
        "@id": "node/3438794393",
        "amenity": "drinking_water",
        "man_made": "water_well",
        "source": "BajrabarahiFieldVisit"
      },
      "geometry": {
        "type": "Point",
        "coordinates": [
          84.814505,
          27.526497
        ]
      },
      "id": "node/3438794393"
    },
    {
      "type": "Feature",
      "properties": {
        "@id": "node/3438794395",
        "amenity": "drinking_water",
        "man_made": "water_well",
        "source": "BajrabarahiFieldVisit"
      },
      "geometry": {
        "type": "Point",
        "coordinates": [
          84.8092133,
          27.5282553
        ]
      },
      "id": "node/3438794395"
    },
    {
      "type": "Feature",
      "properties": {
        "@id": "node/3438859006",
        "amenity": "drinking_water"
      },
      "geometry": {
        "type": "Point",
        "coordinates": [
          88.3915463,
          23.4211868
        ]
      },
      "id": "node/3438859006"
    },
    {
      "type": "Feature",
      "properties": {
        "@id": "node/3440440600",
        "amenity": "drinking_water",
        "man_made": "water_well",
        "source": "BajrabarahiFieldVisit"
      },
      "geometry": {
        "type": "Point",
        "coordinates": [
          84.8158003,
          27.5262039
        ]
      },
      "id": "node/3440440600"
    },
    {
      "type": "Feature",
      "properties": {
        "@id": "node/3441387908",
        "amenity": "drinking_water"
      },
      "geometry": {
        "type": "Point",
        "coordinates": [
          72.7032486,
          24.5673796
        ]
      },
      "id": "node/3441387908"
    },
    {
      "type": "Feature",
      "properties": {
        "@id": "node/3444631324",
        "amenity": "drinking_water",
        "name": "Pani Tanki"
      },
      "geometry": {
        "type": "Point",
        "coordinates": [
          84.7348818,
          27.5847817
        ]
      },
      "id": "node/3444631324"
    },
    {
      "type": "Feature",
      "properties": {
        "@id": "node/3446068865",
        "amenity": "drinking_water"
      },
      "geometry": {
        "type": "Point",
        "coordinates": [
          84.8806102,
          27.4742782
        ]
      },
      "id": "node/3446068865"
    },
    {
      "type": "Feature",
      "properties": {
        "@id": "node/3448171260",
        "amenity": "drinking_water"
      },
      "geometry": {
        "type": "Point",
        "coordinates": [
          84.7651867,
          27.5790159
        ]
      },
      "id": "node/3448171260"
    },
    {
      "type": "Feature",
      "properties": {
        "@id": "node/3453304149",
        "amenity": "drinking_water"
      },
      "geometry": {
        "type": "Point",
        "coordinates": [
          85.2765036,
          27.6775974
        ]
      },
      "id": "node/3453304149"
    },
    {
      "type": "Feature",
      "properties": {
        "@id": "node/3456943998",
        "amenity": "drinking_water"
      },
      "geometry": {
        "type": "Point",
        "coordinates": [
          84.4874086,
          27.6917407
        ]
      },
      "id": "node/3456943998"
    },
    {
      "type": "Feature",
      "properties": {
        "@id": "node/3457053966",
        "amenity": "drinking_water"
      },
      "geometry": {
        "type": "Point",
        "coordinates": [
          84.4999859,
          27.6926169
        ]
      },
      "id": "node/3457053966"
    },
    {
      "type": "Feature",
      "properties": {
        "@id": "node/3458741127",
        "amenity": "drinking_water"
      },
      "geometry": {
        "type": "Point",
        "coordinates": [
          85.2760187,
          27.6779512
        ]
      },
      "id": "node/3458741127"
    },
    {
      "type": "Feature",
      "properties": {
        "@id": "node/3458757394",
        "amenity": "drinking_water"
      },
      "geometry": {
        "type": "Point",
        "coordinates": [
          85.2733151,
          27.6795901
        ]
      },
      "id": "node/3458757394"
    },
    {
      "type": "Feature",
      "properties": {
        "@id": "node/3462850859",
        "amenity": "drinking_water",
        "dhungedhara": "yes",
        "historic": "stone_tap"
      },
      "geometry": {
        "type": "Point",
        "coordinates": [
          85.2801977,
          27.6777873
        ]
      },
      "id": "node/3462850859"
    },
    {
      "type": "Feature",
      "properties": {
        "@id": "node/3462851235",
        "amenity": "drinking_water"
      },
      "geometry": {
        "type": "Point",
        "coordinates": [
          85.2730765,
          27.6806516
        ]
      },
      "id": "node/3462851235"
    },
    {
      "type": "Feature",
      "properties": {
        "@id": "node/3465533654",
        "amenity": "drinking_water"
      },
      "geometry": {
        "type": "Point",
        "coordinates": [
          85.3186371,
          27.7486651
        ]
      },
      "id": "node/3465533654"
    },
    {
      "type": "Feature",
      "properties": {
        "@id": "node/3476012629",
        "amenity": "drinking_water"
      },
      "geometry": {
        "type": "Point",
        "coordinates": [
          83.8498288,
          28.2271372
        ]
      },
      "id": "node/3476012629"
    },
    {
      "type": "Feature",
      "properties": {
        "@id": "node/3476013159",
        "amenity": "drinking_water"
      },
      "geometry": {
        "type": "Point",
        "coordinates": [
          83.8804775,
          28.2462243
        ]
      },
      "id": "node/3476013159"
    },
    {
      "type": "Feature",
      "properties": {
        "@id": "node/3476013208",
        "amenity": "drinking_water"
      },
      "geometry": {
        "type": "Point",
        "coordinates": [
          83.797806,
          28.2288499
        ]
      },
      "id": "node/3476013208"
    },
    {
      "type": "Feature",
      "properties": {
        "@id": "node/3476013210",
        "amenity": "drinking_water"
      },
      "geometry": {
        "type": "Point",
        "coordinates": [
          83.8108749,
          28.2184509
        ]
      },
      "id": "node/3476013210"
    },
    {
      "type": "Feature",
      "properties": {
        "@id": "node/3476013216",
        "amenity": "drinking_water"
      },
      "geometry": {
        "type": "Point",
        "coordinates": [
          83.8207932,
          28.2596818
        ]
      },
      "id": "node/3476013216"
    },
    {
      "type": "Feature",
      "properties": {
        "@id": "node/3476013304",
        "amenity": "drinking_water"
      },
      "geometry": {
        "type": "Point",
        "coordinates": [
          83.8772077,
          28.2461859
        ]
      },
      "id": "node/3476013304"
    },
    {
      "type": "Feature",
      "properties": {
        "@id": "node/3478780745",
        "amenity": "drinking_water",
        "description": "supproted by NRCS"
      },
      "geometry": {
        "type": "Point",
        "coordinates": [
          85.6912667,
          27.6608833
        ]
      },
      "id": "node/3478780745"
    },
    {
      "type": "Feature",
      "properties": {
        "@id": "node/3483520340",
        "amenity": "drinking_water"
      },
      "geometry": {
        "type": "Point",
        "coordinates": [
          83.9488681,
          28.2356396
        ]
      },
      "id": "node/3483520340"
    },
    {
      "type": "Feature",
      "properties": {
        "@id": "node/3485754306",
        "amenity": "drinking_water"
      },
      "geometry": {
        "type": "Point",
        "coordinates": [
          83.9484248,
          28.2435647
        ]
      },
      "id": "node/3485754306"
    },
    {
      "type": "Feature",
      "properties": {
        "@id": "node/3487654184",
        "amenity": "drinking_water",
        "name": "Dharo"
      },
      "geometry": {
        "type": "Point",
        "coordinates": [
          85.2795079,
          27.7729461
        ]
      },
      "id": "node/3487654184"
    },
    {
      "type": "Feature",
      "properties": {
        "@id": "node/3487654185",
        "amenity": "drinking_water",
        "name": "Dharo"
      },
      "geometry": {
        "type": "Point",
        "coordinates": [
          85.2801369,
          27.7730351
        ]
      },
      "id": "node/3487654185"
    },
    {
      "type": "Feature",
      "properties": {
        "@id": "node/3487654186",
        "amenity": "drinking_water",
        "name": "Dharo"
      },
      "geometry": {
        "type": "Point",
        "coordinates": [
          85.2805875,
          27.7733353
        ]
      },
      "id": "node/3487654186"
    },
    {
      "type": "Feature",
      "properties": {
        "@id": "node/3487654187",
        "amenity": "drinking_water",
        "name": "Dharo"
      },
      "geometry": {
        "type": "Point",
        "coordinates": [
          85.2804413,
          27.7729484
        ]
      },
      "id": "node/3487654187"
    },
    {
      "type": "Feature",
      "properties": {
        "@id": "node/3487658493",
        "amenity": "drinking_water",
        "name": "Padhero"
      },
      "geometry": {
        "type": "Point",
        "coordinates": [
          85.2793774,
          27.7732042
        ]
      },
      "id": "node/3487658493"
    },
    {
      "type": "Feature",
      "properties": {
        "@id": "node/3488092427",
        "amenity": "drinking_water",
        "check_date": "2023-03-16"
      },
      "geometry": {
        "type": "Point",
        "coordinates": [
          83.956204,
          28.2145378
        ]
      },
      "id": "node/3488092427"
    },
    {
      "type": "Feature",
      "properties": {
        "@id": "node/3488146350",
        "amenity": "drinking_water",
        "name": "Padhero"
      },
      "geometry": {
        "type": "Point",
        "coordinates": [
          85.2810126,
          27.7729912
        ]
      },
      "id": "node/3488146350"
    },
    {
      "type": "Feature",
      "properties": {
        "@id": "node/3491390955",
        "addr:city": "Madhyapur Thimi Municipality",
        "addr:place": "Duwa Phalcha - 6",
        "addr:street": "Duwa Phalcha Marga",
        "amenity": "drinking_water",
        "drinking_water": "yes",
        "man_made": "water_tap",
        "name": "Duwa Phalcha Tap",
        "operator": "Public"
      },
      "geometry": {
        "type": "Point",
        "coordinates": [
          85.3872769,
          27.6819602
        ]
      },
      "id": "node/3491390955"
    },
    {
      "type": "Feature",
      "properties": {
        "@id": "node/3492508959",
        "amenity": "drinking_water",
        "name": "Kanepani Tank"
      },
      "geometry": {
        "type": "Point",
        "coordinates": [
          84.2677885,
          27.9799806
        ]
      },
      "id": "node/3492508959"
    },
    {
      "type": "Feature",
      "properties": {
        "@id": "node/3494420537",
        "amenity": "drinking_water"
      },
      "geometry": {
        "type": "Point",
        "coordinates": [
          83.2753944,
          27.4747136
        ]
      },
      "id": "node/3494420537"
    },
    {
      "type": "Feature",
      "properties": {
        "@id": "node/3494420544",
        "amenity": "drinking_water"
      },
      "geometry": {
        "type": "Point",
        "coordinates": [
          83.2755888,
          27.4704429
        ]
      },
      "id": "node/3494420544"
    },
    {
      "type": "Feature",
      "properties": {
        "@id": "node/3510177968",
        "amenity": "drinking_water",
        "name": "Dhunge dhara"
      },
      "geometry": {
        "type": "Point",
        "coordinates": [
          85.360237,
          27.6812543
        ]
      },
      "id": "node/3510177968"
    },
    {
      "type": "Feature",
      "properties": {
        "@id": "node/3518340840",
        "amenity": "drinking_water",
        "name": "Sundhara Stone Water Spout",
        "name:ne": "सुन्धारा"
      },
      "geometry": {
        "type": "Point",
        "coordinates": [
          85.3281478,
          27.6696708
        ]
      },
      "id": "node/3518340840"
    },
    {
      "type": "Feature",
      "properties": {
        "@id": "node/3522912954",
        "amenity": "drinking_water",
        "historic": "stone_tap",
        "name": "Dhungedhara",
        "name:new": "dhungedhara"
      },
      "geometry": {
        "type": "Point",
        "coordinates": [
          85.3012538,
          27.6543376
        ]
      },
      "id": "node/3522912954"
    },
    {
      "type": "Feature",
      "properties": {
        "@id": "node/3611340415",
        "amenity": "drinking_water",
        "drinking_water": "yes",
        "man_made": "water_tap",
        "operator:type": "public",
        "source": "Yoyo preset"
      },
      "geometry": {
        "type": "Point",
        "coordinates": [
          83.7560437,
          28.2319352
        ]
      },
      "id": "node/3611340415"
    },
    {
      "type": "Feature",
      "properties": {
        "@id": "node/3619100759",
        "amenity": "drinking_water",
        "name": "kn college water cooler"
      },
      "geometry": {
        "type": "Point",
        "coordinates": [
          73.0360017,
          26.2867878
        ]
      },
      "id": "node/3619100759"
    },
    {
      "type": "Feature",
      "properties": {
        "@id": "node/3642422770",
        "amenity": "drinking_water",
        "dhungedhara": "yes"
      },
      "geometry": {
        "type": "Point",
        "coordinates": [
          85.3828199,
          27.6329755
        ]
      },
      "id": "node/3642422770"
    },
    {
      "type": "Feature",
      "properties": {
        "@id": "node/3655099660",
        "amenity": "drinking_water"
      },
      "geometry": {
        "type": "Point",
        "coordinates": [
          76.365549,
          32.1913113
        ]
      },
      "id": "node/3655099660"
    },
    {
      "type": "Feature",
      "properties": {
        "@id": "node/3675308573",
        "FIXME": "position",
        "amenity": "drinking_water",
        "check_date": "2023-03-24",
        "name": "ACAP Safe Drinking Water Station",
        "source": "ACAP Flyer"
      },
      "geometry": {
        "type": "Point",
        "coordinates": [
          84.1478875,
          28.6142026
        ]
      },
      "id": "node/3675308573"
    },
    {
      "type": "Feature",
      "properties": {
        "@id": "node/3675308574",
        "FIXME": "position",
        "amenity": "drinking_water",
        "name": "ACAP Safe Drinking Water Station",
        "source": "ACAP Flyer"
      },
      "geometry": {
        "type": "Point",
        "coordinates": [
          84.0906643,
          28.6381538
        ]
      },
      "id": "node/3675308574"
    },
    {
      "type": "Feature",
      "properties": {
        "@id": "node/3675322719",
        "FIXME": "position",
        "amenity": "drinking_water",
        "name": "ACAP Safe Drinking Water Station",
        "source": "ACAP Flyer"
      },
      "geometry": {
        "type": "Point",
        "coordinates": [
          83.6453234,
          28.7105475
        ]
      },
      "id": "node/3675322719"
    },
    {
      "type": "Feature",
      "properties": {
        "@id": "node/3675322720",
        "FIXME": "position",
        "amenity": "drinking_water",
        "name": "ACAP Safe Drinking Water Station",
        "source": "ACAP Flyer"
      },
      "geometry": {
        "type": "Point",
        "coordinates": [
          83.6143691,
          28.6858096
        ]
      },
      "id": "node/3675322720"
    },
    {
      "type": "Feature",
      "properties": {
        "@id": "node/3675322721",
        "FIXME": "position",
        "amenity": "drinking_water",
        "name": "ACAP Safe Drinking Water Station",
        "source": "ACAP Flyer"
      },
      "geometry": {
        "type": "Point",
        "coordinates": [
          83.6440689,
          28.6081261
        ]
      },
      "id": "node/3675322721"
    },
    {
      "type": "Feature",
      "properties": {
        "@id": "node/3678736253",
        "addr:city": "Burma",
        "addr:postcode": "141121",
        "addr:street": "Samrala-Behlolpur Road",
        "amenity": "drinking_water"
      },
      "geometry": {
        "type": "Point",
        "coordinates": [
          76.2782155,
          30.8700319
        ]
      },
      "id": "node/3678736253"
    },
    {
      "type": "Feature",
      "properties": {
        "@id": "node/3732928247",
        "amenity": "drinking_water",
        "name": "Main building water cooler",
        "note": "cold water"
      },
      "geometry": {
        "type": "Point",
        "coordinates": [
          77.1924054,
          28.5448099
        ]
      },
      "id": "node/3732928247"
    },
    {
      "type": "Feature",
      "properties": {
        "@id": "node/3762170525",
        "amenity": "drinking_water"
      },
      "geometry": {
        "type": "Point",
        "coordinates": [
          85.379372,
          27.5881355
        ]
      },
      "id": "node/3762170525"
    },
    {
      "type": "Feature",
      "properties": {
        "@id": "node/3856091001",
        "amenity": "drinking_water",
        "name": "Govt. R.O. Water Point"
      },
      "geometry": {
        "type": "Point",
        "coordinates": [
          74.1906035,
          30.1357936
        ]
      },
      "id": "node/3856091001"
    },
    {
      "type": "Feature",
      "properties": {
        "@id": "node/3856091415",
        "amenity": "drinking_water",
        "name": "Govt. R.O. water Point"
      },
      "geometry": {
        "type": "Point",
        "coordinates": [
          74.1905712,
          30.1356912
        ]
      },
      "id": "node/3856091415"
    },
    {
      "type": "Feature",
      "properties": {
        "@id": "node/3861803829",
        "amenity": "drinking_water"
      },
      "geometry": {
        "type": "Point",
        "coordinates": [
          88.5108587,
          22.5701475
        ]
      },
      "id": "node/3861803829"
    },
    {
      "type": "Feature",
      "properties": {
        "@id": "node/3953457273",
        "amenity": "drinking_water",
        "designation": "Da;acjo",
        "source": "Tank"
      },
      "geometry": {
        "type": "Point",
        "coordinates": [
          85.3055669,
          27.6996944
        ]
      },
      "id": "node/3953457273"
    },
    {
      "type": "Feature",
      "properties": {
        "@id": "node/4029793757",
        "addr:city": "Kaule, Nuwakot",
        "amenity": "drinking_water",
        "name": "Water Source",
        "ward": "9"
      },
      "geometry": {
        "type": "Point",
        "coordinates": [
          85.1395858,
          28.0104171
        ]
      },
      "id": "node/4029793757"
    },
    {
      "type": "Feature",
      "properties": {
        "@id": "node/4041390534",
        "amenity": "drinking_water",
        "name": "Tap (DESS)"
      },
      "geometry": {
        "type": "Point",
        "coordinates": [
          83.976991,
          28.2545107
        ]
      },
      "id": "node/4041390534"
    },
    {
      "type": "Feature",
      "properties": {
        "@id": "node/4061845199",
        "amenity": "drinking_water",
        "description": "it is a water source for drinking for the people who pass by for free",
        "name": "Ammat Public Tap",
        "name:ne": "पानी धारा"
      },
      "geometry": {
        "type": "Point",
        "coordinates": [
          83.9651662,
          28.2039815
        ]
      },
      "id": "node/4061845199"
    },
    {
      "type": "Feature",
      "properties": {
        "@id": "node/4065507645",
        "amenity": "drinking_water",
        "name": "Water point (gaha)"
      },
      "geometry": {
        "type": "Point",
        "coordinates": [
          81.6032548,
          29.1439387
        ]
      },
      "id": "node/4065507645"
    },
    {
      "type": "Feature",
      "properties": {
        "@id": "node/4073369625",
        "amenity": "drinking_water",
        "name": "tap"
      },
      "geometry": {
        "type": "Point",
        "coordinates": [
          84.2855129,
          27.9642597
        ]
      },
      "id": "node/4073369625"
    },
    {
      "type": "Feature",
      "properties": {
        "@id": "node/4076261489",
        "amenity": "drinking_water",
        "name": "Bhadrabas water tank"
      },
      "geometry": {
        "type": "Point",
        "coordinates": [
          85.421263,
          27.7412966
        ]
      },
      "id": "node/4076261489"
    },
    {
      "type": "Feature",
      "properties": {
        "@id": "node/4109418799",
        "amenity": "drinking_water"
      },
      "geometry": {
        "type": "Point",
        "coordinates": [
          83.9111595,
          28.3177536
        ]
      },
      "id": "node/4109418799"
    },
    {
      "type": "Feature",
      "properties": {
        "@id": "node/4110039689",
        "amenity": "drinking_water"
      },
      "geometry": {
        "type": "Point",
        "coordinates": [
          83.9136947,
          28.3182174
        ]
      },
      "id": "node/4110039689"
    },
    {
      "type": "Feature",
      "properties": {
        "@id": "node/4144085649",
        "amenity": "drinking_water"
      },
      "geometry": {
        "type": "Point",
        "coordinates": [
          84.0069921,
          28.2125532
        ]
      },
      "id": "node/4144085649"
    },
    {
      "type": "Feature",
      "properties": {
        "@id": "node/4160825732",
        "amenity": "drinking_water"
      },
      "geometry": {
        "type": "Point",
        "coordinates": [
          83.9844277,
          28.2377706
        ]
      },
      "id": "node/4160825732"
    },
    {
      "type": "Feature",
      "properties": {
        "@id": "node/4167742386",
        "amenity": "drinking_water",
        "man_made": "water_tap"
      },
      "geometry": {
        "type": "Point",
        "coordinates": [
          83.9774213,
          28.2569237
        ]
      },
      "id": "node/4167742386"
    },
    {
      "type": "Feature",
      "properties": {
        "@id": "node/4175481728",
        "addr:city": "Pokhara Lekhanath Metropolitan City",
        "addr:place": "Masbar Pokharipatan",
        "addr:street": "Sugam Marga",
        "amenity": "drinking_water",
        "drinking_water": "yes",
        "man_made": "storage_tank"
      },
      "geometry": {
        "type": "Point",
        "coordinates": [
          83.973084,
          28.2102243
        ]
      },
      "id": "node/4175481728"
    },
    {
      "type": "Feature",
      "properties": {
        "@id": "node/4181781081",
        "amenity": "drinking_water"
      },
      "geometry": {
        "type": "Point",
        "coordinates": [
          83.9697444,
          28.2191228
        ]
      },
      "id": "node/4181781081"
    },
    {
      "type": "Feature",
      "properties": {
        "@id": "node/4209123466",
        "amenity": "drinking_water"
      },
      "geometry": {
        "type": "Point",
        "coordinates": [
          72.6672797,
          23.2309722
        ]
      },
      "id": "node/4209123466"
    },
    {
      "type": "Feature",
      "properties": {
        "@id": "node/4217304930",
        "amenity": "drinking_water"
      },
      "geometry": {
        "type": "Point",
        "coordinates": [
          87.9185839,
          22.1667458
        ]
      },
      "id": "node/4217304930"
    },
    {
      "type": "Feature",
      "properties": {
        "@id": "node/4217304934",
        "amenity": "drinking_water"
      },
      "geometry": {
        "type": "Point",
        "coordinates": [
          87.9179288,
          22.1673208
        ]
      },
      "id": "node/4217304934"
    },
    {
      "type": "Feature",
      "properties": {
        "@id": "node/4217304938",
        "amenity": "drinking_water"
      },
      "geometry": {
        "type": "Point",
        "coordinates": [
          87.9154179,
          22.1681092
        ]
      },
      "id": "node/4217304938"
    },
    {
      "type": "Feature",
      "properties": {
        "@id": "node/4217304941",
        "amenity": "drinking_water"
      },
      "geometry": {
        "type": "Point",
        "coordinates": [
          87.8999426,
          22.1699284
        ]
      },
      "id": "node/4217304941"
    },
    {
      "type": "Feature",
      "properties": {
        "@id": "node/4217304942",
        "amenity": "drinking_water"
      },
      "geometry": {
        "type": "Point",
        "coordinates": [
          87.8984102,
          22.1701595
        ]
      },
      "id": "node/4217304942"
    },
    {
      "type": "Feature",
      "properties": {
        "@id": "node/4217304943",
        "amenity": "drinking_water"
      },
      "geometry": {
        "type": "Point",
        "coordinates": [
          87.9006815,
          22.1703643
        ]
      },
      "id": "node/4217304943"
    },
    {
      "type": "Feature",
      "properties": {
        "@id": "node/4217304945",
        "amenity": "drinking_water"
      },
      "geometry": {
        "type": "Point",
        "coordinates": [
          87.9129806,
          22.1706352
        ]
      },
      "id": "node/4217304945"
    },
    {
      "type": "Feature",
      "properties": {
        "@id": "node/4217304946",
        "amenity": "drinking_water"
      },
      "geometry": {
        "type": "Point",
        "coordinates": [
          87.9147065,
          22.1708753
        ]
      },
      "id": "node/4217304946"
    },
    {
      "type": "Feature",
      "properties": {
        "@id": "node/4217304963",
        "amenity": "drinking_water"
      },
      "geometry": {
        "type": "Point",
        "coordinates": [
          87.9039168,
          22.1713543
        ]
      },
      "id": "node/4217304963"
    },
    {
      "type": "Feature",
      "properties": {
        "@id": "node/4217305427",
        "amenity": "drinking_water"
      },
      "geometry": {
        "type": "Point",
        "coordinates": [
          87.9114694,
          22.1749799
        ]
      },
      "id": "node/4217305427"
    },
    {
      "type": "Feature",
      "properties": {
        "@id": "node/4219848550",
        "amenity": "drinking_water"
      },
      "geometry": {
        "type": "Point",
        "coordinates": [
          87.9083519,
          22.1694482
        ]
      },
      "id": "node/4219848550"
    },
    {
      "type": "Feature",
      "properties": {
        "@id": "node/4225192812",
        "amenity": "drinking_water",
        "name:ne": "खाने पानि"
      },
      "geometry": {
        "type": "Point",
        "coordinates": [
          83.9994515,
          28.2069753
        ]
      },
      "id": "node/4225192812"
    },
    {
      "type": "Feature",
      "properties": {
        "@id": "node/4230764019",
        "amenity": "drinking_water",
        "name": "New Kiran Store"
      },
      "geometry": {
        "type": "Point",
        "coordinates": [
          85.2739083,
          27.6779363
        ]
      },
      "id": "node/4230764019"
    },
    {
      "type": "Feature",
      "properties": {
        "@id": "node/4284128136",
        "amenity": "drinking_water",
        "name": "Stone Tap"
      },
      "geometry": {
        "type": "Point",
        "coordinates": [
          85.2984629,
          27.7312055
        ]
      },
      "id": "node/4284128136"
    },
    {
      "type": "Feature",
      "properties": {
        "@id": "node/4296621877",
        "amenity": "drinking_water",
        "drinking_water": "yes",
        "source": "survey"
      },
      "geometry": {
        "type": "Point",
        "coordinates": [
          88.1860577,
          26.6595435
        ]
      },
      "id": "node/4296621877"
    },
    {
      "type": "Feature",
      "properties": {
        "@id": "node/4297787009",
        "amenity": "drinking_water",
        "name": "Khanepani Tower"
      },
      "geometry": {
        "type": "Point",
        "coordinates": [
          81.6230513,
          28.0611174
        ]
      },
      "id": "node/4297787009"
    },
    {
      "type": "Feature",
      "properties": {
        "@id": "node/4305384190",
        "amenity": "drinking_water"
      },
      "geometry": {
        "type": "Point",
        "coordinates": [
          84.6763105,
          27.9599296
        ]
      },
      "id": "node/4305384190"
    },
    {
      "type": "Feature",
      "properties": {
        "@id": "node/4305409689",
        "amenity": "drinking_water"
      },
      "geometry": {
        "type": "Point",
        "coordinates": [
          84.6784561,
          27.9612025
        ]
      },
      "id": "node/4305409689"
    },
    {
      "type": "Feature",
      "properties": {
        "@id": "node/4305409792",
        "amenity": "drinking_water"
      },
      "geometry": {
        "type": "Point",
        "coordinates": [
          84.6761804,
          27.9572524
        ]
      },
      "id": "node/4305409792"
    },
    {
      "type": "Feature",
      "properties": {
        "@id": "node/4329783402",
        "amenity": "drinking_water"
      },
      "geometry": {
        "type": "Point",
        "coordinates": [
          76.690074,
          32.0515157
        ]
      },
      "id": "node/4329783402"
    },
    {
      "type": "Feature",
      "properties": {
        "@id": "node/4329789942",
        "amenity": "drinking_water",
        "handle": "lever",
        "man_made": "pump",
        "mechanical_driver": "manual",
        "pump_mechanism": "piston",
        "substance": "water"
      },
      "geometry": {
        "type": "Point",
        "coordinates": [
          76.7391779,
          32.0414578
        ]
      },
      "id": "node/4329789942"
    },
    {
      "type": "Feature",
      "properties": {
        "@id": "node/4335055091",
        "amenity": "drinking_water",
        "name": "water tank"
      },
      "geometry": {
        "type": "Point",
        "coordinates": [
          76.2466294,
          30.8269448
        ]
      },
      "id": "node/4335055091"
    },
    {
      "type": "Feature",
      "properties": {
        "@id": "node/4342388689",
        "addr:city": "Madhyapur Thimi",
        "addr:place": "Bahakha bazar - 6",
        "addr:street": "Madhyapur thimi marga",
        "amenity": "drinking_water",
        "drinking_water": "no",
        "name": "Stone tap",
        "operator:type": "public"
      },
      "geometry": {
        "type": "Point",
        "coordinates": [
          85.3862657,
          27.6830137
        ]
      },
      "id": "node/4342388689"
    },
    {
      "type": "Feature",
      "properties": {
        "@id": "node/4347450790",
        "amenity": "drinking_water",
        "name": "Water tank"
      },
      "geometry": {
        "type": "Point",
        "coordinates": [
          75.8685815,
          30.8937783
        ]
      },
      "id": "node/4347450790"
    },
    {
      "type": "Feature",
      "properties": {
        "@id": "node/4347519689",
        "amenity": "drinking_water",
        "name": "Water tank"
      },
      "geometry": {
        "type": "Point",
        "coordinates": [
          75.8718363,
          30.8979759
        ]
      },
      "id": "node/4347519689"
    },
    {
      "type": "Feature",
      "properties": {
        "@id": "node/4349464890",
        "amenity": "drinking_water"
      },
      "geometry": {
        "type": "Point",
        "coordinates": [
          77.632401,
          32.3956889
        ]
      },
      "id": "node/4349464890"
    },
    {
      "type": "Feature",
      "properties": {
        "@id": "node/4351195676",
        "amenity": "drinking_water",
        "name": "Bilaspur Water Supply"
      },
      "geometry": {
        "type": "Point",
        "coordinates": [
          76.8662632,
          28.2860555
        ]
      },
      "id": "node/4351195676"
    },
    {
      "type": "Feature",
      "properties": {
        "@id": "node/4353426217",
        "amenity": "drinking_water"
      },
      "geometry": {
        "type": "Point",
        "coordinates": [
          84.0148739,
          28.237864
        ]
      },
      "id": "node/4353426217"
    },
    {
      "type": "Feature",
      "properties": {
        "@id": "node/4365069049",
        "access": "yes",
        "amenity": "drinking_water",
        "fixme": "draft",
        "wheelchair": "limited"
      },
      "geometry": {
        "type": "Point",
        "coordinates": [
          85.3238478,
          27.6772789
        ]
      },
      "id": "node/4365069049"
    },
    {
      "type": "Feature",
      "properties": {
        "@id": "node/4370642140",
        "amenity": "drinking_water",
        "fixme": "a environ 50m de l'arbre coté sud de la route (track grade 2)"
      },
      "geometry": {
        "type": "Point",
        "coordinates": [
          84.4065118,
          28.3427616
        ]
      },
      "id": "node/4370642140"
    },
    {
      "type": "Feature",
      "properties": {
        "@id": "node/4371186718",
        "amenity": "drinking_water",
        "name:en": "Water tank"
      },
      "geometry": {
        "type": "Point",
        "coordinates": [
          75.8303052,
          30.8891157
        ]
      },
      "id": "node/4371186718"
    },
    {
      "type": "Feature",
      "properties": {
        "@id": "node/4375585741",
        "amenity": "drinking_water",
        "check_date": "2023-03-23",
        "fixme": "position"
      },
      "geometry": {
        "type": "Point",
        "coordinates": [
          84.1530378,
          28.6161757
        ]
      },
      "id": "node/4375585741"
    },
    {
      "type": "Feature",
      "properties": {
        "@id": "node/4375585763",
        "amenity": "drinking_water",
        "note": "marque blanc rouge NATT"
      },
      "geometry": {
        "type": "Point",
        "coordinates": [
          84.1526628,
          28.6153875
        ]
      },
      "id": "node/4375585763"
    },
    {
      "type": "Feature",
      "properties": {
        "@id": "node/4375585776",
        "amenity": "drinking_water",
        "check_date": "2023-03-23"
      },
      "geometry": {
        "type": "Point",
        "coordinates": [
          84.1536859,
          28.6159035
        ]
      },
      "id": "node/4375585776"
    },
    {
      "type": "Feature",
      "properties": {
        "@id": "node/4376878113",
        "amenity": "drinking_water",
        "name": "lalauli ghat"
      },
      "geometry": {
        "type": "Point",
        "coordinates": [
          80.5404298,
          25.8391566
        ]
      },
      "id": "node/4376878113"
    },
    {
      "type": "Feature",
      "properties": {
        "@id": "node/4379303545",
        "amenity": "drinking_water",
        "check_date": "2023-03-28",
        "indoor": "yes",
        "man_made": "water_tap",
        "name": "Safe Drinking Water Station",
        "name:ne": "साफा पिउनी पानी"
      },
      "geometry": {
        "type": "Point",
        "coordinates": [
          84.0241923,
          28.6653032
        ]
      },
      "id": "node/4379303545"
    },
    {
      "type": "Feature",
      "properties": {
        "@id": "node/4382991794",
        "amenity": "drinking_water"
      },
      "geometry": {
        "type": "Point",
        "coordinates": [
          84.1276814,
          28.1774784
        ]
      },
      "id": "node/4382991794"
    },
    {
      "type": "Feature",
      "properties": {
        "@id": "node/4384129089",
        "amenity": "drinking_water"
      },
      "geometry": {
        "type": "Point",
        "coordinates": [
          78.6287953,
          31.8816963
        ]
      },
      "id": "node/4384129089"
    },
    {
      "type": "Feature",
      "properties": {
        "@id": "node/4386508268",
        "amenity": "drinking_water",
        "check_date": "2023-04-01"
      },
      "geometry": {
        "type": "Point",
        "coordinates": [
          83.866259,
          28.8162264
        ]
      },
      "id": "node/4386508268"
    },
    {
      "type": "Feature",
      "properties": {
        "@id": "node/4387079612",
        "amenity": "drinking_water"
      },
      "geometry": {
        "type": "Point",
        "coordinates": [
          83.8493459,
          28.8175117
        ]
      },
      "id": "node/4387079612"
    },
    {
      "type": "Feature",
      "properties": {
        "@id": "node/4392960490",
        "access": "permissive",
        "amenity": "drinking_water",
        "name": "Radha Krishna Khanepani Tank, Tikathali",
        "name:en": "Radha Krishna Mandir Khanepani Tank, Tikathali",
        "wheelchair": "no"
      },
      "geometry": {
        "type": "Point",
        "coordinates": [
          85.3552739,
          27.6650283
        ]
      },
      "id": "node/4392960490"
    },
    {
      "type": "Feature",
      "properties": {
        "@id": "node/4401197831",
        "amenity": "drinking_water",
        "source": "2cpokhara"
      },
      "geometry": {
        "type": "Point",
        "coordinates": [
          84.0107736,
          28.2222061
        ]
      },
      "id": "node/4401197831"
    },
    {
      "type": "Feature",
      "properties": {
        "@id": "node/4402114489",
        "amenity": "drinking_water",
        "name": "at Benga"
      },
      "geometry": {
        "type": "Point",
        "coordinates": [
          85.9460201,
          26.7602905
        ]
      },
      "id": "node/4402114489"
    },
    {
      "type": "Feature",
      "properties": {
        "@id": "node/4402139890",
        "amenity": "drinking_water",
        "check_date": "2025-02-05",
        "name:en": "Drinking Water Station (free)"
      },
      "geometry": {
        "type": "Point",
        "coordinates": [
          88.3519316,
          22.5582471
        ]
      },
      "id": "node/4402139890"
    },
    {
      "type": "Feature",
      "properties": {
        "@id": "node/4406860288",
        "amenity": "drinking_water"
      },
      "geometry": {
        "type": "Point",
        "coordinates": [
          83.6439787,
          28.6081179
        ]
      },
      "id": "node/4406860288"
    },
    {
      "type": "Feature",
      "properties": {
        "@id": "node/4406864302",
        "amenity": "drinking_water"
      },
      "geometry": {
        "type": "Point",
        "coordinates": [
          83.6431491,
          28.6094784
        ]
      },
      "id": "node/4406864302"
    },
    {
      "type": "Feature",
      "properties": {
        "@id": "node/4406864305",
        "amenity": "drinking_water",
        "fixme": "draft"
      },
      "geometry": {
        "type": "Point",
        "coordinates": [
          83.6716177,
          28.4445232
        ]
      },
      "id": "node/4406864305"
    },
    {
      "type": "Feature",
      "properties": {
        "@id": "node/4406864310",
        "amenity": "drinking_water",
        "check_date": "2023-04-05",
        "man_made": "water_tap"
      },
      "geometry": {
        "type": "Point",
        "coordinates": [
          83.6542422,
          28.4989351
        ]
      },
      "id": "node/4406864310"
    },
    {
      "type": "Feature",
      "properties": {
        "@id": "node/4406864342",
        "amenity": "drinking_water"
      },
      "geometry": {
        "type": "Point",
        "coordinates": [
          83.6438748,
          28.6085184
        ]
      },
      "id": "node/4406864342"
    },
    {
      "type": "Feature",
      "properties": {
        "@id": "node/4406864351",
        "amenity": "drinking_water",
        "man_made": "water_tap"
      },
      "geometry": {
        "type": "Point",
        "coordinates": [
          83.8003429,
          28.3744264
        ]
      },
      "id": "node/4406864351"
    },
    {
      "type": "Feature",
      "properties": {
        "@id": "node/4406864368",
        "amenity": "drinking_water"
      },
      "geometry": {
        "type": "Point",
        "coordinates": [
          83.6433056,
          28.6092163
        ]
      },
      "id": "node/4406864368"
    },
    {
      "type": "Feature",
      "properties": {
        "@id": "node/4409055662",
        "amenity": "drinking_water",
        "man_made": "water_well",
        "pump": "manual",
        "source": "Agriculture and Food Security Mapping"
      },
      "geometry": {
        "type": "Point",
        "coordinates": [
          81.0736484,
          28.4343202
        ]
      },
      "id": "node/4409055662"
    },
    {
      "type": "Feature",
      "properties": {
        "@id": "node/4409067337",
        "amenity": "drinking_water",
        "man_made": "water_well",
        "pump": "manual",
        "source": "Karnali Mapping"
      },
      "geometry": {
        "type": "Point",
        "coordinates": [
          81.0774931,
          28.439891
        ]
      },
      "id": "node/4409067337"
    },
    {
      "type": "Feature",
      "properties": {
        "@id": "node/4409067338",
        "amenity": "drinking_water",
        "man_made": "water_well",
        "pump": "manual",
        "source": "Karnali Mapping"
      },
      "geometry": {
        "type": "Point",
        "coordinates": [
          81.0777302,
          28.4435856
        ]
      },
      "id": "node/4409067338"
    },
    {
      "type": "Feature",
      "properties": {
        "@id": "node/4409152554",
        "amenity": "drinking_water",
        "man_made": "water_well",
        "source": "Karnali Mapping"
      },
      "geometry": {
        "type": "Point",
        "coordinates": [
          81.0758572,
          28.4392422
        ]
      },
      "id": "node/4409152554"
    },
    {
      "type": "Feature",
      "properties": {
        "@id": "node/4409193671",
        "amenity": "drinking_water",
        "man_made": "water_well",
        "source": "Karnali Mapping"
      },
      "geometry": {
        "type": "Point",
        "coordinates": [
          81.0757292,
          28.4391537
        ]
      },
      "id": "node/4409193671"
    },
    {
      "type": "Feature",
      "properties": {
        "@id": "node/4411384743",
        "amenity": "drinking_water",
        "man_made": "water_well",
        "pump": "manual",
        "source": "Agriculture and Food Security Mapping"
      },
      "geometry": {
        "type": "Point",
        "coordinates": [
          81.0984482,
          28.4489325
        ]
      },
      "id": "node/4411384743"
    },
    {
      "type": "Feature",
      "properties": {
        "@id": "node/4411384779",
        "amenity": "drinking_water",
        "man_made": "water_well",
        "pump": "manual",
        "source": "Agriculture and Food Security Mapping"
      },
      "geometry": {
        "type": "Point",
        "coordinates": [
          81.0991587,
          28.450034
        ]
      },
      "id": "node/4411384779"
    },
    {
      "type": "Feature",
      "properties": {
        "@id": "node/4411390221",
        "amenity": "drinking_water",
        "man_made": "water_well",
        "pump": "manual",
        "source": "Karnali Mapping"
      },
      "geometry": {
        "type": "Point",
        "coordinates": [
          81.0965154,
          28.4476615
        ]
      },
      "id": "node/4411390221"
    },
    {
      "type": "Feature",
      "properties": {
        "@id": "node/4411390229",
        "amenity": "drinking_water",
        "man_made": "water_well",
        "pump": "manual",
        "source": "Karnali Mapping"
      },
      "geometry": {
        "type": "Point",
        "coordinates": [
          81.096715,
          28.4477867
        ]
      },
      "id": "node/4411390229"
    },
    {
      "type": "Feature",
      "properties": {
        "@id": "node/4411390258",
        "amenity": "drinking_water",
        "man_made": "water_well",
        "pump": "manual",
        "source": "Karnali Mapping"
      },
      "geometry": {
        "type": "Point",
        "coordinates": [
          81.0998256,
          28.4509508
        ]
      },
      "id": "node/4411390258"
    },
    {
      "type": "Feature",
      "properties": {
        "@id": "node/4411390269",
        "amenity": "drinking_water",
        "man_made": "water_well",
        "pump": "manual",
        "source": "Karnali Mapping"
      },
      "geometry": {
        "type": "Point",
        "coordinates": [
          81.0999801,
          28.4511616
        ]
      },
      "id": "node/4411390269"
    },
    {
      "type": "Feature",
      "properties": {
        "@id": "node/4411395198",
        "amenity": "drinking_water",
        "man_made": "water_well",
        "pump": "manual",
        "source": "Karnali Mapping"
      },
      "geometry": {
        "type": "Point",
        "coordinates": [
          81.0996831,
          28.4509133
        ]
      },
      "id": "node/4411395198"
    },
    {
      "type": "Feature",
      "properties": {
        "@id": "node/4411395209",
        "amenity": "drinking_water",
        "man_made": "water_well",
        "pump": "manual",
        "source": "Agriculture and Food Security Mapping"
      },
      "geometry": {
        "type": "Point",
        "coordinates": [
          81.0999976,
          28.4510613
        ]
      },
      "id": "node/4411395209"
    },
    {
      "type": "Feature",
      "properties": {
        "@id": "node/4411410862",
        "amenity": "drinking_water",
        "man_made": "water_well",
        "pump": "manual",
        "source": "Karnali Mapping"
      },
      "geometry": {
        "type": "Point",
        "coordinates": [
          81.1007569,
          28.4445736
        ]
      },
      "id": "node/4411410862"
    },
    {
      "type": "Feature",
      "properties": {
        "@id": "node/4411412799",
        "amenity": "drinking_water",
        "man_made": "water_well",
        "pump": "manual",
        "source": "Karnali Mapping"
      },
      "geometry": {
        "type": "Point",
        "coordinates": [
          81.0732838,
          28.4340048
        ]
      },
      "id": "node/4411412799"
    },
    {
      "type": "Feature",
      "properties": {
        "@id": "node/4411424660",
        "amenity": "drinking_water",
        "man_made": "water_well",
        "pump": "manual",
        "source": "Karnali Mapping"
      },
      "geometry": {
        "type": "Point",
        "coordinates": [
          81.1040095,
          28.4489062
        ]
      },
      "id": "node/4411424660"
    },
    {
      "type": "Feature",
      "properties": {
        "@id": "node/4411424667",
        "amenity": "drinking_water",
        "man_made": "water_well",
        "pump": "manual",
        "source": "Karnali Mapping"
      },
      "geometry": {
        "type": "Point",
        "coordinates": [
          81.1042187,
          28.4490754
        ]
      },
      "id": "node/4411424667"
    },
    {
      "type": "Feature",
      "properties": {
        "@id": "node/4411443878",
        "amenity": "drinking_water",
        "man_made": "water_well",
        "pump": "manual",
        "source": "Agriculture and Food Security Mapping"
      },
      "geometry": {
        "type": "Point",
        "coordinates": [
          81.1074399,
          28.4486788
        ]
      },
      "id": "node/4411443878"
    },
    {
      "type": "Feature",
      "properties": {
        "@id": "node/4411443886",
        "amenity": "drinking_water",
        "man_made": "water_well",
        "pump": "manual",
        "source": "Agriculture and Food Security Mapping"
      },
      "geometry": {
        "type": "Point",
        "coordinates": [
          81.1078516,
          28.4487185
        ]
      },
      "id": "node/4411443886"
    },
    {
      "type": "Feature",
      "properties": {
        "@id": "node/4411464789",
        "amenity": "drinking_water",
        "man_made": "water_well",
        "pump": "manual",
        "source": "Agriculture and Food Security Mapping"
      },
      "geometry": {
        "type": "Point",
        "coordinates": [
          81.1079073,
          28.4487875
        ]
      },
      "id": "node/4411464789"
    },
    {
      "type": "Feature",
      "properties": {
        "@id": "node/4411464817",
        "amenity": "drinking_water",
        "man_made": "water_well",
        "pump": "manual",
        "source": "Agriculture and Food Security Mapping"
      },
      "geometry": {
        "type": "Point",
        "coordinates": [
          81.107816,
          28.4490283
        ]
      },
      "id": "node/4411464817"
    },
    {
      "type": "Feature",
      "properties": {
        "@id": "node/4411484076",
        "amenity": "drinking_water",
        "man_made": "water_well",
        "pump": "manual",
        "source": "Karnali Mapping"
      },
      "geometry": {
        "type": "Point",
        "coordinates": [
          81.1074589,
          28.4515565
        ]
      },
      "id": "node/4411484076"
    },
    {
      "type": "Feature",
      "properties": {
        "@id": "node/4411484199",
        "amenity": "drinking_water",
        "man_made": "water_well",
        "pump": "manual",
        "source": "Karnali Mapping"
      },
      "geometry": {
        "type": "Point",
        "coordinates": [
          81.1102108,
          28.4531179
        ]
      },
      "id": "node/4411484199"
    },
    {
      "type": "Feature",
      "properties": {
        "@id": "node/4413240357",
        "amenity": "drinking_water"
      },
      "geometry": {
        "type": "Point",
        "coordinates": [
          81.1092219,
          28.4479578
        ]
      },
      "id": "node/4413240357"
    },
    {
      "type": "Feature",
      "properties": {
        "@id": "node/4416081599",
        "amenity": "drinking_water"
      },
      "geometry": {
        "type": "Point",
        "coordinates": [
          81.0993553,
          28.4389149
        ]
      },
      "id": "node/4416081599"
    },
    {
      "type": "Feature",
      "properties": {
        "@id": "node/4418633124",
        "amenity": "drinking_water"
      },
      "geometry": {
        "type": "Point",
        "coordinates": [
          81.122814,
          28.472784
        ]
      },
      "id": "node/4418633124"
    },
    {
      "type": "Feature",
      "properties": {
        "@id": "node/4418633141",
        "amenity": "drinking_water"
      },
      "geometry": {
        "type": "Point",
        "coordinates": [
          81.1226065,
          28.4730189
        ]
      },
      "id": "node/4418633141"
    },
    {
      "type": "Feature",
      "properties": {
        "@id": "node/4418660124",
        "amenity": "drinking_water"
      },
      "geometry": {
        "type": "Point",
        "coordinates": [
          81.123153,
          28.4727049
        ]
      },
      "id": "node/4418660124"
    },
    {
      "type": "Feature",
      "properties": {
        "@id": "node/4418660126",
        "amenity": "drinking_water"
      },
      "geometry": {
        "type": "Point",
        "coordinates": [
          81.1230554,
          28.4727205
        ]
      },
      "id": "node/4418660126"
    },
    {
      "type": "Feature",
      "properties": {
        "@id": "node/4418660141",
        "amenity": "drinking_water"
      },
      "geometry": {
        "type": "Point",
        "coordinates": [
          81.1229283,
          28.4728821
        ]
      },
      "id": "node/4418660141"
    },
    {
      "type": "Feature",
      "properties": {
        "@id": "node/4419896202",
        "amenity": "drinking_water",
        "disaster_risk:flood": "low"
      },
      "geometry": {
        "type": "Point",
        "coordinates": [
          81.2114188,
          28.4689349
        ]
      },
      "id": "node/4419896202"
    },
    {
      "type": "Feature",
      "properties": {
        "@id": "node/4426115093",
        "amenity": "drinking_water",
        "name:en": "khani pani office"
      },
      "geometry": {
        "type": "Point",
        "coordinates": [
          84.1906972,
          27.6788758
        ]
      },
      "id": "node/4426115093"
    },
    {
      "type": "Feature",
      "properties": {
        "@id": "node/4426116993",
        "amenity": "drinking_water",
        "name:en": "khani pani office 🌧"
      },
      "geometry": {
        "type": "Point",
        "coordinates": [
          84.1884196,
          27.6824214
        ]
      },
      "id": "node/4426116993"
    },
    {
      "type": "Feature",
      "properties": {
        "@id": "node/4426122291",
        "amenity": "drinking_water",
        "name:en": "shiva mandir tanki"
      },
      "geometry": {
        "type": "Point",
        "coordinates": [
          84.1838773,
          27.688602
        ]
      },
      "id": "node/4426122291"
    },
    {
      "type": "Feature",
      "properties": {
        "@id": "node/4426574491",
        "amenity": "drinking_water",
        "name:en": "pani tanki"
      },
      "geometry": {
        "type": "Point",
        "coordinates": [
          84.1797985,
          27.667056
        ]
      },
      "id": "node/4426574491"
    },
    {
      "type": "Feature",
      "properties": {
        "@id": "node/4428909389",
        "amenity": "drinking_water"
      },
      "geometry": {
        "type": "Point",
        "coordinates": [
          85.2625309,
          27.6972182
        ]
      },
      "id": "node/4428909389"
    },
    {
      "type": "Feature",
      "properties": {
        "@id": "node/4432213381",
        "amenity": "drinking_water",
        "description": "public tap"
      },
      "geometry": {
        "type": "Point",
        "coordinates": [
          84.0316273,
          28.1897289
        ]
      },
      "id": "node/4432213381"
    },
    {
      "type": "Feature",
      "properties": {
        "@id": "node/4432220752",
        "amenity": "drinking_water",
        "description": "drinking water"
      },
      "geometry": {
        "type": "Point",
        "coordinates": [
          84.0334368,
          28.1878748
        ]
      },
      "id": "node/4432220752"
    },
    {
      "type": "Feature",
      "properties": {
        "@id": "node/4432220766",
        "amenity": "drinking_water",
        "description": "water"
      },
      "geometry": {
        "type": "Point",
        "coordinates": [
          84.0325436,
          28.1888417
        ]
      },
      "id": "node/4432220766"
    },
    {
      "type": "Feature",
      "properties": {
        "@id": "node/4432220767",
        "amenity": "drinking_water",
        "description": "drinking water"
      },
      "geometry": {
        "type": "Point",
        "coordinates": [
          84.0304756,
          28.1905604
        ]
      },
      "id": "node/4432220767"
    },
    {
      "type": "Feature",
      "properties": {
        "@id": "node/4443594838",
        "amenity": "drinking_water"
      },
      "geometry": {
        "type": "Point",
        "coordinates": [
          78.0070846,
          32.0440602
        ]
      },
      "id": "node/4443594838"
    },
    {
      "type": "Feature",
      "properties": {
        "@id": "node/4445207090",
        "amenity": "drinking_water",
        "name:en": "Dhakal Kuwa"
      },
      "geometry": {
        "type": "Point",
        "coordinates": [
          83.6747969,
          27.9382321
        ]
      },
      "id": "node/4445207090"
    },
    {
      "type": "Feature",
      "properties": {
        "@id": "node/4445210889",
        "amenity": "drinking_water"
      },
      "geometry": {
        "type": "Point",
        "coordinates": [
          85.2623788,
          27.6973551
        ]
      },
      "id": "node/4445210889"
    },
    {
      "type": "Feature",
      "properties": {
        "@id": "node/4449469649",
        "amenity": "drinking_water"
      },
      "geometry": {
        "type": "Point",
        "coordinates": [
          83.9309217,
          28.9551919
        ]
      },
      "id": "node/4449469649"
    },
    {
      "type": "Feature",
      "properties": {
        "@id": "node/4454327092",
        "amenity": "drinking_water",
        "name:en": "Water Tank, Beldangi Ii"
      },
      "geometry": {
        "type": "Point",
        "coordinates": [
          87.685331,
          26.7181538
        ]
      },
      "id": "node/4454327092"
    },
    {
      "type": "Feature",
      "properties": {
        "@id": "node/4457839908",
        "amenity": "drinking_water",
        "name": "Barbhanyang Drinking Water Supply Tank"
      },
      "geometry": {
        "type": "Point",
        "coordinates": [
          84.9603736,
          27.8372646
        ]
      },
      "id": "node/4457839908"
    },
    {
      "type": "Feature",
      "properties": {
        "@id": "node/4457860748",
        "amenity": "drinking_water",
        "name": "Drinking Water Tap"
      },
      "geometry": {
        "type": "Point",
        "coordinates": [
          84.9617401,
          27.8357503
        ]
      },
      "id": "node/4457860748"
    },
    {
      "type": "Feature",
      "properties": {
        "@id": "node/4461143191",
        "amenity": "drinking_water",
        "name:en": "Water tank"
      },
      "geometry": {
        "type": "Point",
        "coordinates": [
          76.4973417,
          30.7774311
        ]
      },
      "id": "node/4461143191"
    },
    {
      "type": "Feature",
      "properties": {
        "@id": "node/4462852565",
        "amenity": "drinking_water"
      },
      "geometry": {
        "type": "Point",
        "coordinates": [
          76.1924192,
          31.8491511
        ]
      },
      "id": "node/4462852565"
    },
    {
      "type": "Feature",
      "properties": {
        "@id": "node/4472169689",
        "amenity": "drinking_water",
        "name": "Cold water",
        "name:en": "Cold water",
        "name:hi": "Sheetal Jal"
      },
      "geometry": {
        "type": "Point",
        "coordinates": [
          77.1996152,
          28.668592
        ]
      },
      "id": "node/4472169689"
    },
    {
      "type": "Feature",
      "properties": {
        "@id": "node/4472309692",
        "amenity": "drinking_water"
      },
      "geometry": {
        "type": "Point",
        "coordinates": [
          77.1377183,
          28.6799374
        ]
      },
      "id": "node/4472309692"
    },
    {
      "type": "Feature",
      "properties": {
        "@id": "node/4484608267",
        "amenity": "drinking_water"
      },
      "geometry": {
        "type": "Point",
        "coordinates": [
          86.0601654,
          27.7582154
        ]
      },
      "id": "node/4484608267"
    },
    {
      "type": "Feature",
      "properties": {
        "@id": "node/4496257633",
        "amenity": "drinking_water",
        "name": "Karsyangdi River"
      },
      "geometry": {
        "type": "Point",
        "coordinates": [
          84.370374,
          28.0737537
        ]
      },
      "id": "node/4496257633"
    },
    {
      "type": "Feature",
      "properties": {
        "@id": "node/4496257634",
        "amenity": "drinking_water",
        "name": "Naspati Khola"
      },
      "geometry": {
        "type": "Point",
        "coordinates": [
          84.3764743,
          28.0718581
        ]
      },
      "id": "node/4496257634"
    },
    {
      "type": "Feature",
      "properties": {
        "@id": "node/4496797789",
        "access": "permit",
        "amenity": "drinking_water",
        "charge": "NRs. 150 per 7000 liters",
        "fee": "yes",
        "name": "Siddhipur Khanipani Tatha Sarsafai Upabhokta Samiti",
        "name:en": "Shiddhipur Drinking Water Reserve & Filtration Plant",
        "name:ne": "सिद्धिपुर खानिपानी तथा सरसफाई उपभोक्ता समिति",
        "operator": "Siddhipur Khanipani Tatha Upabhokta Samiti",
        "payment:cash": "yes",
        "wheelchair": "no"
      },
      "geometry": {
        "type": "Point",
        "coordinates": [
          85.3527379,
          27.6397517
        ]
      },
      "id": "node/4496797789"
    },
    {
      "type": "Feature",
      "properties": {
        "@id": "node/4506493990",
        "amenity": "drinking_water"
      },
      "geometry": {
        "type": "Point",
        "coordinates": [
          76.0992633,
          25.16909
        ]
      },
      "id": "node/4506493990"
    },
    {
      "type": "Feature",
      "properties": {
        "@id": "node/4508359274",
        "amenity": "drinking_water"
      },
      "geometry": {
        "type": "Point",
        "coordinates": [
          84.0102762,
          28.2291598
        ]
      },
      "id": "node/4508359274"
    },
    {
      "type": "Feature",
      "properties": {
        "@id": "node/4519931694",
        "amenity": "drinking_water",
        "name:en": "Dhunge Dhara"
      },
      "geometry": {
        "type": "Point",
        "coordinates": [
          85.5113103,
          27.632652
        ]
      },
      "id": "node/4519931694"
    },
    {
      "type": "Feature",
      "properties": {
        "@id": "node/4520340222",
        "amenity": "drinking_water",
        "dhungedhara": "yes",
        "name": "मारु हिटी",
        "name:en": "Maru Hiti",
        "name:ne": "मारु हिटी"
      },
      "geometry": {
        "type": "Point",
        "coordinates": [
          85.3054769,
          27.7045142
        ]
      },
      "id": "node/4520340222"
    },
    {
      "type": "Feature",
      "properties": {
        "@id": "node/4533559491",
        "amenity": "drinking_water",
        "name": "शहज़ाद मलिक",
        "name:en": "Shahzad Malik",
        "name:hi": "शहज़ाद मलिक"
      },
      "geometry": {
        "type": "Point",
        "coordinates": [
          77.2656997,
          29.7785644
        ]
      },
      "id": "node/4533559491"
    },
    {
      "type": "Feature",
      "properties": {
        "@id": "node/4537014391",
        "amenity": "drinking_water"
      },
      "geometry": {
        "type": "Point",
        "coordinates": [
          85.5330937,
          27.6282929
        ]
      },
      "id": "node/4537014391"
    },
    {
      "type": "Feature",
      "properties": {
        "@id": "node/4537053289",
        "amenity": "drinking_water"
      },
      "geometry": {
        "type": "Point",
        "coordinates": [
          85.5320706,
          27.6266478
        ]
      },
      "id": "node/4537053289"
    },
    {
      "type": "Feature",
      "properties": {
        "@id": "node/4537066689",
        "amenity": "drinking_water"
      },
      "geometry": {
        "type": "Point",
        "coordinates": [
          85.5344169,
          27.6278514
        ]
      },
      "id": "node/4537066689"
    },
    {
      "type": "Feature",
      "properties": {
        "@id": "node/4537066797",
        "amenity": "drinking_water"
      },
      "geometry": {
        "type": "Point",
        "coordinates": [
          85.5718239,
          27.6066959
        ]
      },
      "id": "node/4537066797"
    },
    {
      "type": "Feature",
      "properties": {
        "@id": "node/4537066998",
        "amenity": "drinking_water"
      },
      "geometry": {
        "type": "Point",
        "coordinates": [
          85.5747077,
          27.601467
        ]
      },
      "id": "node/4537066998"
    },
    {
      "type": "Feature",
      "properties": {
        "@id": "node/4544885593",
        "amenity": "drinking_water",
        "name:en": "dhunge dhara",
        "name:hi": "english"
      },
      "geometry": {
        "type": "Point",
        "coordinates": [
          85.0565438,
          27.8530014
        ]
      },
      "id": "node/4544885593"
    },
    {
      "type": "Feature",
      "properties": {
        "@id": "node/4555148589",
        "amenity": "drinking_water",
        "name:en": "Parbati Tol Bikash Khane Pani Aayojana"
      },
      "geometry": {
        "type": "Point",
        "coordinates": [
          83.9887592,
          28.2063145
        ]
      },
      "id": "node/4555148589"
    },
    {
      "type": "Feature",
      "properties": {
        "@id": "node/4563100692",
        "amenity": "drinking_water",
        "name:en": "Drinking Water Tap"
      },
      "geometry": {
        "type": "Point",
        "coordinates": [
          85.1448269,
          27.9172212
        ]
      },
      "id": "node/4563100692"
    },
    {
      "type": "Feature",
      "properties": {
        "@id": "node/4564581191",
        "amenity": "drinking_water",
        "man_made": "water_tap"
      },
      "geometry": {
        "type": "Point",
        "coordinates": [
          73.3190292,
          28.0221212
        ]
      },
      "id": "node/4564581191"
    },
    {
      "type": "Feature",
      "properties": {
        "@id": "node/4566479590",
        "amenity": "drinking_water",
        "name:en": "Gahawa-10,Birgunj"
      },
      "geometry": {
        "type": "Point",
        "coordinates": [
          84.881875,
          27.0114717
        ]
      },
      "id": "node/4566479590"
    },
    {
      "type": "Feature",
      "properties": {
        "@id": "node/4568931489",
        "amenity": "drinking_water",
        "name:en": "Welcome water factory"
      },
      "geometry": {
        "type": "Point",
        "coordinates": [
          85.4053942,
          27.7032927
        ]
      },
      "id": "node/4568931489"
    },
    {
      "type": "Feature",
      "properties": {
        "@id": "node/4573002994",
        "amenity": "drinking_water",
        "name:en": "MAHAKALI MANGALGADI SUPPLIERS"
      },
      "geometry": {
        "type": "Point",
        "coordinates": [
          81.6156705,
          28.5829648
        ]
      },
      "id": "node/4573002994"
    },
    {
      "type": "Feature",
      "properties": {
        "@id": "node/4574851591",
        "amenity": "drinking_water",
        "name:en": "Mahakali Mangalgadi Suppliers"
      },
      "geometry": {
        "type": "Point",
        "coordinates": [
          81.6160004,
          28.5832745
        ]
      },
      "id": "node/4574851591"
    },
    {
      "type": "Feature",
      "properties": {
        "@id": "node/4576910990",
        "amenity": "drinking_water"
      },
      "geometry": {
        "type": "Point",
        "coordinates": [
          85.2747394,
          27.3602399
        ]
      },
      "id": "node/4576910990"
    },
    {
      "type": "Feature",
      "properties": {
        "@id": "node/4589085911",
        "amenity": "drinking_water"
      },
      "geometry": {
        "type": "Point",
        "coordinates": [
          84.3670556,
          28.2872917
        ]
      },
      "id": "node/4589085911"
    },
    {
      "type": "Feature",
      "properties": {
        "@id": "node/4589134393",
        "amenity": "drinking_water"
      },
      "geometry": {
        "type": "Point",
        "coordinates": [
          84.4054489,
          28.3712383
        ]
      },
      "id": "node/4589134393"
    },
    {
      "type": "Feature",
      "properties": {
        "@id": "node/4594289492",
        "amenity": "drinking_water",
        "name:en": "Khane pani"
      },
      "geometry": {
        "type": "Point",
        "coordinates": [
          83.7620109,
          27.5695395
        ]
      },
      "id": "node/4594289492"
    },
    {
      "type": "Feature",
      "properties": {
        "@id": "node/4594568703",
        "amenity": "drinking_water",
        "name:en": "Ambod Dhara"
      },
      "geometry": {
        "type": "Point",
        "coordinates": [
          83.9639084,
          28.2042431
        ]
      },
      "id": "node/4594568703"
    },
    {
      "type": "Feature",
      "properties": {
        "@id": "node/4598122797",
        "amenity": "drinking_water",
        "name:en": "bardaghat khane pani"
      },
      "geometry": {
        "type": "Point",
        "coordinates": [
          83.7925964,
          27.5567297
        ]
      },
      "id": "node/4598122797"
    },
    {
      "type": "Feature",
      "properties": {
        "@id": "node/4612045518",
        "amenity": "drinking_water"
      },
      "geometry": {
        "type": "Point",
        "coordinates": [
          75.5695399,
          29.6870769
        ]
      },
      "id": "node/4612045518"
    },
    {
      "type": "Feature",
      "properties": {
        "@id": "node/4612045519",
        "amenity": "drinking_water"
      },
      "geometry": {
        "type": "Point",
        "coordinates": [
          75.5695569,
          29.6870785
        ]
      },
      "id": "node/4612045519"
    },
    {
      "type": "Feature",
      "properties": {
        "@id": "node/4633937991",
        "amenity": "drinking_water",
        "name:en": "KawasotI Drinking Water"
      },
      "geometry": {
        "type": "Point",
        "coordinates": [
          84.1264512,
          27.6455388
        ]
      },
      "id": "node/4633937991"
    },
    {
      "type": "Feature",
      "properties": {
        "@id": "node/4646421989",
        "amenity": "drinking_water"
      },
      "geometry": {
        "type": "Point",
        "coordinates": [
          85.1296204,
          25.621471
        ]
      },
      "id": "node/4646421989"
    },
    {
      "type": "Feature",
      "properties": {
        "@id": "node/4658252392",
        "amenity": "drinking_water"
      },
      "geometry": {
        "type": "Point",
        "coordinates": [
          84.312402,
          28.015265
        ]
      },
      "id": "node/4658252392"
    },
    {
      "type": "Feature",
      "properties": {
        "@id": "node/4663113289",
        "amenity": "drinking_water",
        "name:en": "Jamun-dhara"
      },
      "geometry": {
        "type": "Point",
        "coordinates": [
          85.3652961,
          27.7795082
        ]
      },
      "id": "node/4663113289"
    },
    {
      "type": "Feature",
      "properties": {
        "@id": "node/4663113891",
        "amenity": "drinking_water",
        "name:en": "Tallo Kuwa"
      },
      "geometry": {
        "type": "Point",
        "coordinates": [
          85.5317157,
          27.7690397
        ]
      },
      "id": "node/4663113891"
    },
    {
      "type": "Feature",
      "properties": {
        "@id": "node/4665030589",
        "amenity": "drinking_water",
        "name:en": "Dhara"
      },
      "geometry": {
        "type": "Point",
        "coordinates": [
          85.5810291,
          27.6277219
        ]
      },
      "id": "node/4665030589"
    },
    {
      "type": "Feature",
      "properties": {
        "@id": "node/4674571227",
        "amenity": "drinking_water"
      },
      "geometry": {
        "type": "Point",
        "coordinates": [
          78.9329116,
          28.3123288
        ]
      },
      "id": "node/4674571227"
    },
    {
      "type": "Feature",
      "properties": {
        "@id": "node/4691004889",
        "amenity": "drinking_water",
        "name": "संजय कोल्डड्रिंक्स स्टोर",
        "name:en": "Sanjay Colddrinks Store",
        "name:hi": "संजय कोल्डड्रिंक्स स्टोर"
      },
      "geometry": {
        "type": "Point",
        "coordinates": [
          83.783814,
          26.5061506
        ]
      },
      "id": "node/4691004889"
    },
    {
      "type": "Feature",
      "properties": {
        "@id": "node/4691247293",
        "amenity": "drinking_water",
        "name": "Hansa filtered water plant dispenser",
        "name:en": "Hansa filtered water plant dispenser"
      },
      "geometry": {
        "type": "Point",
        "coordinates": [
          74.5466073,
          32.5455796
        ]
      },
      "id": "node/4691247293"
    },
    {
      "type": "Feature",
      "properties": {
        "@id": "node/4706095790",
        "amenity": "drinking_water"
      },
      "geometry": {
        "type": "Point",
        "coordinates": [
          78.0405784,
          27.174402
        ]
      },
      "id": "node/4706095790"
    },
    {
      "type": "Feature",
      "properties": {
        "@id": "node/4706095989",
        "amenity": "drinking_water"
      },
      "geometry": {
        "type": "Point",
        "coordinates": [
          77.9898208,
          27.1573081
        ]
      },
      "id": "node/4706095989"
    },
    {
      "type": "Feature",
      "properties": {
        "@id": "node/4706096089",
        "amenity": "drinking_water"
      },
      "geometry": {
        "type": "Point",
        "coordinates": [
          77.9899156,
          27.1573058
        ]
      },
      "id": "node/4706096089"
    },
    {
      "type": "Feature",
      "properties": {
        "@id": "node/4706380289",
        "amenity": "drinking_water",
        "name:en": "Neupane Thok",
        "name:hi": "न्यैपाने थोक"
      },
      "geometry": {
        "type": "Point",
        "coordinates": [
          85.2857006,
          27.761716
        ]
      },
      "id": "node/4706380289"
    },
    {
      "type": "Feature",
      "properties": {
        "@id": "node/4707866591",
        "amenity": "drinking_water"
      },
      "geometry": {
        "type": "Point",
        "coordinates": [
          77.9896162,
          27.1574558
        ]
      },
      "id": "node/4707866591"
    },
    {
      "type": "Feature",
      "properties": {
        "@id": "node/4707866592",
        "amenity": "drinking_water"
      },
      "geometry": {
        "type": "Point",
        "coordinates": [
          77.9895791,
          27.1570628
        ]
      },
      "id": "node/4707866592"
    },
    {
      "type": "Feature",
      "properties": {
        "@id": "node/4707875389",
        "amenity": "drinking_water"
      },
      "geometry": {
        "type": "Point",
        "coordinates": [
          77.9897939,
          27.1569988
        ]
      },
      "id": "node/4707875389"
    },
    {
      "type": "Feature",
      "properties": {
        "@id": "node/4707875390",
        "amenity": "drinking_water"
      },
      "geometry": {
        "type": "Point",
        "coordinates": [
          77.9898808,
          27.1569898
        ]
      },
      "id": "node/4707875390"
    },
    {
      "type": "Feature",
      "properties": {
        "@id": "node/4708317789",
        "amenity": "drinking_water",
        "name:en": "aryal niwash"
      },
      "geometry": {
        "type": "Point",
        "coordinates": [
          84.1112921,
          27.6374301
        ]
      },
      "id": "node/4708317789"
    },
    {
      "type": "Feature",
      "properties": {
        "@id": "node/4711018895",
        "amenity": "drinking_water",
        "name": "उद्धव हाउस",
        "name:en": "Uddhav house",
        "name:ne": "उद्धव हाउस"
      },
      "geometry": {
        "type": "Point",
        "coordinates": [
          85.3333821,
          27.7127443
        ]
      },
      "id": "node/4711018895"
    },
    {
      "type": "Feature",
      "properties": {
        "@id": "node/4711638790",
        "amenity": "drinking_water",
        "check_date": "2023-03-23",
        "name:en": "ACAP Safe Drinking Water Station"
      },
      "geometry": {
        "type": "Point",
        "coordinates": [
          84.1473396,
          28.615668
        ]
      },
      "id": "node/4711638790"
    },
    {
      "type": "Feature",
      "properties": {
        "@id": "node/4711663293",
        "amenity": "drinking_water",
        "name:en": "ACAP Safe Drinking Water Station"
      },
      "geometry": {
        "type": "Point",
        "coordinates": [
          84.2437893,
          28.5499694
        ]
      },
      "id": "node/4711663293"
    },
    {
      "type": "Feature",
      "properties": {
        "@id": "node/4711668393",
        "addr:city": "Annapurna Rural Municipality, Ward No.10",
        "addr:country": "NP",
        "addr:district": "Kaski",
        "addr:hamlet": "Ghandruk",
        "amenity": "drinking_water",
        "name:en": "ACAP Safe Drinking Water Station"
      },
      "geometry": {
        "type": "Point",
        "coordinates": [
          83.8083953,
          28.3749453
        ]
      },
      "id": "node/4711668393"
    },
    {
      "type": "Feature",
      "properties": {
        "@id": "node/4716543096",
        "amenity": "drinking_water"
      },
      "geometry": {
        "type": "Point",
        "coordinates": [
          83.9706142,
          28.2203996
        ]
      },
      "id": "node/4716543096"
    },
    {
      "type": "Feature",
      "properties": {
        "@id": "node/4716547894",
        "amenity": "drinking_water"
      },
      "geometry": {
        "type": "Point",
        "coordinates": [
          83.97314,
          28.2583525
        ]
      },
      "id": "node/4716547894"
    },
    {
      "type": "Feature",
      "properties": {
        "@id": "node/4716599889",
        "amenity": "drinking_water"
      },
      "geometry": {
        "type": "Point",
        "coordinates": [
          83.9733037,
          28.219265
        ]
      },
      "id": "node/4716599889"
    },
    {
      "type": "Feature",
      "properties": {
        "@id": "node/4726058931",
        "amenity": "drinking_water",
        "man_made": "water_tap"
      },
      "geometry": {
        "type": "Point",
        "coordinates": [
          83.7825919,
          28.2742302
        ]
      },
      "id": "node/4726058931"
    },
    {
      "type": "Feature",
      "properties": {
        "@id": "node/4743835122",
        "amenity": "drinking_water",
        "name": "Mohafiz town water tanky",
        "name:en": "Mohafiz town water tanky"
      },
      "geometry": {
        "type": "Point",
        "coordinates": [
          74.2183858,
          31.4529734
        ]
      },
      "id": "node/4743835122"
    },
    {
      "type": "Feature",
      "properties": {
        "@id": "node/4748202023",
        "amenity": "drinking_water",
        "man_made": "water_tap"
      },
      "geometry": {
        "type": "Point",
        "coordinates": [
          81.3344504,
          28.1894947
        ]
      },
      "id": "node/4748202023"
    },
    {
      "type": "Feature",
      "properties": {
        "@id": "node/4748202025",
        "amenity": "drinking_water",
        "man_made": "water_tap"
      },
      "geometry": {
        "type": "Point",
        "coordinates": [
          81.3346145,
          28.1895093
        ]
      },
      "id": "node/4748202025"
    },
    {
      "type": "Feature",
      "properties": {
        "@id": "node/4748202036",
        "amenity": "drinking_water",
        "man_made": "water_tap"
      },
      "geometry": {
        "type": "Point",
        "coordinates": [
          81.3347408,
          28.1903759
        ]
      },
      "id": "node/4748202036"
    },
    {
      "type": "Feature",
      "properties": {
        "@id": "node/4748215696",
        "amenity": "drinking_water",
        "man_made": "water_tap"
      },
      "geometry": {
        "type": "Point",
        "coordinates": [
          81.3344167,
          28.1894782
        ]
      },
      "id": "node/4748215696"
    },
    {
      "type": "Feature",
      "properties": {
        "@id": "node/4748215948",
        "amenity": "drinking_water",
        "man_made": "water_tap"
      },
      "geometry": {
        "type": "Point",
        "coordinates": [
          81.3334868,
          28.1886415
        ]
      },
      "id": "node/4748215948"
    },
    {
      "type": "Feature",
      "properties": {
        "@id": "node/4748215964",
        "amenity": "drinking_water",
        "man_made": "water_tap"
      },
      "geometry": {
        "type": "Point",
        "coordinates": [
          81.3348581,
          28.1902467
        ]
      },
      "id": "node/4748215964"
    },
    {
      "type": "Feature",
      "properties": {
        "@id": "node/4748228153",
        "amenity": "drinking_water",
        "man_made": "water_well",
        "pump": "manual"
      },
      "geometry": {
        "type": "Point",
        "coordinates": [
          81.3334114,
          28.1886907
        ]
      },
      "id": "node/4748228153"
    },
    {
      "type": "Feature",
      "properties": {
        "@id": "node/4748229132",
        "amenity": "drinking_water",
        "man_made": "water_tap"
      },
      "geometry": {
        "type": "Point",
        "coordinates": [
          81.3276015,
          28.1908105
        ]
      },
      "id": "node/4748229132"
    },
    {
      "type": "Feature",
      "properties": {
        "@id": "node/4748229144",
        "amenity": "drinking_water",
        "man_made": "water_tap"
      },
      "geometry": {
        "type": "Point",
        "coordinates": [
          81.3292095,
          28.1913861
        ]
      },
      "id": "node/4748229144"
    },
    {
      "type": "Feature",
      "properties": {
        "@id": "node/4748245746",
        "amenity": "drinking_water",
        "man_made": "water_tap",
        "name": "handpump"
      },
      "geometry": {
        "type": "Point",
        "coordinates": [
          81.3357313,
          28.1926048
        ]
      },
      "id": "node/4748245746"
    },
    {
      "type": "Feature",
      "properties": {
        "@id": "node/4748251341",
        "amenity": "drinking_water",
        "man_made": "water_tap"
      },
      "geometry": {
        "type": "Point",
        "coordinates": [
          81.3348666,
          28.1902328
        ]
      },
      "id": "node/4748251341"
    },
    {
      "type": "Feature",
      "properties": {
        "@id": "node/4748251344",
        "amenity": "drinking_water",
        "man_made": "water_tap"
      },
      "geometry": {
        "type": "Point",
        "coordinates": [
          81.3347264,
          28.1903389
        ]
      },
      "id": "node/4748251344"
    },
    {
      "type": "Feature",
      "properties": {
        "@id": "node/4748449010",
        "amenity": "drinking_water",
        "man_made": "water_tap",
        "name": "handpump"
      },
      "geometry": {
        "type": "Point",
        "coordinates": [
          81.333797,
          28.1917347
        ]
      },
      "id": "node/4748449010"
    },
    {
      "type": "Feature",
      "properties": {
        "@id": "node/4748487494",
        "amenity": "drinking_water",
        "man_made": "water_well"
      },
      "geometry": {
        "type": "Point",
        "coordinates": [
          81.2416475,
          28.3845508
        ]
      },
      "id": "node/4748487494"
    },
    {
      "type": "Feature",
      "properties": {
        "@id": "node/4748487497",
        "amenity": "drinking_water",
        "man_made": "water_tap"
      },
      "geometry": {
        "type": "Point",
        "coordinates": [
          81.2411016,
          28.3847745
        ]
      },
      "id": "node/4748487497"
    },
    {
      "type": "Feature",
      "properties": {
        "@id": "node/4752618521",
        "amenity": "drinking_water",
        "name:en": "Lokesh Vats Resident"
      },
      "geometry": {
        "type": "Point",
        "coordinates": [
          77.0058143,
          29.1370552
        ]
      },
      "id": "node/4752618521"
    },
    {
      "type": "Feature",
      "properties": {
        "@id": "node/4752732195",
        "amenity": "drinking_water",
        "man_made": "water_tap"
      },
      "geometry": {
        "type": "Point",
        "coordinates": [
          81.0814499,
          28.4273755
        ]
      },
      "id": "node/4752732195"
    },
    {
      "type": "Feature",
      "properties": {
        "@id": "node/4757704760",
        "amenity": "drinking_water",
        "man_made": "water_well",
        "pump": "manual"
      },
      "geometry": {
        "type": "Point",
        "coordinates": [
          81.2036162,
          28.4549573
        ]
      },
      "id": "node/4757704760"
    },
    {
      "type": "Feature",
      "properties": {
        "@id": "node/4757704803",
        "amenity": "drinking_water",
        "man_made": "water_well",
        "pump": "manual"
      },
      "geometry": {
        "type": "Point",
        "coordinates": [
          81.2072017,
          28.4564922
        ]
      },
      "id": "node/4757704803"
    },
    {
      "type": "Feature",
      "properties": {
        "@id": "node/4757704816",
        "amenity": "drinking_water",
        "man_made": "water_well",
        "pump": "manual"
      },
      "geometry": {
        "type": "Point",
        "coordinates": [
          81.2053858,
          28.457174
        ]
      },
      "id": "node/4757704816"
    },
    {
      "type": "Feature",
      "properties": {
        "@id": "node/4757705042",
        "amenity": "drinking_water",
        "man_made": "water_well",
        "pump": "manual"
      },
      "geometry": {
        "type": "Point",
        "coordinates": [
          81.2052852,
          28.4586151
        ]
      },
      "id": "node/4757705042"
    },
    {
      "type": "Feature",
      "properties": {
        "@id": "node/4759558737",
        "amenity": "drinking_water",
        "man_made": "water_tap"
      },
      "geometry": {
        "type": "Point",
        "coordinates": [
          81.0961407,
          28.3874926
        ]
      },
      "id": "node/4759558737"
    },
    {
      "type": "Feature",
      "properties": {
        "@id": "node/4759558747",
        "amenity": "drinking_water",
        "man_made": "water_well"
      },
      "geometry": {
        "type": "Point",
        "coordinates": [
          81.0825549,
          28.4082332
        ]
      },
      "id": "node/4759558747"
    },
    {
      "type": "Feature",
      "properties": {
        "@id": "node/4761179222",
        "amenity": "drinking_water",
        "name:en": "foot trail side"
      },
      "geometry": {
        "type": "Point",
        "coordinates": [
          85.1898917,
          27.699537
        ]
      },
      "id": "node/4761179222"
    },
    {
      "type": "Feature",
      "properties": {
        "@id": "node/4761179223",
        "amenity": "drinking_water",
        "name:en": "local tap from water tank above"
      },
      "geometry": {
        "type": "Point",
        "coordinates": [
          85.1897441,
          27.6996316
        ]
      },
      "id": "node/4761179223"
    },
    {
      "type": "Feature",
      "properties": {
        "@id": "node/4763211067",
        "amenity": "drinking_water"
      },
      "geometry": {
        "type": "Point",
        "coordinates": [
          78.0406326,
          27.1743948
        ]
      },
      "id": "node/4763211067"
    },
    {
      "type": "Feature",
      "properties": {
        "@id": "node/4763212871",
        "amenity": "drinking_water",
        "name": "Cold RO drinking water"
      },
      "geometry": {
        "type": "Point",
        "coordinates": [
          77.9902574,
          27.1572702
        ]
      },
      "id": "node/4763212871"
    },
    {
      "type": "Feature",
      "properties": {
        "@id": "node/4766042323",
        "amenity": "drinking_water"
      },
      "geometry": {
        "type": "Point",
        "coordinates": [
          84.123191,
          28.185429
        ]
      },
      "id": "node/4766042323"
    },
    {
      "type": "Feature",
      "properties": {
        "@id": "node/4774373192",
        "amenity": "drinking_water",
        "name": "simle khane pani",
        "place": "riyale"
      },
      "geometry": {
        "type": "Point",
        "coordinates": [
          84.0851676,
          28.1670887
        ]
      },
      "id": "node/4774373192"
    },
    {
      "type": "Feature",
      "properties": {
        "@id": "node/4785996422",
        "amenity": "drinking_water"
      },
      "geometry": {
        "type": "Point",
        "coordinates": [
          83.9288899,
          28.2580141
        ]
      },
      "id": "node/4785996422"
    },
    {
      "type": "Feature",
      "properties": {
        "@id": "node/4786024922",
        "amenity": "drinking_water",
        "name": "Dhara"
      },
      "geometry": {
        "type": "Point",
        "coordinates": [
          83.9660371,
          28.2991521
        ]
      },
      "id": "node/4786024922"
    },
    {
      "type": "Feature",
      "properties": {
        "@id": "node/4788226025",
        "amenity": "drinking_water"
      },
      "geometry": {
        "type": "Point",
        "coordinates": [
          84.0554287,
          28.1700211
        ]
      },
      "id": "node/4788226025"
    },
    {
      "type": "Feature",
      "properties": {
        "@id": "node/4789384826",
        "amenity": "drinking_water",
        "name:en": "nepal japan khanepani"
      },
      "geometry": {
        "type": "Point",
        "coordinates": [
          88.0714038,
          26.751314
        ]
      },
      "id": "node/4789384826"
    },
    {
      "type": "Feature",
      "properties": {
        "@id": "node/4795961221",
        "amenity": "drinking_water",
        "name": "Dhara"
      },
      "geometry": {
        "type": "Point",
        "coordinates": [
          83.8098878,
          28.3760899
        ]
      },
      "id": "node/4795961221"
    },
    {
      "type": "Feature",
      "properties": {
        "@id": "node/4796072822",
        "amenity": "drinking_water",
        "name": "Dhara"
      },
      "geometry": {
        "type": "Point",
        "coordinates": [
          83.7701465,
          28.3003258
        ]
      },
      "id": "node/4796072822"
    },
    {
      "type": "Feature",
      "properties": {
        "@id": "node/4796345917",
        "amenity": "drinking_water",
        "man_made": "water_tap"
      },
      "geometry": {
        "type": "Point",
        "coordinates": [
          84.0424072,
          28.2050556
        ]
      },
      "id": "node/4796345917"
    },
    {
      "type": "Feature",
      "properties": {
        "@id": "node/4796350028",
        "amenity": "drinking_water",
        "man_made": "water_tap"
      },
      "geometry": {
        "type": "Point",
        "coordinates": [
          84.0411341,
          28.2065561
        ]
      },
      "id": "node/4796350028"
    },
    {
      "type": "Feature",
      "properties": {
        "@id": "node/4806926622",
        "amenity": "drinking_water"
      },
      "geometry": {
        "type": "Point",
        "coordinates": [
          85.5597302,
          27.6169437
        ]
      },
      "id": "node/4806926622"
    },
    {
      "type": "Feature",
      "properties": {
        "@id": "node/4814769493",
        "amenity": "drinking_water"
      },
      "geometry": {
        "type": "Point",
        "coordinates": [
          84.0859588,
          28.1907883
        ]
      },
      "id": "node/4814769493"
    },
    {
      "type": "Feature",
      "properties": {
        "@id": "node/4814828907",
        "amenity": "drinking_water"
      },
      "geometry": {
        "type": "Point",
        "coordinates": [
          84.0891352,
          28.1864319
        ]
      },
      "id": "node/4814828907"
    },
    {
      "type": "Feature",
      "properties": {
        "@id": "node/4814828911",
        "amenity": "drinking_water",
        "description": "Golthe Pani Padhera"
      },
      "geometry": {
        "type": "Point",
        "coordinates": [
          84.1155987,
          28.1881351
        ]
      },
      "id": "node/4814828911"
    },
    {
      "type": "Feature",
      "properties": {
        "@id": "node/4814829038",
        "amenity": "drinking_water"
      },
      "geometry": {
        "type": "Point",
        "coordinates": [
          84.1037165,
          28.1889655
        ]
      },
      "id": "node/4814829038"
    },
    {
      "type": "Feature",
      "properties": {
        "@id": "node/4814829043",
        "amenity": "drinking_water"
      },
      "geometry": {
        "type": "Point",
        "coordinates": [
          84.1122352,
          28.1893833
        ]
      },
      "id": "node/4814829043"
    },
    {
      "type": "Feature",
      "properties": {
        "@id": "node/4814829044",
        "amenity": "drinking_water"
      },
      "geometry": {
        "type": "Point",
        "coordinates": [
          84.1073844,
          28.1905902
        ]
      },
      "id": "node/4814829044"
    },
    {
      "type": "Feature",
      "properties": {
        "@id": "node/4817130086",
        "amenity": "drinking_water"
      },
      "geometry": {
        "type": "Point",
        "coordinates": [
          81.0872168,
          28.4272645
        ]
      },
      "id": "node/4817130086"
    },
    {
      "type": "Feature",
      "properties": {
        "@id": "node/4818236223",
        "amenity": "drinking_water"
      },
      "geometry": {
        "type": "Point",
        "coordinates": [
          84.4076176,
          28.349167
        ]
      },
      "id": "node/4818236223"
    },
    {
      "type": "Feature",
      "properties": {
        "@id": "node/4819884100",
        "amenity": "drinking_water",
        "man_made": "water_tap"
      },
      "geometry": {
        "type": "Point",
        "coordinates": [
          81.17126,
          28.5079831
        ]
      },
      "id": "node/4819884100"
    },
    {
      "type": "Feature",
      "properties": {
        "@id": "node/4819884104",
        "amenity": "drinking_water",
        "man_made": "water_well"
      },
      "geometry": {
        "type": "Point",
        "coordinates": [
          81.1716473,
          28.5082513
        ]
      },
      "id": "node/4819884104"
    },
    {
      "type": "Feature",
      "properties": {
        "@id": "node/4821636688",
        "amenity": "drinking_water",
        "man_made": "water_well"
      },
      "geometry": {
        "type": "Point",
        "coordinates": [
          81.126384,
          28.5761403
        ]
      },
      "id": "node/4821636688"
    },
    {
      "type": "Feature",
      "properties": {
        "@id": "node/4821670563",
        "amenity": "drinking_water",
        "man_made": "water_well"
      },
      "geometry": {
        "type": "Point",
        "coordinates": [
          81.1136658,
          28.4772444
        ]
      },
      "id": "node/4821670563"
    },
    {
      "type": "Feature",
      "properties": {
        "@id": "node/4860922237",
        "amenity": "drinking_water"
      },
      "geometry": {
        "type": "Point",
        "coordinates": [
          81.0686592,
          28.451895
        ]
      },
      "id": "node/4860922237"
    },
    {
      "type": "Feature",
      "properties": {
        "@id": "node/4864272922",
        "amenity": "drinking_water",
        "name": "जोर धरा",
        "name:en": "Jor dhara",
        "name:ne": "जोर धरा"
      },
      "geometry": {
        "type": "Point",
        "coordinates": [
          85.3578028,
          27.7337429
        ]
      },
      "id": "node/4864272922"
    },
    {
      "type": "Feature",
      "properties": {
        "@id": "node/4864623050",
        "amenity": "drinking_water",
        "name": "Town Water Supplies",
        "name:en": "Town Water Supplies"
      },
      "geometry": {
        "type": "Point",
        "coordinates": [
          74.3698159,
          32.7034636
        ]
      },
      "id": "node/4864623050"
    },
    {
      "type": "Feature",
      "properties": {
        "@id": "node/4867613131",
        "amenity": "drinking_water",
        "check_date": "2026-03-21",
        "man_made": "water_tap"
      },
      "geometry": {
        "type": "Point",
        "coordinates": [
          88.3531022,
          22.5530947
        ]
      },
      "id": "node/4867613131"
    },
    {
      "type": "Feature",
      "properties": {
        "@id": "node/4871343023",
        "amenity": "drinking_water",
        "name": "Drinking Water Station",
        "name:en": "Drinking Water Station"
      },
      "geometry": {
        "type": "Point",
        "coordinates": [
          88.3653851,
          22.5438342
        ]
      },
      "id": "node/4871343023"
    },
    {
      "type": "Feature",
      "properties": {
        "@id": "node/4871474621",
        "amenity": "drinking_water",
        "name": "Drinking Water Station",
        "name:en": "Drinking Water Station"
      },
      "geometry": {
        "type": "Point",
        "coordinates": [
          88.3622048,
          22.5489666
        ]
      },
      "id": "node/4871474621"
    },
    {
      "type": "Feature",
      "properties": {
        "@id": "node/4877235927",
        "amenity": "drinking_water",
        "name": "Handpump"
      },
      "geometry": {
        "type": "Point",
        "coordinates": [
          78.587947,
          27.1103917
        ]
      },
      "id": "node/4877235927"
    },
    {
      "type": "Feature",
      "properties": {
        "@id": "node/4877235956",
        "amenity": "drinking_water",
        "name": "Hand Pump"
      },
      "geometry": {
        "type": "Point",
        "coordinates": [
          78.5872707,
          27.1109255
        ]
      },
      "id": "node/4877235956"
    },
    {
      "type": "Feature",
      "properties": {
        "@id": "node/4880320721",
        "amenity": "drinking_water",
        "check_date": "2025-06-17",
        "man_made": "water_tap",
        "name": "Drinking Water Station",
        "name:en": "Drinking Water Station"
      },
      "geometry": {
        "type": "Point",
        "coordinates": [
          88.370321,
          22.5450929
        ]
      },
      "id": "node/4880320721"
    },
    {
      "type": "Feature",
      "properties": {
        "@id": "node/4880321021",
        "amenity": "drinking_water",
        "name": "Drinking Water Station",
        "name:en": "Drinking Water Station"
      },
      "geometry": {
        "type": "Point",
        "coordinates": [
          88.357408,
          22.5564483
        ]
      },
      "id": "node/4880321021"
    },
    {
      "type": "Feature",
      "properties": {
        "@id": "node/4881024423",
        "amenity": "drinking_water"
      },
      "geometry": {
        "type": "Point",
        "coordinates": [
          76.3613395,
          32.1875294
        ]
      },
      "id": "node/4881024423"
    },
    {
      "type": "Feature",
      "properties": {
        "@id": "node/4881365321",
        "amenity": "drinking_water",
        "man_made": "water_tap",
        "name": "Drinking Water Station",
        "name:en": "Drinking Water Station"
      },
      "geometry": {
        "type": "Point",
        "coordinates": [
          88.3707356,
          22.5487153
        ]
      },
      "id": "node/4881365321"
    },
    {
      "type": "Feature",
      "properties": {
        "@id": "node/4891256928",
        "amenity": "drinking_water",
        "name": "Drinking Water Station",
        "name:en": "Drinking Water Station"
      },
      "geometry": {
        "type": "Point",
        "coordinates": [
          88.3609608,
          22.5606105
        ]
      },
      "id": "node/4891256928"
    },
    {
      "type": "Feature",
      "properties": {
        "@id": "node/4891258741",
        "amenity": "drinking_water",
        "fountain": "bottle_refill",
        "name": "Drinking Water Station",
        "name:en": "Drinking Water Station"
      },
      "geometry": {
        "type": "Point",
        "coordinates": [
          88.3720636,
          22.5454037
        ]
      },
      "id": "node/4891258741"
    },
    {
      "type": "Feature",
      "properties": {
        "@id": "node/4891258958",
        "amenity": "drinking_water",
        "name": "Drinking Water Station",
        "name:en": "Drinking Water Station"
      },
      "geometry": {
        "type": "Point",
        "coordinates": [
          88.3663192,
          22.5490886
        ]
      },
      "id": "node/4891258958"
    },
    {
      "type": "Feature",
      "properties": {
        "@id": "node/4891347722",
        "amenity": "drinking_water",
        "name": "Drinking Water Station",
        "name:en": "Drinking Water Station"
      },
      "geometry": {
        "type": "Point",
        "coordinates": [
          88.3668306,
          22.5605611
        ]
      },
      "id": "node/4891347722"
    },
    {
      "type": "Feature",
      "properties": {
        "@id": "node/4893741522",
        "amenity": "drinking_water",
        "name:en": "OHT"
      },
      "geometry": {
        "type": "Point",
        "coordinates": [
          84.4806116,
          28.0691875
        ]
      },
      "id": "node/4893741522"
    },
    {
      "type": "Feature",
      "properties": {
        "@id": "node/4899530323",
        "amenity": "drinking_water",
        "name": "Drinking Water Station",
        "name:en": "Drinking Water Station"
      },
      "geometry": {
        "type": "Point",
        "coordinates": [
          84.9921404,
          24.6958546
        ]
      },
      "id": "node/4899530323"
    },
    {
      "type": "Feature",
      "properties": {
        "@id": "node/4899554621",
        "amenity": "drinking_water",
        "name": "Drinking Water Station",
        "name:en": "Drinking Water Station"
      },
      "geometry": {
        "type": "Point",
        "coordinates": [
          84.9907522,
          24.6966163
        ]
      },
      "id": "node/4899554621"
    },
    {
      "type": "Feature",
      "properties": {
        "@id": "node/4901605622",
        "amenity": "drinking_water",
        "name": "Drinking Water Station",
        "name:en": "Drinking Water Station"
      },
      "geometry": {
        "type": "Point",
        "coordinates": [
          84.9884336,
          24.6976883
        ]
      },
      "id": "node/4901605622"
    },
    {
      "type": "Feature",
      "properties": {
        "@id": "node/4901607421",
        "amenity": "drinking_water",
        "name": "Drinking Water Station",
        "name:en": "Drinking Water Station"
      },
      "geometry": {
        "type": "Point",
        "coordinates": [
          84.9846357,
          24.6920781
        ]
      },
      "id": "node/4901607421"
    },
    {
      "type": "Feature",
      "properties": {
        "@id": "node/4905488714",
        "amenity": "drinking_water",
        "drinking_water": "yes",
        "godwarimuncipality": "bistachhap 2",
        "man_made": "water_well",
        "operator": "privatei"
      },
      "geometry": {
        "type": "Point",
        "coordinates": [
          85.3723093,
          27.6058084
        ]
      },
      "id": "node/4905488714"
    },
    {
      "type": "Feature",
      "properties": {
        "@id": "node/4905532338",
        "amenity": "drinking_water"
      },
      "geometry": {
        "type": "Point",
        "coordinates": [
          87.9179017,
          22.1633406
        ]
      },
      "id": "node/4905532338"
    },
    {
      "type": "Feature",
      "properties": {
        "@id": "node/4905573966",
        "amenity": "drinking_water",
        "public_tap": "yes"
      },
      "geometry": {
        "type": "Point",
        "coordinates": [
          85.3463419,
          27.6270927
        ]
      },
      "id": "node/4905573966"
    },
    {
      "type": "Feature",
      "properties": {
        "@id": "node/4905614713",
        "amenity": "drinking_water",
        "drinking_water": "yes",
        "godawari municipality": "rachantar",
        "man_made": "storage_tank",
        "operator:type": "public"
      },
      "geometry": {
        "type": "Point",
        "coordinates": [
          85.373209,
          27.6037825
        ]
      },
      "id": "node/4905614713"
    },
    {
      "type": "Feature",
      "properties": {
        "@id": "node/4907285321",
        "amenity": "drinking_water",
        "check_date": "2023-08-27",
        "man_made": "water_tap",
        "name": "Drinking Water Station",
        "name:en": "Drinking Water Station"
      },
      "geometry": {
        "type": "Point",
        "coordinates": [
          77.2192801,
          28.6434
        ]
      },
      "id": "node/4907285321"
    },
    {
      "type": "Feature",
      "properties": {
        "@id": "node/4907664321",
        "amenity": "drinking_water",
        "name": "Drinking Water Station",
        "name:en": "Drinking Water Station"
      },
      "geometry": {
        "type": "Point",
        "coordinates": [
          77.2064206,
          28.6282709
        ]
      },
      "id": "node/4907664321"
    },
    {
      "type": "Feature",
      "properties": {
        "@id": "node/4908201926",
        "amenity": "drinking_water",
        "name": "एस. एस. पानी आपूर्ति",
        "name:en": "S.S. Water Supply",
        "name:ne": "एस. एस. पानी आपूर्ति"
      },
      "geometry": {
        "type": "Point",
        "coordinates": [
          85.3082523,
          27.7007034
        ]
      },
      "id": "node/4908201926"
    },
    {
      "type": "Feature",
      "properties": {
        "@id": "node/4908511882",
        "amenity": "drinking_water",
        "drinking_water": "yes",
        "godawari municipality": "bistachhap 2",
        "operator:type": "public"
      },
      "geometry": {
        "type": "Point",
        "coordinates": [
          85.3739196,
          27.6091084
        ]
      },
      "id": "node/4908511882"
    },
    {
      "type": "Feature",
      "properties": {
        "@id": "node/4908532222",
        "addr:postcode": "110006",
        "amenity": "drinking_water",
        "name": "Drinking Water Station",
        "name:en": "Drinking Water Station"
      },
      "geometry": {
        "type": "Point",
        "coordinates": [
          77.2347281,
          28.65166
        ]
      },
      "id": "node/4908532222"
    },
    {
      "type": "Feature",
      "properties": {
        "@id": "node/4908610221",
        "amenity": "drinking_water"
      },
      "geometry": {
        "type": "Point",
        "coordinates": [
          77.2456619,
          28.6390079
        ]
      },
      "id": "node/4908610221"
    },
    {
      "type": "Feature",
      "properties": {
        "@id": "node/4908617324",
        "amenity": "drinking_water"
      },
      "geometry": {
        "type": "Point",
        "coordinates": [
          77.2510218,
          28.6402763
        ]
      },
      "id": "node/4908617324"
    },
    {
      "type": "Feature",
      "properties": {
        "@id": "node/4909216226",
        "amenity": "drinking_water",
        "name:en": "public tap"
      },
      "geometry": {
        "type": "Point",
        "coordinates": [
          85.3110125,
          27.7612743
        ]
      },
      "id": "node/4909216226"
    },
    {
      "type": "Feature",
      "properties": {
        "@id": "node/4911878321",
        "amenity": "drinking_water",
        "name": "Drinking Water Station",
        "name:en": "Drinking Water Station"
      },
      "geometry": {
        "type": "Point",
        "coordinates": [
          77.279106,
          28.6143874
        ]
      },
      "id": "node/4911878321"
    },
    {
      "type": "Feature",
      "properties": {
        "@id": "node/4916550363",
        "amenity": "drinking_water",
        "man_made": "water_well"
      },
      "geometry": {
        "type": "Point",
        "coordinates": [
          81.0434,
          28.4342113
        ]
      },
      "id": "node/4916550363"
    },
    {
      "type": "Feature",
      "properties": {
        "@id": "node/4921704700",
        "addr:place": "dhobidhara 28",
        "addr:street": "putalisadak",
        "amenity": "drinking_water",
        "drinking_water": "yes",
        "man_made": "storage_tank"
      },
      "geometry": {
        "type": "Point",
        "coordinates": [
          85.3233818,
          27.7079053
        ]
      },
      "id": "node/4921704700"
    },
    {
      "type": "Feature",
      "properties": {
        "@id": "node/4921707961",
        "addr:city": "municipality",
        "addr:street": "yangal",
        "addr:tole": "yangal",
        "addr:ward": "21",
        "amenity": "drinking_water",
        "man_made": "storage_tank"
      },
      "geometry": {
        "type": "Point",
        "coordinates": [
          85.3678362,
          27.7223386
        ]
      },
      "id": "node/4921707961"
    },
    {
      "type": "Feature",
      "properties": {
        "@id": "node/4921963497",
        "addr:place": "kuleshwor 14",
        "addr:street": "bazar margh",
        "amenity": "drinking_water",
        "drinking_water": "yes",
        "man_made": "water_well",
        "operator:type": "public"
      },
      "geometry": {
        "type": "Point",
        "coordinates": [
          85.2958347,
          27.6893938
        ]
      },
      "id": "node/4921963497"
    },
    {
      "type": "Feature",
      "properties": {
        "@id": "node/4921963498",
        "addr:place": "kuleshwor 14",
        "amenity": "drinking_water",
        "drinking_water": "yes",
        "man_made": "storage_tank",
        "name:en": "Ramesh daiko kotha"
      },
      "geometry": {
        "type": "Point",
        "coordinates": [
          85.295115,
          27.6903131
        ]
      },
      "id": "node/4921963498"
    },
    {
      "type": "Feature",
      "properties": {
        "@id": "node/4923669288",
        "addr:place": "ranibari-3",
        "addr:street": "Puranodhunge Dhara Marga",
        "amenity": "drinking_water",
        "name": "Purano Dhunge Dhara",
        "opening_hours": "24 hours",
        "operator": "publice"
      },
      "geometry": {
        "type": "Point",
        "coordinates": [
          85.3230297,
          27.7290091
        ]
      },
      "id": "node/4923669288"
    },
    {
      "type": "Feature",
      "properties": {
        "@id": "node/4925784949",
        "addr:city": "kathmandu municipality",
        "addr:place": "ranibari-3",
        "addr:street": "dhunge dhara marga",
        "amenity": "drinking_water",
        "name": "Public Tap"
      },
      "geometry": {
        "type": "Point",
        "coordinates": [
          85.3212747,
          27.7274496
        ]
      },
      "id": "node/4925784949"
    },
    {
      "type": "Feature",
      "properties": {
        "@id": "node/4928485625",
        "addr:city": "kathmandu municipality",
        "addr:place": "pepsicola-32",
        "addr:street": "Sinamangal Marga",
        "amenity": "drinking_water",
        "name": "public tap"
      },
      "geometry": {
        "type": "Point",
        "coordinates": [
          85.3612574,
          27.6907015
        ]
      },
      "id": "node/4928485625"
    },
    {
      "type": "Feature",
      "properties": {
        "@id": "node/4928590547",
        "addr:city": "kathmandu municipality",
        "addr:place": "jadibuti 32",
        "addr:street": "kalo op marga",
        "amenity": "drinking_water",
        "name": "public tap"
      },
      "geometry": {
        "type": "Point",
        "coordinates": [
          85.3501651,
          27.6737521
        ]
      },
      "id": "node/4928590547"
    },
    {
      "type": "Feature",
      "properties": {
        "@id": "node/4933478821",
        "amenity": "drinking_water",
        "name:en": "khanepani office"
      },
      "geometry": {
        "type": "Point",
        "coordinates": [
          84.5627145,
          27.8547791
        ]
      },
      "id": "node/4933478821"
    },
    {
      "type": "Feature",
      "properties": {
        "@id": "node/4934191924",
        "amenity": "drinking_water"
      },
      "geometry": {
        "type": "Point",
        "coordinates": [
          77.2392049,
          28.6559374
        ]
      },
      "id": "node/4934191924"
    },
    {
      "type": "Feature",
      "properties": {
        "@id": "node/4935282524",
        "amenity": "drinking_water",
        "name:en": "Dhara Pakha"
      },
      "geometry": {
        "type": "Point",
        "coordinates": [
          85.3155335,
          27.6485094
        ]
      },
      "id": "node/4935282524"
    },
    {
      "type": "Feature",
      "properties": {
        "@id": "node/4964144321",
        "amenity": "drinking_water",
        "name": "himalaya processed drinking water",
        "name:en": "himalaya processed drinking water"
      },
      "geometry": {
        "type": "Point",
        "coordinates": [
          87.2588117,
          26.4435728
        ]
      },
      "id": "node/4964144321"
    },
    {
      "type": "Feature",
      "properties": {
        "@id": "node/4976469667",
        "amenity": "drinking_water",
        "name": "School Drinking Water Storage"
      },
      "geometry": {
        "type": "Point",
        "coordinates": [
          76.8922146,
          28.737633
        ]
      },
      "id": "node/4976469667"
    },
    {
      "type": "Feature",
      "properties": {
        "@id": "node/4976527719",
        "amenity": "drinking_water"
      },
      "geometry": {
        "type": "Point",
        "coordinates": [
          81.1555398,
          28.5285349
        ]
      },
      "id": "node/4976527719"
    },
    {
      "type": "Feature",
      "properties": {
        "@id": "node/4978956562",
        "amenity": "drinking_water",
        "man_made": "water_tap"
      },
      "geometry": {
        "type": "Point",
        "coordinates": [
          81.1223638,
          28.4576171
        ]
      },
      "id": "node/4978956562"
    },
    {
      "type": "Feature",
      "properties": {
        "@id": "node/4979031473",
        "amenity": "drinking_water",
        "man_made": "water_tap"
      },
      "geometry": {
        "type": "Point",
        "coordinates": [
          81.1612221,
          28.4858411
        ]
      },
      "id": "node/4979031473"
    },
    {
      "type": "Feature",
      "properties": {
        "@id": "node/4982467563",
        "amenity": "drinking_water",
        "man_made": "water_tap"
      },
      "geometry": {
        "type": "Point",
        "coordinates": [
          81.2079631,
          28.4729873
        ]
      },
      "id": "node/4982467563"
    },
    {
      "type": "Feature",
      "properties": {
        "@id": "node/4987805114",
        "addr:city": "Madhyapur Thimi Municipality",
        "addr:place": "Pacho - 6",
        "addr:street": "Pacho Marga",
        "amenity": "drinking_water",
        "drinking_water": "yes",
        "man_made": "water_tap",
        "name": "Pacho Tap",
        "operator": "Public"
      },
      "geometry": {
        "type": "Point",
        "coordinates": [
          85.3876269,
          27.6822222
        ]
      },
      "id": "node/4987805114"
    },
    {
      "type": "Feature",
      "properties": {
        "@id": "node/4989602582",
        "addr:place": "Yama tole",
        "addr:street": "purano thimi",
        "amenity": "drinking_water",
        "drinking_water": "yes",
        "man_made": "yes"
      },
      "geometry": {
        "type": "Point",
        "coordinates": [
          85.3847018,
          27.6765084
        ]
      },
      "id": "node/4989602582"
    },
    {
      "type": "Feature",
      "properties": {
        "@id": "node/4989602585",
        "addr:place": "Po tole",
        "addr:street": "purano thimi",
        "amenity": "drinking_water",
        "drinking_water": "yes",
        "man_made": "yes"
      },
      "geometry": {
        "type": "Point",
        "coordinates": [
          85.3844996,
          27.6763416
        ]
      },
      "id": "node/4989602585"
    },
    {
      "type": "Feature",
      "properties": {
        "@id": "node/4989602587",
        "addr:place": "Bishunu bir marg",
        "addr:street": "purano thimi",
        "amenity": "drinking_water",
        "drinking_water": "yes",
        "man_made": "yes"
      },
      "geometry": {
        "type": "Point",
        "coordinates": [
          85.3844799,
          27.6759615
        ]
      },
      "id": "node/4989602587"
    },
    {
      "type": "Feature",
      "properties": {
        "@id": "node/4989602588",
        "addr:place": "Bishunu bir marg",
        "addr:street": "purano thimi",
        "amenity": "drinking_water",
        "drinking_water": "yes",
        "man_made": "yes"
      },
      "geometry": {
        "type": "Point",
        "coordinates": [
          85.3840366,
          27.6758083
        ]
      },
      "id": "node/4989602588"
    },
    {
      "type": "Feature",
      "properties": {
        "@id": "node/4989602589",
        "addr:street": "purano thimi",
        "amenity": "drinking_water",
        "drinking_water": "yes",
        "man_made": "yes"
      },
      "geometry": {
        "type": "Point",
        "coordinates": [
          85.3846671,
          27.6751128
        ]
      },
      "id": "node/4989602589"
    },
    {
      "type": "Feature",
      "properties": {
        "@id": "node/5002532983",
        "addr:city": "bhaktapur municipality",
        "addr:place": "lilbali-8",
        "amenity": "drinking_water",
        "drinking_water": "yes",
        "man_made": "storage_tank",
        "name": "Nepal red cross society"
      },
      "geometry": {
        "type": "Point",
        "coordinates": [
          85.4400113,
          27.6683877
        ]
      },
      "id": "node/5002532983"
    },
    {
      "type": "Feature",
      "properties": {
        "@id": "node/5021937089",
        "addr:place": "Gude tal",
        "amenity": "drinking_water",
        "drinking_water": "yes",
        "man_made": "storage_tank"
      },
      "geometry": {
        "type": "Point",
        "coordinates": [
          84.0437418,
          28.1895061
        ]
      },
      "id": "node/5021937089"
    },
    {
      "type": "Feature",
      "properties": {
        "@id": "node/5023743189",
        "addr:city": "pokhara lekthnath municipility",
        "amenity": "drinking_water",
        "drinking_water": "yes",
        "man_made": "water_tap",
        "operator:type": "public"
      },
      "geometry": {
        "type": "Point",
        "coordinates": [
          83.9840479,
          28.2423194
        ]
      },
      "id": "node/5023743189"
    },
    {
      "type": "Feature",
      "properties": {
        "@id": "node/5025460596",
        "addr:city": "P.L.M",
        "addr:place": "Daurali Tole - 14",
        "amenity": "drinking_water",
        "content": "water",
        "drinking_water": "yes",
        "man_made": "storage_tank",
        "opening_hours": "Su-Sa 1:00-24:00",
        "operator:type": "public"
      },
      "geometry": {
        "type": "Point",
        "coordinates": [
          84.0129206,
          28.1810802
        ]
      },
      "id": "node/5025460596"
    },
    {
      "type": "Feature",
      "properties": {
        "@id": "node/5025739694",
        "addr:city": "Pokhara Lekhanath Metropolitan City",
        "amenity": "drinking_water",
        "man_made": "yes",
        "name": "Devisthan Public Tap",
        "operator": "Public"
      },
      "geometry": {
        "type": "Point",
        "coordinates": [
          83.9557426,
          28.2109874
        ]
      },
      "id": "node/5025739694"
    },
    {
      "type": "Feature",
      "properties": {
        "@id": "node/5025739695",
        "addr:city": "Pokhara Lekhanath Metropolitan City",
        "amenity": "drinking_water",
        "man_made": "yes",
        "operator": "Public"
      },
      "geometry": {
        "type": "Point",
        "coordinates": [
          83.9552574,
          28.2124168
        ]
      },
      "id": "node/5025739695"
    },
    {
      "type": "Feature",
      "properties": {
        "@id": "node/5025792745",
        "amenity": "drinking_water"
      },
      "geometry": {
        "type": "Point",
        "coordinates": [
          83.9665988,
          28.2092513
        ]
      },
      "id": "node/5025792745"
    },
    {
      "type": "Feature",
      "properties": {
        "@id": "node/5026186316",
        "amenity": "drinking_water",
        "drinking_water": "yes",
        "man_made": "water_tap",
        "operator:type": "public"
      },
      "geometry": {
        "type": "Point",
        "coordinates": [
          83.9723682,
          28.2087786
        ]
      },
      "id": "node/5026186316"
    },
    {
      "type": "Feature",
      "properties": {
        "@id": "node/5026233862",
        "amenity": "drinking_water",
        "name": "Well",
        "operator": "Public"
      },
      "geometry": {
        "type": "Point",
        "coordinates": [
          83.9809361,
          28.2449793
        ]
      },
      "id": "node/5026233862"
    },
    {
      "type": "Feature",
      "properties": {
        "@id": "node/5026267422",
        "addr:city": "Pokhara Lekhnath Metropolitan City",
        "addr:place": "Sarangkot",
        "amenity": "drinking_water",
        "name": "Public Tap"
      },
      "geometry": {
        "type": "Point",
        "coordinates": [
          83.957309,
          28.242864
        ]
      },
      "id": "node/5026267422"
    },
    {
      "type": "Feature",
      "properties": {
        "@id": "node/5027683944",
        "amenity": "drinking_water"
      },
      "geometry": {
        "type": "Point",
        "coordinates": [
          83.9371274,
          28.2789599
        ]
      },
      "id": "node/5027683944"
    },
    {
      "type": "Feature",
      "properties": {
        "@id": "node/5027683945",
        "amenity": "drinking_water"
      },
      "geometry": {
        "type": "Point",
        "coordinates": [
          83.9375411,
          28.2791259
        ]
      },
      "id": "node/5027683945"
    },
    {
      "type": "Feature",
      "properties": {
        "@id": "node/5027693378",
        "amenity": "drinking_water"
      },
      "geometry": {
        "type": "Point",
        "coordinates": [
          83.9397794,
          28.275141
        ]
      },
      "id": "node/5027693378"
    },
    {
      "type": "Feature",
      "properties": {
        "@id": "node/5027693379",
        "amenity": "drinking_water"
      },
      "geometry": {
        "type": "Point",
        "coordinates": [
          83.9640239,
          28.256868
        ]
      },
      "id": "node/5027693379"
    },
    {
      "type": "Feature",
      "properties": {
        "@id": "node/5027707572",
        "addr:city": "Pokhara Lekhnath M.City",
        "addr:place": "Lamachaur",
        "addr:street": "Sahardahar",
        "amenity": "drinking_water",
        "drinking_water": "yes",
        "man_made": "water_tap",
        "name": "Sahardahar Dhara",
        "operator": "community"
      },
      "geometry": {
        "type": "Point",
        "coordinates": [
          83.9692006,
          28.2675617
        ]
      },
      "id": "node/5027707572"
    },
    {
      "type": "Feature",
      "properties": {
        "@id": "node/5027723139",
        "addr:city": "Pokhara Lekhnath Metropolitan City",
        "addr:place": "Chhimeki Tole",
        "addr:street": "lekhnath Reathepani",
        "amenity": "drinking_water",
        "drinking_water": "yes",
        "man_made": "water_tap",
        "name": "Redcross Dhara"
      },
      "geometry": {
        "type": "Point",
        "coordinates": [
          84.0476418,
          28.1652952
        ]
      },
      "id": "node/5027723139"
    },
    {
      "type": "Feature",
      "properties": {
        "@id": "node/5027723140",
        "addr:place": "Buddha Tole",
        "addr:street": "lekhnath Reathepani",
        "amenity": "drinking_water",
        "drinking_water": "yes",
        "man_made": "water_tap",
        "name": "Redcross Dhara",
        "operator": "community"
      },
      "geometry": {
        "type": "Point",
        "coordinates": [
          84.0460713,
          28.1696744
        ]
      },
      "id": "node/5027723140"
    },
    {
      "type": "Feature",
      "properties": {
        "@id": "node/5027723141",
        "addr:city": "Pokhara Lekhnath Metropolitan City",
        "addr:place": "Buddha Tole",
        "addr:street": "lekhnath Reathepani",
        "amenity": "drinking_water",
        "drinking_water": "yes",
        "man_made": "water_tap",
        "name": "Redcross Dhara",
        "operator": "community"
      },
      "geometry": {
        "type": "Point",
        "coordinates": [
          84.0457951,
          28.1721388
        ]
      },
      "id": "node/5027723141"
    },
    {
      "type": "Feature",
      "properties": {
        "@id": "node/5027744706",
        "addr:place": "bhawani chowk",
        "amenity": "drinking_water",
        "drinking_water": "yes",
        "man_made": "water_tap",
        "operator": "Public"
      },
      "geometry": {
        "type": "Point",
        "coordinates": [
          84.0311051,
          28.1951547
        ]
      },
      "id": "node/5027744706"
    },
    {
      "type": "Feature",
      "properties": {
        "@id": "node/5027767973",
        "amenity": "drinking_water",
        "drinking_water": "yes",
        "man_made": "water_tap",
        "operator:type": "public"
      },
      "geometry": {
        "type": "Point",
        "coordinates": [
          84.0436637,
          28.1992716
        ]
      },
      "id": "node/5027767973"
    },
    {
      "type": "Feature",
      "properties": {
        "@id": "node/5027769325",
        "addr:city": "Pokhara Lekhnath M.City",
        "addr:place": "Chrunga",
        "addr:street": "patlechaur ,Chrunga",
        "amenity": "drinking_water",
        "man_made": "water_tap",
        "name": "patlechaur Public Water Tap",
        "operator": "Community"
      },
      "geometry": {
        "type": "Point",
        "coordinates": [
          83.9571474,
          28.3005484
        ]
      },
      "id": "node/5027769325"
    },
    {
      "type": "Feature",
      "properties": {
        "@id": "node/5027794468",
        "addr:city": "Pokhara Lekhnath M.City",
        "addr:place": "Puranchaur",
        "amenity": "drinking_water",
        "man_made": "water_tap",
        "name": "Puranchaur Public Tap"
      },
      "geometry": {
        "type": "Point",
        "coordinates": [
          83.9476296,
          28.2916725
        ]
      },
      "id": "node/5027794468"
    },
    {
      "type": "Feature",
      "properties": {
        "@id": "node/5027803893",
        "amenity": "drinking_water",
        "name": "Sanglepani Public Tap"
      },
      "geometry": {
        "type": "Point",
        "coordinates": [
          83.9621839,
          28.2816367
        ]
      },
      "id": "node/5027803893"
    },
    {
      "type": "Feature",
      "properties": {
        "@id": "node/5027809202",
        "amenity": "drinking_water",
        "name": "Gharmi Public Tap"
      },
      "geometry": {
        "type": "Point",
        "coordinates": [
          83.9643002,
          28.2785543
        ]
      },
      "id": "node/5027809202"
    },
    {
      "type": "Feature",
      "properties": {
        "@id": "node/5027817531",
        "amenity": "drinking_water",
        "name": "Gharmi Pond and Pubic Tap"
      },
      "geometry": {
        "type": "Point",
        "coordinates": [
          83.9709547,
          28.2736622
        ]
      },
      "id": "node/5027817531"
    },
    {
      "type": "Feature",
      "properties": {
        "@id": "node/5027817546",
        "addr:city": "Pokhara Lekhnath Metropolitan City",
        "addr:place": "Deurali",
        "addr:street": "Begnastal Taalbesi",
        "amenity": "drinking_water",
        "man_made": "storage_tank",
        "name": "Kurlung Khola Khane Pani Yojana "
      },
      "geometry": {
        "type": "Point",
        "coordinates": [
          84.105505,
          28.1600244
        ]
      },
      "id": "node/5027817546"
    },
    {
      "type": "Feature",
      "properties": {
        "@id": "node/5027994903",
        "addr:place": "Majheri patan-14",
        "addr:street": "Radha Krishna Tole",
        "amenity": "drinking_water",
        "drinking_water": "yes",
        "man_made": "water_tap",
        "operator:type": "public"
      },
      "geometry": {
        "type": "Point",
        "coordinates": [
          84.026976,
          28.1827003
        ]
      },
      "id": "node/5027994903"
    },
    {
      "type": "Feature",
      "properties": {
        "@id": "node/5028164635",
        "addr:city": "Pokhara Lekhnath Metropolitian City",
        "addr:place": "Parajuli Gau",
        "amenity": "drinking_water",
        "drinking_water": "yes",
        "man_made": "water_tap",
        "name": "Parajuligaun public Tap"
      },
      "geometry": {
        "type": "Point",
        "coordinates": [
          83.9873356,
          28.1568793
        ]
      },
      "id": "node/5028164635"
    },
    {
      "type": "Feature",
      "properties": {
        "@id": "node/5028164637",
        "addr:city": "Pokhara Lekhnath Metropolitian City",
        "addr:place": "Parajuli Gau",
        "amenity": "drinking_water",
        "drinking_water": "yes",
        "man_made": "water_tap",
        "name": "Parajuligaun public Tap"
      },
      "geometry": {
        "type": "Point",
        "coordinates": [
          83.9889894,
          28.15563
        ]
      },
      "id": "node/5028164637"
    },
    {
      "type": "Feature",
      "properties": {
        "@id": "node/5028164642",
        "addr:city": "Pokhara Lekhnath Metropolitian City",
        "addr:place": "Sunar Gau",
        "amenity": "drinking_water",
        "drinking_water": "yes",
        "man_made": "water_tap",
        "name": "Sunar Gau Public Tap"
      },
      "geometry": {
        "type": "Point",
        "coordinates": [
          83.991369,
          28.1540296
        ]
      },
      "id": "node/5028164642"
    },
    {
      "type": "Feature",
      "properties": {
        "@id": "node/5028164644",
        "amenity": "drinking_water",
        "drinking_water": "yes",
        "man_made": "water_tap",
        "operator:type": "public"
      },
      "geometry": {
        "type": "Point",
        "coordinates": [
          83.9876729,
          28.1582106
        ]
      },
      "id": "node/5028164644"
    },
    {
      "type": "Feature",
      "properties": {
        "@id": "node/5031517907",
        "addr:place": "Ram Bazzar-30",
        "addr:street": "Dahar No. 2",
        "amenity": "drinking_water",
        "drinking_water": "yes",
        "man_made": "water_tap",
        "name": "Rambazzar Dhunge Dharo",
        "operator:type": "public"
      },
      "geometry": {
        "type": "Point",
        "coordinates": [
          84.0831119,
          28.1378345
        ]
      },
      "id": "node/5031517907"
    },
    {
      "type": "Feature",
      "properties": {
        "@id": "node/5031542915",
        "addr:city": "Pokhara-lekhnath Metropolitian City",
        "addr:place": "Thuldhunga-33",
        "addr:street": "Bagmara Road",
        "amenity": "drinking_water",
        "drinking_water": "yes",
        "name": "Public Tap"
      },
      "geometry": {
        "type": "Point",
        "coordinates": [
          84.0233704,
          28.1558671
        ]
      },
      "id": "node/5031542915"
    },
    {
      "type": "Feature",
      "properties": {
        "@id": "node/5031542917",
        "addr:city": "Pokhara-lekhnath Metropolitian City",
        "addr:place": "Thuldhunga-33",
        "addr:street": "Bagmara Road",
        "amenity": "drinking_water",
        "drinking_water": "yes",
        "estd": "2058/6/16 B.S.",
        "name": "Public Tap"
      },
      "geometry": {
        "type": "Point",
        "coordinates": [
          84.0229493,
          28.1558458
        ]
      },
      "id": "node/5031542917"
    },
    {
      "type": "Feature",
      "properties": {
        "@id": "node/5031561440",
        "amenity": "drinking_water"
      },
      "geometry": {
        "type": "Point",
        "coordinates": [
          84.0911606,
          28.1097019
        ]
      },
      "id": "node/5031561440"
    },
    {
      "type": "Feature",
      "properties": {
        "@id": "node/5031561451",
        "amenity": "drinking_water"
      },
      "geometry": {
        "type": "Point",
        "coordinates": [
          84.0912196,
          28.1224613
        ]
      },
      "id": "node/5031561451"
    },
    {
      "type": "Feature",
      "properties": {
        "@id": "node/5031575686",
        "amenity": "drinking_water",
        "description": "for drinking water purpose",
        "name": "Shanti_Drinking_Water"
      },
      "geometry": {
        "type": "Point",
        "coordinates": [
          84.0377229,
          28.1487133
        ]
      },
      "id": "node/5031575686"
    },
    {
      "type": "Feature",
      "properties": {
        "@id": "node/5031622263",
        "addr:city": "Pokhara Lekhnath Municipality",
        "addr:place": "Thulakhet 23",
        "addr:street": "Harpankot Marga",
        "amenity": "drinking_water",
        "name": "Thulakhet Public Tap",
        "start_date": "2045"
      },
      "geometry": {
        "type": "Point",
        "coordinates": [
          83.8736549,
          28.2467249
        ]
      },
      "id": "node/5031622263"
    },
    {
      "type": "Feature",
      "properties": {
        "@id": "node/5031635802",
        "amenity": "drinking_water"
      },
      "geometry": {
        "type": "Point",
        "coordinates": [
          83.8969492,
          28.2736067
        ]
      },
      "id": "node/5031635802"
    },
    {
      "type": "Feature",
      "properties": {
        "@id": "node/5031646228",
        "amenity": "drinking_water"
      },
      "geometry": {
        "type": "Point",
        "coordinates": [
          83.8932223,
          28.275141
        ]
      },
      "id": "node/5031646228"
    },
    {
      "type": "Feature",
      "properties": {
        "@id": "node/5031860194",
        "amenity": "drinking_water",
        "drinking_water": "yes",
        "man_made": "storage_tank",
        "name": "Khume Water Tank",
        "source": "2cpokhara"
      },
      "geometry": {
        "type": "Point",
        "coordinates": [
          84.0344104,
          28.2651355
        ]
      },
      "id": "node/5031860194"
    },
    {
      "type": "Feature",
      "properties": {
        "@id": "node/5031860200",
        "access": "yes",
        "amenity": "drinking_water",
        "drinking_water": "yes",
        "name": "Musurabari Water Tank",
        "source": "2cpokhara"
      },
      "geometry": {
        "type": "Point",
        "coordinates": [
          84.0312763,
          28.261997
        ]
      },
      "id": "node/5031860200"
    },
    {
      "type": "Feature",
      "properties": {
        "@id": "node/5044963768",
        "amenity": "drinking_water"
      },
      "geometry": {
        "type": "Point",
        "coordinates": [
          85.3640002,
          27.7641733
        ]
      },
      "id": "node/5044963768"
    },
    {
      "type": "Feature",
      "properties": {
        "@id": "node/5044963769",
        "amenity": "drinking_water"
      },
      "geometry": {
        "type": "Point",
        "coordinates": [
          85.3636931,
          27.7643797
        ]
      },
      "id": "node/5044963769"
    },
    {
      "type": "Feature",
      "properties": {
        "@id": "node/5044963775",
        "amenity": "drinking_water"
      },
      "geometry": {
        "type": "Point",
        "coordinates": [
          85.3576957,
          27.7646349
        ]
      },
      "id": "node/5044963775"
    },
    {
      "type": "Feature",
      "properties": {
        "@id": "node/5044963776",
        "amenity": "drinking_water"
      },
      "geometry": {
        "type": "Point",
        "coordinates": [
          85.3575059,
          27.7641276
        ]
      },
      "id": "node/5044963776"
    },
    {
      "type": "Feature",
      "properties": {
        "@id": "node/5044974200",
        "amenity": "drinking_water"
      },
      "geometry": {
        "type": "Point",
        "coordinates": [
          85.3567395,
          27.761985
        ]
      },
      "id": "node/5044974200"
    },
    {
      "type": "Feature",
      "properties": {
        "@id": "node/5045956946",
        "amenity": "drinking_water"
      },
      "geometry": {
        "type": "Point",
        "coordinates": [
          85.3327733,
          27.6729432
        ]
      },
      "id": "node/5045956946"
    },
    {
      "type": "Feature",
      "properties": {
        "@id": "node/5068266587",
        "amenity": "drinking_water"
      },
      "geometry": {
        "type": "Point",
        "coordinates": [
          77.2254655,
          28.6338242
        ]
      },
      "id": "node/5068266587"
    },
    {
      "type": "Feature",
      "properties": {
        "@id": "node/5068271032",
        "amenity": "drinking_water"
      },
      "geometry": {
        "type": "Point",
        "coordinates": [
          77.2255519,
          28.6339759
        ]
      },
      "id": "node/5068271032"
    },
    {
      "type": "Feature",
      "properties": {
        "@id": "node/5068271988",
        "amenity": "drinking_water"
      },
      "geometry": {
        "type": "Point",
        "coordinates": [
          77.2272004,
          28.6330065
        ]
      },
      "id": "node/5068271988"
    },
    {
      "type": "Feature",
      "properties": {
        "@id": "node/5068273746",
        "amenity": "drinking_water"
      },
      "geometry": {
        "type": "Point",
        "coordinates": [
          77.2272681,
          28.6331602
        ]
      },
      "id": "node/5068273746"
    },
    {
      "type": "Feature",
      "properties": {
        "@id": "node/5071424021",
        "amenity": "drinking_water",
        "name:en": "चीजाको खाजा पसल"
      },
      "geometry": {
        "type": "Point",
        "coordinates": [
          84.5730584,
          27.925192
        ]
      },
      "id": "node/5071424021"
    },
    {
      "type": "Feature",
      "properties": {
        "@id": "node/5071621923",
        "amenity": "drinking_water"
      },
      "geometry": {
        "type": "Point",
        "coordinates": [
          76.3743795,
          32.1834168
        ]
      },
      "id": "node/5071621923"
    },
    {
      "type": "Feature",
      "properties": {
        "@id": "node/5087825414",
        "amenity": "drinking_water",
        "drinking_water": "yes",
        "man_made": "water_tap",
        "name": "Dhunge Dhara"
      },
      "geometry": {
        "type": "Point",
        "coordinates": [
          85.3423538,
          27.7653923
        ]
      },
      "id": "node/5087825414"
    },
    {
      "type": "Feature",
      "properties": {
        "@id": "node/5097197920",
        "amenity": "drinking_water"
      },
      "geometry": {
        "type": "Point",
        "coordinates": [
          83.785492,
          28.2816368
        ]
      },
      "id": "node/5097197920"
    },
    {
      "type": "Feature",
      "properties": {
        "@id": "node/5109138823",
        "amenity": "drinking_water",
        "name:en": "Panch Dhara"
      },
      "geometry": {
        "type": "Point",
        "coordinates": [
          85.2798043,
          27.7199503
        ]
      },
      "id": "node/5109138823"
    },
    {
      "type": "Feature",
      "properties": {
        "@id": "node/5110748714",
        "addr:city": "dhangadhi",
        "addr:street": "main road",
        "amenity": "drinking_water",
        "drinking_water": "yes",
        "man_made": "water_tap",
        "operator:type": "public"
      },
      "geometry": {
        "type": "Point",
        "coordinates": [
          80.5841964,
          28.7049229
        ]
      },
      "id": "node/5110748714"
    },
    {
      "type": "Feature",
      "properties": {
        "@id": "node/5110878446",
        "addr:city": "dhangadhi",
        "addr:street": "nagarpalika road",
        "amenity": "drinking_water",
        "drinking_water": "yes",
        "man_made": "water_tap",
        "operator:type": "public"
      },
      "geometry": {
        "type": "Point",
        "coordinates": [
          80.5847168,
          28.7066097
        ]
      },
      "id": "node/5110878446"
    },
    {
      "type": "Feature",
      "properties": {
        "@id": "node/5110878461",
        "addr:street": "main road",
        "amenity": "drinking_water",
        "drinking_water": "yes",
        "man_made": "water_tap",
        "operator:type": "public"
      },
      "geometry": {
        "type": "Point",
        "coordinates": [
          80.5823337,
          28.705184
        ]
      },
      "id": "node/5110878461"
    },
    {
      "type": "Feature",
      "properties": {
        "@id": "node/5111962121",
        "amenity": "drinking_water",
        "name:en": "Nepalaya Mineral Water plant"
      },
      "geometry": {
        "type": "Point",
        "coordinates": [
          87.2800141,
          26.5813527
        ]
      },
      "id": "node/5111962121"
    },
    {
      "type": "Feature",
      "properties": {
        "@id": "node/5112690920",
        "addr:city": "Dhangahdi Submetropolitan City",
        "addr:place": "Dhangadhi SMPC Ward No 13 Airport Road",
        "amenity": "drinking_water",
        "contact:phone": "9848807263",
        "name": "Sarbajanik Khanepani Dhara",
        "opening_hours": "24/7"
      },
      "geometry": {
        "type": "Point",
        "coordinates": [
          80.5688812,
          28.7533734
        ]
      },
      "id": "node/5112690920"
    },
    {
      "type": "Feature",
      "properties": {
        "@id": "node/5112717140",
        "addr:city": "Dhangadi Sub Metropolitan City",
        "addr:street": "Bela Road",
        "amenity": "drinking_water"
      },
      "geometry": {
        "type": "Point",
        "coordinates": [
          80.6153369,
          28.7502402
        ]
      },
      "id": "node/5112717140"
    },
    {
      "type": "Feature",
      "properties": {
        "@id": "node/5112795121",
        "amenity": "drinking_water",
        "name": "देवकोटा"
      },
      "geometry": {
        "type": "Point",
        "coordinates": [
          84.0883089,
          28.1515348
        ]
      },
      "id": "node/5112795121"
    },
    {
      "type": "Feature",
      "properties": {
        "@id": "node/5114247114",
        "addr:city": "Dhangadhi",
        "addr:place": "Deep Nagar Tole",
        "addr:street": "Deep Nagar",
        "amenity": "drinking_water",
        "drinking_water": "yes",
        "man_made": "water_tap",
        "operator:type": "public"
      },
      "geometry": {
        "type": "Point",
        "coordinates": [
          80.6727878,
          28.7396385
        ]
      },
      "id": "node/5114247114"
    },
    {
      "type": "Feature",
      "properties": {
        "@id": "node/5114253643",
        "addr:city": "Dhangahdi Submetropolitan City",
        "addr:place": "Dhangadhi SMPC Ward No 17 Damauliya",
        "amenity": "drinking_water",
        "drinking_water": "yes",
        "man_made": "water_tap",
        "name": "Sarkari Boring",
        "operator:type": "public"
      },
      "geometry": {
        "type": "Point",
        "coordinates": [
          80.6918455,
          28.7616867
        ]
      },
      "id": "node/5114253643"
    },
    {
      "type": "Feature",
      "properties": {
        "@id": "node/5119901921",
        "amenity": "drinking_water",
        "name:en": "Aqua Cool"
      },
      "geometry": {
        "type": "Point",
        "coordinates": [
          85.3865905,
          27.7343457
        ]
      },
      "id": "node/5119901921"
    },
    {
      "type": "Feature",
      "properties": {
        "@id": "node/5131701519",
        "amenity": "drinking_water"
      },
      "geometry": {
        "type": "Point",
        "coordinates": [
          77.229847,
          28.5438089
        ]
      },
      "id": "node/5131701519"
    },
    {
      "type": "Feature",
      "properties": {
        "@id": "node/5133195775",
        "amenity": "drinking_water",
        "check_date": "2023-12-22",
        "man_made": "water_tap"
      },
      "geometry": {
        "type": "Point",
        "coordinates": [
          77.217962,
          28.5429724
        ]
      },
      "id": "node/5133195775"
    },
    {
      "type": "Feature",
      "properties": {
        "@id": "node/5163540421",
        "amenity": "drinking_water",
        "name:en": "sidhu bro farm"
      },
      "geometry": {
        "type": "Point",
        "coordinates": [
          74.9735239,
          29.8681429
        ]
      },
      "id": "node/5163540421"
    },
    {
      "type": "Feature",
      "properties": {
        "@id": "node/5164622187",
        "amenity": "drinking_water"
      },
      "geometry": {
        "type": "Point",
        "coordinates": [
          73.9146665,
          25.026602
        ]
      },
      "id": "node/5164622187"
    },
    {
      "type": "Feature",
      "properties": {
        "@id": "node/5164622188",
        "amenity": "drinking_water"
      },
      "geometry": {
        "type": "Point",
        "coordinates": [
          73.9149274,
          25.0257598
        ]
      },
      "id": "node/5164622188"
    },
    {
      "type": "Feature",
      "properties": {
        "@id": "node/5170713939",
        "addr:city": "Budhanilkantha Municipality",
        "addr:place": "pasikot",
        "addr:street": "Pasikot",
        "amenity": "drinking_water",
        "name": "Public Water Tap"
      },
      "geometry": {
        "type": "Point",
        "coordinates": [
          85.3537905,
          27.7692361
        ]
      },
      "id": "node/5170713939"
    },
    {
      "type": "Feature",
      "properties": {
        "@id": "node/5170823787",
        "amenity": "drinking_water"
      },
      "geometry": {
        "type": "Point",
        "coordinates": [
          77.0915977,
          28.5749568
        ]
      },
      "id": "node/5170823787"
    },
    {
      "type": "Feature",
      "properties": {
        "@id": "node/5172862618",
        "amenity": "drinking_water"
      },
      "geometry": {
        "type": "Point",
        "coordinates": [
          77.0734583,
          28.5874227
        ]
      },
      "id": "node/5172862618"
    },
    {
      "type": "Feature",
      "properties": {
        "@id": "node/5185377173",
        "amenity": "drinking_water",
        "man_made": "water_well",
        "pump": "manual"
      },
      "geometry": {
        "type": "Point",
        "coordinates": [
          81.1122835,
          28.4800787
        ]
      },
      "id": "node/5185377173"
    },
    {
      "type": "Feature",
      "properties": {
        "@id": "node/5185452623",
        "amenity": "drinking_water"
      },
      "geometry": {
        "type": "Point",
        "coordinates": [
          81.1120659,
          28.4802106
        ]
      },
      "id": "node/5185452623"
    },
    {
      "type": "Feature",
      "properties": {
        "@id": "node/5185486874",
        "amenity": "drinking_water",
        "man_made": "water_well",
        "pump": "Raised Hand Pump"
      },
      "geometry": {
        "type": "Point",
        "coordinates": [
          81.1168246,
          28.4756327
        ]
      },
      "id": "node/5185486874"
    },
    {
      "type": "Feature",
      "properties": {
        "@id": "node/5194036525",
        "amenity": "drinking_water",
        "name:en": "Trishuli Beverages PVT. LTD"
      },
      "geometry": {
        "type": "Point",
        "coordinates": [
          85.3115945,
          27.7441985
        ]
      },
      "id": "node/5194036525"
    },
    {
      "type": "Feature",
      "properties": {
        "@id": "node/5198001228",
        "amenity": "drinking_water",
        "man_made": "water_well",
        "pump": "manual",
        "source": "BajrabarahiFieldVisit"
      },
      "geometry": {
        "type": "Point",
        "coordinates": [
          84.8098377,
          27.5258708
        ]
      },
      "id": "node/5198001228"
    },
    {
      "type": "Feature",
      "properties": {
        "@id": "node/5227889872",
        "access": "yes",
        "addr:city": "Haleshi Tuwachung 7",
        "addr:place": "Malkhu",
        "amenity": "drinking_water",
        "drinking_water": "yes",
        "man_made": "storage_tank"
      },
      "geometry": {
        "type": "Point",
        "coordinates": [
          86.6171055,
          27.1932959
        ]
      },
      "id": "node/5227889872"
    },
    {
      "type": "Feature",
      "properties": {
        "@id": "node/5227891822",
        "amenity": "drinking_water",
        "name:en": "Dhulikhel drinking water and senitation consumer community"
      },
      "geometry": {
        "type": "Point",
        "coordinates": [
          85.556685,
          27.6156515
        ]
      },
      "id": "node/5227891822"
    },
    {
      "type": "Feature",
      "properties": {
        "@id": "node/5232021391",
        "amenity": "drinking_water",
        "name": "simle kusunde khane pani"
      },
      "geometry": {
        "type": "Point",
        "coordinates": [
          84.0894716,
          28.1670587
        ]
      },
      "id": "node/5232021391"
    },
    {
      "type": "Feature",
      "properties": {
        "@id": "node/5247558832",
        "amenity": "drinking_water"
      },
      "geometry": {
        "type": "Point",
        "coordinates": [
          77.1861712,
          28.5255382
        ]
      },
      "id": "node/5247558832"
    },
    {
      "type": "Feature",
      "properties": {
        "@id": "node/5278883222",
        "amenity": "drinking_water",
        "name:en": "Water well Gankhu dharamapur"
      },
      "geometry": {
        "type": "Point",
        "coordinates": [
          85.3988968,
          27.6848097
        ]
      },
      "id": "node/5278883222"
    },
    {
      "type": "Feature",
      "properties": {
        "@id": "node/5279550121",
        "amenity": "drinking_water",
        "name:en": "Gankhu dharampur besi chowk chardobato"
      },
      "geometry": {
        "type": "Point",
        "coordinates": [
          85.4005825,
          27.689349
        ]
      },
      "id": "node/5279550121"
    },
    {
      "type": "Feature",
      "properties": {
        "@id": "node/5286790630",
        "addr:city": "Halesi Tuwachung Municipality",
        "addr:suburb": "Badahare, Bojhe-4",
        "amenity": "drinking_water",
        "drinking_water": "yes",
        "man_made": "water_well",
        "opening_hours": "Su-Sa 01:00-24:00",
        "operator:type": "public"
      },
      "geometry": {
        "type": "Point",
        "coordinates": [
          86.5500683,
          27.1818431
        ]
      },
      "id": "node/5286790630"
    },
    {
      "type": "Feature",
      "properties": {
        "@id": "node/5286840831",
        "addr:city": "Halesi Tuwachung Municipality",
        "addr:suburb": "Badahare, Bojhe-4",
        "amenity": "drinking_water",
        "drinking_water": "yes",
        "man_made": "water_well",
        "name": "Simal Padhera",
        "operator:type": "public"
      },
      "geometry": {
        "type": "Point",
        "coordinates": [
          86.553122,
          27.1850421
        ]
      },
      "id": "node/5286840831"
    },
    {
      "type": "Feature",
      "properties": {
        "@id": "node/5286855632",
        "addr:city": "Haleshi Tuwachung Municipality",
        "addr:suburb": "Badahare, Bungdel-4",
        "amenity": "drinking_water",
        "drinking_water": "yes",
        "man_made": "water_tap",
        "name": "Simal bote Padhero",
        "operator:type": "public"
      },
      "geometry": {
        "type": "Point",
        "coordinates": [
          86.5515845,
          27.1921781
        ]
      },
      "id": "node/5286855632"
    },
    {
      "type": "Feature",
      "properties": {
        "@id": "node/5287001073",
        "access": "yes",
        "addr:city": "Halesi Tuwachung Municipality",
        "addr:street": "Madhya Pahadi Lokmarga",
        "addr:suburb": "Badahare, Papidanda-4",
        "amenity": "drinking_water",
        "drinking_water": "yes",
        "man_made": "storage_tank",
        "name": "Patidandan DW tank",
        "opening_hours": "Su-Sa 06:00-09:00, 16:00-19:00"
      },
      "geometry": {
        "type": "Point",
        "coordinates": [
          86.5708387,
          27.1977893
        ]
      },
      "id": "node/5287001073"
    },
    {
      "type": "Feature",
      "properties": {
        "@id": "node/5302045711",
        "access": "yes",
        "addr:city": "Halesi Tuwachung Municipality",
        "addr:place": "Bahunidanda, Subitar-1",
        "amenity": "drinking_water",
        "drinking_water": "yes",
        "fixme": "Confirm opening and closing time (not open after noon?)",
        "man_made": "storage_tank",
        "name": "Subitar DW tank",
        "opening_hours": "Su-Sa 05:00-09:00"
      },
      "geometry": {
        "type": "Point",
        "coordinates": [
          86.44417,
          27.1389503
        ]
      },
      "id": "node/5302045711"
    },
    {
      "type": "Feature",
      "properties": {
        "@id": "node/5307662325",
        "access": "yes",
        "addr:city": "Halesi Tuwachung Municipality",
        "addr:suburb": "Bahunidanda, Dunmre-1",
        "amenity": "drinking_water",
        "drinking_water": "yes",
        "man_made": "storage_tank",
        "name": "Archal DW tank",
        "opening_hours": "Su-Sa 06:00-20:00"
      },
      "geometry": {
        "type": "Point",
        "coordinates": [
          86.4544415,
          27.1586519
        ]
      },
      "id": "node/5307662325"
    },
    {
      "type": "Feature",
      "properties": {
        "@id": "node/5314527199",
        "amenity": "drinking_water",
        "drinking_water": "yes",
        "man_made": "water_well",
        "name": "Khokseli well"
      },
      "geometry": {
        "type": "Point",
        "coordinates": [
          86.5560262,
          27.1985086
        ]
      },
      "id": "node/5314527199"
    },
    {
      "type": "Feature",
      "properties": {
        "@id": "node/5315807815",
        "addr:city": "Halesi Tuwachung Municipality",
        "addr:street": "Madhya Pahadi Lokmarga way to Diktel",
        "addr:suburb": "Badahare, Khokseli-4",
        "amenity": "drinking_water",
        "drinking_water": "yes",
        "man_made": "water_well",
        "name": "Khokseli well",
        "opening_hours": "Su-Sa 01:00-24:00",
        "operator:type": "public"
      },
      "geometry": {
        "type": "Point",
        "coordinates": [
          86.556226,
          27.1931324
        ]
      },
      "id": "node/5315807815"
    },
    {
      "type": "Feature",
      "properties": {
        "@id": "node/5316001529",
        "addr:city": "Halesi Tuwachung Municipality",
        "addr:street": "Madhya Pahadi Lokmarga way to Diktel",
        "addr:suburb": "Badahare, Bangma-4",
        "amenity": "drinking_water",
        "drinking_water": "yes",
        "man_made": "water_well",
        "name": "Bangma well",
        "opening_hours": "Su-Sa 01:00-24:00",
        "operator:type": "public"
      },
      "geometry": {
        "type": "Point",
        "coordinates": [
          86.5520766,
          27.1941034
        ]
      },
      "id": "node/5316001529"
    },
    {
      "type": "Feature",
      "properties": {
        "@id": "node/5316267833",
        "addr:city": "Halesi Tuwachung Municipality",
        "addr:suburb": "Badahare, Hattiban-4",
        "amenity": "drinking_water",
        "drinking_water": "yes",
        "man_made": "water_well",
        "name": "Badahare, Hattiban",
        "operator:type": "public"
      },
      "geometry": {
        "type": "Point",
        "coordinates": [
          86.5404251,
          27.1986553
        ]
      },
      "id": "node/5316267833"
    },
    {
      "type": "Feature",
      "properties": {
        "@id": "node/5321630998",
        "amenity": "drinking_water"
      },
      "geometry": {
        "type": "Point",
        "coordinates": [
          86.4959393,
          27.1743765
        ]
      },
      "id": "node/5321630998"
    },
    {
      "type": "Feature",
      "properties": {
        "@id": "node/5321631007",
        "amenity": "drinking_water",
        "man_made": "water_tap",
        "operator:type": "public"
      },
      "geometry": {
        "type": "Point",
        "coordinates": [
          86.4970042,
          27.1778149
        ]
      },
      "id": "node/5321631007"
    },
    {
      "type": "Feature",
      "properties": {
        "@id": "node/5321631012",
        "addr:city": "Halesi Tuwachung municipality",
        "addr:suburb": "Bahunidanda,Tallogaun -1",
        "amenity": "drinking_water",
        "man_made": "water_tap",
        "operator:type": "public"
      },
      "geometry": {
        "type": "Point",
        "coordinates": [
          86.4978424,
          27.1793038
        ]
      },
      "id": "node/5321631012"
    },
    {
      "type": "Feature",
      "properties": {
        "@id": "node/5331344522",
        "amenity": "drinking_water",
        "name:en": "Tap"
      },
      "geometry": {
        "type": "Point",
        "coordinates": [
          85.5356177,
          27.6468125
        ]
      },
      "id": "node/5331344522"
    },
    {
      "type": "Feature",
      "properties": {
        "@id": "node/5383256963",
        "amenity": "drinking_water"
      },
      "geometry": {
        "type": "Point",
        "coordinates": [
          88.4148979,
          26.6954061
        ]
      },
      "id": "node/5383256963"
    },
    {
      "type": "Feature",
      "properties": {
        "@id": "node/5411620141",
        "amenity": "drinking_water"
      },
      "geometry": {
        "type": "Point",
        "coordinates": [
          84.0731335,
          28.1421669
        ]
      },
      "id": "node/5411620141"
    },
    {
      "type": "Feature",
      "properties": {
        "@id": "node/5422003757",
        "access": "yes",
        "amenity": "drinking_water",
        "drinking_water": "no",
        "man_made": "storage_tank",
        "source": "Yoyo preset"
      },
      "geometry": {
        "type": "Point",
        "coordinates": [
          83.7395371,
          28.2737573
        ]
      },
      "id": "node/5422003757"
    },
    {
      "type": "Feature",
      "properties": {
        "@id": "node/5431185113",
        "amenity": "drinking_water",
        "drinking_water": "no",
        "man_made": "water_tap",
        "operator:type": "public",
        "source": "2cpokhara"
      },
      "geometry": {
        "type": "Point",
        "coordinates": [
          83.9974529,
          28.2935826
        ]
      },
      "id": "node/5431185113"
    },
    {
      "type": "Feature",
      "properties": {
        "@id": "node/5431185120",
        "amenity": "drinking_water",
        "drinking_water": "no",
        "man_made": "water_tap",
        "source": "2cpokhara"
      },
      "geometry": {
        "type": "Point",
        "coordinates": [
          83.9903075,
          28.2842509
        ]
      },
      "id": "node/5431185120"
    },
    {
      "type": "Feature",
      "properties": {
        "@id": "node/5437433842",
        "amenity": "drinking_water",
        "man_made": "pump",
        "name": "Drinking Water"
      },
      "geometry": {
        "type": "Point",
        "coordinates": [
          81.6100073,
          28.0352174
        ]
      },
      "id": "node/5437433842"
    },
    {
      "type": "Feature",
      "properties": {
        "@id": "node/5455943587",
        "access": "yes",
        "amenity": "drinking_water",
        "drinking_water": "yes",
        "man_made": "storage_tank",
        "source": "2cpokhara"
      },
      "geometry": {
        "type": "Point",
        "coordinates": [
          84.0142,
          28.2490452
        ]
      },
      "id": "node/5455943587"
    },
    {
      "type": "Feature",
      "properties": {
        "@id": "node/5456905204",
        "amenity": "drinking_water",
        "name": "Red Cross Drinking Water",
        "source": "2cpokhara"
      },
      "geometry": {
        "type": "Point",
        "coordinates": [
          84.0642956,
          28.1687759
        ]
      },
      "id": "node/5456905204"
    },
    {
      "type": "Feature",
      "properties": {
        "@id": "node/5457059135",
        "amenity": "drinking_water",
        "drinking_water": "yes",
        "name": "Simalchour Public Water Tab"
      },
      "geometry": {
        "type": "Point",
        "coordinates": [
          83.8926168,
          28.2610662
        ]
      },
      "id": "node/5457059135"
    },
    {
      "type": "Feature",
      "properties": {
        "@id": "node/5457059150",
        "access": "yes",
        "amenity": "drinking_water",
        "name": "Naya Chautari Water Tab"
      },
      "geometry": {
        "type": "Point",
        "coordinates": [
          83.8941728,
          28.2701041
        ]
      },
      "id": "node/5457059150"
    },
    {
      "type": "Feature",
      "properties": {
        "@id": "node/5458132969",
        "amenity": "drinking_water",
        "name": "Kailash Pure Drinking Water Supply",
        "phone": "9819159803"
      },
      "geometry": {
        "type": "Point",
        "coordinates": [
          83.9764506,
          28.200177
        ]
      },
      "id": "node/5458132969"
    },
    {
      "type": "Feature",
      "properties": {
        "@id": "node/5458133512",
        "amenity": "drinking_water",
        "name": "Water Tank"
      },
      "geometry": {
        "type": "Point",
        "coordinates": [
          83.9778297,
          28.2040546
        ]
      },
      "id": "node/5458133512"
    },
    {
      "type": "Feature",
      "properties": {
        "@id": "node/5458143225",
        "amenity": "drinking_water",
        "description": "It is old water tap of gankhu dharmapur"
      },
      "geometry": {
        "type": "Point",
        "coordinates": [
          85.3968644,
          27.6842396
        ]
      },
      "id": "node/5458143225"
    },
    {
      "type": "Feature",
      "properties": {
        "@id": "node/5458651099",
        "access": "yes",
        "amenity": "drinking_water",
        "drinking_water": "yes",
        "man_made": "storage_tank",
        "name": "Nuwarthok Pani Tanki",
        "opening_hours": "sunrise-sunset"
      },
      "geometry": {
        "type": "Point",
        "coordinates": [
          83.9697627,
          28.2128305
        ]
      },
      "id": "node/5458651099"
    },
    {
      "type": "Feature",
      "properties": {
        "@id": "node/5459645725",
        "amenity": "drinking_water",
        "man_made": "water_tap",
        "operator:type": "community",
        "source": "2C_Pokhara Field Visit 2018"
      },
      "geometry": {
        "type": "Point",
        "coordinates": [
          83.9785942,
          28.2228936
        ]
      },
      "id": "node/5459645725"
    },
    {
      "type": "Feature",
      "properties": {
        "@id": "node/5459645727",
        "amenity": "drinking_water",
        "man_made": "water_tap",
        "operator:type": "public",
        "source": "2c pokhara"
      },
      "geometry": {
        "type": "Point",
        "coordinates": [
          83.9790019,
          28.223646
        ]
      },
      "id": "node/5459645727"
    },
    {
      "type": "Feature",
      "properties": {
        "@id": "node/5462453632",
        "access": "yes",
        "amenity": "drinking_water",
        "drinking_water": "yes",
        "man_made": "water_tap",
        "name": "Tetepani Water Tap",
        "source": "2cpokhara"
      },
      "geometry": {
        "type": "Point",
        "coordinates": [
          83.9649332,
          28.1946029
        ]
      },
      "id": "node/5462453632"
    },
    {
      "type": "Feature",
      "properties": {
        "@id": "node/5463537251",
        "amenity": "drinking_water",
        "name": "Public Tap",
        "source": "2c pokhara"
      },
      "geometry": {
        "type": "Point",
        "coordinates": [
          83.9847417,
          28.2258236
        ]
      },
      "id": "node/5463537251"
    },
    {
      "type": "Feature",
      "properties": {
        "@id": "node/5464417737",
        "access": "yes",
        "amenity": "drinking_water",
        "drinking_water": "yes",
        "man_made": "storage_tank",
        "name": "Siva Tole Pani Tank",
        "opening_hours": "7:00-17:00"
      },
      "geometry": {
        "type": "Point",
        "coordinates": [
          83.988033,
          28.2077575
        ]
      },
      "id": "node/5464417737"
    },
    {
      "type": "Feature",
      "properties": {
        "@id": "node/5470431897",
        "amenity": "drinking_water"
      },
      "geometry": {
        "type": "Point",
        "coordinates": [
          83.9764573,
          28.2688633
        ]
      },
      "id": "node/5470431897"
    },
    {
      "type": "Feature",
      "properties": {
        "@id": "node/5471300502",
        "amenity": "drinking_water",
        "name": "Pahanepani"
      },
      "geometry": {
        "type": "Point",
        "coordinates": [
          81.8039109,
          29.5562362
        ]
      },
      "id": "node/5471300502"
    },
    {
      "type": "Feature",
      "properties": {
        "@id": "node/5471300503",
        "amenity": "drinking_water"
      },
      "geometry": {
        "type": "Point",
        "coordinates": [
          81.801515,
          29.5537373
        ]
      },
      "id": "node/5471300503"
    },
    {
      "type": "Feature",
      "properties": {
        "@id": "node/5471300504",
        "amenity": "drinking_water"
      },
      "geometry": {
        "type": "Point",
        "coordinates": [
          81.8006768,
          29.5524867
        ]
      },
      "id": "node/5471300504"
    },
    {
      "type": "Feature",
      "properties": {
        "@id": "node/5471300505",
        "amenity": "drinking_water"
      },
      "geometry": {
        "type": "Point",
        "coordinates": [
          81.8024497,
          29.5540961
        ]
      },
      "id": "node/5471300505"
    },
    {
      "type": "Feature",
      "properties": {
        "@id": "node/5472132065",
        "amenity": "drinking_water",
        "man_made": "storage_tank",
        "name": "Srijana Bikas Kendra- Srijana Khanepani Pariyojana",
        "source": "2cpokhara"
      },
      "geometry": {
        "type": "Point",
        "coordinates": [
          83.9871472,
          28.1797633
        ]
      },
      "id": "node/5472132065"
    },
    {
      "type": "Feature",
      "properties": {
        "@id": "node/5477670162",
        "amenity": "drinking_water"
      },
      "geometry": {
        "type": "Point",
        "coordinates": [
          85.4228784,
          27.6941983
        ]
      },
      "id": "node/5477670162"
    },
    {
      "type": "Feature",
      "properties": {
        "@id": "node/5477836369",
        "amenity": "drinking_water",
        "drinking_water": "yes",
        "man_made": "water_tap",
        "name": "Pani Dhara",
        "operator:type": "public"
      },
      "geometry": {
        "type": "Point",
        "coordinates": [
          83.9785648,
          28.2426224
        ]
      },
      "id": "node/5477836369"
    },
    {
      "type": "Feature",
      "properties": {
        "@id": "node/5479218517",
        "amenity": "drinking_water",
        "drinking_water": "yes",
        "man_made": "water_tap",
        "opening_hours": "7:00-15:00"
      },
      "geometry": {
        "type": "Point",
        "coordinates": [
          83.9706932,
          28.2458566
        ]
      },
      "id": "node/5479218517"
    },
    {
      "type": "Feature",
      "properties": {
        "@id": "node/5479379054",
        "amenity": "drinking_water",
        "name": "Sande Khola Water Tank"
      },
      "geometry": {
        "type": "Point",
        "coordinates": [
          83.9303673,
          28.2573422
        ]
      },
      "id": "node/5479379054"
    },
    {
      "type": "Feature",
      "properties": {
        "@id": "node/5490535222",
        "amenity": "drinking_water",
        "name": "Dhara"
      },
      "geometry": {
        "type": "Point",
        "coordinates": [
          83.9199351,
          28.2316078
        ]
      },
      "id": "node/5490535222"
    },
    {
      "type": "Feature",
      "properties": {
        "@id": "node/5498514169",
        "amenity": "drinking_water",
        "drinking_water": "yes",
        "man_made": "water_tap",
        "name": "Thapa Dhara",
        "opening_hours": "sunrise-sunset"
      },
      "geometry": {
        "type": "Point",
        "coordinates": [
          83.9413626,
          28.2428286
        ]
      },
      "id": "node/5498514169"
    },
    {
      "type": "Feature",
      "properties": {
        "@id": "node/5505979660",
        "amenity": "drinking_water",
        "drinking_water": "yes",
        "name": "Bhedhahare"
      },
      "geometry": {
        "type": "Point",
        "coordinates": [
          83.9193597,
          28.2525231
        ]
      },
      "id": "node/5505979660"
    },
    {
      "type": "Feature",
      "properties": {
        "@id": "node/5505987506",
        "amenity": "drinking_water",
        "drinking_water": "yes",
        "name": "Chapakola"
      },
      "geometry": {
        "type": "Point",
        "coordinates": [
          83.9249468,
          28.258504
        ]
      },
      "id": "node/5505987506"
    },
    {
      "type": "Feature",
      "properties": {
        "@id": "node/5511812316",
        "amenity": "drinking_water",
        "description": "Tap"
      },
      "geometry": {
        "type": "Point",
        "coordinates": [
          83.8848196,
          28.2476074
        ]
      },
      "id": "node/5511812316"
    },
    {
      "type": "Feature",
      "properties": {
        "@id": "node/5515371670",
        "amenity": "drinking_water",
        "name": "Public Tap",
        "source": "2cpokhara"
      },
      "geometry": {
        "type": "Point",
        "coordinates": [
          84.0757285,
          28.1640562
        ]
      },
      "id": "node/5515371670"
    },
    {
      "type": "Feature",
      "properties": {
        "@id": "node/5515371682",
        "amenity": "drinking_water",
        "name": "Public Tap",
        "source": "2cpokhara"
      },
      "geometry": {
        "type": "Point",
        "coordinates": [
          84.0734017,
          28.1621822
        ]
      },
      "id": "node/5515371682"
    },
    {
      "type": "Feature",
      "properties": {
        "@id": "node/5517629162",
        "amenity": "drinking_water",
        "name": "Public Tap"
      },
      "geometry": {
        "type": "Point",
        "coordinates": [
          84.0849553,
          28.1395486
        ]
      },
      "id": "node/5517629162"
    },
    {
      "type": "Feature",
      "properties": {
        "@id": "node/5517629194",
        "addr:street": "University Road",
        "addr:streetnumber": "1",
        "amenity": "drinking_water",
        "name": "Public Tap, Chowk 1"
      },
      "geometry": {
        "type": "Point",
        "coordinates": [
          84.0762239,
          28.1447732
        ]
      },
      "id": "node/5517629194"
    },
    {
      "type": "Feature",
      "properties": {
        "@id": "node/5519011121",
        "amenity": "drinking_water",
        "name": "Water Tap"
      },
      "geometry": {
        "type": "Point",
        "coordinates": [
          84.0251313,
          28.1554692
        ]
      },
      "id": "node/5519011121"
    },
    {
      "type": "Feature",
      "properties": {
        "@id": "node/5519011122",
        "amenity": "drinking_water",
        "name": "Public Tap"
      },
      "geometry": {
        "type": "Point",
        "coordinates": [
          84.0274246,
          28.1542295
        ]
      },
      "id": "node/5519011122"
    },
    {
      "type": "Feature",
      "properties": {
        "@id": "node/5520587143",
        "access": "yes",
        "amenity": "drinking_water",
        "drinking_water": "yes",
        "emergency": "water_tank",
        "source": "2cpokhara"
      },
      "geometry": {
        "type": "Point",
        "coordinates": [
          84.0455818,
          28.1220071
        ]
      },
      "id": "node/5520587143"
    },
    {
      "type": "Feature",
      "properties": {
        "@id": "node/5520695724",
        "amenity": "drinking_water",
        "name": "Public Tap",
        "source": "2cpokhara"
      },
      "geometry": {
        "type": "Point",
        "coordinates": [
          84.0397078,
          28.1476171
        ]
      },
      "id": "node/5520695724"
    },
    {
      "type": "Feature",
      "properties": {
        "@id": "node/5520695748",
        "amenity": "drinking_water",
        "name": "Public Tap",
        "source": "2cpokhara"
      },
      "geometry": {
        "type": "Point",
        "coordinates": [
          84.0286115,
          28.1517978
        ]
      },
      "id": "node/5520695748"
    },
    {
      "type": "Feature",
      "properties": {
        "@id": "node/5530501759",
        "addr:city": "Pokhara Lekhnath Metropolitan City",
        "addr:place": "Sarangkot",
        "addr:street": "Silingabot",
        "amenity": "drinking_water",
        "drinking_water": "yes",
        "man_made": "water_tap",
        "name": "Silingabot",
        "opening_hours": "Su-Sa 00:00-24:00",
        "operator:type": "public"
      },
      "geometry": {
        "type": "Point",
        "coordinates": [
          83.9598074,
          28.2438128
        ]
      },
      "id": "node/5530501759"
    },
    {
      "type": "Feature",
      "properties": {
        "@id": "node/5531277743",
        "amenity": "drinking_water",
        "name": "Public Tap",
        "source": "2cpokhara"
      },
      "geometry": {
        "type": "Point",
        "coordinates": [
          84.0669027,
          28.2151496
        ]
      },
      "id": "node/5531277743"
    },
    {
      "type": "Feature",
      "properties": {
        "@id": "node/5531278728",
        "amenity": "drinking_water",
        "drinking_water": "yes",
        "man_made": "water_tap",
        "source": "2cpokhara"
      },
      "geometry": {
        "type": "Point",
        "coordinates": [
          84.1039333,
          28.2124375
        ]
      },
      "id": "node/5531278728"
    },
    {
      "type": "Feature",
      "properties": {
        "@id": "node/5531278737",
        "amenity": "drinking_water",
        "drinking_water": "yes",
        "man_made": "water_tap",
        "source": "2cpokhara"
      },
      "geometry": {
        "type": "Point",
        "coordinates": [
          84.1113804,
          28.2042397
        ]
      },
      "id": "node/5531278737"
    },
    {
      "type": "Feature",
      "properties": {
        "@id": "node/5531278741",
        "amenity": "drinking_water",
        "drinking_water": "yes",
        "man_made": "water_tap",
        "source": "2cpokhara"
      },
      "geometry": {
        "type": "Point",
        "coordinates": [
          84.1082141,
          28.19943
        ]
      },
      "id": "node/5531278741"
    },
    {
      "type": "Feature",
      "properties": {
        "@id": "node/5531278743",
        "amenity": "drinking_water",
        "drinking_water": "yes",
        "man_made": "water_tap",
        "source": "2cpokhara"
      },
      "geometry": {
        "type": "Point",
        "coordinates": [
          84.1115266,
          28.2032617
        ]
      },
      "id": "node/5531278743"
    },
    {
      "type": "Feature",
      "properties": {
        "@id": "node/5531278745",
        "amenity": "drinking_water",
        "drinking_water": "yes",
        "man_made": "water_tap",
        "source": "2cpokhara"
      },
      "geometry": {
        "type": "Point",
        "coordinates": [
          84.1126934,
          28.2029828
        ]
      },
      "id": "node/5531278745"
    },
    {
      "type": "Feature",
      "properties": {
        "@id": "node/5531322426",
        "amenity": "drinking_water",
        "drinking_water": "no",
        "man_made": "storage_tank",
        "source": "2cpokhara"
      },
      "geometry": {
        "type": "Point",
        "coordinates": [
          84.1063788,
          28.2103924
        ]
      },
      "id": "node/5531322426"
    },
    {
      "type": "Feature",
      "properties": {
        "@id": "node/5531347106",
        "amenity": "drinking_water",
        "drinking_water": "yes",
        "man_made": "water_tap",
        "source": "2cpokhara"
      },
      "geometry": {
        "type": "Point",
        "coordinates": [
          84.1053508,
          28.2092992
        ]
      },
      "id": "node/5531347106"
    },
    {
      "type": "Feature",
      "properties": {
        "@id": "node/5531347108",
        "amenity": "drinking_water",
        "drinking_water": "yes",
        "man_made": "water_tap",
        "source": "2cpokhara"
      },
      "geometry": {
        "type": "Point",
        "coordinates": [
          84.1050169,
          28.2103173
        ]
      },
      "id": "node/5531347108"
    },
    {
      "type": "Feature",
      "properties": {
        "@id": "node/5531419892",
        "amenity": "drinking_water",
        "name": "Public Tap",
        "source": "2cpokhara"
      },
      "geometry": {
        "type": "Point",
        "coordinates": [
          84.0742949,
          28.2139395
        ]
      },
      "id": "node/5531419892"
    },
    {
      "type": "Feature",
      "properties": {
        "@id": "node/5533287388",
        "addr:city": "Pokhara Lektnath Municipality",
        "addr:place": "Chhinendanda-14",
        "addr:street": "Bachhebuda",
        "amenity": "drinking_water",
        "operator:type": "public"
      },
      "geometry": {
        "type": "Point",
        "coordinates": [
          84.0119979,
          28.1609785
        ]
      },
      "id": "node/5533287388"
    },
    {
      "type": "Feature",
      "properties": {
        "@id": "node/5534085306",
        "amenity": "drinking_water",
        "name": "Public Tap",
        "source": "2cpokhara"
      },
      "geometry": {
        "type": "Point",
        "coordinates": [
          84.0906014,
          28.2130024
        ]
      },
      "id": "node/5534085306"
    },
    {
      "type": "Feature",
      "properties": {
        "@id": "node/5534095360",
        "amenity": "drinking_water",
        "name": "Tap",
        "source": "2cpokhara"
      },
      "geometry": {
        "type": "Point",
        "coordinates": [
          84.076739,
          28.2133492
        ]
      },
      "id": "node/5534095360"
    },
    {
      "type": "Feature",
      "properties": {
        "@id": "node/5534095361",
        "amenity": "drinking_water",
        "name": "Tap",
        "source": "2cpokhara"
      },
      "geometry": {
        "type": "Point",
        "coordinates": [
          84.0765124,
          28.2130863
        ]
      },
      "id": "node/5534095361"
    },
    {
      "type": "Feature",
      "properties": {
        "@id": "node/5544326758",
        "amenity": "drinking_water",
        "features": "drinking water for public and local residents"
      },
      "geometry": {
        "type": "Point",
        "coordinates": [
          83.9666048,
          28.2115824
        ]
      },
      "id": "node/5544326758"
    },
    {
      "type": "Feature",
      "properties": {
        "@id": "node/5544450002",
        "access": "yes",
        "amenity": "drinking_water",
        "drinking_water": "yes",
        "man_made": "storage_tank",
        "source": "2cpokhara"
      },
      "geometry": {
        "type": "Point",
        "coordinates": [
          83.9957092,
          28.2523536
        ]
      },
      "id": "node/5544450002"
    },
    {
      "type": "Feature",
      "properties": {
        "@id": "node/5549986326",
        "amenity": "drinking_water"
      },
      "geometry": {
        "type": "Point",
        "coordinates": [
          77.0118485,
          28.6410564
        ]
      },
      "id": "node/5549986326"
    },
    {
      "type": "Feature",
      "properties": {
        "@id": "node/5550547037",
        "access": "yes",
        "amenity": "drinking_water",
        "drinking_water": "no",
        "source": "2cpokhara"
      },
      "geometry": {
        "type": "Point",
        "coordinates": [
          83.9538982,
          28.1567702
        ]
      },
      "id": "node/5550547037"
    },
    {
      "type": "Feature",
      "properties": {
        "@id": "node/5550641553",
        "amenity": "drinking_water",
        "name": "Public Tap",
        "source": "2cpokhara"
      },
      "geometry": {
        "type": "Point",
        "coordinates": [
          83.9651598,
          28.1623075
        ]
      },
      "id": "node/5550641553"
    },
    {
      "type": "Feature",
      "properties": {
        "@id": "node/5550675433",
        "amenity": "drinking_water",
        "name": "Tap"
      },
      "geometry": {
        "type": "Point",
        "coordinates": [
          83.9837562,
          28.1590983
        ]
      },
      "id": "node/5550675433"
    },
    {
      "type": "Feature",
      "properties": {
        "@id": "node/5563297521",
        "amenity": "drinking_water",
        "name:en": "409"
      },
      "geometry": {
        "type": "Point",
        "coordinates": [
          85.6928885,
          27.5623915
        ]
      },
      "id": "node/5563297521"
    },
    {
      "type": "Feature",
      "properties": {
        "@id": "node/5577730503",
        "amenity": "drinking_water"
      },
      "geometry": {
        "type": "Point",
        "coordinates": [
          74.8416332,
          32.7280377
        ]
      },
      "id": "node/5577730503"
    },
    {
      "type": "Feature",
      "properties": {
        "@id": "node/5577883601",
        "amenity": "drinking_water"
      },
      "geometry": {
        "type": "Point",
        "coordinates": [
          83.9771095,
          28.2115109
        ]
      },
      "id": "node/5577883601"
    },
    {
      "type": "Feature",
      "properties": {
        "@id": "node/5580150192",
        "amenity": "drinking_water"
      },
      "geometry": {
        "type": "Point",
        "coordinates": [
          84.1020007,
          28.1221443
        ]
      },
      "id": "node/5580150192"
    },
    {
      "type": "Feature",
      "properties": {
        "@id": "node/5580150193",
        "amenity": "drinking_water"
      },
      "geometry": {
        "type": "Point",
        "coordinates": [
          84.1013959,
          28.1232206
        ]
      },
      "id": "node/5580150193"
    },
    {
      "type": "Feature",
      "properties": {
        "@id": "node/5581851415",
        "amenity": "drinking_water"
      },
      "geometry": {
        "type": "Point",
        "coordinates": [
          84.1236216,
          28.1723569
        ]
      },
      "id": "node/5581851415"
    },
    {
      "type": "Feature",
      "properties": {
        "@id": "node/5581851418",
        "amenity": "drinking_water"
      },
      "geometry": {
        "type": "Point",
        "coordinates": [
          84.1238292,
          28.1752994
        ]
      },
      "id": "node/5581851418"
    },
    {
      "type": "Feature",
      "properties": {
        "@id": "node/5581851754",
        "amenity": "drinking_water",
        "name": "Padhare Pani kuwa"
      },
      "geometry": {
        "type": "Point",
        "coordinates": [
          84.1170986,
          28.1828034
        ]
      },
      "id": "node/5581851754"
    },
    {
      "type": "Feature",
      "properties": {
        "@id": "node/5581851766",
        "amenity": "drinking_water",
        "name": "Simle Pani padhero"
      },
      "geometry": {
        "type": "Point",
        "coordinates": [
          84.1052419,
          28.1852972
        ]
      },
      "id": "node/5581851766"
    },
    {
      "type": "Feature",
      "properties": {
        "@id": "node/5581858123",
        "amenity": "drinking_water"
      },
      "geometry": {
        "type": "Point",
        "coordinates": [
          84.08473,
          28.1793259
        ]
      },
      "id": "node/5581858123"
    },
    {
      "type": "Feature",
      "properties": {
        "@id": "node/5581858143",
        "amenity": "drinking_water"
      },
      "geometry": {
        "type": "Point",
        "coordinates": [
          84.0913001,
          28.1707384
        ]
      },
      "id": "node/5581858143"
    },
    {
      "type": "Feature",
      "properties": {
        "@id": "node/5581869643",
        "amenity": "drinking_water"
      },
      "geometry": {
        "type": "Point",
        "coordinates": [
          84.0914731,
          28.1880191
        ]
      },
      "id": "node/5581869643"
    },
    {
      "type": "Feature",
      "properties": {
        "@id": "node/5581869650",
        "amenity": "drinking_water"
      },
      "geometry": {
        "type": "Point",
        "coordinates": [
          84.0867346,
          28.1894121
        ]
      },
      "id": "node/5581869650"
    },
    {
      "type": "Feature",
      "properties": {
        "@id": "node/5581869652",
        "amenity": "drinking_water"
      },
      "geometry": {
        "type": "Point",
        "coordinates": [
          84.087123,
          28.1872359
        ]
      },
      "id": "node/5581869652"
    },
    {
      "type": "Feature",
      "properties": {
        "@id": "node/5588186882",
        "amenity": "drinking_water",
        "man_made": "water_tap",
        "operator:type": "public",
        "source": "2c peset"
      },
      "geometry": {
        "type": "Point",
        "coordinates": [
          83.9170168,
          28.2023298
        ]
      },
      "id": "node/5588186882"
    },
    {
      "type": "Feature",
      "properties": {
        "@id": "node/5588186896",
        "access": "yes",
        "amenity": "drinking_water",
        "man_made": "storage_tank",
        "source": "2c Preset"
      },
      "geometry": {
        "type": "Point",
        "coordinates": [
          83.9216723,
          28.2000607
        ]
      },
      "id": "node/5588186896"
    },
    {
      "type": "Feature",
      "properties": {
        "@id": "node/5588186906",
        "amenity": "drinking_water",
        "man_made": "water_well",
        "operator:type": "public",
        "source": "2c peset"
      },
      "geometry": {
        "type": "Point",
        "coordinates": [
          83.9239463,
          28.1997231
        ]
      },
      "id": "node/5588186906"
    },
    {
      "type": "Feature",
      "properties": {
        "@id": "node/5588186908",
        "access": "yes",
        "amenity": "drinking_water",
        "man_made": "storage_tank",
        "source": "2c Preset"
      },
      "geometry": {
        "type": "Point",
        "coordinates": [
          83.9237807,
          28.2017436
        ]
      },
      "id": "node/5588186908"
    },
    {
      "type": "Feature",
      "properties": {
        "@id": "node/5588187531",
        "amenity": "drinking_water",
        "man_made": "water_tap",
        "operator:type": "public",
        "source": "2c peset"
      },
      "geometry": {
        "type": "Point",
        "coordinates": [
          83.9231152,
          28.2021049
        ]
      },
      "id": "node/5588187531"
    },
    {
      "type": "Feature",
      "properties": {
        "@id": "node/5588187532",
        "amenity": "drinking_water",
        "man_made": "water_tap",
        "operator:type": "public",
        "source": "2c peset"
      },
      "geometry": {
        "type": "Point",
        "coordinates": [
          83.9220956,
          28.202237
        ]
      },
      "id": "node/5588187532"
    },
    {
      "type": "Feature",
      "properties": {
        "@id": "node/5588187550",
        "amenity": "drinking_water",
        "man_made": "water_tap",
        "operator:type": "public",
        "source": "2c peset"
      },
      "geometry": {
        "type": "Point",
        "coordinates": [
          83.9148335,
          28.2069893
        ]
      },
      "id": "node/5588187550"
    },
    {
      "type": "Feature",
      "properties": {
        "@id": "node/5588187559",
        "amenity": "drinking_water",
        "man_made": "water_well",
        "operator:type": "public",
        "source": "2c peset"
      },
      "geometry": {
        "type": "Point",
        "coordinates": [
          83.9089166,
          28.2096981
        ]
      },
      "id": "node/5588187559"
    },
    {
      "type": "Feature",
      "properties": {
        "@id": "node/5588187564",
        "amenity": "drinking_water",
        "man_made": "water_tap",
        "operator:type": "public",
        "source": "2c peset"
      },
      "geometry": {
        "type": "Point",
        "coordinates": [
          83.9074199,
          28.2085901
        ]
      },
      "id": "node/5588187564"
    },
    {
      "type": "Feature",
      "properties": {
        "@id": "node/5588187586",
        "amenity": "drinking_water",
        "man_made": "water_well",
        "operator:type": "public",
        "source": "2c peset"
      },
      "geometry": {
        "type": "Point",
        "coordinates": [
          83.9059393,
          28.2088507
        ]
      },
      "id": "node/5588187586"
    },
    {
      "type": "Feature",
      "properties": {
        "@id": "node/5588187632",
        "access": "yes",
        "amenity": "drinking_water",
        "man_made": "storage_tank",
        "source": "2c Preset"
      },
      "geometry": {
        "type": "Point",
        "coordinates": [
          83.906919,
          28.2123979
        ]
      },
      "id": "node/5588187632"
    },
    {
      "type": "Feature",
      "properties": {
        "@id": "node/5588187642",
        "amenity": "drinking_water",
        "man_made": "water_tap",
        "operator:type": "public",
        "source": "2c peset"
      },
      "geometry": {
        "type": "Point",
        "coordinates": [
          83.9010108,
          28.2102145
        ]
      },
      "id": "node/5588187642"
    },
    {
      "type": "Feature",
      "properties": {
        "@id": "node/5588187665",
        "amenity": "drinking_water",
        "man_made": "water_well",
        "operator:type": "public",
        "source": "2c peset"
      },
      "geometry": {
        "type": "Point",
        "coordinates": [
          83.8985109,
          28.2098476
        ]
      },
      "id": "node/5588187665"
    },
    {
      "type": "Feature",
      "properties": {
        "@id": "node/5588187701",
        "amenity": "drinking_water",
        "man_made": "water_well",
        "operator:type": "public",
        "source": "2c peset"
      },
      "geometry": {
        "type": "Point",
        "coordinates": [
          83.8840558,
          28.209064
        ]
      },
      "id": "node/5588187701"
    },
    {
      "type": "Feature",
      "properties": {
        "@id": "node/5588187702",
        "amenity": "drinking_water",
        "man_made": "water_tap",
        "operator:type": "public",
        "source": "2c peset"
      },
      "geometry": {
        "type": "Point",
        "coordinates": [
          83.8841236,
          28.2090877
        ]
      },
      "id": "node/5588187702"
    },
    {
      "type": "Feature",
      "properties": {
        "@id": "node/5588187704",
        "amenity": "drinking_water",
        "man_made": "water_well",
        "operator:type": "public",
        "source": "2c peset"
      },
      "geometry": {
        "type": "Point",
        "coordinates": [
          83.8821501,
          28.2094038
        ]
      },
      "id": "node/5588187704"
    },
    {
      "type": "Feature",
      "properties": {
        "@id": "node/5588187706",
        "access": "yes",
        "amenity": "drinking_water",
        "man_made": "storage_tank",
        "source": "2c Preset"
      },
      "geometry": {
        "type": "Point",
        "coordinates": [
          83.8785184,
          28.2113301
        ]
      },
      "id": "node/5588187706"
    },
    {
      "type": "Feature",
      "properties": {
        "@id": "node/5589482221",
        "amenity": "drinking_water",
        "name:en": "Khalchhen, purnachandi"
      },
      "geometry": {
        "type": "Point",
        "coordinates": [
          85.320064,
          27.6728323
        ]
      },
      "id": "node/5589482221"
    },
    {
      "type": "Feature",
      "properties": {
        "@id": "node/5589499581",
        "amenity": "drinking_water",
        "content": "water",
        "drinking_water": "yes",
        "man_made": "storage_tank",
        "opening_hours": "sunrise-sunset",
        "operator:type": "public"
      },
      "geometry": {
        "type": "Point",
        "coordinates": [
          83.861306,
          28.2517759
        ]
      },
      "id": "node/5589499581"
    },
    {
      "type": "Feature",
      "properties": {
        "@id": "node/5589555120",
        "amenity": "drinking_water",
        "drinking_water": "yes",
        "man_made": "water_tap",
        "name": "Dhara",
        "operator:type": "public",
        "source": "2cpokhara"
      },
      "geometry": {
        "type": "Point",
        "coordinates": [
          83.8631722,
          28.239104
        ]
      },
      "id": "node/5589555120"
    },
    {
      "type": "Feature",
      "properties": {
        "@id": "node/5589588414",
        "amenity": "drinking_water"
      },
      "geometry": {
        "type": "Point",
        "coordinates": [
          83.9215508,
          28.1997078
        ]
      },
      "id": "node/5589588414"
    },
    {
      "type": "Feature",
      "properties": {
        "@id": "node/5589588625",
        "amenity": "drinking_water"
      },
      "geometry": {
        "type": "Point",
        "coordinates": [
          83.9286536,
          28.1968084
        ]
      },
      "id": "node/5589588625"
    },
    {
      "type": "Feature",
      "properties": {
        "@id": "node/5589588627",
        "amenity": "drinking_water"
      },
      "geometry": {
        "type": "Point",
        "coordinates": [
          83.9339952,
          28.200905
        ]
      },
      "id": "node/5589588627"
    },
    {
      "type": "Feature",
      "properties": {
        "@id": "node/5589588631",
        "amenity": "drinking_water"
      },
      "geometry": {
        "type": "Point",
        "coordinates": [
          83.9403869,
          28.2016372
        ]
      },
      "id": "node/5589588631"
    },
    {
      "type": "Feature",
      "properties": {
        "@id": "node/5591632261",
        "amenity": "drinking_water",
        "drinking_water": "yes",
        "man_made": "water_tap",
        "name": "Dhadkhola Dara"
      },
      "geometry": {
        "type": "Point",
        "coordinates": [
          83.8626337,
          28.237649
        ]
      },
      "id": "node/5591632261"
    },
    {
      "type": "Feature",
      "properties": {
        "@id": "node/5591633185",
        "amenity": "drinking_water",
        "name": "Panikhala"
      },
      "geometry": {
        "type": "Point",
        "coordinates": [
          81.80879,
          29.5515997
        ]
      },
      "id": "node/5591633185"
    },
    {
      "type": "Feature",
      "properties": {
        "@id": "node/5591633355",
        "amenity": "drinking_water",
        "name": "Tula Panera"
      },
      "geometry": {
        "type": "Point",
        "coordinates": [
          81.8128305,
          29.551192
        ]
      },
      "id": "node/5591633355"
    },
    {
      "type": "Feature",
      "properties": {
        "@id": "node/5591681943",
        "amenity": "drinking_water",
        "drinking_water": "yes",
        "name": "Khalte Tamu Dhara Water",
        "source": "2cpokhara"
      },
      "geometry": {
        "type": "Point",
        "coordinates": [
          83.8247046,
          28.2297799
        ]
      },
      "id": "node/5591681943"
    },
    {
      "type": "Feature",
      "properties": {
        "@id": "node/5598643497",
        "amenity": "drinking_water"
      },
      "geometry": {
        "type": "Point",
        "coordinates": [
          84.0367734,
          28.2472684
        ]
      },
      "id": "node/5598643497"
    },
    {
      "type": "Feature",
      "properties": {
        "@id": "node/5598643499",
        "amenity": "drinking_water"
      },
      "geometry": {
        "type": "Point",
        "coordinates": [
          84.0362987,
          28.2490664
        ]
      },
      "id": "node/5598643499"
    },
    {
      "type": "Feature",
      "properties": {
        "@id": "node/5598643503",
        "amenity": "drinking_water"
      },
      "geometry": {
        "type": "Point",
        "coordinates": [
          84.0444647,
          28.251311
        ]
      },
      "id": "node/5598643503"
    },
    {
      "type": "Feature",
      "properties": {
        "@id": "node/5598643507",
        "amenity": "drinking_water"
      },
      "geometry": {
        "type": "Point",
        "coordinates": [
          84.0452814,
          28.2515189
        ]
      },
      "id": "node/5598643507"
    },
    {
      "type": "Feature",
      "properties": {
        "@id": "node/5598643512",
        "amenity": "drinking_water"
      },
      "geometry": {
        "type": "Point",
        "coordinates": [
          84.0458393,
          28.2510878
        ]
      },
      "id": "node/5598643512"
    },
    {
      "type": "Feature",
      "properties": {
        "@id": "node/5598644122",
        "amenity": "drinking_water"
      },
      "geometry": {
        "type": "Point",
        "coordinates": [
          84.0504017,
          28.224569
        ]
      },
      "id": "node/5598644122"
    },
    {
      "type": "Feature",
      "properties": {
        "@id": "node/5606153544",
        "amenity": "drinking_water",
        "contact:email": "rishisapkota09@gmail.com",
        "contact:phone": "061-526129",
        "name": "Vindeshwori Drinking Water And Beverage Pvt Ltd",
        "operator": "Private",
        "source": "2cpokhara"
      },
      "geometry": {
        "type": "Point",
        "coordinates": [
          84.0024552,
          28.1796433
        ]
      },
      "id": "node/5606153544"
    },
    {
      "type": "Feature",
      "properties": {
        "@id": "node/5606153554",
        "amenity": "drinking_water"
      },
      "geometry": {
        "type": "Point",
        "coordinates": [
          83.9969674,
          28.1839764
        ]
      },
      "id": "node/5606153554"
    },
    {
      "type": "Feature",
      "properties": {
        "@id": "node/5608576300",
        "amenity": "drinking_water",
        "name": "Boring Drinking Water",
        "operator": "Khanepani sanstha",
        "source": "2cpokhara"
      },
      "geometry": {
        "type": "Point",
        "coordinates": [
          83.9996047,
          28.2298106
        ]
      },
      "id": "node/5608576300"
    },
    {
      "type": "Feature",
      "properties": {
        "@id": "node/5619176736",
        "amenity": "drinking_water",
        "drinking_water": "yes",
        "man_made": "water_tap",
        "name": "Dhara",
        "operator:type": "public",
        "source": "2cpokhara"
      },
      "geometry": {
        "type": "Point",
        "coordinates": [
          83.8321732,
          28.2377931
        ]
      },
      "id": "node/5619176736"
    },
    {
      "type": "Feature",
      "properties": {
        "@id": "node/5619249321",
        "amenity": "drinking_water",
        "man_made": "water_tap",
        "name": "Dhara",
        "operator:type": "public",
        "source": "2cpokhara"
      },
      "geometry": {
        "type": "Point",
        "coordinates": [
          83.8261677,
          28.2235267
        ]
      },
      "id": "node/5619249321"
    },
    {
      "type": "Feature",
      "properties": {
        "@id": "node/5621480015",
        "amenity": "drinking_water",
        "shop": "convenience"
      },
      "geometry": {
        "type": "Point",
        "coordinates": [
          81.783576,
          29.5232536
        ]
      },
      "id": "node/5621480015"
    },
    {
      "type": "Feature",
      "properties": {
        "@id": "node/5621654690",
        "amenity": "drinking_water",
        "source": "Nijgadh Smart City Data Collection"
      },
      "geometry": {
        "type": "Point",
        "coordinates": [
          85.1831546,
          27.2257889
        ]
      },
      "id": "node/5621654690"
    },
    {
      "type": "Feature",
      "properties": {
        "@id": "node/5621654695",
        "amenity": "drinking_water",
        "source": "Nijgadh Smart City Data Collection"
      },
      "geometry": {
        "type": "Point",
        "coordinates": [
          85.250657,
          27.2074018
        ]
      },
      "id": "node/5621654695"
    },
    {
      "type": "Feature",
      "properties": {
        "@id": "node/5621654699",
        "amenity": "drinking_water",
        "source": "Nijgadh Smart City Data Collection"
      },
      "geometry": {
        "type": "Point",
        "coordinates": [
          85.2471296,
          27.2083769
        ]
      },
      "id": "node/5621654699"
    },
    {
      "type": "Feature",
      "properties": {
        "@id": "node/5648776815",
        "amenity": "drinking_water"
      },
      "geometry": {
        "type": "Point",
        "coordinates": [
          77.2275744,
          28.5753103
        ]
      },
      "id": "node/5648776815"
    },
    {
      "type": "Feature",
      "properties": {
        "@id": "node/5650841532",
        "amenity": "drinking_water",
        "name:en": "Tap"
      },
      "geometry": {
        "type": "Point",
        "coordinates": [
          85.5355789,
          27.6467821
        ]
      },
      "id": "node/5650841532"
    },
    {
      "type": "Feature",
      "properties": {
        "@id": "node/5678220084",
        "amenity": "drinking_water",
        "ele": "2044",
        "man_made": "water_tap"
      },
      "geometry": {
        "type": "Point",
        "coordinates": [
          82.8476912,
          28.9778686
        ]
      },
      "id": "node/5678220084"
    },
    {
      "type": "Feature",
      "properties": {
        "@id": "node/5678220090",
        "amenity": "drinking_water",
        "man_made": "water_tap"
      },
      "geometry": {
        "type": "Point",
        "coordinates": [
          82.8403661,
          28.9784931
        ]
      },
      "id": "node/5678220090"
    },
    {
      "type": "Feature",
      "properties": {
        "@id": "node/5678220110",
        "amenity": "drinking_water",
        "ele": "2450",
        "man_made": "water_tap"
      },
      "geometry": {
        "type": "Point",
        "coordinates": [
          82.8221682,
          28.9828991
        ]
      },
      "id": "node/5678220110"
    },
    {
      "type": "Feature",
      "properties": {
        "@id": "node/5680974821",
        "amenity": "drinking_water",
        "description": "This 'spring' are artificial waterpuddles where condensation water is collected from some rocks. water be consumed only after filtering/treatment!",
        "drinking_water:legal": "no"
      },
      "geometry": {
        "type": "Point",
        "coordinates": [
          83.7440314,
          28.7657519
        ]
      },
      "id": "node/5680974821"
    },
    {
      "type": "Feature",
      "properties": {
        "@id": "node/5680976821",
        "amenity": "drinking_water",
        "name:de": "Fluss",
        "name:en": "Stream"
      },
      "geometry": {
        "type": "Point",
        "coordinates": [
          83.8047877,
          28.7529711
        ]
      },
      "id": "node/5680976821"
    },
    {
      "type": "Feature",
      "properties": {
        "@id": "node/5680976823",
        "amenity": "drinking_water",
        "name:de": "Fluss",
        "name:en": "River"
      },
      "geometry": {
        "type": "Point",
        "coordinates": [
          83.8097182,
          28.7383109
        ]
      },
      "id": "node/5680976823"
    },
    {
      "type": "Feature",
      "properties": {
        "@id": "node/5680977622",
        "amenity": "drinking_water"
      },
      "geometry": {
        "type": "Point",
        "coordinates": [
          83.8174602,
          28.7276374
        ]
      },
      "id": "node/5680977622"
    },
    {
      "type": "Feature",
      "properties": {
        "@id": "node/5680977623",
        "amenity": "drinking_water",
        "name:de": "Bach",
        "name:en": "Stream"
      },
      "geometry": {
        "type": "Point",
        "coordinates": [
          83.8228897,
          28.7229648
        ]
      },
      "id": "node/5680977623"
    },
    {
      "type": "Feature",
      "properties": {
        "@id": "node/5681010523",
        "amenity": "drinking_water",
        "check_date": "2025-08-25",
        "name:de": "Fluss",
        "name:en": "Stream",
        "natural": "spring"
      },
      "geometry": {
        "type": "Point",
        "coordinates": [
          83.9262179,
          28.6823035
        ]
      },
      "id": "node/5681010523"
    },
    {
      "type": "Feature",
      "properties": {
        "@id": "node/5694656438",
        "amenity": "drinking_water"
      },
      "geometry": {
        "type": "Point",
        "coordinates": [
          85.364771,
          27.7259727
        ]
      },
      "id": "node/5694656438"
    },
    {
      "type": "Feature",
      "properties": {
        "@id": "node/5694861455",
        "amenity": "drinking_water",
        "name": "রাম মন্দির জল",
        "name:en": "Water"
      },
      "geometry": {
        "type": "Point",
        "coordinates": [
          88.4186879,
          26.6984955
        ]
      },
      "id": "node/5694861455"
    },
    {
      "type": "Feature",
      "properties": {
        "@id": "node/5694861467",
        "amenity": "drinking_water"
      },
      "geometry": {
        "type": "Point",
        "coordinates": [
          88.4187592,
          26.7010973
        ]
      },
      "id": "node/5694861467"
    },
    {
      "type": "Feature",
      "properties": {
        "@id": "node/5694861468",
        "amenity": "drinking_water"
      },
      "geometry": {
        "type": "Point",
        "coordinates": [
          88.4186891,
          26.7020006
        ]
      },
      "id": "node/5694861468"
    },
    {
      "type": "Feature",
      "properties": {
        "@id": "node/5712864432",
        "amenity": "drinking_water"
      },
      "geometry": {
        "type": "Point",
        "coordinates": [
          77.8194391,
          30.8912194
        ]
      },
      "id": "node/5712864432"
    },
    {
      "type": "Feature",
      "properties": {
        "@id": "node/5712900921",
        "amenity": "drinking_water"
      },
      "geometry": {
        "type": "Point",
        "coordinates": [
          77.6920395,
          30.7234345
        ]
      },
      "id": "node/5712900921"
    },
    {
      "type": "Feature",
      "properties": {
        "@id": "node/5716534730",
        "amenity": "drinking_water"
      },
      "geometry": {
        "type": "Point",
        "coordinates": [
          76.5910356,
          28.9015227
        ]
      },
      "id": "node/5716534730"
    },
    {
      "type": "Feature",
      "properties": {
        "@id": "node/5721686322",
        "amenity": "drinking_water",
        "name:en": "Amritpani Drinking Water Well"
      },
      "geometry": {
        "type": "Point",
        "coordinates": [
          84.5888506,
          27.6464759
        ]
      },
      "id": "node/5721686322"
    },
    {
      "type": "Feature",
      "properties": {
        "@id": "node/5770208517",
        "amenity": "drinking_water"
      },
      "geometry": {
        "type": "Point",
        "coordinates": [
          76.7454996,
          31.2374723
        ]
      },
      "id": "node/5770208517"
    },
    {
      "type": "Feature",
      "properties": {
        "@id": "node/5778453154",
        "amenity": "drinking_water",
        "name:en": "Chiti Khanepani (चीती खानेपानी)",
        "name:hi": "चिती खानेपानी"
      },
      "geometry": {
        "type": "Point",
        "coordinates": [
          85.2456674,
          27.988034
        ]
      },
      "id": "node/5778453154"
    },
    {
      "type": "Feature",
      "properties": {
        "@id": "node/5778453253",
        "amenity": "drinking_water",
        "name:en": "Saune(साउने)"
      },
      "geometry": {
        "type": "Point",
        "coordinates": [
          85.2440989,
          27.9865379
        ]
      },
      "id": "node/5778453253"
    },
    {
      "type": "Feature",
      "properties": {
        "@id": "node/5793837199",
        "amenity": "drinking_water"
      },
      "geometry": {
        "type": "Point",
        "coordinates": [
          83.851805,
          28.8164444
        ]
      },
      "id": "node/5793837199"
    },
    {
      "type": "Feature",
      "properties": {
        "@id": "node/5817827169",
        "amenity": "drinking_water",
        "name:en": "Thulo Pandhera ठुलो पँधेरा"
      },
      "geometry": {
        "type": "Point",
        "coordinates": [
          85.246408,
          27.986029
        ]
      },
      "id": "node/5817827169"
    },
    {
      "type": "Feature",
      "properties": {
        "@id": "node/5819686292",
        "addr:city": "Bhajani Municipality",
        "amenity": "drinking_water",
        "drinking_water": "yes",
        "man_made": "storage_tank",
        "name": "Bhajani Khanepani",
        "opening_hours": "24/7"
      },
      "geometry": {
        "type": "Point",
        "coordinates": [
          80.9681732,
          28.4940593
        ]
      },
      "id": "node/5819686292"
    },
    {
      "type": "Feature",
      "properties": {
        "@id": "node/5827440509",
        "amenity": "drinking_water"
      },
      "geometry": {
        "type": "Point",
        "coordinates": [
          80.6904641,
          29.3247718
        ]
      },
      "id": "node/5827440509"
    },
    {
      "type": "Feature",
      "properties": {
        "@id": "node/5850667185",
        "amenity": "drinking_water",
        "name:en": "Saune(साउने)"
      },
      "geometry": {
        "type": "Point",
        "coordinates": [
          85.2426838,
          27.9876735
        ]
      },
      "id": "node/5850667185"
    },
    {
      "type": "Feature",
      "properties": {
        "@id": "node/5860718686",
        "amenity": "drinking_water"
      },
      "geometry": {
        "type": "Point",
        "coordinates": [
          78.1168838,
          32.2271821
        ]
      },
      "id": "node/5860718686"
    },
    {
      "type": "Feature",
      "properties": {
        "@id": "node/5883185586",
        "amenity": "drinking_water",
        "man_made": "water_well",
        "pump": "no"
      },
      "geometry": {
        "type": "Point",
        "coordinates": [
          82.2877503,
          28.1125841
        ]
      },
      "id": "node/5883185586"
    },
    {
      "type": "Feature",
      "properties": {
        "@id": "node/5884779004",
        "amenity": "drinking_water"
      },
      "geometry": {
        "type": "Point",
        "coordinates": [
          77.172914,
          28.5833607
        ]
      },
      "id": "node/5884779004"
    },
    {
      "type": "Feature",
      "properties": {
        "@id": "node/5884780778",
        "amenity": "drinking_water"
      },
      "geometry": {
        "type": "Point",
        "coordinates": [
          77.1722287,
          28.5843236
        ]
      },
      "id": "node/5884780778"
    },
    {
      "type": "Feature",
      "properties": {
        "@id": "node/5905840088",
        "amenity": "drinking_water"
      },
      "geometry": {
        "type": "Point",
        "coordinates": [
          84.3703702,
          28.2523327
        ]
      },
      "id": "node/5905840088"
    },
    {
      "type": "Feature",
      "properties": {
        "@id": "node/5905841285",
        "amenity": "drinking_water"
      },
      "geometry": {
        "type": "Point",
        "coordinates": [
          84.3723741,
          28.2450876
        ]
      },
      "id": "node/5905841285"
    },
    {
      "type": "Feature",
      "properties": {
        "@id": "node/5917840973",
        "addr:city": "Ghorahi Sub Metropolitan City -17",
        "addr:street": "Okhara",
        "amenity": "drinking_water",
        "drinking_water": "yes",
        "man_made": "storage_tank"
      },
      "geometry": {
        "type": "Point",
        "coordinates": [
          82.4865586,
          27.9979906
        ]
      },
      "id": "node/5917840973"
    },
    {
      "type": "Feature",
      "properties": {
        "@id": "node/5960793690",
        "amenity": "drinking_water",
        "drinking_water": "yes",
        "name": "new health juice and shake "
      },
      "geometry": {
        "type": "Point",
        "coordinates": [
          77.2169906,
          28.5339502
        ]
      },
      "id": "node/5960793690"
    },
    {
      "type": "Feature",
      "properties": {
        "@id": "node/5960793692",
        "amenity": "drinking_water",
        "drinking_water": "yes",
        "name": "soda shop"
      },
      "geometry": {
        "type": "Point",
        "coordinates": [
          77.21703,
          28.5341525
        ]
      },
      "id": "node/5960793692"
    },
    {
      "type": "Feature",
      "properties": {
        "@id": "node/5960793704",
        "amenity": "drinking_water",
        "drinking_water": "yes",
        "name": "baba juice "
      },
      "geometry": {
        "type": "Point",
        "coordinates": [
          77.2183301,
          28.5350793
        ]
      },
      "id": "node/5960793704"
    },
    {
      "type": "Feature",
      "properties": {
        "@id": "node/5960810289",
        "amenity": "drinking_water",
        "name": "water supply"
      },
      "geometry": {
        "type": "Point",
        "coordinates": [
          77.2204369,
          28.5345996
        ]
      },
      "id": "node/5960810289"
    },
    {
      "type": "Feature",
      "properties": {
        "@id": "node/5975050189",
        "amenity": "drinking_water",
        "name": "water_tap"
      },
      "geometry": {
        "type": "Point",
        "coordinates": [
          81.8173288,
          29.9743552
        ]
      },
      "id": "node/5975050189"
    },
    {
      "type": "Feature",
      "properties": {
        "@id": "node/5975621980",
        "amenity": "drinking_water",
        "drinking_water": "yes",
        "man_made": "water_tap",
        "operator:type": "public",
        "source": "Yoyo preset"
      },
      "geometry": {
        "type": "Point",
        "coordinates": [
          83.7374698,
          28.2871868
        ]
      },
      "id": "node/5975621980"
    },
    {
      "type": "Feature",
      "properties": {
        "@id": "node/5975622086",
        "access": "yes",
        "amenity": "drinking_water",
        "drinking_water": "no",
        "man_made": "storage_tank",
        "operator": "public",
        "source": "Yoyo preset"
      },
      "geometry": {
        "type": "Point",
        "coordinates": [
          83.7374081,
          28.285273
        ]
      },
      "id": "node/5975622086"
    },
    {
      "type": "Feature",
      "properties": {
        "@id": "node/5975622087",
        "amenity": "drinking_water",
        "drinking_water": "yes",
        "man_made": "water_tap",
        "operator:type": "public",
        "source": "Yoyo preset"
      },
      "geometry": {
        "type": "Point",
        "coordinates": [
          83.7377957,
          28.2847327
        ]
      },
      "id": "node/5975622087"
    },
    {
      "type": "Feature",
      "properties": {
        "@id": "node/5998710658",
        "amenity": "drinking_water"
      },
      "geometry": {
        "type": "Point",
        "coordinates": [
          77.2103074,
          28.5491933
        ]
      },
      "id": "node/5998710658"
    },
    {
      "type": "Feature",
      "properties": {
        "@id": "node/6000110585",
        "amenity": "drinking_water",
        "man_made": "water_tap"
      },
      "geometry": {
        "type": "Point",
        "coordinates": [
          76.7138032,
          32.0381077
        ]
      },
      "id": "node/6000110585"
    },
    {
      "type": "Feature",
      "properties": {
        "@id": "node/6015475986",
        "amenity": "drinking_water",
        "description": "This is outside the boundary wall."
      },
      "geometry": {
        "type": "Point",
        "coordinates": [
          77.2442536,
          28.5689349
        ]
      },
      "id": "node/6015475986"
    },
    {
      "type": "Feature",
      "properties": {
        "@id": "node/6030219163",
        "amenity": "drinking_water",
        "man_made": "water_tap"
      },
      "geometry": {
        "type": "Point",
        "coordinates": [
          82.8971049,
          29.0566949
        ]
      },
      "id": "node/6030219163"
    },
    {
      "type": "Feature",
      "properties": {
        "@id": "node/6030219164",
        "amenity": "drinking_water",
        "man_made": "water_tap"
      },
      "geometry": {
        "type": "Point",
        "coordinates": [
          82.8974152,
          29.0564468
        ]
      },
      "id": "node/6030219164"
    },
    {
      "type": "Feature",
      "properties": {
        "@id": "node/6032923902",
        "amenity": "drinking_water",
        "ele": "3645",
        "man_made": "water_tap"
      },
      "geometry": {
        "type": "Point",
        "coordinates": [
          82.9367213,
          29.1688686
        ]
      },
      "id": "node/6032923902"
    },
    {
      "type": "Feature",
      "properties": {
        "@id": "node/6032969189",
        "amenity": "drinking_water",
        "man_made": "water_tap"
      },
      "geometry": {
        "type": "Point",
        "coordinates": [
          82.9442757,
          29.1749507
        ]
      },
      "id": "node/6032969189"
    },
    {
      "type": "Feature",
      "properties": {
        "@id": "node/6032969203",
        "amenity": "drinking_water",
        "ele": "3640",
        "man_made": "water_tap"
      },
      "geometry": {
        "type": "Point",
        "coordinates": [
          82.9374797,
          29.1726228
        ]
      },
      "id": "node/6032969203"
    },
    {
      "type": "Feature",
      "properties": {
        "@id": "node/6033911745",
        "addr:city": "Arun Rural Municipality 6",
        "amenity": "drinking_water",
        "drinking_water": "yes",
        "man_made": "storage_tank"
      },
      "geometry": {
        "type": "Point",
        "coordinates": [
          87.228511,
          27.1453977
        ]
      },
      "id": "node/6033911745"
    },
    {
      "type": "Feature",
      "properties": {
        "@id": "node/6035782469",
        "addr:city": "Arun Rural Municipality 6",
        "addr:place": "Khamare",
        "amenity": "drinking_water",
        "drinking_water": "yes",
        "man_made": "storage_tank"
      },
      "geometry": {
        "type": "Point",
        "coordinates": [
          87.2291493,
          27.1536616
        ]
      },
      "id": "node/6035782469"
    },
    {
      "type": "Feature",
      "properties": {
        "@id": "node/6035782482",
        "addr:city": "Arun Rural Municipality 6",
        "addr:place": "Khamare",
        "amenity": "drinking_water",
        "drinking_water": "yes",
        "man_made": "water_well",
        "operator:type": "public"
      },
      "geometry": {
        "type": "Point",
        "coordinates": [
          87.2310296,
          27.1522392
        ]
      },
      "id": "node/6035782482"
    },
    {
      "type": "Feature",
      "properties": {
        "@id": "node/6035783538",
        "addr:city": "Arun Rural Municipality 6",
        "addr:place": "Badhaure",
        "amenity": "drinking_water",
        "drinking_water": "yes",
        "man_made": "water_well",
        "operator:type": "public"
      },
      "geometry": {
        "type": "Point",
        "coordinates": [
          87.2292513,
          27.1506485
        ]
      },
      "id": "node/6035783538"
    },
    {
      "type": "Feature",
      "properties": {
        "@id": "node/6035789861",
        "addr:city": "Arun Rural Municipality 6",
        "addr:place": "Khamare",
        "amenity": "drinking_water",
        "drinking_water": "yes"
      },
      "geometry": {
        "type": "Point",
        "coordinates": [
          87.2301579,
          27.1491533
        ]
      },
      "id": "node/6035789861"
    },
    {
      "type": "Feature",
      "properties": {
        "@id": "node/6035835469",
        "addr:city": "Arun Rural Municipality 6",
        "addr:place": "Palpale",
        "amenity": "drinking_water",
        "drinking_water": "yes",
        "man_made": "water_tap",
        "operator:type": "public"
      },
      "geometry": {
        "type": "Point",
        "coordinates": [
          87.2320206,
          27.1540375
        ]
      },
      "id": "node/6035835469"
    },
    {
      "type": "Feature",
      "properties": {
        "@id": "node/6035842816",
        "addr:city": "Arun Rural Municipality 6",
        "addr:place": "Palpale",
        "amenity": "drinking_water",
        "drinking_water": "yes",
        "man_made": "water_tap",
        "operator:type": "public"
      },
      "geometry": {
        "type": "Point",
        "coordinates": [
          87.2304086,
          27.1553358
        ]
      },
      "id": "node/6035842816"
    },
    {
      "type": "Feature",
      "properties": {
        "@id": "node/6038799487",
        "access": "yes",
        "amenity": "drinking_water",
        "drinking_water": "no",
        "man_made": "storage_tank",
        "source": "Yoyo preset"
      },
      "geometry": {
        "type": "Point",
        "coordinates": [
          83.7219173,
          28.2680285
        ]
      },
      "id": "node/6038799487"
    },
    {
      "type": "Feature",
      "properties": {
        "@id": "node/6038799489",
        "amenity": "drinking_water",
        "name:ne": "धारा"
      },
      "geometry": {
        "type": "Point",
        "coordinates": [
          83.7213179,
          28.268356
        ]
      },
      "id": "node/6038799489"
    },
    {
      "type": "Feature",
      "properties": {
        "@id": "node/6038799491",
        "amenity": "drinking_water",
        "name:ne": "धारा"
      },
      "geometry": {
        "type": "Point",
        "coordinates": [
          83.7200159,
          28.2694574
        ]
      },
      "id": "node/6038799491"
    },
    {
      "type": "Feature",
      "properties": {
        "@id": "node/6038799496",
        "amenity": "drinking_water",
        "name:ne": "धारा"
      },
      "geometry": {
        "type": "Point",
        "coordinates": [
          83.7194051,
          28.2699842
        ]
      },
      "id": "node/6038799496"
    },
    {
      "type": "Feature",
      "properties": {
        "@id": "node/6038799501",
        "amenity": "drinking_water",
        "name:ne": "धारा"
      },
      "geometry": {
        "type": "Point",
        "coordinates": [
          83.7192384,
          28.2704136
        ]
      },
      "id": "node/6038799501"
    },
    {
      "type": "Feature",
      "properties": {
        "@id": "node/6038799508",
        "access": "yes",
        "amenity": "drinking_water",
        "drinking_water": "no",
        "man_made": "storage_tank",
        "source": "Yoyo preset"
      },
      "geometry": {
        "type": "Point",
        "coordinates": [
          83.7193025,
          28.2705093
        ]
      },
      "id": "node/6038799508"
    },
    {
      "type": "Feature",
      "properties": {
        "@id": "node/6041496885",
        "amenity": "drinking_water",
        "fountain": "drinking"
      },
      "geometry": {
        "type": "Point",
        "coordinates": [
          83.6998574,
          28.4025647
        ]
      },
      "id": "node/6041496885"
    },
    {
      "type": "Feature",
      "properties": {
        "@id": "node/6052291839",
        "amenity": "drinking_water"
      },
      "geometry": {
        "type": "Point",
        "coordinates": [
          83.7204196,
          28.3029029
        ]
      },
      "id": "node/6052291839"
    },
    {
      "type": "Feature",
      "properties": {
        "@id": "node/6052291846",
        "amenity": "drinking_water"
      },
      "geometry": {
        "type": "Point",
        "coordinates": [
          83.7208655,
          28.3022293
        ]
      },
      "id": "node/6052291846"
    },
    {
      "type": "Feature",
      "properties": {
        "@id": "node/6052291985",
        "amenity": "drinking_water"
      },
      "geometry": {
        "type": "Point",
        "coordinates": [
          83.7216709,
          28.3017617
        ]
      },
      "id": "node/6052291985"
    },
    {
      "type": "Feature",
      "properties": {
        "@id": "node/6052292168",
        "amenity": "drinking_water"
      },
      "geometry": {
        "type": "Point",
        "coordinates": [
          83.723356,
          28.3030889
        ]
      },
      "id": "node/6052292168"
    },
    {
      "type": "Feature",
      "properties": {
        "@id": "node/6052292197",
        "amenity": "drinking_water"
      },
      "geometry": {
        "type": "Point",
        "coordinates": [
          83.7322569,
          28.2995654
        ]
      },
      "id": "node/6052292197"
    },
    {
      "type": "Feature",
      "properties": {
        "@id": "node/6052292199",
        "amenity": "drinking_water"
      },
      "geometry": {
        "type": "Point",
        "coordinates": [
          83.7319176,
          28.2993009
        ]
      },
      "id": "node/6052292199"
    },
    {
      "type": "Feature",
      "properties": {
        "@id": "node/6052292213",
        "amenity": "drinking_water"
      },
      "geometry": {
        "type": "Point",
        "coordinates": [
          83.7318063,
          28.2989632
        ]
      },
      "id": "node/6052292213"
    },
    {
      "type": "Feature",
      "properties": {
        "@id": "node/6052292215",
        "amenity": "drinking_water",
        "drinking_water": "yes",
        "man_made": "water_tap",
        "operator:type": "public",
        "source": "Yoyo preset"
      },
      "geometry": {
        "type": "Point",
        "coordinates": [
          83.7324326,
          28.2984029
        ]
      },
      "id": "node/6052292215"
    },
    {
      "type": "Feature",
      "properties": {
        "@id": "node/6052292287",
        "amenity": "drinking_water"
      },
      "geometry": {
        "type": "Point",
        "coordinates": [
          83.7309735,
          28.2948692
        ]
      },
      "id": "node/6052292287"
    },
    {
      "type": "Feature",
      "properties": {
        "@id": "node/6052319888",
        "amenity": "drinking_water"
      },
      "geometry": {
        "type": "Point",
        "coordinates": [
          83.6983907,
          28.3102448
        ]
      },
      "id": "node/6052319888"
    },
    {
      "type": "Feature",
      "properties": {
        "@id": "node/6052320017",
        "amenity": "drinking_water"
      },
      "geometry": {
        "type": "Point",
        "coordinates": [
          83.7083443,
          28.3055915
        ]
      },
      "id": "node/6052320017"
    },
    {
      "type": "Feature",
      "properties": {
        "@id": "node/6052369444",
        "amenity": "drinking_water"
      },
      "geometry": {
        "type": "Point",
        "coordinates": [
          83.6967055,
          28.3025434
        ]
      },
      "id": "node/6052369444"
    },
    {
      "type": "Feature",
      "properties": {
        "@id": "node/6052369462",
        "amenity": "drinking_water"
      },
      "geometry": {
        "type": "Point",
        "coordinates": [
          83.6986797,
          28.309351
        ]
      },
      "id": "node/6052369462"
    },
    {
      "type": "Feature",
      "properties": {
        "@id": "node/6052766622",
        "access": "yes",
        "amenity": "drinking_water",
        "drinking_water": "yes",
        "man_made": "storage_tank",
        "source": "Yoyo preset"
      },
      "geometry": {
        "type": "Point",
        "coordinates": [
          83.6747195,
          28.3193803
        ]
      },
      "id": "node/6052766622"
    },
    {
      "type": "Feature",
      "properties": {
        "@id": "node/6052975845",
        "amenity": "drinking_water"
      },
      "geometry": {
        "type": "Point",
        "coordinates": [
          83.7093408,
          28.2767508
        ]
      },
      "id": "node/6052975845"
    },
    {
      "type": "Feature",
      "properties": {
        "@id": "node/6052976425",
        "amenity": "drinking_water",
        "drinking_water": "yes",
        "man_made": "water_tap",
        "operator:type": "public",
        "source": "Yoyo preset"
      },
      "geometry": {
        "type": "Point",
        "coordinates": [
          83.7102815,
          28.2790739
        ]
      },
      "id": "node/6052976425"
    },
    {
      "type": "Feature",
      "properties": {
        "@id": "node/6052976427",
        "amenity": "drinking_water"
      },
      "geometry": {
        "type": "Point",
        "coordinates": [
          83.7079246,
          28.2794578
        ]
      },
      "id": "node/6052976427"
    },
    {
      "type": "Feature",
      "properties": {
        "@id": "node/6053881282",
        "amenity": "drinking_water",
        "drinking_water": "yes",
        "man_made": "water_tap",
        "operator:type": "public",
        "source": "Yoyo preset"
      },
      "geometry": {
        "type": "Point",
        "coordinates": [
          83.7439346,
          28.2995713
        ]
      },
      "id": "node/6053881282"
    },
    {
      "type": "Feature",
      "properties": {
        "@id": "node/6053918645",
        "amenity": "drinking_water"
      },
      "geometry": {
        "type": "Point",
        "coordinates": [
          83.7553735,
          28.312491
        ]
      },
      "id": "node/6053918645"
    },
    {
      "type": "Feature",
      "properties": {
        "@id": "node/6053918809",
        "amenity": "drinking_water"
      },
      "geometry": {
        "type": "Point",
        "coordinates": [
          83.7584292,
          28.3084206
        ]
      },
      "id": "node/6053918809"
    },
    {
      "type": "Feature",
      "properties": {
        "@id": "node/6053957386",
        "amenity": "drinking_water"
      },
      "geometry": {
        "type": "Point",
        "coordinates": [
          83.7446629,
          28.3185303
        ]
      },
      "id": "node/6053957386"
    },
    {
      "type": "Feature",
      "properties": {
        "@id": "node/6054179823",
        "amenity": "drinking_water"
      },
      "geometry": {
        "type": "Point",
        "coordinates": [
          83.7321072,
          28.3374885
        ]
      },
      "id": "node/6054179823"
    },
    {
      "type": "Feature",
      "properties": {
        "@id": "node/6054421476",
        "access": "yes",
        "amenity": "drinking_water",
        "drinking_water": "no",
        "man_made": "storage_tank",
        "source": "Yoyo preset"
      },
      "geometry": {
        "type": "Point",
        "coordinates": [
          83.7342069,
          28.3365634
        ]
      },
      "id": "node/6054421476"
    },
    {
      "type": "Feature",
      "properties": {
        "@id": "node/6054712735",
        "amenity": "drinking_water",
        "man_made": "water_tap",
        "operator:type": "public",
        "source": "Yoyo preset"
      },
      "geometry": {
        "type": "Point",
        "coordinates": [
          83.6830276,
          28.265051
        ]
      },
      "id": "node/6054712735"
    },
    {
      "type": "Feature",
      "properties": {
        "@id": "node/6054805727",
        "amenity": "drinking_water",
        "drinking_water": "yes",
        "man_made": "water_tap",
        "operator:type": "public",
        "source": "Yoyo preset"
      },
      "geometry": {
        "type": "Point",
        "coordinates": [
          83.7434198,
          28.2922395
        ]
      },
      "id": "node/6054805727"
    },
    {
      "type": "Feature",
      "properties": {
        "@id": "node/6054954323",
        "access": "yes",
        "amenity": "drinking_water",
        "drinking_water": "no",
        "man_made": "storage_tank",
        "source": "Yoyo preset"
      },
      "geometry": {
        "type": "Point",
        "coordinates": [
          83.7557276,
          28.2967456
        ]
      },
      "id": "node/6054954323"
    },
    {
      "type": "Feature",
      "properties": {
        "@id": "node/6055190710",
        "amenity": "drinking_water"
      },
      "geometry": {
        "type": "Point",
        "coordinates": [
          83.7695503,
          28.3085983
        ]
      },
      "id": "node/6055190710"
    },
    {
      "type": "Feature",
      "properties": {
        "@id": "node/6055190797",
        "access": "yes",
        "amenity": "drinking_water",
        "drinking_water": "yes",
        "man_made": "storage_tank",
        "source": "Yoyo preset"
      },
      "geometry": {
        "type": "Point",
        "coordinates": [
          83.760341,
          28.3059833
        ]
      },
      "id": "node/6055190797"
    },
    {
      "type": "Feature",
      "properties": {
        "@id": "node/6055190824",
        "amenity": "drinking_water"
      },
      "geometry": {
        "type": "Point",
        "coordinates": [
          83.7633571,
          28.3083562
        ]
      },
      "id": "node/6055190824"
    },
    {
      "type": "Feature",
      "properties": {
        "@id": "node/6055190982",
        "amenity": "drinking_water"
      },
      "geometry": {
        "type": "Point",
        "coordinates": [
          83.7484092,
          28.3102654
        ]
      },
      "id": "node/6055190982"
    },
    {
      "type": "Feature",
      "properties": {
        "@id": "node/6055190983",
        "amenity": "drinking_water"
      },
      "geometry": {
        "type": "Point",
        "coordinates": [
          83.7480927,
          28.3103469
        ]
      },
      "id": "node/6055190983"
    },
    {
      "type": "Feature",
      "properties": {
        "@id": "node/6055191201",
        "access": "yes",
        "amenity": "drinking_water",
        "drinking_water": "yes",
        "man_made": "storage_tank",
        "source": "Yoyo preset"
      },
      "geometry": {
        "type": "Point",
        "coordinates": [
          83.7456103,
          28.311216
        ]
      },
      "id": "node/6055191201"
    },
    {
      "type": "Feature",
      "properties": {
        "@id": "node/6055191525",
        "amenity": "drinking_water"
      },
      "geometry": {
        "type": "Point",
        "coordinates": [
          83.7297219,
          28.3214626
        ]
      },
      "id": "node/6055191525"
    },
    {
      "type": "Feature",
      "properties": {
        "@id": "node/6055191528",
        "access": "yes",
        "amenity": "drinking_water",
        "man_made": "storage_tank",
        "source": "Yoyo preset"
      },
      "geometry": {
        "type": "Point",
        "coordinates": [
          83.7308098,
          28.3217932
        ]
      },
      "id": "node/6055191528"
    },
    {
      "type": "Feature",
      "properties": {
        "@id": "node/6055224160",
        "amenity": "drinking_water"
      },
      "geometry": {
        "type": "Point",
        "coordinates": [
          83.7494391,
          28.3112913
        ]
      },
      "id": "node/6055224160"
    },
    {
      "type": "Feature",
      "properties": {
        "@id": "node/6055224166",
        "amenity": "drinking_water",
        "drinking_water": "yes",
        "man_made": "water_tap",
        "operator:type": "public",
        "source": "Yoyo preset"
      },
      "geometry": {
        "type": "Point",
        "coordinates": [
          83.7496007,
          28.3104384
        ]
      },
      "id": "node/6055224166"
    },
    {
      "type": "Feature",
      "properties": {
        "@id": "node/6055317351",
        "amenity": "drinking_water",
        "drinking_water": "no",
        "man_made": "water_tap",
        "operator:type": "public",
        "source": "Yoyo preset"
      },
      "geometry": {
        "type": "Point",
        "coordinates": [
          83.7095097,
          28.2804776
        ]
      },
      "id": "node/6055317351"
    },
    {
      "type": "Feature",
      "properties": {
        "@id": "node/6055556940",
        "access": "yes",
        "amenity": "drinking_water",
        "drinking_water": "no",
        "man_made": "storage_tank",
        "source": "Yoyo preset"
      },
      "geometry": {
        "type": "Point",
        "coordinates": [
          83.7365625,
          28.2723524
        ]
      },
      "id": "node/6055556940"
    },
    {
      "type": "Feature",
      "properties": {
        "@id": "node/6055980897",
        "amenity": "drinking_water"
      },
      "geometry": {
        "type": "Point",
        "coordinates": [
          77.2318716,
          28.539565
        ]
      },
      "id": "node/6055980897"
    },
    {
      "type": "Feature",
      "properties": {
        "@id": "node/6055980899",
        "amenity": "drinking_water"
      },
      "geometry": {
        "type": "Point",
        "coordinates": [
          77.2457644,
          28.5753881
        ]
      },
      "id": "node/6055980899"
    },
    {
      "type": "Feature",
      "properties": {
        "@id": "node/6056242685",
        "amenity": "drinking_water"
      },
      "geometry": {
        "type": "Point",
        "coordinates": [
          83.7523621,
          28.2280648
        ]
      },
      "id": "node/6056242685"
    },
    {
      "type": "Feature",
      "properties": {
        "@id": "node/6056242691",
        "amenity": "drinking_water"
      },
      "geometry": {
        "type": "Point",
        "coordinates": [
          83.7518399,
          28.2307838
        ]
      },
      "id": "node/6056242691"
    },
    {
      "type": "Feature",
      "properties": {
        "@id": "node/6056242692",
        "amenity": "drinking_water"
      },
      "geometry": {
        "type": "Point",
        "coordinates": [
          83.7425935,
          28.2337317
        ]
      },
      "id": "node/6056242692"
    },
    {
      "type": "Feature",
      "properties": {
        "@id": "node/6056242693",
        "amenity": "drinking_water"
      },
      "geometry": {
        "type": "Point",
        "coordinates": [
          83.7394063,
          28.2343307
        ]
      },
      "id": "node/6056242693"
    },
    {
      "type": "Feature",
      "properties": {
        "@id": "node/6056242704",
        "amenity": "drinking_water",
        "man_made": "water_tap",
        "operator:type": "public",
        "source": "Yoyo preset"
      },
      "geometry": {
        "type": "Point",
        "coordinates": [
          83.7411628,
          28.2385626
        ]
      },
      "id": "node/6056242704"
    },
    {
      "type": "Feature",
      "properties": {
        "@id": "node/6056475997",
        "amenity": "drinking_water"
      },
      "geometry": {
        "type": "Point",
        "coordinates": [
          83.7496175,
          28.226791
        ]
      },
      "id": "node/6056475997"
    },
    {
      "type": "Feature",
      "properties": {
        "@id": "node/6056493318",
        "amenity": "drinking_water"
      },
      "geometry": {
        "type": "Point",
        "coordinates": [
          83.712882,
          28.288007
        ]
      },
      "id": "node/6056493318"
    },
    {
      "type": "Feature",
      "properties": {
        "@id": "node/6056493319",
        "amenity": "drinking_water",
        "drinking_water": "yes",
        "man_made": "water_tap",
        "operator:type": "public",
        "source": "Yoyo preset"
      },
      "geometry": {
        "type": "Point",
        "coordinates": [
          83.7129346,
          28.2888197
        ]
      },
      "id": "node/6056493319"
    },
    {
      "type": "Feature",
      "properties": {
        "@id": "node/6056644007",
        "amenity": "drinking_water",
        "drinking_water": "yes",
        "man_made": "water_tap",
        "operator:type": "public",
        "source": "Yoyo preset"
      },
      "geometry": {
        "type": "Point",
        "coordinates": [
          83.7463666,
          28.2666439
        ]
      },
      "id": "node/6056644007"
    },
    {
      "type": "Feature",
      "properties": {
        "@id": "node/6056762493",
        "amenity": "drinking_water",
        "drinking_water": "yes",
        "man_made": "water_tap",
        "operator:type": "public",
        "source": "Yoyo preset"
      },
      "geometry": {
        "type": "Point",
        "coordinates": [
          83.7646526,
          28.230737
        ]
      },
      "id": "node/6056762493"
    },
    {
      "type": "Feature",
      "properties": {
        "@id": "node/6056800878",
        "amenity": "drinking_water",
        "drinking_water": "yes",
        "man_made": "water_tap",
        "operator:type": "public",
        "source": "Yoyo preset"
      },
      "geometry": {
        "type": "Point",
        "coordinates": [
          83.7071568,
          28.2736191
        ]
      },
      "id": "node/6056800878"
    },
    {
      "type": "Feature",
      "properties": {
        "@id": "node/6056802190",
        "amenity": "drinking_water"
      },
      "geometry": {
        "type": "Point",
        "coordinates": [
          83.7078736,
          28.2740042
        ]
      },
      "id": "node/6056802190"
    },
    {
      "type": "Feature",
      "properties": {
        "@id": "node/6056802981",
        "amenity": "drinking_water"
      },
      "geometry": {
        "type": "Point",
        "coordinates": [
          83.7105833,
          28.2752532
        ]
      },
      "id": "node/6056802981"
    },
    {
      "type": "Feature",
      "properties": {
        "@id": "node/6056856063",
        "access": "yes",
        "amenity": "drinking_water",
        "drinking_water": "no",
        "man_made": "storage_tank",
        "source": "Yoyo preset"
      },
      "geometry": {
        "type": "Point",
        "coordinates": [
          83.7333713,
          28.2739693
        ]
      },
      "id": "node/6056856063"
    },
    {
      "type": "Feature",
      "properties": {
        "@id": "node/6056856074",
        "access": "yes",
        "amenity": "drinking_water",
        "drinking_water": "no",
        "man_made": "storage_tank",
        "source": "Yoyo preset"
      },
      "geometry": {
        "type": "Point",
        "coordinates": [
          83.7303579,
          28.2707189
        ]
      },
      "id": "node/6056856074"
    },
    {
      "type": "Feature",
      "properties": {
        "@id": "node/6056858576",
        "access": "yes",
        "amenity": "drinking_water",
        "drinking_water": "no",
        "man_made": "storage_tank",
        "source": "Yoyo preset"
      },
      "geometry": {
        "type": "Point",
        "coordinates": [
          83.7281964,
          28.2746895
        ]
      },
      "id": "node/6056858576"
    },
    {
      "type": "Feature",
      "properties": {
        "@id": "node/6056858578",
        "access": "yes",
        "amenity": "drinking_water",
        "drinking_water": "no",
        "man_made": "storage_tank",
        "source": "Yoyo preset"
      },
      "geometry": {
        "type": "Point",
        "coordinates": [
          83.7269032,
          28.2746555
        ]
      },
      "id": "node/6056858578"
    },
    {
      "type": "Feature",
      "properties": {
        "@id": "node/6056858584",
        "access": "yes",
        "amenity": "drinking_water",
        "drinking_water": "no",
        "man_made": "storage_tank",
        "source": "Yoyo preset"
      },
      "geometry": {
        "type": "Point",
        "coordinates": [
          83.7249336,
          28.2764981
        ]
      },
      "id": "node/6056858584"
    },
    {
      "type": "Feature",
      "properties": {
        "@id": "node/6056858806",
        "amenity": "drinking_water"
      },
      "geometry": {
        "type": "Point",
        "coordinates": [
          83.7223582,
          28.2769557
        ]
      },
      "id": "node/6056858806"
    },
    {
      "type": "Feature",
      "properties": {
        "@id": "node/6056858832",
        "amenity": "drinking_water",
        "drinking_water": "yes",
        "man_made": "water_tap",
        "operator:type": "public",
        "source": "Yoyo preset"
      },
      "geometry": {
        "type": "Point",
        "coordinates": [
          83.7207703,
          28.277287
        ]
      },
      "id": "node/6056858832"
    },
    {
      "type": "Feature",
      "properties": {
        "@id": "node/6056858882",
        "amenity": "drinking_water",
        "drinking_water": "yes",
        "man_made": "water_tap",
        "operator:type": "public",
        "source": "Yoyo preset"
      },
      "geometry": {
        "type": "Point",
        "coordinates": [
          83.7137054,
          28.2793373
        ]
      },
      "id": "node/6056858882"
    },
    {
      "type": "Feature",
      "properties": {
        "@id": "node/6056858883",
        "amenity": "drinking_water",
        "drinking_water": "yes",
        "man_made": "water_tap",
        "operator:type": "public",
        "source": "Yoyo preset"
      },
      "geometry": {
        "type": "Point",
        "coordinates": [
          83.7132655,
          28.2798203
        ]
      },
      "id": "node/6056858883"
    },
    {
      "type": "Feature",
      "properties": {
        "@id": "node/6056859085",
        "amenity": "drinking_water",
        "drinking_water": "yes",
        "man_made": "water_tap",
        "operator:type": "public",
        "source": "Yoyo preset"
      },
      "geometry": {
        "type": "Point",
        "coordinates": [
          83.7121044,
          28.2793261
        ]
      },
      "id": "node/6056859085"
    },
    {
      "type": "Feature",
      "properties": {
        "@id": "node/6057034252",
        "amenity": "drinking_water",
        "man_made": "water_tap",
        "operator:type": "public",
        "source": "Yoyo preset"
      },
      "geometry": {
        "type": "Point",
        "coordinates": [
          83.7533478,
          28.2451454
        ]
      },
      "id": "node/6057034252"
    },
    {
      "type": "Feature",
      "properties": {
        "@id": "node/6057035689",
        "amenity": "drinking_water",
        "man_made": "water_tap",
        "operator:type": "public",
        "source": "Yoyo preset"
      },
      "geometry": {
        "type": "Point",
        "coordinates": [
          83.7528495,
          28.2426927
        ]
      },
      "id": "node/6057035689"
    },
    {
      "type": "Feature",
      "properties": {
        "@id": "node/6057035722",
        "access": "yes",
        "amenity": "drinking_water",
        "emergency": "water_tank",
        "man_made": "storage_tank",
        "source": "Yoyo preset"
      },
      "geometry": {
        "type": "Point",
        "coordinates": [
          83.7449934,
          28.2398478
        ]
      },
      "id": "node/6057035722"
    },
    {
      "type": "Feature",
      "properties": {
        "@id": "node/6057035724",
        "amenity": "drinking_water",
        "man_made": "water_tap",
        "operator:type": "public",
        "source": "Yoyo preset"
      },
      "geometry": {
        "type": "Point",
        "coordinates": [
          83.7501364,
          28.238758
        ]
      },
      "id": "node/6057035724"
    },
    {
      "type": "Feature",
      "properties": {
        "@id": "node/6057035726",
        "access": "yes",
        "amenity": "drinking_water",
        "drinking_water": "no",
        "emergency": "water_tank",
        "man_made": "storage_tank",
        "source": "Yoyo preset"
      },
      "geometry": {
        "type": "Point",
        "coordinates": [
          83.7495042,
          28.2386264
        ]
      },
      "id": "node/6057035726"
    },
    {
      "type": "Feature",
      "properties": {
        "@id": "node/6057035727",
        "amenity": "drinking_water",
        "man_made": "water_tap",
        "operator:type": "public",
        "source": "Yoyo preset"
      },
      "geometry": {
        "type": "Point",
        "coordinates": [
          83.7494207,
          28.2385942
        ]
      },
      "id": "node/6057035727"
    },
    {
      "type": "Feature",
      "properties": {
        "@id": "node/6057073489",
        "amenity": "drinking_water",
        "drinking_water": "yes",
        "man_made": "water_tap",
        "operator:type": "public",
        "source": "Yoyo preset"
      },
      "geometry": {
        "type": "Point",
        "coordinates": [
          83.7033494,
          28.2773643
        ]
      },
      "id": "node/6057073489"
    },
    {
      "type": "Feature",
      "properties": {
        "@id": "node/6057073507",
        "access": "yes",
        "amenity": "drinking_water",
        "drinking_water": "no",
        "man_made": "storage_tank",
        "source": "Yoyo preset"
      },
      "geometry": {
        "type": "Point",
        "coordinates": [
          83.696836,
          28.2753834
        ]
      },
      "id": "node/6057073507"
    },
    {
      "type": "Feature",
      "properties": {
        "@id": "node/6057073703",
        "amenity": "drinking_water",
        "drinking_water": "yes",
        "man_made": "water_tap",
        "operator:type": "public",
        "source": "Yoyo preset"
      },
      "geometry": {
        "type": "Point",
        "coordinates": [
          83.7022027,
          28.2763374
        ]
      },
      "id": "node/6057073703"
    },
    {
      "type": "Feature",
      "properties": {
        "@id": "node/6057241866",
        "access": "yes",
        "amenity": "drinking_water",
        "drinking_water": "no",
        "emergency": "water_tank",
        "man_made": "storage_tank",
        "source": "Yoyo preset"
      },
      "geometry": {
        "type": "Point",
        "coordinates": [
          83.7446487,
          28.2567522
        ]
      },
      "id": "node/6057241866"
    },
    {
      "type": "Feature",
      "properties": {
        "@id": "node/6057241869",
        "amenity": "drinking_water",
        "man_made": "water_tap",
        "operator:type": "public",
        "source": "Yoyo preset"
      },
      "geometry": {
        "type": "Point",
        "coordinates": [
          83.7456572,
          28.2523294
        ]
      },
      "id": "node/6057241869"
    },
    {
      "type": "Feature",
      "properties": {
        "@id": "node/6057297581",
        "amenity": "drinking_water",
        "drinking_water": "yes",
        "man_made": "water_tap",
        "operator:type": "public",
        "source": "Yoyo preset"
      },
      "geometry": {
        "type": "Point",
        "coordinates": [
          83.7444298,
          28.2559932
        ]
      },
      "id": "node/6057297581"
    },
    {
      "type": "Feature",
      "properties": {
        "@id": "node/6057297582",
        "amenity": "drinking_water",
        "man_made": "water_tap",
        "operator:type": "public",
        "source": "Yoyo preset"
      },
      "geometry": {
        "type": "Point",
        "coordinates": [
          83.7464025,
          28.2581783
        ]
      },
      "id": "node/6057297582"
    },
    {
      "type": "Feature",
      "properties": {
        "@id": "node/6057298386",
        "amenity": "drinking_water",
        "man_made": "water_tap",
        "natural": "tree",
        "operator:type": "public",
        "source": "Yoyo preset"
      },
      "geometry": {
        "type": "Point",
        "coordinates": [
          83.7479317,
          28.2594136
        ]
      },
      "id": "node/6057298386"
    },
    {
      "type": "Feature",
      "properties": {
        "@id": "node/6057306193",
        "amenity": "drinking_water",
        "man_made": "water_tap",
        "operator:type": "public",
        "source": "Yoyo preset"
      },
      "geometry": {
        "type": "Point",
        "coordinates": [
          83.7438769,
          28.2498757
        ]
      },
      "id": "node/6057306193"
    },
    {
      "type": "Feature",
      "properties": {
        "@id": "node/6057306195",
        "amenity": "drinking_water",
        "drinking_water": "yes",
        "man_made": "water_tap",
        "operator:type": "public",
        "source": "Yoyo preset"
      },
      "geometry": {
        "type": "Point",
        "coordinates": [
          83.7437944,
          28.2491598
        ]
      },
      "id": "node/6057306195"
    },
    {
      "type": "Feature",
      "properties": {
        "@id": "node/6057306197",
        "amenity": "drinking_water",
        "drinking_water": "yes",
        "man_made": "water_tap",
        "operator:type": "public",
        "source": "Yoyo preset"
      },
      "geometry": {
        "type": "Point",
        "coordinates": [
          83.74511,
          28.242232
        ]
      },
      "id": "node/6057306197"
    },
    {
      "type": "Feature",
      "properties": {
        "@id": "node/6058074136",
        "amenity": "drinking_water"
      },
      "geometry": {
        "type": "Point",
        "coordinates": [
          83.7355386,
          28.2990128
        ]
      },
      "id": "node/6058074136"
    },
    {
      "type": "Feature",
      "properties": {
        "@id": "node/6058236582",
        "amenity": "drinking_water"
      },
      "geometry": {
        "type": "Point",
        "coordinates": [
          83.7198316,
          28.2698129
        ]
      },
      "id": "node/6058236582"
    },
    {
      "type": "Feature",
      "properties": {
        "@id": "node/6058237320",
        "amenity": "drinking_water",
        "drinking_water": "yes",
        "man_made": "water_tap",
        "operator:type": "public",
        "source": "Yoyo preset"
      },
      "geometry": {
        "type": "Point",
        "coordinates": [
          83.7080349,
          28.2639437
        ]
      },
      "id": "node/6058237320"
    },
    {
      "type": "Feature",
      "properties": {
        "@id": "node/6059128665",
        "amenity": "drinking_water"
      },
      "geometry": {
        "type": "Point",
        "coordinates": [
          83.7373283,
          28.2624193
        ]
      },
      "id": "node/6059128665"
    },
    {
      "type": "Feature",
      "properties": {
        "@id": "node/6059129086",
        "access": "yes",
        "amenity": "drinking_water",
        "drinking_water": "no",
        "man_made": "storage_tank",
        "source": "Yoyo preset"
      },
      "geometry": {
        "type": "Point",
        "coordinates": [
          83.7412302,
          28.2649394
        ]
      },
      "id": "node/6059129086"
    },
    {
      "type": "Feature",
      "properties": {
        "@id": "node/6059129087",
        "amenity": "drinking_water"
      },
      "geometry": {
        "type": "Point",
        "coordinates": [
          83.7411953,
          28.2649713
        ]
      },
      "id": "node/6059129087"
    },
    {
      "type": "Feature",
      "properties": {
        "@id": "node/6059170080",
        "amenity": "drinking_water",
        "drinking_water": "yes",
        "man_made": "water_tap",
        "operator:type": "public",
        "source": "Yoyo preset"
      },
      "geometry": {
        "type": "Point",
        "coordinates": [
          83.7398026,
          28.2959603
        ]
      },
      "id": "node/6059170080"
    },
    {
      "type": "Feature",
      "properties": {
        "@id": "node/6059170081",
        "amenity": "drinking_water"
      },
      "geometry": {
        "type": "Point",
        "coordinates": [
          83.7397483,
          28.2977954
        ]
      },
      "id": "node/6059170081"
    },
    {
      "type": "Feature",
      "properties": {
        "@id": "node/6059170083",
        "access": "yes",
        "amenity": "drinking_water",
        "drinking_water": "no",
        "man_made": "storage_tank",
        "source": "Yoyo preset"
      },
      "geometry": {
        "type": "Point",
        "coordinates": [
          83.7402204,
          28.2983881
        ]
      },
      "id": "node/6059170083"
    },
    {
      "type": "Feature",
      "properties": {
        "@id": "node/6059170084",
        "access": "yes",
        "amenity": "drinking_water",
        "drinking_water": "no",
        "man_made": "storage_tank",
        "source": "Yoyo preset"
      },
      "geometry": {
        "type": "Point",
        "coordinates": [
          83.7395914,
          28.2968956
        ]
      },
      "id": "node/6059170084"
    },
    {
      "type": "Feature",
      "properties": {
        "@id": "node/6059170099",
        "amenity": "drinking_water",
        "drinking_water": "yes",
        "man_made": "water_tap",
        "operator:type": "public",
        "source": "Yoyo preset"
      },
      "geometry": {
        "type": "Point",
        "coordinates": [
          83.7269609,
          28.2877779
        ]
      },
      "id": "node/6059170099"
    },
    {
      "type": "Feature",
      "properties": {
        "@id": "node/6059328163",
        "amenity": "drinking_water"
      },
      "geometry": {
        "type": "Point",
        "coordinates": [
          83.7429716,
          28.2744813
        ]
      },
      "id": "node/6059328163"
    },
    {
      "type": "Feature",
      "properties": {
        "@id": "node/6059332200",
        "amenity": "drinking_water"
      },
      "geometry": {
        "type": "Point",
        "coordinates": [
          83.7207516,
          28.2467474
        ]
      },
      "id": "node/6059332200"
    },
    {
      "type": "Feature",
      "properties": {
        "@id": "node/6059332202",
        "amenity": "drinking_water"
      },
      "geometry": {
        "type": "Point",
        "coordinates": [
          83.7210748,
          28.2470888
        ]
      },
      "id": "node/6059332202"
    },
    {
      "type": "Feature",
      "properties": {
        "@id": "node/6059332203",
        "amenity": "drinking_water"
      },
      "geometry": {
        "type": "Point",
        "coordinates": [
          83.7221088,
          28.2482938
        ]
      },
      "id": "node/6059332203"
    },
    {
      "type": "Feature",
      "properties": {
        "@id": "node/6059332205",
        "amenity": "drinking_water"
      },
      "geometry": {
        "type": "Point",
        "coordinates": [
          83.7229858,
          28.2492283
        ]
      },
      "id": "node/6059332205"
    },
    {
      "type": "Feature",
      "properties": {
        "@id": "node/6059332206",
        "amenity": "drinking_water",
        "man_made": "water_tap",
        "operator:type": "public",
        "source": "Yoyo preset"
      },
      "geometry": {
        "type": "Point",
        "coordinates": [
          83.723765,
          28.2496099
        ]
      },
      "id": "node/6059332206"
    },
    {
      "type": "Feature",
      "properties": {
        "@id": "node/6059332214",
        "amenity": "drinking_water"
      },
      "geometry": {
        "type": "Point",
        "coordinates": [
          83.7250887,
          28.2502395
        ]
      },
      "id": "node/6059332214"
    },
    {
      "type": "Feature",
      "properties": {
        "@id": "node/6059332226",
        "amenity": "drinking_water"
      },
      "geometry": {
        "type": "Point",
        "coordinates": [
          83.7224132,
          28.2506176
        ]
      },
      "id": "node/6059332226"
    },
    {
      "type": "Feature",
      "properties": {
        "@id": "node/6059332234",
        "access": "yes",
        "amenity": "drinking_water",
        "drinking_water": "no",
        "man_made": "storage_tank",
        "source": "Yoyo preset"
      },
      "geometry": {
        "type": "Point",
        "coordinates": [
          83.725774,
          28.2531457
        ]
      },
      "id": "node/6059332234"
    },
    {
      "type": "Feature",
      "properties": {
        "@id": "node/6059389379",
        "amenity": "drinking_water"
      },
      "geometry": {
        "type": "Point",
        "coordinates": [
          83.7432419,
          28.2740337
        ]
      },
      "id": "node/6059389379"
    },
    {
      "type": "Feature",
      "properties": {
        "@id": "node/6059511080",
        "amenity": "drinking_water",
        "man_made": "water_tap",
        "operator:type": "public",
        "source": "Yoyo preset"
      },
      "geometry": {
        "type": "Point",
        "coordinates": [
          83.7466999,
          28.2660072
        ]
      },
      "id": "node/6059511080"
    },
    {
      "type": "Feature",
      "properties": {
        "@id": "node/6059511164",
        "amenity": "drinking_water",
        "man_made": "water_tap",
        "operator:type": "public",
        "source": "Yoyo preset"
      },
      "geometry": {
        "type": "Point",
        "coordinates": [
          83.7469205,
          28.2677382
        ]
      },
      "id": "node/6059511164"
    },
    {
      "type": "Feature",
      "properties": {
        "@id": "node/6059511198",
        "amenity": "drinking_water"
      },
      "geometry": {
        "type": "Point",
        "coordinates": [
          83.7479305,
          28.2677224
        ]
      },
      "id": "node/6059511198"
    },
    {
      "type": "Feature",
      "properties": {
        "@id": "node/6059770121",
        "amenity": "drinking_water"
      },
      "geometry": {
        "type": "Point",
        "coordinates": [
          83.761674,
          28.2609244
        ]
      },
      "id": "node/6059770121"
    },
    {
      "type": "Feature",
      "properties": {
        "@id": "node/6059770123",
        "amenity": "drinking_water"
      },
      "geometry": {
        "type": "Point",
        "coordinates": [
          83.7609002,
          28.2611465
        ]
      },
      "id": "node/6059770123"
    },
    {
      "type": "Feature",
      "properties": {
        "@id": "node/6059770145",
        "amenity": "drinking_water"
      },
      "geometry": {
        "type": "Point",
        "coordinates": [
          83.7621488,
          28.2615552
        ]
      },
      "id": "node/6059770145"
    },
    {
      "type": "Feature",
      "properties": {
        "@id": "node/6059770146",
        "access": "yes",
        "amenity": "drinking_water",
        "drinking_water": "no",
        "emergency": "water_tank",
        "man_made": "storage_tank",
        "source": "Yoyo preset"
      },
      "geometry": {
        "type": "Point",
        "coordinates": [
          83.7622319,
          28.2615824
        ]
      },
      "id": "node/6059770146"
    },
    {
      "type": "Feature",
      "properties": {
        "@id": "node/6059771197",
        "access": "yes",
        "amenity": "drinking_water",
        "drinking_water": "no",
        "emergency": "water_tank",
        "man_made": "storage_tank",
        "source": "Yoyo preset"
      },
      "geometry": {
        "type": "Point",
        "coordinates": [
          83.7578398,
          28.265292
        ]
      },
      "id": "node/6059771197"
    },
    {
      "type": "Feature",
      "properties": {
        "@id": "node/6059771202",
        "amenity": "drinking_water"
      },
      "geometry": {
        "type": "Point",
        "coordinates": [
          83.757072,
          28.2649896
        ]
      },
      "id": "node/6059771202"
    },
    {
      "type": "Feature",
      "properties": {
        "@id": "node/6059771204",
        "amenity": "drinking_water"
      },
      "geometry": {
        "type": "Point",
        "coordinates": [
          83.7569828,
          28.2670207
        ]
      },
      "id": "node/6059771204"
    },
    {
      "type": "Feature",
      "properties": {
        "@id": "node/6059771212",
        "amenity": "drinking_water"
      },
      "geometry": {
        "type": "Point",
        "coordinates": [
          83.7559723,
          28.2765228
        ]
      },
      "id": "node/6059771212"
    },
    {
      "type": "Feature",
      "properties": {
        "@id": "node/6059771219",
        "amenity": "drinking_water"
      },
      "geometry": {
        "type": "Point",
        "coordinates": [
          83.7548538,
          28.2751327
        ]
      },
      "id": "node/6059771219"
    },
    {
      "type": "Feature",
      "properties": {
        "@id": "node/6060208336",
        "amenity": "drinking_water"
      },
      "geometry": {
        "type": "Point",
        "coordinates": [
          83.7506931,
          28.2645721
        ]
      },
      "id": "node/6060208336"
    },
    {
      "type": "Feature",
      "properties": {
        "@id": "node/6060340726",
        "amenity": "drinking_water"
      },
      "geometry": {
        "type": "Point",
        "coordinates": [
          83.7124367,
          28.2372402
        ]
      },
      "id": "node/6060340726"
    },
    {
      "type": "Feature",
      "properties": {
        "@id": "node/6060340727",
        "amenity": "drinking_water"
      },
      "geometry": {
        "type": "Point",
        "coordinates": [
          83.7145607,
          28.2369558
        ]
      },
      "id": "node/6060340727"
    },
    {
      "type": "Feature",
      "properties": {
        "@id": "node/6060373476",
        "amenity": "drinking_water",
        "drinking_water": "yes",
        "man_made": "water_tap",
        "operator:type": "public",
        "source": "Yoyo preset"
      },
      "geometry": {
        "type": "Point",
        "coordinates": [
          83.7705106,
          28.2667266
        ]
      },
      "id": "node/6060373476"
    },
    {
      "type": "Feature",
      "properties": {
        "@id": "node/6060390172",
        "access": "yes",
        "amenity": "drinking_water",
        "drinking_water": "yes",
        "emergency": "water_tank",
        "man_made": "storage_tank",
        "source": "Yoyo preset"
      },
      "geometry": {
        "type": "Point",
        "coordinates": [
          83.7736595,
          28.2579855
        ]
      },
      "id": "node/6060390172"
    },
    {
      "type": "Feature",
      "properties": {
        "@id": "node/6060390369",
        "amenity": "drinking_water",
        "man_made": "water_tap",
        "operator:type": "public",
        "source": "Yoyo preset"
      },
      "geometry": {
        "type": "Point",
        "coordinates": [
          83.7731887,
          28.258732
        ]
      },
      "id": "node/6060390369"
    },
    {
      "type": "Feature",
      "properties": {
        "@id": "node/6060390573",
        "amenity": "drinking_water",
        "man_made": "water_tap",
        "operator:type": "public",
        "source": "Yoyo preset"
      },
      "geometry": {
        "type": "Point",
        "coordinates": [
          83.7739887,
          28.2585625
        ]
      },
      "id": "node/6060390573"
    },
    {
      "type": "Feature",
      "properties": {
        "@id": "node/6060390575",
        "amenity": "drinking_water",
        "man_made": "water_tap",
        "operator:type": "public",
        "source": "Yoyo preset"
      },
      "geometry": {
        "type": "Point",
        "coordinates": [
          83.7751105,
          28.2578992
        ]
      },
      "id": "node/6060390575"
    },
    {
      "type": "Feature",
      "properties": {
        "@id": "node/6060390803",
        "amenity": "drinking_water",
        "man_made": "water_tap",
        "operator:type": "public",
        "source": "Yoyo preset"
      },
      "geometry": {
        "type": "Point",
        "coordinates": [
          83.7911414,
          28.2562017
        ]
      },
      "id": "node/6060390803"
    },
    {
      "type": "Feature",
      "properties": {
        "@id": "node/6060673448",
        "amenity": "drinking_water"
      },
      "geometry": {
        "type": "Point",
        "coordinates": [
          83.7680114,
          28.2486736
        ]
      },
      "id": "node/6060673448"
    },
    {
      "type": "Feature",
      "properties": {
        "@id": "node/6061002635",
        "amenity": "drinking_water"
      },
      "geometry": {
        "type": "Point",
        "coordinates": [
          83.7438152,
          28.2726465
        ]
      },
      "id": "node/6061002635"
    },
    {
      "type": "Feature",
      "properties": {
        "@id": "node/6062505763",
        "amenity": "drinking_water"
      },
      "geometry": {
        "type": "Point",
        "coordinates": [
          83.7454118,
          28.2706699
        ]
      },
      "id": "node/6062505763"
    },
    {
      "type": "Feature",
      "properties": {
        "@id": "node/6062535132",
        "access": "yes",
        "amenity": "drinking_water",
        "drinking_water": "no",
        "man_made": "storage_tank",
        "source": "Yoyo preset"
      },
      "geometry": {
        "type": "Point",
        "coordinates": [
          83.7442349,
          28.2814642
        ]
      },
      "id": "node/6062535132"
    },
    {
      "type": "Feature",
      "properties": {
        "@id": "node/6062535164",
        "amenity": "drinking_water",
        "drinking_water": "yes",
        "man_made": "water_tap",
        "operator:type": "public",
        "source": "Yoyo preset"
      },
      "geometry": {
        "type": "Point",
        "coordinates": [
          83.7455519,
          28.2815765
        ]
      },
      "id": "node/6062535164"
    },
    {
      "type": "Feature",
      "properties": {
        "@id": "node/6062535331",
        "amenity": "drinking_water"
      },
      "geometry": {
        "type": "Point",
        "coordinates": [
          83.7417908,
          28.2867469
        ]
      },
      "id": "node/6062535331"
    },
    {
      "type": "Feature",
      "properties": {
        "@id": "node/6062535344",
        "amenity": "drinking_water"
      },
      "geometry": {
        "type": "Point",
        "coordinates": [
          83.7412275,
          28.2865556
        ]
      },
      "id": "node/6062535344"
    },
    {
      "type": "Feature",
      "properties": {
        "@id": "node/6062535391",
        "access": "yes",
        "amenity": "drinking_water",
        "drinking_water": "no",
        "man_made": "storage_tank",
        "source": "Yoyo preset"
      },
      "geometry": {
        "type": "Point",
        "coordinates": [
          83.7381261,
          28.2878276
        ]
      },
      "id": "node/6062535391"
    },
    {
      "type": "Feature",
      "properties": {
        "@id": "node/6062535444",
        "amenity": "drinking_water",
        "drinking_water": "yes",
        "man_made": "water_tap",
        "operator:type": "public",
        "source": "Yoyo preset"
      },
      "geometry": {
        "type": "Point",
        "coordinates": [
          83.7392159,
          28.2834732
        ]
      },
      "id": "node/6062535444"
    },
    {
      "type": "Feature",
      "properties": {
        "@id": "node/6062535466",
        "amenity": "drinking_water",
        "drinking_water": "yes",
        "man_made": "water_tap",
        "operator:type": "public",
        "source": "Yoyo preset"
      },
      "geometry": {
        "type": "Point",
        "coordinates": [
          83.7377239,
          28.2837856
        ]
      },
      "id": "node/6062535466"
    },
    {
      "type": "Feature",
      "properties": {
        "@id": "node/6062535467",
        "amenity": "drinking_water",
        "drinking_water": "yes",
        "man_made": "water_tap",
        "operator:type": "public",
        "source": "Yoyo preset"
      },
      "geometry": {
        "type": "Point",
        "coordinates": [
          83.7369373,
          28.2839291
        ]
      },
      "id": "node/6062535467"
    },
    {
      "type": "Feature",
      "properties": {
        "@id": "node/6062535678",
        "access": "yes",
        "amenity": "drinking_water",
        "drinking_water": "no",
        "man_made": "storage_tank",
        "source": "Yoyo preset"
      },
      "geometry": {
        "type": "Point",
        "coordinates": [
          83.7359382,
          28.2807687
        ]
      },
      "id": "node/6062535678"
    },
    {
      "type": "Feature",
      "properties": {
        "@id": "node/6062535703",
        "amenity": "drinking_water",
        "drinking_water": "yes",
        "man_made": "water_tap",
        "operator:type": "public",
        "source": "Yoyo preset"
      },
      "geometry": {
        "type": "Point",
        "coordinates": [
          83.7343886,
          28.2804044
        ]
      },
      "id": "node/6062535703"
    },
    {
      "type": "Feature",
      "properties": {
        "@id": "node/6062750059",
        "amenity": "drinking_water"
      },
      "geometry": {
        "type": "Point",
        "coordinates": [
          83.7381765,
          28.2735146
        ]
      },
      "id": "node/6062750059"
    },
    {
      "type": "Feature",
      "properties": {
        "@id": "node/6062790503",
        "amenity": "drinking_water"
      },
      "geometry": {
        "type": "Point",
        "coordinates": [
          83.7016361,
          28.2829412
        ]
      },
      "id": "node/6062790503"
    },
    {
      "type": "Feature",
      "properties": {
        "@id": "node/6062790548",
        "amenity": "drinking_water",
        "drinking_water": "yes",
        "man_made": "water_tap",
        "operator:type": "public",
        "source": "Yoyo preset"
      },
      "geometry": {
        "type": "Point",
        "coordinates": [
          83.7022604,
          28.2820336
        ]
      },
      "id": "node/6062790548"
    },
    {
      "type": "Feature",
      "properties": {
        "@id": "node/6062790549",
        "amenity": "drinking_water",
        "drinking_water": "yes",
        "man_made": "water_tap",
        "operator:type": "public",
        "source": "Yoyo preset"
      },
      "geometry": {
        "type": "Point",
        "coordinates": [
          83.7022648,
          28.2820032
        ]
      },
      "id": "node/6062790549"
    },
    {
      "type": "Feature",
      "properties": {
        "@id": "node/6062790811",
        "amenity": "drinking_water",
        "drinking_water": "yes",
        "man_made": "water_tap",
        "operator:type": "public",
        "source": "Yoyo preset"
      },
      "geometry": {
        "type": "Point",
        "coordinates": [
          83.7047059,
          28.2836746
        ]
      },
      "id": "node/6062790811"
    },
    {
      "type": "Feature",
      "properties": {
        "@id": "node/6062790812",
        "amenity": "drinking_water",
        "drinking_water": "yes",
        "man_made": "water_tap",
        "operator:type": "public",
        "source": "Yoyo preset"
      },
      "geometry": {
        "type": "Point",
        "coordinates": [
          83.7045731,
          28.2836946
        ]
      },
      "id": "node/6062790812"
    },
    {
      "type": "Feature",
      "properties": {
        "@id": "node/6062791011",
        "amenity": "drinking_water",
        "drinking_water": "no",
        "man_made": "water_tap",
        "operator:type": "public",
        "source": "Yoyo preset"
      },
      "geometry": {
        "type": "Point",
        "coordinates": [
          83.710248,
          28.2801605
        ]
      },
      "id": "node/6062791011"
    },
    {
      "type": "Feature",
      "properties": {
        "@id": "node/6062791013",
        "amenity": "drinking_water"
      },
      "geometry": {
        "type": "Point",
        "coordinates": [
          83.7121363,
          28.2802561
        ]
      },
      "id": "node/6062791013"
    },
    {
      "type": "Feature",
      "properties": {
        "@id": "node/6062791212",
        "access": "yes",
        "amenity": "drinking_water",
        "drinking_water": "no",
        "man_made": "storage_tank",
        "source": "Yoyo preset"
      },
      "geometry": {
        "type": "Point",
        "coordinates": [
          83.7123207,
          28.2789168
        ]
      },
      "id": "node/6062791212"
    },
    {
      "type": "Feature",
      "properties": {
        "@id": "node/6062791213",
        "amenity": "drinking_water",
        "drinking_water": "yes",
        "man_made": "water_tap",
        "operator:type": "public",
        "source": "Yoyo preset"
      },
      "geometry": {
        "type": "Point",
        "coordinates": [
          83.7122929,
          28.2788994
        ]
      },
      "id": "node/6062791213"
    },
    {
      "type": "Feature",
      "properties": {
        "@id": "node/6062791226",
        "amenity": "drinking_water"
      },
      "geometry": {
        "type": "Point",
        "coordinates": [
          83.7126231,
          28.2776218
        ]
      },
      "id": "node/6062791226"
    },
    {
      "type": "Feature",
      "properties": {
        "@id": "node/6062791228",
        "amenity": "drinking_water"
      },
      "geometry": {
        "type": "Point",
        "coordinates": [
          83.7127525,
          28.2778258
        ]
      },
      "id": "node/6062791228"
    },
    {
      "type": "Feature",
      "properties": {
        "@id": "node/6062791229",
        "amenity": "drinking_water"
      },
      "geometry": {
        "type": "Point",
        "coordinates": [
          83.7127428,
          28.2777951
        ]
      },
      "id": "node/6062791229"
    },
    {
      "type": "Feature",
      "properties": {
        "@id": "node/6062925047",
        "amenity": "drinking_water",
        "drinking_water": "yes",
        "man_made": "water_tap",
        "operator:type": "public",
        "source": "Yoyo preset"
      },
      "geometry": {
        "type": "Point",
        "coordinates": [
          83.6976658,
          28.2881144
        ]
      },
      "id": "node/6062925047"
    },
    {
      "type": "Feature",
      "properties": {
        "@id": "node/6062925189",
        "amenity": "drinking_water"
      },
      "geometry": {
        "type": "Point",
        "coordinates": [
          83.7010286,
          28.2834233
        ]
      },
      "id": "node/6062925189"
    },
    {
      "type": "Feature",
      "properties": {
        "@id": "node/6063024773",
        "amenity": "drinking_water"
      },
      "geometry": {
        "type": "Point",
        "coordinates": [
          83.7321572,
          28.3068532
        ]
      },
      "id": "node/6063024773"
    },
    {
      "type": "Feature",
      "properties": {
        "@id": "node/6063025239",
        "amenity": "drinking_water"
      },
      "geometry": {
        "type": "Point",
        "coordinates": [
          83.7301286,
          28.3124938
        ]
      },
      "id": "node/6063025239"
    },
    {
      "type": "Feature",
      "properties": {
        "@id": "node/6063034242",
        "amenity": "drinking_water"
      },
      "geometry": {
        "type": "Point",
        "coordinates": [
          83.6717165,
          28.3170871
        ]
      },
      "id": "node/6063034242"
    },
    {
      "type": "Feature",
      "properties": {
        "@id": "node/6063034243",
        "amenity": "drinking_water"
      },
      "geometry": {
        "type": "Point",
        "coordinates": [
          83.6694302,
          28.3172278
        ]
      },
      "id": "node/6063034243"
    },
    {
      "type": "Feature",
      "properties": {
        "@id": "node/6063082842",
        "access": "yes",
        "amenity": "drinking_water",
        "drinking_water": "no",
        "man_made": "storage_tank",
        "source": "Yoyo preset"
      },
      "geometry": {
        "type": "Point",
        "coordinates": [
          83.7153228,
          28.2789475
        ]
      },
      "id": "node/6063082842"
    },
    {
      "type": "Feature",
      "properties": {
        "@id": "node/6063787226",
        "amenity": "drinking_water"
      },
      "geometry": {
        "type": "Point",
        "coordinates": [
          83.7384843,
          28.2735686
        ]
      },
      "id": "node/6063787226"
    },
    {
      "type": "Feature",
      "properties": {
        "@id": "node/6063863212",
        "amenity": "drinking_water"
      },
      "geometry": {
        "type": "Point",
        "coordinates": [
          83.7192448,
          28.2566019
        ]
      },
      "id": "node/6063863212"
    },
    {
      "type": "Feature",
      "properties": {
        "@id": "node/6064099416",
        "access": "yes",
        "amenity": "drinking_water",
        "drinking_water": "no",
        "man_made": "storage_tank",
        "source": "Yoyo preset"
      },
      "geometry": {
        "type": "Point",
        "coordinates": [
          83.7420624,
          28.2824829
        ]
      },
      "id": "node/6064099416"
    },
    {
      "type": "Feature",
      "properties": {
        "@id": "node/6064125414",
        "amenity": "drinking_water"
      },
      "geometry": {
        "type": "Point",
        "coordinates": [
          83.7387237,
          28.273449
        ]
      },
      "id": "node/6064125414"
    },
    {
      "type": "Feature",
      "properties": {
        "@id": "node/6064125415",
        "amenity": "drinking_water"
      },
      "geometry": {
        "type": "Point",
        "coordinates": [
          83.7393185,
          28.2731248
        ]
      },
      "id": "node/6064125415"
    },
    {
      "type": "Feature",
      "properties": {
        "@id": "node/6064125480",
        "amenity": "drinking_water"
      },
      "geometry": {
        "type": "Point",
        "coordinates": [
          83.7378993,
          28.2726184
        ]
      },
      "id": "node/6064125480"
    },
    {
      "type": "Feature",
      "properties": {
        "@id": "node/6064706565",
        "amenity": "drinking_water",
        "man_made": "water_tap"
      },
      "geometry": {
        "type": "Point",
        "coordinates": [
          82.9077636,
          29.4317278
        ]
      },
      "id": "node/6064706565"
    },
    {
      "type": "Feature",
      "properties": {
        "@id": "node/6065434742",
        "amenity": "drinking_water"
      },
      "geometry": {
        "type": "Point",
        "coordinates": [
          83.7497925,
          28.3114302
        ]
      },
      "id": "node/6065434742"
    },
    {
      "type": "Feature",
      "properties": {
        "@id": "node/6065608991",
        "amenity": "drinking_water"
      },
      "geometry": {
        "type": "Point",
        "coordinates": [
          83.7341673,
          28.323796
        ]
      },
      "id": "node/6065608991"
    },
    {
      "type": "Feature",
      "properties": {
        "@id": "node/6065622409",
        "amenity": "drinking_water"
      },
      "geometry": {
        "type": "Point",
        "coordinates": [
          83.7557517,
          28.2465294
        ]
      },
      "id": "node/6065622409"
    },
    {
      "type": "Feature",
      "properties": {
        "@id": "node/6065816617",
        "access": "yes",
        "amenity": "drinking_water",
        "drinking_water": "no",
        "man_made": "storage_tank",
        "source": "Yoyo preset"
      },
      "geometry": {
        "type": "Point",
        "coordinates": [
          83.7290959,
          28.2655489
        ]
      },
      "id": "node/6065816617"
    },
    {
      "type": "Feature",
      "properties": {
        "@id": "node/6065816619",
        "access": "yes",
        "amenity": "drinking_water",
        "drinking_water": "no",
        "man_made": "storage_tank",
        "source": "Yoyo preset"
      },
      "geometry": {
        "type": "Point",
        "coordinates": [
          83.7289524,
          28.265432
        ]
      },
      "id": "node/6065816619"
    },
    {
      "type": "Feature",
      "properties": {
        "@id": "node/6065861223",
        "amenity": "drinking_water"
      },
      "geometry": {
        "type": "Point",
        "coordinates": [
          83.730777,
          28.337722
        ]
      },
      "id": "node/6065861223"
    },
    {
      "type": "Feature",
      "properties": {
        "@id": "node/6067576339",
        "amenity": "drinking_water",
        "name:en": "Water tap (Disfunctional July 2019)"
      },
      "geometry": {
        "type": "Point",
        "coordinates": [
          84.1368552,
          28.6370059
        ]
      },
      "id": "node/6067576339"
    },
    {
      "type": "Feature",
      "properties": {
        "@id": "node/6067911067",
        "access": "yes",
        "amenity": "drinking_water",
        "drinking_water": "yes",
        "man_made": "storage_tank",
        "source": "Yoyo preset"
      },
      "geometry": {
        "type": "Point",
        "coordinates": [
          83.7296805,
          28.3215283
        ]
      },
      "id": "node/6067911067"
    },
    {
      "type": "Feature",
      "properties": {
        "@id": "node/6067927812",
        "amenity": "drinking_water"
      },
      "geometry": {
        "type": "Point",
        "coordinates": [
          83.744522,
          28.3158347
        ]
      },
      "id": "node/6067927812"
    },
    {
      "type": "Feature",
      "properties": {
        "@id": "node/6067955304",
        "amenity": "drinking_water"
      },
      "geometry": {
        "type": "Point",
        "coordinates": [
          83.7314328,
          28.3375833
        ]
      },
      "id": "node/6067955304"
    },
    {
      "type": "Feature",
      "properties": {
        "@id": "node/6068549155",
        "amenity": "drinking_water"
      },
      "geometry": {
        "type": "Point",
        "coordinates": [
          83.7722392,
          28.2544371
        ]
      },
      "id": "node/6068549155"
    },
    {
      "type": "Feature",
      "properties": {
        "@id": "node/6069905455",
        "access": "yes",
        "amenity": "drinking_water",
        "drinking_water": "no",
        "emergency": "water_tank",
        "man_made": "storage_tank",
        "source": "Yoyo preset"
      },
      "geometry": {
        "type": "Point",
        "coordinates": [
          83.7233332,
          28.2504286
        ]
      },
      "id": "node/6069905455"
    },
    {
      "type": "Feature",
      "properties": {
        "@id": "node/6070913042",
        "access": "yes",
        "amenity": "drinking_water",
        "man_made": "storage_tank",
        "source": "Yoyo preset"
      },
      "geometry": {
        "type": "Point",
        "coordinates": [
          83.72968,
          28.3215247
        ]
      },
      "id": "node/6070913042"
    },
    {
      "type": "Feature",
      "properties": {
        "@id": "node/6072070420",
        "amenity": "drinking_water",
        "drinking_water": "yes",
        "man_made": "water_tap",
        "operator:type": "public",
        "source": "Yoyo preset"
      },
      "geometry": {
        "type": "Point",
        "coordinates": [
          83.6723417,
          28.3184733
        ]
      },
      "id": "node/6072070420"
    },
    {
      "type": "Feature",
      "properties": {
        "@id": "node/6072070421",
        "amenity": "drinking_water",
        "drinking_water": "yes",
        "man_made": "water_tap",
        "operator:type": "public",
        "source": "Yoyo preset"
      },
      "geometry": {
        "type": "Point",
        "coordinates": [
          83.6726317,
          28.3157269
        ]
      },
      "id": "node/6072070421"
    },
    {
      "type": "Feature",
      "properties": {
        "@id": "node/6072070422",
        "amenity": "drinking_water",
        "drinking_water": "yes",
        "man_made": "water_tap",
        "operator:type": "public",
        "source": "Yoyo preset"
      },
      "geometry": {
        "type": "Point",
        "coordinates": [
          83.6751141,
          28.3002594
        ]
      },
      "id": "node/6072070422"
    },
    {
      "type": "Feature",
      "properties": {
        "@id": "node/6072070424",
        "amenity": "drinking_water",
        "drinking_water": "yes",
        "man_made": "water_tap",
        "operator:type": "public",
        "source": "Yoyo preset"
      },
      "geometry": {
        "type": "Point",
        "coordinates": [
          83.6743332,
          28.2979418
        ]
      },
      "id": "node/6072070424"
    },
    {
      "type": "Feature",
      "properties": {
        "@id": "node/6072070427",
        "access": "yes",
        "amenity": "drinking_water",
        "drinking_water": "yes",
        "man_made": "storage_tank",
        "source": "Yoyo preset"
      },
      "geometry": {
        "type": "Point",
        "coordinates": [
          83.6820654,
          28.2709055
        ]
      },
      "id": "node/6072070427"
    },
    {
      "type": "Feature",
      "properties": {
        "@id": "node/6072070428",
        "amenity": "drinking_water",
        "drinking_water": "yes",
        "man_made": "water_tap",
        "operator:type": "public",
        "source": "Yoyo preset"
      },
      "geometry": {
        "type": "Point",
        "coordinates": [
          83.6819351,
          28.2707249
        ]
      },
      "id": "node/6072070428"
    },
    {
      "type": "Feature",
      "properties": {
        "@id": "node/6072070434",
        "amenity": "drinking_water",
        "man_made": "water_tap",
        "operator:type": "public",
        "source": "Yoyo preset"
      },
      "geometry": {
        "type": "Point",
        "coordinates": [
          83.6824342,
          28.2705004
        ]
      },
      "id": "node/6072070434"
    },
    {
      "type": "Feature",
      "properties": {
        "@id": "node/6072070435",
        "access": "yes",
        "amenity": "drinking_water",
        "drinking_water": "yes",
        "man_made": "storage_tank",
        "source": "Yoyo preset"
      },
      "geometry": {
        "type": "Point",
        "coordinates": [
          83.6819356,
          28.2706938
        ]
      },
      "id": "node/6072070435"
    },
    {
      "type": "Feature",
      "properties": {
        "@id": "node/6072070436",
        "amenity": "drinking_water",
        "man_made": "water_tap",
        "operator:type": "public",
        "source": "Yoyo preset"
      },
      "geometry": {
        "type": "Point",
        "coordinates": [
          83.6814807,
          28.2706634
        ]
      },
      "id": "node/6072070436"
    },
    {
      "type": "Feature",
      "properties": {
        "@id": "node/6072070437",
        "access": "yes",
        "amenity": "drinking_water",
        "man_made": "storage_tank",
        "source": "Yoyo preset"
      },
      "geometry": {
        "type": "Point",
        "coordinates": [
          83.6812393,
          28.2706303
        ]
      },
      "id": "node/6072070437"
    },
    {
      "type": "Feature",
      "properties": {
        "@id": "node/6072070440",
        "amenity": "drinking_water",
        "man_made": "water_tap",
        "operator:type": "public",
        "source": "Yoyo preset"
      },
      "geometry": {
        "type": "Point",
        "coordinates": [
          83.6809311,
          28.270844
        ]
      },
      "id": "node/6072070440"
    },
    {
      "type": "Feature",
      "properties": {
        "@id": "node/6072070441",
        "access": "yes",
        "amenity": "drinking_water",
        "man_made": "storage_tank",
        "source": "Yoyo preset"
      },
      "geometry": {
        "type": "Point",
        "coordinates": [
          83.680928,
          28.2708475
        ]
      },
      "id": "node/6072070441"
    },
    {
      "type": "Feature",
      "properties": {
        "@id": "node/6072070444",
        "amenity": "drinking_water",
        "man_made": "water_tap",
        "operator:type": "public",
        "source": "Yoyo preset"
      },
      "geometry": {
        "type": "Point",
        "coordinates": [
          83.6816436,
          28.2683353
        ]
      },
      "id": "node/6072070444"
    },
    {
      "type": "Feature",
      "properties": {
        "@id": "node/6072070445",
        "access": "yes",
        "amenity": "drinking_water",
        "drinking_water": "yes",
        "man_made": "storage_tank",
        "source": "Yoyo preset"
      },
      "geometry": {
        "type": "Point",
        "coordinates": [
          83.6823879,
          28.2670502
        ]
      },
      "id": "node/6072070445"
    },
    {
      "type": "Feature",
      "properties": {
        "@id": "node/6072070446",
        "amenity": "drinking_water",
        "man_made": "water_tap",
        "operator:type": "public",
        "source": "Yoyo preset"
      },
      "geometry": {
        "type": "Point",
        "coordinates": [
          83.6824188,
          28.2669392
        ]
      },
      "id": "node/6072070446"
    },
    {
      "type": "Feature",
      "properties": {
        "@id": "node/6072070447",
        "amenity": "drinking_water",
        "man_made": "water_tap",
        "operator:type": "public",
        "source": "Yoyo preset"
      },
      "geometry": {
        "type": "Point",
        "coordinates": [
          83.6828885,
          28.2642236
        ]
      },
      "id": "node/6072070447"
    },
    {
      "type": "Feature",
      "properties": {
        "@id": "node/6072243028",
        "amenity": "drinking_water",
        "drinking_water": "yes",
        "man_made": "water_tap",
        "operator:type": "private",
        "source": "Yoyo preset"
      },
      "geometry": {
        "type": "Point",
        "coordinates": [
          83.7220336,
          28.303331
        ]
      },
      "id": "node/6072243028"
    },
    {
      "type": "Feature",
      "properties": {
        "@id": "node/6072268357",
        "amenity": "drinking_water",
        "drinking_water": "yes",
        "man_made": "water_tap",
        "operator:type": "public",
        "source": "Yoyo preset"
      },
      "geometry": {
        "type": "Point",
        "coordinates": [
          83.7207341,
          28.301927
        ]
      },
      "id": "node/6072268357"
    },
    {
      "type": "Feature",
      "properties": {
        "@id": "node/6072316192",
        "amenity": "drinking_water",
        "drinking_water": "yes",
        "man_made": "water_tap",
        "operator:type": "public",
        "source": "Yoyo preset"
      },
      "geometry": {
        "type": "Point",
        "coordinates": [
          83.7654626,
          28.2562017
        ]
      },
      "id": "node/6072316192"
    },
    {
      "type": "Feature",
      "properties": {
        "@id": "node/6072350255",
        "access": "yes",
        "amenity": "drinking_water",
        "drinking_water": "no",
        "man_made": "storage_tank",
        "source": "Yoyo preset"
      },
      "geometry": {
        "type": "Point",
        "coordinates": [
          83.7267905,
          28.287844
        ]
      },
      "id": "node/6072350255"
    },
    {
      "type": "Feature",
      "properties": {
        "@id": "node/6072365785",
        "amenity": "drinking_water",
        "drinking_water": "yes",
        "man_made": "water_tap",
        "operator:type": "public",
        "source": "Yoyo preset"
      },
      "geometry": {
        "type": "Point",
        "coordinates": [
          83.6736701,
          28.31987
        ]
      },
      "id": "node/6072365785"
    },
    {
      "type": "Feature",
      "properties": {
        "@id": "node/6072365786",
        "amenity": "drinking_water",
        "drinking_water": "yes",
        "man_made": "water_tap",
        "operator:type": "public",
        "source": "Yoyo preset"
      },
      "geometry": {
        "type": "Point",
        "coordinates": [
          83.6765598,
          28.3188464
        ]
      },
      "id": "node/6072365786"
    },
    {
      "type": "Feature",
      "properties": {
        "@id": "node/6072365787",
        "amenity": "drinking_water",
        "man_made": "water_tap",
        "operator:type": "public",
        "source": "Yoyo preset"
      },
      "geometry": {
        "type": "Point",
        "coordinates": [
          83.6761979,
          28.3192204
        ]
      },
      "id": "node/6072365787"
    },
    {
      "type": "Feature",
      "properties": {
        "@id": "node/6072365788",
        "amenity": "drinking_water",
        "drinking_water": "yes",
        "man_made": "water_tap",
        "operator:type": "public",
        "source": "Yoyo preset"
      },
      "geometry": {
        "type": "Point",
        "coordinates": [
          83.6752801,
          28.3192018
        ]
      },
      "id": "node/6072365788"
    },
    {
      "type": "Feature",
      "properties": {
        "@id": "node/6072365789",
        "amenity": "drinking_water",
        "drinking_water": "yes",
        "man_made": "water_tap",
        "operator:type": "public",
        "source": "Yoyo preset"
      },
      "geometry": {
        "type": "Point",
        "coordinates": [
          83.6730149,
          28.3187685
        ]
      },
      "id": "node/6072365789"
    },
    {
      "type": "Feature",
      "properties": {
        "@id": "node/6072437642",
        "access": "yes",
        "amenity": "drinking_water",
        "man_made": "storage_tank",
        "source": "Yoyo preset"
      },
      "geometry": {
        "type": "Point",
        "coordinates": [
          83.7372927,
          28.2309768
        ]
      },
      "id": "node/6072437642"
    },
    {
      "type": "Feature",
      "properties": {
        "@id": "node/6072486818",
        "amenity": "drinking_water",
        "drinking_water": "yes",
        "man_made": "water_tap",
        "operator:type": "public",
        "source": "Yoyo preset"
      },
      "geometry": {
        "type": "Point",
        "coordinates": [
          83.6842276,
          28.2873604
        ]
      },
      "id": "node/6072486818"
    },
    {
      "type": "Feature",
      "properties": {
        "@id": "node/6072486819",
        "amenity": "drinking_water",
        "drinking_water": "yes",
        "man_made": "water_tap",
        "operator:type": "public",
        "source": "Yoyo preset"
      },
      "geometry": {
        "type": "Point",
        "coordinates": [
          83.6846792,
          28.2875576
        ]
      },
      "id": "node/6072486819"
    },
    {
      "type": "Feature",
      "properties": {
        "@id": "node/6072486826",
        "amenity": "drinking_water",
        "drinking_water": "yes",
        "man_made": "water_tap",
        "operator:type": "public",
        "source": "Yoyo preset"
      },
      "geometry": {
        "type": "Point",
        "coordinates": [
          83.6902113,
          28.289802
        ]
      },
      "id": "node/6072486826"
    },
    {
      "type": "Feature",
      "properties": {
        "@id": "node/6072486827",
        "amenity": "drinking_water",
        "drinking_water": "yes",
        "man_made": "water_tap",
        "operator:type": "public",
        "source": "Yoyo preset"
      },
      "geometry": {
        "type": "Point",
        "coordinates": [
          83.6911842,
          28.2895935
        ]
      },
      "id": "node/6072486827"
    },
    {
      "type": "Feature",
      "properties": {
        "@id": "node/6072486829",
        "access": "yes",
        "amenity": "drinking_water",
        "drinking_water": "yes",
        "man_made": "storage_tank",
        "source": "Yoyo preset"
      },
      "geometry": {
        "type": "Point",
        "coordinates": [
          83.6916838,
          28.2881339
        ]
      },
      "id": "node/6072486829"
    },
    {
      "type": "Feature",
      "properties": {
        "@id": "node/6072516623",
        "amenity": "drinking_water",
        "drinking_water": "yes",
        "man_made": "water_tap",
        "operator:type": "public",
        "source": "Yoyo preset"
      },
      "geometry": {
        "type": "Point",
        "coordinates": [
          83.6790486,
          28.2908878
        ]
      },
      "id": "node/6072516623"
    },
    {
      "type": "Feature",
      "properties": {
        "@id": "node/6072516625",
        "access": "yes",
        "amenity": "drinking_water",
        "drinking_water": "yes",
        "man_made": "storage_tank",
        "source": "Yoyo preset"
      },
      "geometry": {
        "type": "Point",
        "coordinates": [
          83.6807317,
          28.2890415
        ]
      },
      "id": "node/6072516625"
    },
    {
      "type": "Feature",
      "properties": {
        "@id": "node/6072516626",
        "amenity": "drinking_water",
        "drinking_water": "yes",
        "man_made": "water_tap",
        "operator:type": "public",
        "source": "Yoyo preset"
      },
      "geometry": {
        "type": "Point",
        "coordinates": [
          83.680627,
          28.2889883
        ]
      },
      "id": "node/6072516626"
    },
    {
      "type": "Feature",
      "properties": {
        "@id": "node/6072653688",
        "amenity": "drinking_water",
        "drinking_water": "yes",
        "man_made": "water_tap",
        "operator:type": "public",
        "source": "Yoyo preset"
      },
      "geometry": {
        "type": "Point",
        "coordinates": [
          83.6831554,
          28.3020823
        ]
      },
      "id": "node/6072653688"
    },
    {
      "type": "Feature",
      "properties": {
        "@id": "node/6072653689",
        "amenity": "drinking_water",
        "drinking_water": "yes",
        "man_made": "water_tap",
        "operator:type": "public",
        "source": "Yoyo preset"
      },
      "geometry": {
        "type": "Point",
        "coordinates": [
          83.683674,
          28.3019533
        ]
      },
      "id": "node/6072653689"
    },
    {
      "type": "Feature",
      "properties": {
        "@id": "node/6072653690",
        "amenity": "drinking_water",
        "drinking_water": "yes",
        "man_made": "water_tap",
        "operator:type": "public",
        "source": "Yoyo preset"
      },
      "geometry": {
        "type": "Point",
        "coordinates": [
          83.6855583,
          28.3035778
        ]
      },
      "id": "node/6072653690"
    },
    {
      "type": "Feature",
      "properties": {
        "@id": "node/6072697318",
        "amenity": "drinking_water",
        "drinking_water": "yes",
        "man_made": "water_tap",
        "operator:type": "public",
        "source": "Yoyo preset"
      },
      "geometry": {
        "type": "Point",
        "coordinates": [
          83.6722455,
          28.3174645
        ]
      },
      "id": "node/6072697318"
    },
    {
      "type": "Feature",
      "properties": {
        "@id": "node/6072710732",
        "amenity": "drinking_water",
        "drinking_water": "yes",
        "man_made": "water_tap",
        "operator:type": "public",
        "source": "Yoyo preset"
      },
      "geometry": {
        "type": "Point",
        "coordinates": [
          83.6675595,
          28.3331924
        ]
      },
      "id": "node/6072710732"
    },
    {
      "type": "Feature",
      "properties": {
        "@id": "node/6072710734",
        "amenity": "drinking_water",
        "check_date": "2025-10-25",
        "drinking_water": "yes",
        "man_made": "water_tap",
        "operator:type": "public",
        "source": "Yoyo preset"
      },
      "geometry": {
        "type": "Point",
        "coordinates": [
          83.661524,
          28.3286919
        ]
      },
      "id": "node/6072710734"
    },
    {
      "type": "Feature",
      "properties": {
        "@id": "node/6072710735",
        "amenity": "drinking_water",
        "drinking_water": "yes",
        "man_made": "water_tap",
        "operator:type": "public",
        "source": "Yoyo preset"
      },
      "geometry": {
        "type": "Point",
        "coordinates": [
          83.6652258,
          28.322884
        ]
      },
      "id": "node/6072710735"
    },
    {
      "type": "Feature",
      "properties": {
        "@id": "node/6072710736",
        "amenity": "drinking_water",
        "drinking_water": "yes",
        "man_made": "water_tap",
        "operator:type": "public",
        "source": "Yoyo preset"
      },
      "geometry": {
        "type": "Point",
        "coordinates": [
          83.6714291,
          28.3202053
        ]
      },
      "id": "node/6072710736"
    },
    {
      "type": "Feature",
      "properties": {
        "@id": "node/6072731572",
        "amenity": "drinking_water",
        "man_made": "water_tap",
        "operator:type": "public",
        "source": "Yoyo preset"
      },
      "geometry": {
        "type": "Point",
        "coordinates": [
          83.7877498,
          28.2337529
        ]
      },
      "id": "node/6072731572"
    },
    {
      "type": "Feature",
      "properties": {
        "@id": "node/6072731573",
        "access": "yes",
        "amenity": "drinking_water",
        "man_made": "storage_tank",
        "source": "Yoyo preset"
      },
      "geometry": {
        "type": "Point",
        "coordinates": [
          83.7849321,
          28.247582
        ]
      },
      "id": "node/6072731573"
    },
    {
      "type": "Feature",
      "properties": {
        "@id": "node/6072731574",
        "access": "yes",
        "amenity": "drinking_water",
        "man_made": "storage_tank",
        "source": "Yoyo preset"
      },
      "geometry": {
        "type": "Point",
        "coordinates": [
          83.7816987,
          28.252127
        ]
      },
      "id": "node/6072731574"
    },
    {
      "type": "Feature",
      "properties": {
        "@id": "node/6072731575",
        "access": "yes",
        "amenity": "drinking_water",
        "man_made": "storage_tank",
        "source": "Yoyo preset"
      },
      "geometry": {
        "type": "Point",
        "coordinates": [
          83.7795576,
          28.2532219
        ]
      },
      "id": "node/6072731575"
    },
    {
      "type": "Feature",
      "properties": {
        "@id": "node/6072759569",
        "amenity": "drinking_water",
        "drinking_water": "yes",
        "man_made": "water_tap",
        "operator:type": "public",
        "source": "Yoyo preset"
      },
      "geometry": {
        "type": "Point",
        "coordinates": [
          83.6883859,
          28.2889825
        ]
      },
      "id": "node/6072759569"
    },
    {
      "type": "Feature",
      "properties": {
        "@id": "node/6072894594",
        "access": "yes",
        "amenity": "drinking_water",
        "drinking_water": "yes",
        "man_made": "storage_tank",
        "source": "Yoyo preset"
      },
      "geometry": {
        "type": "Point",
        "coordinates": [
          83.7106329,
          28.2776389
        ]
      },
      "id": "node/6072894594"
    },
    {
      "type": "Feature",
      "properties": {
        "@id": "node/6072894595",
        "access": "yes",
        "amenity": "drinking_water",
        "drinking_water": "yes",
        "man_made": "storage_tank",
        "source": "Yoyo preset"
      },
      "geometry": {
        "type": "Point",
        "coordinates": [
          83.7103043,
          28.2773974
        ]
      },
      "id": "node/6072894595"
    },
    {
      "type": "Feature",
      "properties": {
        "@id": "node/6072894596",
        "access": "yes",
        "amenity": "drinking_water",
        "drinking_water": "yes",
        "man_made": "storage_tank",
        "source": "Yoyo preset"
      },
      "geometry": {
        "type": "Point",
        "coordinates": [
          83.7099837,
          28.2767629
        ]
      },
      "id": "node/6072894596"
    },
    {
      "type": "Feature",
      "properties": {
        "@id": "node/6081456227",
        "amenity": "drinking_water"
      },
      "geometry": {
        "type": "Point",
        "coordinates": [
          83.7449038,
          28.2815894
        ]
      },
      "id": "node/6081456227"
    },
    {
      "type": "Feature",
      "properties": {
        "@id": "node/6093111282",
        "amenity": "drinking_water"
      },
      "geometry": {
        "type": "Point",
        "coordinates": [
          77.164792,
          31.4765663
        ]
      },
      "id": "node/6093111282"
    },
    {
      "type": "Feature",
      "properties": {
        "@id": "node/6093120639",
        "amenity": "drinking_water"
      },
      "geometry": {
        "type": "Point",
        "coordinates": [
          77.1653361,
          31.4750511
        ]
      },
      "id": "node/6093120639"
    },
    {
      "type": "Feature",
      "properties": {
        "@id": "node/6109744152",
        "amenity": "drinking_water",
        "ele": "3855",
        "man_made": "water_tap"
      },
      "geometry": {
        "type": "Point",
        "coordinates": [
          83.1035543,
          29.4943401
        ]
      },
      "id": "node/6109744152"
    },
    {
      "type": "Feature",
      "properties": {
        "@id": "node/6110766587",
        "amenity": "drinking_water",
        "name:en": "Water"
      },
      "geometry": {
        "type": "Point",
        "coordinates": [
          83.9367636,
          28.2329347
        ]
      },
      "id": "node/6110766587"
    },
    {
      "type": "Feature",
      "properties": {
        "@id": "node/6127128695",
        "amenity": "drinking_water",
        "ele": "3935",
        "man_made": "water_tap"
      },
      "geometry": {
        "type": "Point",
        "coordinates": [
          83.1920626,
          29.4458574
        ]
      },
      "id": "node/6127128695"
    },
    {
      "type": "Feature",
      "properties": {
        "@id": "node/6128810198",
        "amenity": "drinking_water"
      },
      "geometry": {
        "type": "Point",
        "coordinates": [
          84.6273924,
          28.1316449
        ]
      },
      "id": "node/6128810198"
    },
    {
      "type": "Feature",
      "properties": {
        "@id": "node/6128859995",
        "amenity": "drinking_water"
      },
      "geometry": {
        "type": "Point",
        "coordinates": [
          84.6315244,
          28.0038389
        ]
      },
      "id": "node/6128859995"
    },
    {
      "type": "Feature",
      "properties": {
        "@id": "node/6128860004",
        "amenity": "drinking_water"
      },
      "geometry": {
        "type": "Point",
        "coordinates": [
          84.6806723,
          28.1661146
        ]
      },
      "id": "node/6128860004"
    },
    {
      "type": "Feature",
      "properties": {
        "@id": "node/6128860015",
        "amenity": "drinking_water"
      },
      "geometry": {
        "type": "Point",
        "coordinates": [
          84.7052651,
          28.1661597
        ]
      },
      "id": "node/6128860015"
    },
    {
      "type": "Feature",
      "properties": {
        "@id": "node/6128860018",
        "amenity": "drinking_water"
      },
      "geometry": {
        "type": "Point",
        "coordinates": [
          84.7443882,
          28.2019897
        ]
      },
      "id": "node/6128860018"
    },
    {
      "type": "Feature",
      "properties": {
        "@id": "node/6128871088",
        "amenity": "drinking_water"
      },
      "geometry": {
        "type": "Point",
        "coordinates": [
          84.6880446,
          28.1672932
        ]
      },
      "id": "node/6128871088"
    },
    {
      "type": "Feature",
      "properties": {
        "@id": "node/6128871188",
        "amenity": "drinking_water"
      },
      "geometry": {
        "type": "Point",
        "coordinates": [
          84.6258133,
          27.9984567
        ]
      },
      "id": "node/6128871188"
    },
    {
      "type": "Feature",
      "properties": {
        "@id": "node/6128871191",
        "amenity": "drinking_water"
      },
      "geometry": {
        "type": "Point",
        "coordinates": [
          84.7042801,
          28.1674164
        ]
      },
      "id": "node/6128871191"
    },
    {
      "type": "Feature",
      "properties": {
        "@id": "node/6128871292",
        "amenity": "drinking_water"
      },
      "geometry": {
        "type": "Point",
        "coordinates": [
          84.6925792,
          28.166724
        ]
      },
      "id": "node/6128871292"
    },
    {
      "type": "Feature",
      "properties": {
        "@id": "node/6128871293",
        "amenity": "drinking_water"
      },
      "geometry": {
        "type": "Point",
        "coordinates": [
          84.7040641,
          28.1654241
        ]
      },
      "id": "node/6128871293"
    },
    {
      "type": "Feature",
      "properties": {
        "@id": "node/6128871297",
        "amenity": "drinking_water"
      },
      "geometry": {
        "type": "Point",
        "coordinates": [
          84.7388422,
          28.199038
        ]
      },
      "id": "node/6128871297"
    },
    {
      "type": "Feature",
      "properties": {
        "@id": "node/6128871789",
        "amenity": "drinking_water"
      },
      "geometry": {
        "type": "Point",
        "coordinates": [
          84.7052052,
          28.1662121
        ]
      },
      "id": "node/6128871789"
    },
    {
      "type": "Feature",
      "properties": {
        "@id": "node/6128873587",
        "amenity": "drinking_water"
      },
      "geometry": {
        "type": "Point",
        "coordinates": [
          84.6504419,
          28.1574186
        ]
      },
      "id": "node/6128873587"
    },
    {
      "type": "Feature",
      "properties": {
        "@id": "node/6128874785",
        "amenity": "drinking_water"
      },
      "geometry": {
        "type": "Point",
        "coordinates": [
          84.7400995,
          28.1999392
        ]
      },
      "id": "node/6128874785"
    },
    {
      "type": "Feature",
      "properties": {
        "@id": "node/6128874786",
        "amenity": "drinking_water"
      },
      "geometry": {
        "type": "Point",
        "coordinates": [
          84.7458884,
          28.200487
        ]
      },
      "id": "node/6128874786"
    },
    {
      "type": "Feature",
      "properties": {
        "@id": "node/6128874787",
        "amenity": "drinking_water"
      },
      "geometry": {
        "type": "Point",
        "coordinates": [
          84.7518869,
          28.201858
        ]
      },
      "id": "node/6128874787"
    },
    {
      "type": "Feature",
      "properties": {
        "@id": "node/6136775736",
        "addr:city": "Arun rural municipality 4",
        "addr:place": "laguwa danda",
        "amenity": "drinking_water",
        "drinking_water": "yes",
        "man_made": "water_well",
        "operator:type": "public"
      },
      "geometry": {
        "type": "Point",
        "coordinates": [
          87.1838079,
          27.1998422
        ]
      },
      "id": "node/6136775736"
    },
    {
      "type": "Feature",
      "properties": {
        "@id": "node/6139904706",
        "addr:city": "Arun rural municipality",
        "addr:place": "Charkilla-4",
        "amenity": "drinking_water",
        "drinking_water": "yes",
        "man_made": "storage_tank",
        "name": "Juwari Water Tank",
        "operator:type": "public"
      },
      "geometry": {
        "type": "Point",
        "coordinates": [
          87.1936449,
          27.2058024
        ]
      },
      "id": "node/6139904706"
    },
    {
      "type": "Feature",
      "properties": {
        "@id": "node/6139904723",
        "addr:city": "Arun rural municipality",
        "addr:place": "Charkilla-4",
        "amenity": "drinking_water",
        "drinking_water": "yes",
        "man_made": "water_tap",
        "operator:type": "public"
      },
      "geometry": {
        "type": "Point",
        "coordinates": [
          87.1960992,
          27.2061984
        ]
      },
      "id": "node/6139904723"
    },
    {
      "type": "Feature",
      "properties": {
        "@id": "node/6139931186",
        "addr:city": "Arun rural municipality 4",
        "addr:place": "Katwal gau",
        "amenity": "drinking_water",
        "drinking_water": "yes",
        "man_made": "storage_tank",
        "name": "Khana pani tanki",
        "operator:type": "public"
      },
      "geometry": {
        "type": "Point",
        "coordinates": [
          87.1871352,
          27.174775
        ]
      },
      "id": "node/6139931186"
    },
    {
      "type": "Feature",
      "properties": {
        "@id": "node/6140001971",
        "addr:city": "Arun rural municipality",
        "addr:place": "Charkilla-4",
        "amenity": "drinking_water",
        "drinking_water": "yes",
        "man_made": "water_tap",
        "operator:type": "public"
      },
      "geometry": {
        "type": "Point",
        "coordinates": [
          87.1995914,
          27.2080066
        ]
      },
      "id": "node/6140001971"
    },
    {
      "type": "Feature",
      "properties": {
        "@id": "node/6140002233",
        "addr:city": "Arun rural municipality",
        "addr:place": "Charkilla-4",
        "amenity": "drinking_water",
        "drinking_water": "yes",
        "man_made": "water_tap",
        "name": "Jamune Dhara",
        "operator:type": "public"
      },
      "geometry": {
        "type": "Point",
        "coordinates": [
          87.1929207,
          27.1994116
        ]
      },
      "id": "node/6140002233"
    },
    {
      "type": "Feature",
      "properties": {
        "@id": "node/6140002266",
        "addr:city": "Arun rural municipality",
        "addr:place": "Charkilla-4",
        "amenity": "drinking_water",
        "drinking_water": "yes",
        "man_made": "water_tap",
        "operator:type": "public"
      },
      "geometry": {
        "type": "Point",
        "coordinates": [
          87.1964961,
          27.2036197
        ]
      },
      "id": "node/6140002266"
    },
    {
      "type": "Feature",
      "properties": {
        "@id": "node/6140002279",
        "addr:city": "Arun rural municipality",
        "addr:place": "Charkilla-4",
        "amenity": "drinking_water",
        "drinking_water": "yes",
        "man_made": "storage_tank",
        "name": "Drinking Water Tank"
      },
      "geometry": {
        "type": "Point",
        "coordinates": [
          87.1988377,
          27.2043664
        ]
      },
      "id": "node/6140002279"
    },
    {
      "type": "Feature",
      "properties": {
        "@id": "node/6140002296",
        "addr:city": "Arun rural municipality",
        "addr:place": "Charkilla-4",
        "amenity": "drinking_water",
        "drinking_water": "yes",
        "man_made": "water_tap",
        "operator:type": "public"
      },
      "geometry": {
        "type": "Point",
        "coordinates": [
          87.1982342,
          27.205645
        ]
      },
      "id": "node/6140002296"
    },
    {
      "type": "Feature",
      "properties": {
        "@id": "node/6141837372",
        "addr:city": "Arun rural municipality",
        "addr:place": "Raikar-4",
        "amenity": "drinking_water",
        "drinking_water": "yes",
        "man_made": "storage_tank",
        "name": "Drinking Water Tank"
      },
      "geometry": {
        "type": "Point",
        "coordinates": [
          87.203207,
          27.2101511
        ]
      },
      "id": "node/6141837372"
    },
    {
      "type": "Feature",
      "properties": {
        "@id": "node/6141943094",
        "addr:city": "Arun rural municipality 4",
        "addr:place": "Golatar",
        "amenity": "drinking_water",
        "drinking_water": "yes",
        "man_made": "storage_tank",
        "name": "Khamtala"
      },
      "geometry": {
        "type": "Point",
        "coordinates": [
          87.1816662,
          27.1963651
        ]
      },
      "id": "node/6141943094"
    },
    {
      "type": "Feature",
      "properties": {
        "@id": "node/6142108678",
        "addr:city": "Arun rural municipality 4",
        "addr:place": "Batomuniko Tole",
        "amenity": "drinking_water",
        "drinking_water": "yes",
        "man_made": "water_well",
        "operator:type": "public"
      },
      "geometry": {
        "type": "Point",
        "coordinates": [
          87.2087941,
          27.1826156
        ]
      },
      "id": "node/6142108678"
    },
    {
      "type": "Feature",
      "properties": {
        "@id": "node/6142114485",
        "amenity": "drinking_water",
        "name:en": "Kanxi fupu"
      },
      "geometry": {
        "type": "Point",
        "coordinates": [
          83.6405108,
          28.1683351
        ]
      },
      "id": "node/6142114485"
    },
    {
      "type": "Feature",
      "properties": {
        "@id": "node/6142118861",
        "addr:city": "Arun rural municipality",
        "addr:place": "Kattike-7",
        "amenity": "drinking_water",
        "drinking_water": "yes",
        "man_made": "storage_tank"
      },
      "geometry": {
        "type": "Point",
        "coordinates": [
          87.1987331,
          27.1477391
        ]
      },
      "id": "node/6142118861"
    },
    {
      "type": "Feature",
      "properties": {
        "@id": "node/6142118863",
        "addr:city": "Arun rural municipality",
        "addr:place": "Maidane-7",
        "amenity": "drinking_water",
        "drinking_water": "yes",
        "man_made": "storage_tank",
        "name": "Khanepaani Yojana"
      },
      "geometry": {
        "type": "Point",
        "coordinates": [
          87.1962118,
          27.1409678
        ]
      },
      "id": "node/6142118863"
    },
    {
      "type": "Feature",
      "properties": {
        "@id": "node/6142118864",
        "addr:city": "Arun rural municipality",
        "addr:place": "Dhunge-7",
        "amenity": "drinking_water",
        "drinking_water": "yes",
        "man_made": "storage_tank",
        "name": "Jhakripaani Drinking Water Tank"
      },
      "geometry": {
        "type": "Point",
        "coordinates": [
          87.2051999,
          27.132265
        ]
      },
      "id": "node/6142118864"
    },
    {
      "type": "Feature",
      "properties": {
        "@id": "node/6142167022",
        "addr:city": "Arun rural municipality 4",
        "addr:place": "Chisapani",
        "amenity": "drinking_water",
        "drinking_water": "yes",
        "man_made": "storage_tank",
        "name": "Chisapani tank",
        "operator:type": "public"
      },
      "geometry": {
        "type": "Point",
        "coordinates": [
          87.2064136,
          27.1759585
        ]
      },
      "id": "node/6142167022"
    },
    {
      "type": "Feature",
      "properties": {
        "@id": "node/6142193004",
        "addr:city": "Arun rural municipality",
        "addr:place": "Halle-7",
        "amenity": "drinking_water",
        "drinking_water": "yes",
        "man_made": "storage_tank",
        "name": "Khanepaani Yojana"
      },
      "geometry": {
        "type": "Point",
        "coordinates": [
          87.2176695,
          27.1321934
        ]
      },
      "id": "node/6142193004"
    },
    {
      "type": "Feature",
      "properties": {
        "@id": "node/6142193005",
        "addr:city": "Arun rural municipality",
        "addr:place": "Halle-7",
        "amenity": "drinking_water",
        "drinking_water": "yes",
        "man_made": "storage_tank",
        "name": "Khanepaani Yojana"
      },
      "geometry": {
        "type": "Point",
        "coordinates": [
          87.2156887,
          27.1355984
        ]
      },
      "id": "node/6142193005"
    },
    {
      "type": "Feature",
      "properties": {
        "@id": "node/6142193006",
        "addr:city": "Arun rural municipality",
        "addr:place": "Halle-7",
        "amenity": "drinking_water",
        "drinking_water": "yes",
        "man_made": "storage_tank",
        "name": "Khanepaani"
      },
      "geometry": {
        "type": "Point",
        "coordinates": [
          87.2210893,
          27.1359935
        ]
      },
      "id": "node/6142193006"
    },
    {
      "type": "Feature",
      "properties": {
        "@id": "node/6144458983",
        "addr:city": "Arun rural municipality",
        "addr:place": "lungchhung-7",
        "amenity": "drinking_water",
        "drinking_water": "yes",
        "man_made": "water_tap",
        "name": "Takidada Dhara",
        "operator:type": "public"
      },
      "geometry": {
        "type": "Point",
        "coordinates": [
          87.22927,
          27.124163
        ]
      },
      "id": "node/6144458983"
    },
    {
      "type": "Feature",
      "properties": {
        "@id": "node/6144614777",
        "addr:city": "Arun rural municipality",
        "addr:place": "Phosretaar-7",
        "amenity": "drinking_water",
        "drinking_water": "yes",
        "man_made": "storage_tank",
        "name": "Drinking Water",
        "operator:type": "public"
      },
      "geometry": {
        "type": "Point",
        "coordinates": [
          87.2203356,
          27.1162873
        ]
      },
      "id": "node/6144614777"
    },
    {
      "type": "Feature",
      "properties": {
        "@id": "node/6144646686",
        "addr:city": "Arun rural municipality",
        "addr:place": "Bhadredada-7",
        "amenity": "drinking_water",
        "drinking_water": "yes",
        "man_made": "storage_tank",
        "name": "Dhungrekhola Sechai"
      },
      "geometry": {
        "type": "Point",
        "coordinates": [
          87.2190803,
          27.126524
        ]
      },
      "id": "node/6144646686"
    },
    {
      "type": "Feature",
      "properties": {
        "@id": "node/6144652205",
        "addr:city": "Arun rural municipality 4",
        "addr:place": "Ambota",
        "amenity": "drinking_water",
        "drinking_water": "yes",
        "man_made": "storage_tank",
        "name": "Khana pani tanki",
        "operator:type": "public"
      },
      "geometry": {
        "type": "Point",
        "coordinates": [
          87.2233182,
          27.1588392
        ]
      },
      "id": "node/6144652205"
    },
    {
      "type": "Feature",
      "properties": {
        "@id": "node/6144652230",
        "addr:city": "Arun rural municipality 4",
        "addr:place": "Ambota",
        "amenity": "drinking_water",
        "drinking_water": "yes",
        "man_made": "storage_tank",
        "name": "Khana pani tanki",
        "operator:type": "public"
      },
      "geometry": {
        "type": "Point",
        "coordinates": [
          87.2245735,
          27.1541222
        ]
      },
      "id": "node/6144652230"
    },
    {
      "type": "Feature",
      "properties": {
        "@id": "node/6144663524",
        "addr:city": "Arun rural municipality",
        "addr:place": "Tharpudada-7",
        "amenity": "drinking_water",
        "drinking_water": "yes",
        "man_made": "storage_tank"
      },
      "geometry": {
        "type": "Point",
        "coordinates": [
          87.2208104,
          27.1277725
        ]
      },
      "id": "node/6144663524"
    },
    {
      "type": "Feature",
      "properties": {
        "@id": "node/6146884946",
        "amenity": "drinking_water"
      },
      "geometry": {
        "type": "Point",
        "coordinates": [
          84.9997764,
          24.8049549
        ]
      },
      "id": "node/6146884946"
    },
    {
      "type": "Feature",
      "properties": {
        "@id": "node/6146888306",
        "addr:city": "Arun rural municipality",
        "addr:place": "Bichtole-7",
        "amenity": "drinking_water",
        "drinking_water": "yes",
        "man_made": "storage_tank",
        "name": "Khanepaani"
      },
      "geometry": {
        "type": "Point",
        "coordinates": [
          87.2221273,
          27.1242585
        ]
      },
      "id": "node/6146888306"
    },
    {
      "type": "Feature",
      "properties": {
        "@id": "node/6146902546",
        "amenity": "drinking_water"
      },
      "geometry": {
        "type": "Point",
        "coordinates": [
          84.9997483,
          24.8047003
        ]
      },
      "id": "node/6146902546"
    },
    {
      "type": "Feature",
      "properties": {
        "@id": "node/6146902547",
        "amenity": "drinking_water"
      },
      "geometry": {
        "type": "Point",
        "coordinates": [
          84.9997988,
          24.8051326
        ]
      },
      "id": "node/6146902547"
    },
    {
      "type": "Feature",
      "properties": {
        "@id": "node/6146902548",
        "amenity": "drinking_water"
      },
      "geometry": {
        "type": "Point",
        "coordinates": [
          84.9998171,
          24.8053193
        ]
      },
      "id": "node/6146902548"
    },
    {
      "type": "Feature",
      "properties": {
        "@id": "node/6146903141",
        "addr:city": "Arun rural municipality 4",
        "addr:place": "Malbasa",
        "amenity": "drinking_water",
        "drinking_water": "yes",
        "man_made": "storage_tank",
        "name": "Khana pani tanki",
        "operator:type": "public"
      },
      "geometry": {
        "type": "Point",
        "coordinates": [
          87.2353533,
          27.138495
        ]
      },
      "id": "node/6146903141"
    },
    {
      "type": "Feature",
      "properties": {
        "@id": "node/6146982921",
        "addr:city": "Arun rural municipality",
        "addr:place": "Dadatole-7",
        "amenity": "drinking_water",
        "content": "water",
        "drinking_water": "yes",
        "man_made": "storage_tank",
        "name": "Dadatole Dhara",
        "operator:type": "public"
      },
      "geometry": {
        "type": "Point",
        "coordinates": [
          87.2350314,
          27.1430253
        ]
      },
      "id": "node/6146982921"
    },
    {
      "type": "Feature",
      "properties": {
        "@id": "node/6146982938",
        "addr:city": "Arun rural municipality",
        "addr:place": "Dadatole-7",
        "amenity": "drinking_water",
        "content": "water",
        "drinking_water": "yes",
        "man_made": "storage_tank",
        "name": "Mallbase Water Tank"
      },
      "geometry": {
        "type": "Point",
        "coordinates": [
          87.2355464,
          27.1384425
        ]
      },
      "id": "node/6146982938"
    },
    {
      "type": "Feature",
      "properties": {
        "@id": "node/6147036034",
        "addr:city": "Arun rural municipality 4",
        "addr:place": "Bhadaura",
        "amenity": "drinking_water",
        "drinking_water": "yes",
        "man_made": "storage_tank",
        "name": "Khana pani tanki",
        "operator:type": "public"
      },
      "geometry": {
        "type": "Point",
        "coordinates": [
          87.2398058,
          27.1463894
        ]
      },
      "id": "node/6147036034"
    },
    {
      "type": "Feature",
      "properties": {
        "@id": "node/6147046428",
        "addr:city": "Arun rural municipality",
        "addr:place": "Pipaltaar-7",
        "amenity": "drinking_water",
        "drinking_water": "yes",
        "man_made": "storage_tank"
      },
      "geometry": {
        "type": "Point",
        "coordinates": [
          87.2351655,
          27.1484122
        ]
      },
      "id": "node/6147046428"
    },
    {
      "type": "Feature",
      "properties": {
        "@id": "node/6147057303",
        "addr:city": "Arun rural municipality",
        "addr:place": "Jagre-7",
        "amenity": "drinking_water",
        "drinking_water": "yes",
        "man_made": "storage_tank",
        "name": "Jagre water Tank"
      },
      "geometry": {
        "type": "Point",
        "coordinates": [
          87.2317028,
          27.1405668
        ]
      },
      "id": "node/6147057303"
    },
    {
      "type": "Feature",
      "properties": {
        "@id": "node/6147094962",
        "addr:city": "Arun rural municipality 4",
        "addr:place": "Khani gau",
        "amenity": "drinking_water",
        "drinking_water": "yes",
        "man_made": "storage_tank",
        "name": "Khana pani tanki",
        "operator:type": "public"
      },
      "geometry": {
        "type": "Point",
        "coordinates": [
          87.2329997,
          27.1567439
        ]
      },
      "id": "node/6147094962"
    },
    {
      "type": "Feature",
      "properties": {
        "@id": "node/6149179008",
        "addr:city": "Arun rural municipality 4",
        "addr:place": "Magdin",
        "amenity": "drinking_water",
        "man_made": "storage_tank",
        "name": "Khana Pani Tank"
      },
      "geometry": {
        "type": "Point",
        "coordinates": [
          87.2239606,
          27.1673717
        ]
      },
      "id": "node/6149179008"
    },
    {
      "type": "Feature",
      "properties": {
        "@id": "node/6149216583",
        "addr:city": "Arun rural municipality 4",
        "addr:place": "Mayndiga",
        "amenity": "drinking_water",
        "man_made": "storage_tank",
        "name": "Khana Pani Tank"
      },
      "geometry": {
        "type": "Point",
        "coordinates": [
          87.2289589,
          27.1644652
        ]
      },
      "id": "node/6149216583"
    },
    {
      "type": "Feature",
      "properties": {
        "@id": "node/6149281871",
        "addr:city": "Arun rural municipality 4",
        "addr:place": "Bhandarigau",
        "amenity": "drinking_water",
        "drinking_water": "yes",
        "man_made": "storage_tank",
        "name": "Khana Pani Tank",
        "operator:type": "public"
      },
      "geometry": {
        "type": "Point",
        "coordinates": [
          87.2251649,
          27.1590862
        ]
      },
      "id": "node/6149281871"
    },
    {
      "type": "Feature",
      "properties": {
        "@id": "node/6158096407",
        "addr:city": "Arun rural municipality 4",
        "addr:place": "Batasa",
        "amenity": "drinking_water",
        "drinking_water": "yes",
        "man_made": "storage_tank",
        "name": "Khana Pani Tank"
      },
      "geometry": {
        "type": "Point",
        "coordinates": [
          87.2504937,
          27.1382205
        ]
      },
      "id": "node/6158096407"
    },
    {
      "type": "Feature",
      "properties": {
        "@id": "node/6166529730",
        "amenity": "drinking_water"
      },
      "geometry": {
        "type": "Point",
        "coordinates": [
          77.2326547,
          28.6497717
        ]
      },
      "id": "node/6166529730"
    },
    {
      "type": "Feature",
      "properties": {
        "@id": "node/6166529731",
        "amenity": "drinking_water"
      },
      "geometry": {
        "type": "Point",
        "coordinates": [
          77.2340857,
          28.6498234
        ]
      },
      "id": "node/6166529731"
    },
    {
      "type": "Feature",
      "properties": {
        "@id": "node/6209977456",
        "amenity": "drinking_water"
      },
      "geometry": {
        "type": "Point",
        "coordinates": [
          81.8830897,
          29.855665
        ]
      },
      "id": "node/6209977456"
    },
    {
      "type": "Feature",
      "properties": {
        "@id": "node/6209977457",
        "amenity": "drinking_water"
      },
      "geometry": {
        "type": "Point",
        "coordinates": [
          81.8652235,
          29.8902157
        ]
      },
      "id": "node/6209977457"
    },
    {
      "type": "Feature",
      "properties": {
        "@id": "node/6209977458",
        "amenity": "drinking_water"
      },
      "geometry": {
        "type": "Point",
        "coordinates": [
          81.8754722,
          29.9741654
        ]
      },
      "id": "node/6209977458"
    },
    {
      "type": "Feature",
      "properties": {
        "@id": "node/6209977459",
        "amenity": "drinking_water"
      },
      "geometry": {
        "type": "Point",
        "coordinates": [
          81.821071,
          29.9723014
        ]
      },
      "id": "node/6209977459"
    },
    {
      "type": "Feature",
      "properties": {
        "@id": "node/6210495807",
        "amenity": "drinking_water",
        "shop": "convenience"
      },
      "geometry": {
        "type": "Point",
        "coordinates": [
          81.8011103,
          29.5193121
        ]
      },
      "id": "node/6210495807"
    },
    {
      "type": "Feature",
      "properties": {
        "@id": "node/6210496096",
        "amenity": "drinking_water"
      },
      "geometry": {
        "type": "Point",
        "coordinates": [
          81.7803624,
          29.5286946
        ]
      },
      "id": "node/6210496096"
    },
    {
      "type": "Feature",
      "properties": {
        "@id": "node/6210496098",
        "amenity": "drinking_water"
      },
      "geometry": {
        "type": "Point",
        "coordinates": [
          82.0534974,
          29.5273809
        ]
      },
      "id": "node/6210496098"
    },
    {
      "type": "Feature",
      "properties": {
        "@id": "node/6210496108",
        "amenity": "drinking_water"
      },
      "geometry": {
        "type": "Point",
        "coordinates": [
          81.8957404,
          29.5102339
        ]
      },
      "id": "node/6210496108"
    },
    {
      "type": "Feature",
      "properties": {
        "@id": "node/6210496109",
        "amenity": "drinking_water"
      },
      "geometry": {
        "type": "Point",
        "coordinates": [
          81.8832766,
          29.5093464
        ]
      },
      "id": "node/6210496109"
    },
    {
      "type": "Feature",
      "properties": {
        "@id": "node/6210496110",
        "amenity": "drinking_water"
      },
      "geometry": {
        "type": "Point",
        "coordinates": [
          81.8768757,
          29.5101047
        ]
      },
      "id": "node/6210496110"
    },
    {
      "type": "Feature",
      "properties": {
        "@id": "node/6210496111",
        "amenity": "drinking_water"
      },
      "geometry": {
        "type": "Point",
        "coordinates": [
          81.8681207,
          29.5061551
        ]
      },
      "id": "node/6210496111"
    },
    {
      "type": "Feature",
      "properties": {
        "@id": "node/6210496112",
        "amenity": "drinking_water"
      },
      "geometry": {
        "type": "Point",
        "coordinates": [
          81.8576202,
          29.511682
        ]
      },
      "id": "node/6210496112"
    },
    {
      "type": "Feature",
      "properties": {
        "@id": "node/6210496114",
        "amenity": "drinking_water"
      },
      "geometry": {
        "type": "Point",
        "coordinates": [
          81.8343355,
          29.5161729
        ]
      },
      "id": "node/6210496114"
    },
    {
      "type": "Feature",
      "properties": {
        "@id": "node/6210496115",
        "amenity": "drinking_water"
      },
      "geometry": {
        "type": "Point",
        "coordinates": [
          81.8201792,
          29.5148142
        ]
      },
      "id": "node/6210496115"
    },
    {
      "type": "Feature",
      "properties": {
        "@id": "node/6210496118",
        "amenity": "drinking_water"
      },
      "geometry": {
        "type": "Point",
        "coordinates": [
          81.8010109,
          29.5201071
        ]
      },
      "id": "node/6210496118"
    },
    {
      "type": "Feature",
      "properties": {
        "@id": "node/6210496119",
        "amenity": "drinking_water"
      },
      "geometry": {
        "type": "Point",
        "coordinates": [
          81.829496,
          29.515491
        ]
      },
      "id": "node/6210496119"
    },
    {
      "type": "Feature",
      "properties": {
        "@id": "node/6210496121",
        "amenity": "drinking_water"
      },
      "geometry": {
        "type": "Point",
        "coordinates": [
          81.7815562,
          29.5203777
        ]
      },
      "id": "node/6210496121"
    },
    {
      "type": "Feature",
      "properties": {
        "@id": "node/6210496123",
        "amenity": "drinking_water"
      },
      "geometry": {
        "type": "Point",
        "coordinates": [
          81.7759991,
          29.5447845
        ]
      },
      "id": "node/6210496123"
    },
    {
      "type": "Feature",
      "properties": {
        "@id": "node/6210496124",
        "amenity": "drinking_water"
      },
      "geometry": {
        "type": "Point",
        "coordinates": [
          81.7790545,
          29.5460725
        ]
      },
      "id": "node/6210496124"
    },
    {
      "type": "Feature",
      "properties": {
        "@id": "node/6210496125",
        "amenity": "drinking_water"
      },
      "geometry": {
        "type": "Point",
        "coordinates": [
          81.7855152,
          29.5620926
        ]
      },
      "id": "node/6210496125"
    },
    {
      "type": "Feature",
      "properties": {
        "@id": "node/6210496126",
        "amenity": "drinking_water"
      },
      "geometry": {
        "type": "Point",
        "coordinates": [
          81.7872103,
          29.5648346
        ]
      },
      "id": "node/6210496126"
    },
    {
      "type": "Feature",
      "properties": {
        "@id": "node/6210496139",
        "amenity": "drinking_water"
      },
      "geometry": {
        "type": "Point",
        "coordinates": [
          81.8388221,
          29.7203772
        ]
      },
      "id": "node/6210496139"
    },
    {
      "type": "Feature",
      "properties": {
        "@id": "node/6210496149",
        "amenity": "drinking_water"
      },
      "geometry": {
        "type": "Point",
        "coordinates": [
          81.939957,
          29.5284445
        ]
      },
      "id": "node/6210496149"
    },
    {
      "type": "Feature",
      "properties": {
        "@id": "node/6210496152",
        "amenity": "drinking_water"
      },
      "geometry": {
        "type": "Point",
        "coordinates": [
          81.9307209,
          29.5230577
        ]
      },
      "id": "node/6210496152"
    },
    {
      "type": "Feature",
      "properties": {
        "@id": "node/6210496181",
        "amenity": "drinking_water"
      },
      "geometry": {
        "type": "Point",
        "coordinates": [
          81.8700246,
          29.5077328
        ]
      },
      "id": "node/6210496181"
    },
    {
      "type": "Feature",
      "properties": {
        "@id": "node/6210516898",
        "amenity": "drinking_water",
        "name": "Chhare",
        "source": "Naxa"
      },
      "geometry": {
        "type": "Point",
        "coordinates": [
          81.8753465,
          29.8283556
        ]
      },
      "id": "node/6210516898"
    },
    {
      "type": "Feature",
      "properties": {
        "@id": "node/6210641856",
        "amenity": "drinking_water"
      },
      "geometry": {
        "type": "Point",
        "coordinates": [
          81.8549433,
          29.6411567
        ]
      },
      "id": "node/6210641856"
    },
    {
      "type": "Feature",
      "properties": {
        "@id": "node/6210641857",
        "amenity": "drinking_water"
      },
      "geometry": {
        "type": "Point",
        "coordinates": [
          81.8557821,
          29.6440491
        ]
      },
      "id": "node/6210641857"
    },
    {
      "type": "Feature",
      "properties": {
        "@id": "node/6210641861",
        "amenity": "drinking_water"
      },
      "geometry": {
        "type": "Point",
        "coordinates": [
          81.8649744,
          29.6566112
        ]
      },
      "id": "node/6210641861"
    },
    {
      "type": "Feature",
      "properties": {
        "@id": "node/6210641862",
        "amenity": "drinking_water"
      },
      "geometry": {
        "type": "Point",
        "coordinates": [
          81.8648021,
          29.6570171
        ]
      },
      "id": "node/6210641862"
    },
    {
      "type": "Feature",
      "properties": {
        "@id": "node/6210699893",
        "amenity": "drinking_water"
      },
      "geometry": {
        "type": "Point",
        "coordinates": [
          81.7648546,
          29.5961606
        ]
      },
      "id": "node/6210699893"
    },
    {
      "type": "Feature",
      "properties": {
        "@id": "node/6210699894",
        "amenity": "drinking_water"
      },
      "geometry": {
        "type": "Point",
        "coordinates": [
          81.7659852,
          29.5952639
        ]
      },
      "id": "node/6210699894"
    },
    {
      "type": "Feature",
      "properties": {
        "@id": "node/6210699897",
        "amenity": "drinking_water"
      },
      "geometry": {
        "type": "Point",
        "coordinates": [
          81.7699447,
          29.5955297
        ]
      },
      "id": "node/6210699897"
    },
    {
      "type": "Feature",
      "properties": {
        "@id": "node/6210699898",
        "amenity": "drinking_water"
      },
      "geometry": {
        "type": "Point",
        "coordinates": [
          81.7692098,
          29.5958097
        ]
      },
      "id": "node/6210699898"
    },
    {
      "type": "Feature",
      "properties": {
        "@id": "node/6210699899",
        "amenity": "drinking_water"
      },
      "geometry": {
        "type": "Point",
        "coordinates": [
          81.7705408,
          29.605976
        ]
      },
      "id": "node/6210699899"
    },
    {
      "type": "Feature",
      "properties": {
        "@id": "node/6210879062",
        "amenity": "drinking_water"
      },
      "geometry": {
        "type": "Point",
        "coordinates": [
          82.0529407,
          29.5269472
        ]
      },
      "id": "node/6210879062"
    },
    {
      "type": "Feature",
      "properties": {
        "@id": "node/6210879063",
        "amenity": "drinking_water"
      },
      "geometry": {
        "type": "Point",
        "coordinates": [
          82.0523639,
          29.5255701
        ]
      },
      "id": "node/6210879063"
    },
    {
      "type": "Feature",
      "properties": {
        "@id": "node/6210879068",
        "amenity": "drinking_water"
      },
      "geometry": {
        "type": "Point",
        "coordinates": [
          81.9900575,
          29.5242106
        ]
      },
      "id": "node/6210879068"
    },
    {
      "type": "Feature",
      "properties": {
        "@id": "node/6210879069",
        "amenity": "drinking_water"
      },
      "geometry": {
        "type": "Point",
        "coordinates": [
          81.989627,
          29.5246327
        ]
      },
      "id": "node/6210879069"
    },
    {
      "type": "Feature",
      "properties": {
        "@id": "node/6210879070",
        "amenity": "drinking_water"
      },
      "geometry": {
        "type": "Point",
        "coordinates": [
          81.947916,
          29.528214
        ]
      },
      "id": "node/6210879070"
    },
    {
      "type": "Feature",
      "properties": {
        "@id": "node/6210879071",
        "amenity": "drinking_water"
      },
      "geometry": {
        "type": "Point",
        "coordinates": [
          81.9455811,
          29.528086
        ]
      },
      "id": "node/6210879071"
    },
    {
      "type": "Feature",
      "properties": {
        "@id": "node/6210879073",
        "amenity": "drinking_water"
      },
      "geometry": {
        "type": "Point",
        "coordinates": [
          81.9409114,
          29.5287581
        ]
      },
      "id": "node/6210879073"
    },
    {
      "type": "Feature",
      "properties": {
        "@id": "node/6213883192",
        "amenity": "drinking_water",
        "source": "Naxa"
      },
      "geometry": {
        "type": "Point",
        "coordinates": [
          81.8608186,
          29.7953258
        ]
      },
      "id": "node/6213883192"
    },
    {
      "type": "Feature",
      "properties": {
        "@id": "node/6216495072",
        "amenity": "drinking_water"
      },
      "geometry": {
        "type": "Point",
        "coordinates": [
          76.7183936,
          32.0402841
        ]
      },
      "id": "node/6216495072"
    },
    {
      "type": "Feature",
      "properties": {
        "@id": "node/6243386486",
        "amenity": "drinking_water",
        "name": "धारो",
        "name:en": "Tap"
      },
      "geometry": {
        "type": "Point",
        "coordinates": [
          85.5355571,
          27.64691
        ]
      },
      "id": "node/6243386486"
    },
    {
      "type": "Feature",
      "properties": {
        "@id": "node/6261906966",
        "amenity": "drinking_water",
        "source": "survey",
        "water": "reservoir"
      },
      "geometry": {
        "type": "Point",
        "coordinates": [
          81.7653092,
          29.5951339
        ]
      },
      "id": "node/6261906966"
    },
    {
      "type": "Feature",
      "properties": {
        "@id": "node/6342954046",
        "amenity": "drinking_water"
      },
      "geometry": {
        "type": "Point",
        "coordinates": [
          77.2459098,
          28.572886
        ]
      },
      "id": "node/6342954046"
    },
    {
      "type": "Feature",
      "properties": {
        "@id": "node/6349285038",
        "amenity": "drinking_water"
      },
      "geometry": {
        "type": "Point",
        "coordinates": [
          77.2184686,
          28.542608
        ]
      },
      "id": "node/6349285038"
    },
    {
      "type": "Feature",
      "properties": {
        "@id": "node/6406415285",
        "amenity": "drinking_water"
      },
      "geometry": {
        "type": "Point",
        "coordinates": [
          73.68547,
          24.574651
        ]
      },
      "id": "node/6406415285"
    },
    {
      "type": "Feature",
      "properties": {
        "@id": "node/6407069485",
        "amenity": "drinking_water"
      },
      "geometry": {
        "type": "Point",
        "coordinates": [
          73.6848412,
          24.5811834
        ]
      },
      "id": "node/6407069485"
    },
    {
      "type": "Feature",
      "properties": {
        "@id": "node/6410265499",
        "amenity": "drinking_water",
        "man_made": "water_tap"
      },
      "geometry": {
        "type": "Point",
        "coordinates": [
          83.9460338,
          28.2009613
        ]
      },
      "id": "node/6410265499"
    },
    {
      "type": "Feature",
      "properties": {
        "@id": "node/6410265507",
        "amenity": "drinking_water",
        "man_made": "water_tap"
      },
      "geometry": {
        "type": "Point",
        "coordinates": [
          83.9454418,
          28.2006549
        ]
      },
      "id": "node/6410265507"
    },
    {
      "type": "Feature",
      "properties": {
        "@id": "node/6421183759",
        "amenity": "drinking_water"
      },
      "geometry": {
        "type": "Point",
        "coordinates": [
          83.794764,
          28.22176
        ]
      },
      "id": "node/6421183759"
    },
    {
      "type": "Feature",
      "properties": {
        "@id": "node/6424320643",
        "amenity": "drinking_water",
        "man_made": "water_tap"
      },
      "geometry": {
        "type": "Point",
        "coordinates": [
          85.0445942,
          27.7508626
        ]
      },
      "id": "node/6424320643"
    },
    {
      "type": "Feature",
      "properties": {
        "@id": "node/6434834689",
        "amenity": "drinking_water"
      },
      "geometry": {
        "type": "Point",
        "coordinates": [
          84.0811458,
          28.1337405
        ]
      },
      "id": "node/6434834689"
    },
    {
      "type": "Feature",
      "properties": {
        "@id": "node/6434842785",
        "amenity": "drinking_water",
        "name:en": "Dahal niwas"
      },
      "geometry": {
        "type": "Point",
        "coordinates": [
          85.9699729,
          27.7724049
        ]
      },
      "id": "node/6434842785"
    },
    {
      "type": "Feature",
      "properties": {
        "@id": "node/6442940185",
        "amenity": "drinking_water",
        "name:en": "Water spring"
      },
      "geometry": {
        "type": "Point",
        "coordinates": [
          83.8000901,
          28.4095964
        ]
      },
      "id": "node/6442940185"
    },
    {
      "type": "Feature",
      "properties": {
        "@id": "node/6459196235",
        "amenity": "drinking_water",
        "check_date": "2026-05-08",
        "man_made": "water_tap"
      },
      "geometry": {
        "type": "Point",
        "coordinates": [
          77.2577155,
          28.5404405
        ]
      },
      "id": "node/6459196235"
    },
    {
      "type": "Feature",
      "properties": {
        "@id": "node/6490310071",
        "amenity": "drinking_water"
      },
      "geometry": {
        "type": "Point",
        "coordinates": [
          77.2349052,
          28.5229537
        ]
      },
      "id": "node/6490310071"
    },
    {
      "type": "Feature",
      "properties": {
        "@id": "node/6496897285",
        "amenity": "drinking_water",
        "name:en": "water tank 1"
      },
      "geometry": {
        "type": "Point",
        "coordinates": [
          83.7939716,
          28.3749501
        ]
      },
      "id": "node/6496897285"
    },
    {
      "type": "Feature",
      "properties": {
        "@id": "node/6501663546",
        "amenity": "drinking_water"
      },
      "geometry": {
        "type": "Point",
        "coordinates": [
          85.4280428,
          27.7161375
        ]
      },
      "id": "node/6501663546"
    },
    {
      "type": "Feature",
      "properties": {
        "@id": "node/6501703868",
        "amenity": "drinking_water",
        "name": "Sangdaha dhungedhara"
      },
      "geometry": {
        "type": "Point",
        "coordinates": [
          85.4246246,
          27.7129942
        ]
      },
      "id": "node/6501703868"
    },
    {
      "type": "Feature",
      "properties": {
        "@id": "node/6501703869",
        "amenity": "drinking_water"
      },
      "geometry": {
        "type": "Point",
        "coordinates": [
          85.4241905,
          27.7133663
        ]
      },
      "id": "node/6501703869"
    },
    {
      "type": "Feature",
      "properties": {
        "@id": "node/6501703870",
        "amenity": "drinking_water",
        "operator": "Bhimsen Dhungedhara"
      },
      "geometry": {
        "type": "Point",
        "coordinates": [
          85.4241701,
          27.7134101
        ]
      },
      "id": "node/6501703870"
    },
    {
      "type": "Feature",
      "properties": {
        "@id": "node/6501781251",
        "amenity": "drinking_water",
        "name": "Narayan Hiti"
      },
      "geometry": {
        "type": "Point",
        "coordinates": [
          85.4310478,
          27.7182544
        ]
      },
      "id": "node/6501781251"
    },
    {
      "type": "Feature",
      "properties": {
        "@id": "node/6503326553",
        "amenity": "drinking_water"
      },
      "geometry": {
        "type": "Point",
        "coordinates": [
          76.3022302,
          32.2584356
        ]
      },
      "id": "node/6503326553"
    },
    {
      "type": "Feature",
      "properties": {
        "@id": "node/6505798398",
        "amenity": "drinking_water"
      },
      "geometry": {
        "type": "Point",
        "coordinates": [
          75.9488563,
          32.4265494
        ]
      },
      "id": "node/6505798398"
    },
    {
      "type": "Feature",
      "properties": {
        "@id": "node/6505798431",
        "amenity": "drinking_water"
      },
      "geometry": {
        "type": "Point",
        "coordinates": [
          75.9489931,
          32.4287319
        ]
      },
      "id": "node/6505798431"
    },
    {
      "type": "Feature",
      "properties": {
        "@id": "node/6505798452",
        "amenity": "drinking_water"
      },
      "geometry": {
        "type": "Point",
        "coordinates": [
          75.9537316,
          32.4330453
        ]
      },
      "id": "node/6505798452"
    },
    {
      "type": "Feature",
      "properties": {
        "@id": "node/6506283633",
        "amenity": "drinking_water"
      },
      "geometry": {
        "type": "Point",
        "coordinates": [
          75.988088,
          32.2770223
        ]
      },
      "id": "node/6506283633"
    },
    {
      "type": "Feature",
      "properties": {
        "@id": "node/6507760869",
        "amenity": "drinking_water"
      },
      "geometry": {
        "type": "Point",
        "coordinates": [
          86.0559161,
          25.9889482
        ]
      },
      "id": "node/6507760869"
    },
    {
      "type": "Feature",
      "properties": {
        "@id": "node/6535485508",
        "amenity": "drinking_water"
      },
      "geometry": {
        "type": "Point",
        "coordinates": [
          77.2438171,
          28.5457359
        ]
      },
      "id": "node/6535485508"
    },
    {
      "type": "Feature",
      "properties": {
        "@id": "node/6535485509",
        "amenity": "drinking_water"
      },
      "geometry": {
        "type": "Point",
        "coordinates": [
          77.2438973,
          28.5455253
        ]
      },
      "id": "node/6535485509"
    },
    {
      "type": "Feature",
      "properties": {
        "@id": "node/6544857037",
        "amenity": "drinking_water"
      },
      "geometry": {
        "type": "Point",
        "coordinates": [
          77.2543581,
          28.5423591
        ]
      },
      "id": "node/6544857037"
    },
    {
      "type": "Feature",
      "properties": {
        "@id": "node/6553126786",
        "amenity": "drinking_water"
      },
      "geometry": {
        "type": "Point",
        "coordinates": [
          77.2358486,
          28.5689757
        ]
      },
      "id": "node/6553126786"
    },
    {
      "type": "Feature",
      "properties": {
        "@id": "node/6562861131",
        "amenity": "drinking_water"
      },
      "geometry": {
        "type": "Point",
        "coordinates": [
          76.547427,
          30.9922768
        ]
      },
      "id": "node/6562861131"
    },
    {
      "type": "Feature",
      "properties": {
        "@id": "node/6569039631",
        "amenity": "drinking_water"
      },
      "geometry": {
        "type": "Point",
        "coordinates": [
          76.3616796,
          32.1856557
        ]
      },
      "id": "node/6569039631"
    },
    {
      "type": "Feature",
      "properties": {
        "@id": "node/6570601318",
        "amenity": "drinking_water"
      },
      "geometry": {
        "type": "Point",
        "coordinates": [
          76.3674407,
          32.1853303
        ]
      },
      "id": "node/6570601318"
    },
    {
      "type": "Feature",
      "properties": {
        "@id": "node/6572899615",
        "amenity": "drinking_water"
      },
      "geometry": {
        "type": "Point",
        "coordinates": [
          76.3615946,
          32.1846727
        ]
      },
      "id": "node/6572899615"
    },
    {
      "type": "Feature",
      "properties": {
        "@id": "node/6573801839",
        "amenity": "drinking_water"
      },
      "geometry": {
        "type": "Point",
        "coordinates": [
          76.3614885,
          32.1871345
        ]
      },
      "id": "node/6573801839"
    },
    {
      "type": "Feature",
      "properties": {
        "@id": "node/6591544825",
        "amenity": "drinking_water"
      },
      "geometry": {
        "type": "Point",
        "coordinates": [
          76.3185467,
          32.2190068
        ]
      },
      "id": "node/6591544825"
    },
    {
      "type": "Feature",
      "properties": {
        "@id": "node/6591544831",
        "amenity": "drinking_water",
        "man_made": "water_tap"
      },
      "geometry": {
        "type": "Point",
        "coordinates": [
          76.3237033,
          32.238622
        ]
      },
      "id": "node/6591544831"
    },
    {
      "type": "Feature",
      "properties": {
        "@id": "node/6591680530",
        "amenity": "drinking_water"
      },
      "geometry": {
        "type": "Point",
        "coordinates": [
          76.3186701,
          32.2192285
        ]
      },
      "id": "node/6591680530"
    },
    {
      "type": "Feature",
      "properties": {
        "@id": "node/6606096927",
        "amenity": "drinking_water"
      },
      "geometry": {
        "type": "Point",
        "coordinates": [
          76.3614402,
          32.1875443
        ]
      },
      "id": "node/6606096927"
    },
    {
      "type": "Feature",
      "properties": {
        "@id": "node/6610278292",
        "amenity": "drinking_water"
      },
      "geometry": {
        "type": "Point",
        "coordinates": [
          76.3204452,
          32.1995773
        ]
      },
      "id": "node/6610278292"
    },
    {
      "type": "Feature",
      "properties": {
        "@id": "node/6611356246",
        "amenity": "drinking_water"
      },
      "geometry": {
        "type": "Point",
        "coordinates": [
          76.2963163,
          32.1241406
        ]
      },
      "id": "node/6611356246"
    },
    {
      "type": "Feature",
      "properties": {
        "@id": "node/6612465674",
        "amenity": "drinking_water"
      },
      "geometry": {
        "type": "Point",
        "coordinates": [
          76.2287503,
          32.0177214
        ]
      },
      "id": "node/6612465674"
    },
    {
      "type": "Feature",
      "properties": {
        "@id": "node/6612759531",
        "amenity": "drinking_water"
      },
      "geometry": {
        "type": "Point",
        "coordinates": [
          76.3713628,
          31.3776032
        ]
      },
      "id": "node/6612759531"
    },
    {
      "type": "Feature",
      "properties": {
        "@id": "node/6612759543",
        "amenity": "drinking_water"
      },
      "geometry": {
        "type": "Point",
        "coordinates": [
          76.387408,
          31.350648
        ]
      },
      "id": "node/6612759543"
    },
    {
      "type": "Feature",
      "properties": {
        "@id": "node/6612909981",
        "amenity": "drinking_water"
      },
      "geometry": {
        "type": "Point",
        "coordinates": [
          76.6752789,
          30.7407471
        ]
      },
      "id": "node/6612909981"
    },
    {
      "type": "Feature",
      "properties": {
        "@id": "node/6618366356",
        "addr:city": "Bhajani Municipality",
        "addr:place": "Bhajani Municipality 6 Thapapur",
        "amenity": "drinking_water",
        "drinking_water": "yes",
        "man_made": "storage_tank",
        "name": "BishnapurKhanepani Tanki Thapapur",
        "opening_hours": "24/7",
        "operator:type": "public"
      },
      "geometry": {
        "type": "Point",
        "coordinates": [
          81.0239781,
          28.5127153
        ]
      },
      "id": "node/6618366356"
    },
    {
      "type": "Feature",
      "properties": {
        "@id": "node/6618619455",
        "addr:city": "Bhajani Municipality",
        "addr:place": "Bhajani Municipality 5 Kuti",
        "amenity": "drinking_water",
        "drinking_water": "yes",
        "man_made": "storage_tank",
        "name": "Khanepani Tanki Kuti"
      },
      "geometry": {
        "type": "Point",
        "coordinates": [
          80.9468365,
          28.477342
        ]
      },
      "id": "node/6618619455"
    },
    {
      "type": "Feature",
      "properties": {
        "@id": "node/6621536301",
        "amenity": "drinking_water",
        "check_date": "2025-04-17",
        "man_made": "water_tap",
        "wheelchair": "yes"
      },
      "geometry": {
        "type": "Point",
        "coordinates": [
          80.9194402,
          26.8313801
        ]
      },
      "id": "node/6621536301"
    },
    {
      "type": "Feature",
      "properties": {
        "@id": "node/6631426801",
        "amenity": "drinking_water"
      },
      "geometry": {
        "type": "Point",
        "coordinates": [
          80.9731714,
          26.8569693
        ]
      },
      "id": "node/6631426801"
    },
    {
      "type": "Feature",
      "properties": {
        "@id": "node/6631591718",
        "amenity": "drinking_water",
        "level": "0"
      },
      "geometry": {
        "type": "Point",
        "coordinates": [
          80.9765193,
          26.8578806
        ]
      },
      "id": "node/6631591718"
    },
    {
      "type": "Feature",
      "properties": {
        "@id": "node/6635093237",
        "amenity": "drinking_water"
      },
      "geometry": {
        "type": "Point",
        "coordinates": [
          80.9102599,
          26.8659199
        ]
      },
      "id": "node/6635093237"
    },
    {
      "type": "Feature",
      "properties": {
        "@id": "node/6654394585",
        "amenity": "drinking_water",
        "name": "Leaf Milk n Drinking water"
      },
      "geometry": {
        "type": "Point",
        "coordinates": [
          73.1075697,
          31.4334883
        ]
      },
      "id": "node/6654394585"
    },
    {
      "type": "Feature",
      "properties": {
        "@id": "node/6681072788",
        "amenity": "drinking_water"
      },
      "geometry": {
        "type": "Point",
        "coordinates": [
          77.1680214,
          28.5104724
        ]
      },
      "id": "node/6681072788"
    },
    {
      "type": "Feature",
      "properties": {
        "@id": "node/6681091972",
        "amenity": "drinking_water"
      },
      "geometry": {
        "type": "Point",
        "coordinates": [
          77.2017878,
          28.5204397
        ]
      },
      "id": "node/6681091972"
    },
    {
      "type": "Feature",
      "properties": {
        "@id": "node/6687116803",
        "addr:place": "Netrawati Dabjong RM 4",
        "amenity": "drinking_water",
        "drinking_water": "yes",
        "name": "Tharpubhanjyang Drinking Water Supply Scheme"
      },
      "geometry": {
        "type": "Point",
        "coordinates": [
          84.9979457,
          27.9597442
        ]
      },
      "id": "node/6687116803"
    },
    {
      "type": "Feature",
      "properties": {
        "@id": "node/6687116804",
        "addr:city": "Netrawoti Dobjung RM 4",
        "addr:place": "Tharpu Bhanjyang",
        "amenity": "drinking_water",
        "drinking_water": "yes",
        "man_made": "storage_tank",
        "type": "Intake"
      },
      "geometry": {
        "type": "Point",
        "coordinates": [
          84.9969077,
          27.9647856
        ]
      },
      "id": "node/6687116804"
    },
    {
      "type": "Feature",
      "properties": {
        "@id": "node/6687276255",
        "amenity": "drinking_water",
        "man_made": "water_tap",
        "name": "Guthibajar Tap 6"
      },
      "geometry": {
        "type": "Point",
        "coordinates": [
          84.9944763,
          27.9645351
        ]
      },
      "id": "node/6687276255"
    },
    {
      "type": "Feature",
      "properties": {
        "@id": "node/6687276256",
        "amenity": "drinking_water",
        "man_made": "water_tap",
        "name": "Guthibajar Tap 5"
      },
      "geometry": {
        "type": "Point",
        "coordinates": [
          84.9932706,
          27.9657788
        ]
      },
      "id": "node/6687276256"
    },
    {
      "type": "Feature",
      "properties": {
        "@id": "node/6687276257",
        "amenity": "drinking_water",
        "man_made": "water_tap",
        "name": "Guthibajar Tap 4"
      },
      "geometry": {
        "type": "Point",
        "coordinates": [
          84.9922876,
          27.9659274
        ]
      },
      "id": "node/6687276257"
    },
    {
      "type": "Feature",
      "properties": {
        "@id": "node/6687276258",
        "amenity": "drinking_water",
        "man_made": "water_tap",
        "name": "Guthibajar Tap 3"
      },
      "geometry": {
        "type": "Point",
        "coordinates": [
          84.9915768,
          27.9661152
        ]
      },
      "id": "node/6687276258"
    },
    {
      "type": "Feature",
      "properties": {
        "@id": "node/6687276259",
        "amenity": "drinking_water",
        "man_made": "water_tap",
        "name": "Guthibajar Tap 2"
      },
      "geometry": {
        "type": "Point",
        "coordinates": [
          84.9911619,
          27.9663404
        ]
      },
      "id": "node/6687276259"
    },
    {
      "type": "Feature",
      "properties": {
        "@id": "node/6687276260",
        "amenity": "drinking_water",
        "man_made": "water_tap",
        "name": "Guthibajar Tap 1"
      },
      "geometry": {
        "type": "Point",
        "coordinates": [
          84.9899366,
          27.9667951
        ]
      },
      "id": "node/6687276260"
    },
    {
      "type": "Feature",
      "properties": {
        "@id": "node/6687276261",
        "amenity": "drinking_water",
        "drinking_water": "yes",
        "man_made": "storage_tank",
        "name": "Guthibajar Drinking Water Supply Reservoir Tank"
      },
      "geometry": {
        "type": "Point",
        "coordinates": [
          84.9904805,
          27.9668028
        ]
      },
      "id": "node/6687276261"
    },
    {
      "type": "Feature",
      "properties": {
        "@id": "node/6687276263",
        "amenity": "drinking_water",
        "drinking_water": "yes",
        "man_made": "storage_tank",
        "name": "Bhokteni Drinking Water Supply Reservoir Tank"
      },
      "geometry": {
        "type": "Point",
        "coordinates": [
          84.9969731,
          27.9683764
        ]
      },
      "id": "node/6687276263"
    },
    {
      "type": "Feature",
      "properties": {
        "@id": "node/6687455914",
        "amenity": "drinking_water",
        "man_made": "water_tap",
        "name": "Chheu Gau Tap 3"
      },
      "geometry": {
        "type": "Point",
        "coordinates": [
          84.9847653,
          27.964833
        ]
      },
      "id": "node/6687455914"
    },
    {
      "type": "Feature",
      "properties": {
        "@id": "node/6687455915",
        "amenity": "drinking_water",
        "man_made": "water_tap",
        "name": "Chheu Gau Tap 2"
      },
      "geometry": {
        "type": "Point",
        "coordinates": [
          84.988222,
          27.9673423
        ]
      },
      "id": "node/6687455915"
    },
    {
      "type": "Feature",
      "properties": {
        "@id": "node/6687455916",
        "amenity": "drinking_water",
        "man_made": "water_tap",
        "name": "Chheu Gau Tap 1"
      },
      "geometry": {
        "type": "Point",
        "coordinates": [
          84.9871646,
          27.9678309
        ]
      },
      "id": "node/6687455916"
    },
    {
      "type": "Feature",
      "properties": {
        "@id": "node/6687455917",
        "amenity": "drinking_water",
        "man_made": "storage_tank",
        "name": "Chheu Gau tap Reservoir Tank"
      },
      "geometry": {
        "type": "Point",
        "coordinates": [
          84.9870613,
          27.9682159
        ]
      },
      "id": "node/6687455917"
    },
    {
      "type": "Feature",
      "properties": {
        "@id": "node/6687510883",
        "amenity": "drinking_water",
        "man_made": "water_tap",
        "name": "Tharpu Hiti Tap 12"
      },
      "geometry": {
        "type": "Point",
        "coordinates": [
          84.9924845,
          27.9577855
        ]
      },
      "id": "node/6687510883"
    },
    {
      "type": "Feature",
      "properties": {
        "@id": "node/6687510884",
        "amenity": "drinking_water",
        "man_made": "water_tap",
        "name": "Tharpu Hiti Tap 11"
      },
      "geometry": {
        "type": "Point",
        "coordinates": [
          84.9929627,
          27.9570239
        ]
      },
      "id": "node/6687510884"
    },
    {
      "type": "Feature",
      "properties": {
        "@id": "node/6687519985",
        "amenity": "drinking_water",
        "man_made": "water_tap",
        "name": "Tharpu Hiti Tap 10"
      },
      "geometry": {
        "type": "Point",
        "coordinates": [
          84.9906503,
          27.9531498
        ]
      },
      "id": "node/6687519985"
    },
    {
      "type": "Feature",
      "properties": {
        "@id": "node/6687519986",
        "amenity": "drinking_water",
        "man_made": "water_tap",
        "name": "Tharpu Hiti Tap 9"
      },
      "geometry": {
        "type": "Point",
        "coordinates": [
          84.9909346,
          27.9532951
        ]
      },
      "id": "node/6687519986"
    },
    {
      "type": "Feature",
      "properties": {
        "@id": "node/6687519987",
        "amenity": "drinking_water",
        "man_made": "water_tap",
        "name": "Tharpu Hiti Tap 8"
      },
      "geometry": {
        "type": "Point",
        "coordinates": [
          84.9911625,
          27.9532719
        ]
      },
      "id": "node/6687519987"
    },
    {
      "type": "Feature",
      "properties": {
        "@id": "node/6687519988",
        "amenity": "drinking_water",
        "man_made": "water_tap",
        "name": "Tharpu Hiti Tap 7"
      },
      "geometry": {
        "type": "Point",
        "coordinates": [
          84.9920719,
          27.9531276
        ]
      },
      "id": "node/6687519988"
    },
    {
      "type": "Feature",
      "properties": {
        "@id": "node/6687519989",
        "amenity": "drinking_water",
        "man_made": "water_tap",
        "name": "Tharpu Hiti Tap 6"
      },
      "geometry": {
        "type": "Point",
        "coordinates": [
          84.9925759,
          27.9530695
        ]
      },
      "id": "node/6687519989"
    },
    {
      "type": "Feature",
      "properties": {
        "@id": "node/6687519990",
        "amenity": "drinking_water",
        "man_made": "water_tap",
        "name": "Tharpu Hiti Tap 5"
      },
      "geometry": {
        "type": "Point",
        "coordinates": [
          84.9940332,
          27.9528749
        ]
      },
      "id": "node/6687519990"
    },
    {
      "type": "Feature",
      "properties": {
        "@id": "node/6687519991",
        "amenity": "drinking_water",
        "man_made": "water_tap",
        "name": "Tharpu Hiti Tap 4"
      },
      "geometry": {
        "type": "Point",
        "coordinates": [
          84.9934562,
          27.9531769
        ]
      },
      "id": "node/6687519991"
    },
    {
      "type": "Feature",
      "properties": {
        "@id": "node/6687519992",
        "amenity": "drinking_water",
        "man_made": "water_tap",
        "name": "Tharpu Hiti Tap 3"
      },
      "geometry": {
        "type": "Point",
        "coordinates": [
          84.993232,
          27.9532015
        ]
      },
      "id": "node/6687519992"
    },
    {
      "type": "Feature",
      "properties": {
        "@id": "node/6687519993",
        "amenity": "drinking_water",
        "man_made": "water_tap",
        "name": "Tharpu Hiti Tap 2"
      },
      "geometry": {
        "type": "Point",
        "coordinates": [
          84.9931904,
          27.9533621
        ]
      },
      "id": "node/6687519993"
    },
    {
      "type": "Feature",
      "properties": {
        "@id": "node/6687519994",
        "amenity": "drinking_water",
        "man_made": "water_tap",
        "name": "Tharpu Hiti Tap 1"
      },
      "geometry": {
        "type": "Point",
        "coordinates": [
          84.993519,
          27.9538926
        ]
      },
      "id": "node/6687519994"
    },
    {
      "type": "Feature",
      "properties": {
        "@id": "node/6687519995",
        "amenity": "drinking_water",
        "man_made": "Intake Source",
        "name": "Tharpu Hiti Intake"
      },
      "geometry": {
        "type": "Point",
        "coordinates": [
          84.9973142,
          27.9569095
        ]
      },
      "id": "node/6687519995"
    },
    {
      "type": "Feature",
      "properties": {
        "@id": "node/6687519996",
        "amenity": "drinking_water",
        "man_made": "storage_tank",
        "name": "Tharpu Hiti Reservoir Tank"
      },
      "geometry": {
        "type": "Point",
        "coordinates": [
          84.993737,
          27.9551151
        ]
      },
      "id": "node/6687519996"
    },
    {
      "type": "Feature",
      "properties": {
        "@id": "node/6687594606",
        "amenity": "drinking_water",
        "man_made": "storage_tank",
        "name": "Hajare Warer Supply Reservoir Tank"
      },
      "geometry": {
        "type": "Point",
        "coordinates": [
          84.9550223,
          27.9609595
        ]
      },
      "id": "node/6687594606"
    },
    {
      "type": "Feature",
      "properties": {
        "@id": "node/6687639214",
        "amenity": "drinking_water",
        "man_made": "storage_tank",
        "name": "Pachasekhola Warer Supply Scheme Reservoir Tank"
      },
      "geometry": {
        "type": "Point",
        "coordinates": [
          84.9474002,
          27.9567377
        ]
      },
      "id": "node/6687639214"
    },
    {
      "type": "Feature",
      "properties": {
        "@id": "node/6687639215",
        "amenity": "drinking_water",
        "man_made": "water_tap",
        "name": "Pachasekhola Warer Supply Tap 8"
      },
      "geometry": {
        "type": "Point",
        "coordinates": [
          84.9480365,
          27.9548506
        ]
      },
      "id": "node/6687639215"
    },
    {
      "type": "Feature",
      "properties": {
        "@id": "node/6687639216",
        "amenity": "drinking_water",
        "man_made": "water_tap",
        "name": "Pachasekhola Warer Supply Tap 7"
      },
      "geometry": {
        "type": "Point",
        "coordinates": [
          84.9472962,
          27.9552949
        ]
      },
      "id": "node/6687639216"
    },
    {
      "type": "Feature",
      "properties": {
        "@id": "node/6687639217",
        "amenity": "drinking_water",
        "man_made": "water_tap",
        "name": "Pachasekhola Warer Supply Tap 6"
      },
      "geometry": {
        "type": "Point",
        "coordinates": [
          84.9467041,
          27.9556147
        ]
      },
      "id": "node/6687639217"
    },
    {
      "type": "Feature",
      "properties": {
        "@id": "node/6687639218",
        "amenity": "drinking_water",
        "man_made": "water_tap",
        "name": "Pachasekhola Warer Supply Tap 5"
      },
      "geometry": {
        "type": "Point",
        "coordinates": [
          84.9467129,
          27.9566204
        ]
      },
      "id": "node/6687639218"
    },
    {
      "type": "Feature",
      "properties": {
        "@id": "node/6687639219",
        "amenity": "drinking_water",
        "man_made": "water_tap",
        "name": "Pachasekhola Warer Supply Tap 4"
      },
      "geometry": {
        "type": "Point",
        "coordinates": [
          84.947197,
          27.956268
        ]
      },
      "id": "node/6687639219"
    },
    {
      "type": "Feature",
      "properties": {
        "@id": "node/6687639220",
        "amenity": "drinking_water",
        "man_made": "water_tap",
        "name": "Pachasekhola Warer Supply Tap 3"
      },
      "geometry": {
        "type": "Point",
        "coordinates": [
          84.9473177,
          27.9563172
        ]
      },
      "id": "node/6687639220"
    },
    {
      "type": "Feature",
      "properties": {
        "@id": "node/6687639221",
        "amenity": "drinking_water",
        "man_made": "water_tap",
        "name": "Pachasekhola Warer Supply Tap 2"
      },
      "geometry": {
        "type": "Point",
        "coordinates": [
          84.9484067,
          27.9566649
        ]
      },
      "id": "node/6687639221"
    },
    {
      "type": "Feature",
      "properties": {
        "@id": "node/6687639222",
        "amenity": "drinking_water",
        "man_made": "water_tap",
        "name": "Pachasekhola Warer Supply Tap 1"
      },
      "geometry": {
        "type": "Point",
        "coordinates": [
          84.9491858,
          27.9567898
        ]
      },
      "id": "node/6687639222"
    },
    {
      "type": "Feature",
      "properties": {
        "@id": "node/6687639223",
        "amenity": "drinking_water",
        "man_made": "Intake Source",
        "name": "Pachasekhola Warer Supply Intake"
      },
      "geometry": {
        "type": "Point",
        "coordinates": [
          84.9517339,
          27.9619167
        ]
      },
      "id": "node/6687639223"
    },
    {
      "type": "Feature",
      "properties": {
        "@id": "node/6687693206",
        "amenity": "drinking_water",
        "drinking_water": "yes",
        "man_made": "water_tap",
        "name": "Dhunge Dhara"
      },
      "geometry": {
        "type": "Point",
        "coordinates": [
          85.4365915,
          27.6719907
        ]
      },
      "id": "node/6687693206"
    },
    {
      "type": "Feature",
      "properties": {
        "@id": "node/6734411774",
        "amenity": "drinking_water",
        "name": "Lakure Khanepani"
      },
      "geometry": {
        "type": "Point",
        "coordinates": [
          84.917118,
          27.987678
        ]
      },
      "id": "node/6734411774"
    },
    {
      "type": "Feature",
      "properties": {
        "@id": "node/6734636730",
        "amenity": "drinking_water",
        "name": "Bipanekhola Khanepani"
      },
      "geometry": {
        "type": "Point",
        "coordinates": [
          84.9370757,
          27.9662165
        ]
      },
      "id": "node/6734636730"
    },
    {
      "type": "Feature",
      "properties": {
        "@id": "node/6734833203",
        "amenity": "drinking_water",
        "name": "Chisopani Khanepani"
      },
      "geometry": {
        "type": "Point",
        "coordinates": [
          85.030501,
          27.9911887
        ]
      },
      "id": "node/6734833203"
    },
    {
      "type": "Feature",
      "properties": {
        "@id": "node/6739048220",
        "amenity": "drinking_water"
      },
      "geometry": {
        "type": "Point",
        "coordinates": [
          77.222679,
          28.5612218
        ]
      },
      "id": "node/6739048220"
    },
    {
      "type": "Feature",
      "properties": {
        "@id": "node/6741660885",
        "amenity": "drinking_water"
      },
      "geometry": {
        "type": "Point",
        "coordinates": [
          83.6849678,
          28.0664588
        ]
      },
      "id": "node/6741660885"
    },
    {
      "type": "Feature",
      "properties": {
        "@id": "node/6765590769",
        "amenity": "drinking_water",
        "man_made": "storage_tank",
        "name": "Khirara Khanepani Tanki"
      },
      "geometry": {
        "type": "Point",
        "coordinates": [
          84.9344256,
          28.0089162
        ]
      },
      "id": "node/6765590769"
    },
    {
      "type": "Feature",
      "properties": {
        "@id": "node/6812482596",
        "amenity": "drinking_water"
      },
      "geometry": {
        "type": "Point",
        "coordinates": [
          77.2075862,
          28.5192971
        ]
      },
      "id": "node/6812482596"
    },
    {
      "type": "Feature",
      "properties": {
        "@id": "node/6825957310",
        "amenity": "drinking_water"
      },
      "geometry": {
        "type": "Point",
        "coordinates": [
          76.5247521,
          31.7053128
        ]
      },
      "id": "node/6825957310"
    },
    {
      "type": "Feature",
      "properties": {
        "@id": "node/6829909583",
        "access": "yes",
        "amenity": "drinking_water",
        "man_made": "storage_tank",
        "source": "Yoyo preset"
      },
      "geometry": {
        "type": "Point",
        "coordinates": [
          83.8831419,
          28.2780251
        ]
      },
      "id": "node/6829909583"
    },
    {
      "type": "Feature",
      "properties": {
        "@id": "node/6829909668",
        "access": "yes",
        "amenity": "drinking_water",
        "man_made": "storage_tank",
        "source": "Yoyo preset"
      },
      "geometry": {
        "type": "Point",
        "coordinates": [
          83.8688511,
          28.2816143
        ]
      },
      "id": "node/6829909668"
    },
    {
      "type": "Feature",
      "properties": {
        "@id": "node/6830353937",
        "amenity": "drinking_water",
        "name": "Fallapani Drinking Water"
      },
      "geometry": {
        "type": "Point",
        "coordinates": [
          83.8813663,
          28.2715457
        ]
      },
      "id": "node/6830353937"
    },
    {
      "type": "Feature",
      "properties": {
        "@id": "node/6830428828",
        "access": "yes",
        "amenity": "drinking_water",
        "man_made": "storage_tank",
        "source": "Yoyo preset"
      },
      "geometry": {
        "type": "Point",
        "coordinates": [
          83.8578889,
          28.2760693
        ]
      },
      "id": "node/6830428828"
    },
    {
      "type": "Feature",
      "properties": {
        "@id": "node/6830468096",
        "access": "yes",
        "amenity": "drinking_water",
        "man_made": "storage_tank",
        "source": "Yoyo preset"
      },
      "geometry": {
        "type": "Point",
        "coordinates": [
          83.838461,
          28.286428
        ]
      },
      "id": "node/6830468096"
    },
    {
      "type": "Feature",
      "properties": {
        "@id": "node/6830562358",
        "amenity": "drinking_water"
      },
      "geometry": {
        "type": "Point",
        "coordinates": [
          75.6251103,
          29.3330944
        ]
      },
      "id": "node/6830562358"
    },
    {
      "type": "Feature",
      "properties": {
        "@id": "node/6831883417",
        "amenity": "drinking_water"
      },
      "geometry": {
        "type": "Point",
        "coordinates": [
          75.705863,
          29.1468141
        ]
      },
      "id": "node/6831883417"
    },
    {
      "type": "Feature",
      "properties": {
        "@id": "node/6832487285",
        "amenity": "drinking_water",
        "fee": "yes",
        "opening_hours": "24/7"
      },
      "geometry": {
        "type": "Point",
        "coordinates": [
          75.7239072,
          29.152435
        ]
      },
      "id": "node/6832487285"
    },
    {
      "type": "Feature",
      "properties": {
        "@id": "node/6832487289",
        "amenity": "drinking_water",
        "opening_hours": "24/7"
      },
      "geometry": {
        "type": "Point",
        "coordinates": [
          75.7237938,
          29.1522144
        ]
      },
      "id": "node/6832487289"
    },
    {
      "type": "Feature",
      "properties": {
        "@id": "node/6832487292",
        "amenity": "drinking_water"
      },
      "geometry": {
        "type": "Point",
        "coordinates": [
          75.7238453,
          29.1515901
        ]
      },
      "id": "node/6832487292"
    },
    {
      "type": "Feature",
      "properties": {
        "@id": "node/6833800489",
        "amenity": "drinking_water",
        "man_made": "water_tap",
        "operator:type": "public",
        "source": "Yoyo preset"
      },
      "geometry": {
        "type": "Point",
        "coordinates": [
          83.8447554,
          28.2838228
        ]
      },
      "id": "node/6833800489"
    },
    {
      "type": "Feature",
      "properties": {
        "@id": "node/6834057347",
        "amenity": "drinking_water",
        "drinking_water": "yes",
        "man_made": "water_tap",
        "operator:type": "public",
        "source": "Yoyo preset and GPS Survey"
      },
      "geometry": {
        "type": "Point",
        "coordinates": [
          84.1046729,
          28.3562133
        ]
      },
      "id": "node/6834057347"
    },
    {
      "type": "Feature",
      "properties": {
        "@id": "node/6834402023",
        "amenity": "drinking_water",
        "drinking_water": "yes",
        "man_made": "water_tap",
        "operator:type": "public",
        "source": "Yoyo preset and GPS Survey"
      },
      "geometry": {
        "type": "Point",
        "coordinates": [
          84.1042752,
          28.3575148
        ]
      },
      "id": "node/6834402023"
    },
    {
      "type": "Feature",
      "properties": {
        "@id": "node/6834402024",
        "amenity": "drinking_water",
        "drinking_water": "yes",
        "man_made": "water_tap",
        "operator:type": "public",
        "source": "Yoyo preset and GPS Survey"
      },
      "geometry": {
        "type": "Point",
        "coordinates": [
          84.1038401,
          28.3562705
        ]
      },
      "id": "node/6834402024"
    },
    {
      "type": "Feature",
      "properties": {
        "@id": "node/6837300949",
        "access": "yes",
        "amenity": "drinking_water",
        "man_made": "storage_tank",
        "name": "Water Tank",
        "source": "Yoyo preset"
      },
      "geometry": {
        "type": "Point",
        "coordinates": [
          83.7850508,
          28.2842338
        ]
      },
      "id": "node/6837300949"
    },
    {
      "type": "Feature",
      "properties": {
        "@id": "node/6837300951",
        "amenity": "drinking_water",
        "man_made": "water_tap",
        "operator:type": "public",
        "source": "Yoyo preset"
      },
      "geometry": {
        "type": "Point",
        "coordinates": [
          83.7853217,
          28.2835594
        ]
      },
      "id": "node/6837300951"
    },
    {
      "type": "Feature",
      "properties": {
        "@id": "node/6837346080",
        "amenity": "drinking_water",
        "man_made": "water_tap",
        "operator:type": "public",
        "source": "Yoyo preset"
      },
      "geometry": {
        "type": "Point",
        "coordinates": [
          83.7819394,
          28.2836964
        ]
      },
      "id": "node/6837346080"
    },
    {
      "type": "Feature",
      "properties": {
        "@id": "node/6837561957",
        "amenity": "drinking_water",
        "man_made": "water_tap",
        "operator:type": "public",
        "source": "Yoyo preset"
      },
      "geometry": {
        "type": "Point",
        "coordinates": [
          83.8203789,
          28.2633596
        ]
      },
      "id": "node/6837561957"
    },
    {
      "type": "Feature",
      "properties": {
        "@id": "node/6839639314",
        "amenity": "drinking_water",
        "cold_water": "yes",
        "indoor": "no"
      },
      "geometry": {
        "type": "Point",
        "coordinates": [
          74.8270648,
          31.636466
        ]
      },
      "id": "node/6839639314"
    },
    {
      "type": "Feature",
      "properties": {
        "@id": "node/6868735685",
        "amenity": "drinking_water",
        "name:en": "Baikuntha taal"
      },
      "geometry": {
        "type": "Point",
        "coordinates": [
          84.4353605,
          27.4144095
        ]
      },
      "id": "node/6868735685"
    },
    {
      "type": "Feature",
      "properties": {
        "@id": "node/6869949764",
        "amenity": "drinking_water"
      },
      "geometry": {
        "type": "Point",
        "coordinates": [
          77.315127,
          28.6464168
        ]
      },
      "id": "node/6869949764"
    },
    {
      "type": "Feature",
      "properties": {
        "@id": "node/6869949771",
        "amenity": "drinking_water"
      },
      "geometry": {
        "type": "Point",
        "coordinates": [
          77.3154859,
          28.6460321
        ]
      },
      "id": "node/6869949771"
    },
    {
      "type": "Feature",
      "properties": {
        "@id": "node/6901659714",
        "amenity": "drinking_water",
        "name": "School Tap",
        "source": "Naxa"
      },
      "geometry": {
        "type": "Point",
        "coordinates": [
          81.8309918,
          29.9808359
        ]
      },
      "id": "node/6901659714"
    },
    {
      "type": "Feature",
      "properties": {
        "@id": "node/6901798212",
        "amenity": "drinking_water"
      },
      "geometry": {
        "type": "Point",
        "coordinates": [
          79.6824968,
          29.6050083
        ]
      },
      "id": "node/6901798212"
    },
    {
      "type": "Feature",
      "properties": {
        "@id": "node/6901839298",
        "amenity": "drinking_water",
        "man_made": "water_tap",
        "operator:type": "public",
        "source": "Yoyo preset"
      },
      "geometry": {
        "type": "Point",
        "coordinates": [
          83.8271561,
          28.2688385
        ]
      },
      "id": "node/6901839298"
    },
    {
      "type": "Feature",
      "properties": {
        "@id": "node/6901839368",
        "amenity": "drinking_water",
        "man_made": "water_tap",
        "operator:type": "public",
        "source": "Yoyo preset"
      },
      "geometry": {
        "type": "Point",
        "coordinates": [
          83.8213974,
          28.2654166
        ]
      },
      "id": "node/6901839368"
    },
    {
      "type": "Feature",
      "properties": {
        "@id": "node/6901850444",
        "amenity": "drinking_water",
        "man_made": "water_tap",
        "operator:type": "public",
        "source": "Yoyo preset"
      },
      "geometry": {
        "type": "Point",
        "coordinates": [
          83.8204825,
          28.2641427
        ]
      },
      "id": "node/6901850444"
    },
    {
      "type": "Feature",
      "properties": {
        "@id": "node/6901961059",
        "amenity": "drinking_water",
        "man_made": "water_tap",
        "operator:type": "public",
        "source": "Yoyo preset"
      },
      "geometry": {
        "type": "Point",
        "coordinates": [
          83.8314604,
          28.2805845
        ]
      },
      "id": "node/6901961059"
    },
    {
      "type": "Feature",
      "properties": {
        "@id": "node/6901961064",
        "access": "yes",
        "amenity": "drinking_water",
        "man_made": "storage_tank",
        "source": "Yoyo preset"
      },
      "geometry": {
        "type": "Point",
        "coordinates": [
          83.8324863,
          28.2793408
        ]
      },
      "id": "node/6901961064"
    },
    {
      "type": "Feature",
      "properties": {
        "@id": "node/6901961065",
        "amenity": "drinking_water",
        "man_made": "water_tap",
        "operator:type": "public",
        "source": "Yoyo preset"
      },
      "geometry": {
        "type": "Point",
        "coordinates": [
          83.8325661,
          28.2791282
        ]
      },
      "id": "node/6901961065"
    },
    {
      "type": "Feature",
      "properties": {
        "@id": "node/6901961071",
        "amenity": "drinking_water",
        "man_made": "water_tap",
        "operator:type": "public",
        "source": "Yoyo preset"
      },
      "geometry": {
        "type": "Point",
        "coordinates": [
          83.8341124,
          28.2783216
        ]
      },
      "id": "node/6901961071"
    },
    {
      "type": "Feature",
      "properties": {
        "@id": "node/6902314776",
        "amenity": "drinking_water",
        "man_made": "water_tap",
        "operator:type": "public",
        "source": "Yoyo preset"
      },
      "geometry": {
        "type": "Point",
        "coordinates": [
          83.7833389,
          28.2853327
        ]
      },
      "id": "node/6902314776"
    },
    {
      "type": "Feature",
      "properties": {
        "@id": "node/6902605078",
        "amenity": "drinking_water"
      },
      "geometry": {
        "type": "Point",
        "coordinates": [
          84.1100782,
          28.6718169
        ]
      },
      "id": "node/6902605078"
    },
    {
      "type": "Feature",
      "properties": {
        "@id": "node/6904831224",
        "amenity": "drinking_water",
        "man_made": "water_tap",
        "name": "Dhara",
        "operator:type": "public",
        "source": "Yoyo preset and GPS Survey"
      },
      "geometry": {
        "type": "Point",
        "coordinates": [
          83.8064796,
          28.3768094
        ]
      },
      "id": "node/6904831224"
    },
    {
      "type": "Feature",
      "properties": {
        "@id": "node/6904914464",
        "amenity": "drinking_water",
        "man_made": "water_tap",
        "operator:type": "public",
        "source": "Yoyo preset and GPS Survey"
      },
      "geometry": {
        "type": "Point",
        "coordinates": [
          83.7587665,
          28.3305361
        ]
      },
      "id": "node/6904914464"
    },
    {
      "type": "Feature",
      "properties": {
        "@id": "node/6904914493",
        "amenity": "drinking_water",
        "man_made": "water_tap",
        "operator:type": "public",
        "source": "Yoyo preset and GPS Survey"
      },
      "geometry": {
        "type": "Point",
        "coordinates": [
          83.7715057,
          28.3211332
        ]
      },
      "id": "node/6904914493"
    },
    {
      "type": "Feature",
      "properties": {
        "@id": "node/6904914494",
        "amenity": "drinking_water",
        "man_made": "water_tap",
        "operator:type": "public",
        "source": "Yoyo preset and GPS Survey"
      },
      "geometry": {
        "type": "Point",
        "coordinates": [
          83.7715962,
          28.3205902
        ]
      },
      "id": "node/6904914494"
    },
    {
      "type": "Feature",
      "properties": {
        "@id": "node/6904914499",
        "amenity": "drinking_water",
        "man_made": "water_tap",
        "operator:type": "public",
        "source": "Yoyo preset and GPS Survey"
      },
      "geometry": {
        "type": "Point",
        "coordinates": [
          83.7719492,
          28.3201648
        ]
      },
      "id": "node/6904914499"
    },
    {
      "type": "Feature",
      "properties": {
        "@id": "node/6904915483",
        "access": "yes",
        "amenity": "drinking_water",
        "man_made": "storage_tank",
        "source": "Yoyo preset"
      },
      "geometry": {
        "type": "Point",
        "coordinates": [
          83.8175994,
          28.2713933
        ]
      },
      "id": "node/6904915483"
    },
    {
      "type": "Feature",
      "properties": {
        "@id": "node/6904934512",
        "amenity": "drinking_water",
        "man_made": "water_tap",
        "operator:type": "public",
        "source": "Yoyo preset"
      },
      "geometry": {
        "type": "Point",
        "coordinates": [
          83.809986,
          28.2713289
        ]
      },
      "id": "node/6904934512"
    },
    {
      "type": "Feature",
      "properties": {
        "@id": "node/6904934514",
        "amenity": "drinking_water",
        "man_made": "water_tap",
        "operator:type": "public",
        "source": "Yoyo preset"
      },
      "geometry": {
        "type": "Point",
        "coordinates": [
          83.8052814,
          28.2726376
        ]
      },
      "id": "node/6904934514"
    },
    {
      "type": "Feature",
      "properties": {
        "@id": "node/6905117251",
        "amenity": "drinking_water",
        "man_made": "water_tap",
        "operator:type": "public",
        "source": "Yoyo preset"
      },
      "geometry": {
        "type": "Point",
        "coordinates": [
          83.8251901,
          28.2652123
        ]
      },
      "id": "node/6905117251"
    },
    {
      "type": "Feature",
      "properties": {
        "@id": "node/6905387151",
        "amenity": "drinking_water",
        "source": "Naxa"
      },
      "geometry": {
        "type": "Point",
        "coordinates": [
          81.785295,
          29.9983108
        ]
      },
      "id": "node/6905387151"
    },
    {
      "type": "Feature",
      "properties": {
        "@id": "node/6907751237",
        "amenity": "drinking_water",
        "man_made": "water_tap",
        "operator:type": "public",
        "source": "Yoyo preset"
      },
      "geometry": {
        "type": "Point",
        "coordinates": [
          83.825583,
          28.2662872
        ]
      },
      "id": "node/6907751237"
    },
    {
      "type": "Feature",
      "properties": {
        "@id": "node/6907751238",
        "amenity": "drinking_water",
        "man_made": "water_tap",
        "name": "Dhuley Gauda Dhunge Dhara and Pokhari",
        "operator:type": "public",
        "source": "Yoyo preset"
      },
      "geometry": {
        "type": "Point",
        "coordinates": [
          83.8263052,
          28.2675909
        ]
      },
      "id": "node/6907751238"
    },
    {
      "type": "Feature",
      "properties": {
        "@id": "node/6908136115",
        "amenity": "drinking_water",
        "description": "Founded by Nepal Pariwar,Holand",
        "name": "Safe Drinking Water Station",
        "note": "Supply Center Banthanti"
      },
      "geometry": {
        "type": "Point",
        "coordinates": [
          83.7291142,
          28.3708875
        ]
      },
      "id": "node/6908136115"
    },
    {
      "type": "Feature",
      "properties": {
        "@id": "node/6908171181",
        "amenity": "drinking_water",
        "man_made": "water_tap",
        "operator:type": "public",
        "source": "Yoyo preset and GPS Survey"
      },
      "geometry": {
        "type": "Point",
        "coordinates": [
          83.7344255,
          28.3578912
        ]
      },
      "id": "node/6908171181"
    },
    {
      "type": "Feature",
      "properties": {
        "@id": "node/6908199088",
        "amenity": "drinking_water",
        "man_made": "water_tap",
        "operator:type": "public",
        "source": "Yoyo preset and GPS Survey"
      },
      "geometry": {
        "type": "Point",
        "coordinates": [
          83.7358001,
          28.3551296
        ]
      },
      "id": "node/6908199088"
    },
    {
      "type": "Feature",
      "properties": {
        "@id": "node/6908199090",
        "amenity": "drinking_water",
        "man_made": "water_tap",
        "operator:type": "public",
        "source": "Yoyo preset and GPS Survey"
      },
      "geometry": {
        "type": "Point",
        "coordinates": [
          83.7358725,
          28.3548298
        ]
      },
      "id": "node/6908199090"
    },
    {
      "type": "Feature",
      "properties": {
        "@id": "node/6908278009",
        "amenity": "drinking_water",
        "man_made": "water_tap",
        "operator:type": "public",
        "source": "Yoyo preset"
      },
      "geometry": {
        "type": "Point",
        "coordinates": [
          83.7868506,
          28.4090392
        ]
      },
      "id": "node/6908278009"
    },
    {
      "type": "Feature",
      "properties": {
        "@id": "node/6908278010",
        "amenity": "drinking_water",
        "man_made": "water_tap",
        "operator:type": "public",
        "source": "Yoyo preset"
      },
      "geometry": {
        "type": "Point",
        "coordinates": [
          83.7872663,
          28.409281
        ]
      },
      "id": "node/6908278010"
    },
    {
      "type": "Feature",
      "properties": {
        "@id": "node/6908282945",
        "amenity": "drinking_water"
      },
      "geometry": {
        "type": "Point",
        "coordinates": [
          83.7007188,
          28.3991024
        ]
      },
      "id": "node/6908282945"
    },
    {
      "type": "Feature",
      "properties": {
        "@id": "node/6908305667",
        "amenity": "drinking_water"
      },
      "geometry": {
        "type": "Point",
        "coordinates": [
          77.1840358,
          28.5704528
        ]
      },
      "id": "node/6908305667"
    },
    {
      "type": "Feature",
      "properties": {
        "@id": "node/6908487493",
        "amenity": "drinking_water",
        "man_made": "water_tap",
        "operator:type": "public",
        "source": "Yoyo preset and GPS Survey"
      },
      "geometry": {
        "type": "Point",
        "coordinates": [
          83.6997666,
          28.4019107
        ]
      },
      "id": "node/6908487493"
    },
    {
      "type": "Feature",
      "properties": {
        "@id": "node/6908493580",
        "amenity": "drinking_water",
        "man_made": "water_tap",
        "operator:type": "public",
        "source": "Yoyo preset and GPS Survey"
      },
      "geometry": {
        "type": "Point",
        "coordinates": [
          83.7410773,
          28.340657
        ]
      },
      "id": "node/6908493580"
    },
    {
      "type": "Feature",
      "properties": {
        "@id": "node/6908539586",
        "amenity": "drinking_water",
        "man_made": "water_tap",
        "operator:type": "public",
        "source": "Yoyo preset and GPS Survey"
      },
      "geometry": {
        "type": "Point",
        "coordinates": [
          83.7414703,
          28.342902
        ]
      },
      "id": "node/6908539586"
    },
    {
      "type": "Feature",
      "properties": {
        "@id": "node/6908568973",
        "amenity": "drinking_water",
        "man_made": "water_tap",
        "operator:type": "public",
        "source": "Yoyo preset"
      },
      "geometry": {
        "type": "Point",
        "coordinates": [
          83.7888857,
          28.4003535
        ]
      },
      "id": "node/6908568973"
    },
    {
      "type": "Feature",
      "properties": {
        "@id": "node/6911274226",
        "access": "yes",
        "amenity": "drinking_water",
        "drinking_water": "yes",
        "man_made": "storage_tank",
        "name:ne": "काउराबोट",
        "source": "Yoyo preset and GPS Survey"
      },
      "geometry": {
        "type": "Point",
        "coordinates": [
          83.7962168,
          28.2969605
        ]
      },
      "id": "node/6911274226"
    },
    {
      "type": "Feature",
      "properties": {
        "@id": "node/6911418685",
        "amenity": "drinking_water",
        "man_made": "water_tap",
        "operator:type": "public",
        "source": "Yoyo preset and GPS Survey"
      },
      "geometry": {
        "type": "Point",
        "coordinates": [
          83.8024657,
          28.2988493
        ]
      },
      "id": "node/6911418685"
    },
    {
      "type": "Feature",
      "properties": {
        "@id": "node/6911418702",
        "amenity": "drinking_water",
        "man_made": "water_tap",
        "operator:type": "public",
        "source": "Yoyo preset and GPS Survey"
      },
      "geometry": {
        "type": "Point",
        "coordinates": [
          83.8104151,
          28.29524
        ]
      },
      "id": "node/6911418702"
    },
    {
      "type": "Feature",
      "properties": {
        "@id": "node/6911459270",
        "amenity": "drinking_water",
        "man_made": "water_tap",
        "operator:type": "public",
        "source": "Yoyo preset and GPS Survey"
      },
      "geometry": {
        "type": "Point",
        "coordinates": [
          83.7486787,
          28.3273653
        ]
      },
      "id": "node/6911459270"
    },
    {
      "type": "Feature",
      "properties": {
        "@id": "node/6911471498",
        "amenity": "drinking_water",
        "man_made": "water_well",
        "operator:type": "public",
        "source": "Yoyo preset and GPS Survey"
      },
      "geometry": {
        "type": "Point",
        "coordinates": [
          83.7993316,
          28.3013602
        ]
      },
      "id": "node/6911471498"
    },
    {
      "type": "Feature",
      "properties": {
        "@id": "node/6911568015",
        "amenity": "drinking_water",
        "man_made": "water_tap",
        "operator:type": "public",
        "source": "Yoyo preset and GPS Survey"
      },
      "geometry": {
        "type": "Point",
        "coordinates": [
          83.8029177,
          28.2992986
        ]
      },
      "id": "node/6911568015"
    },
    {
      "type": "Feature",
      "properties": {
        "@id": "node/6911607589",
        "amenity": "drinking_water",
        "man_made": "water_tap",
        "operator:type": "public",
        "source": "Yoyo preset and GPS Survey"
      },
      "geometry": {
        "type": "Point",
        "coordinates": [
          83.8098498,
          28.2955535
        ]
      },
      "id": "node/6911607589"
    },
    {
      "type": "Feature",
      "properties": {
        "@id": "node/6911607593",
        "amenity": "drinking_water",
        "man_made": "water_tap",
        "operator:type": "public",
        "source": "Yoyo preset and GPS Survey"
      },
      "geometry": {
        "type": "Point",
        "coordinates": [
          83.8094549,
          28.2959952
        ]
      },
      "id": "node/6911607593"
    },
    {
      "type": "Feature",
      "properties": {
        "@id": "node/6912038588",
        "amenity": "drinking_water",
        "man_made": "water_tap",
        "operator:type": "public",
        "source": "Yoyo preset and GPS Survey"
      },
      "geometry": {
        "type": "Point",
        "coordinates": [
          83.7443402,
          28.3490868
        ]
      },
      "id": "node/6912038588"
    },
    {
      "type": "Feature",
      "properties": {
        "@id": "node/6914671036",
        "amenity": "drinking_water",
        "man_made": "water_tap",
        "operator:type": "public",
        "source": "Yoyo preset and GPS Survey"
      },
      "geometry": {
        "type": "Point",
        "coordinates": [
          83.7471385,
          28.3387731
        ]
      },
      "id": "node/6914671036"
    },
    {
      "type": "Feature",
      "properties": {
        "@id": "node/6914842048",
        "amenity": "drinking_water",
        "name": "Padhero"
      },
      "geometry": {
        "type": "Point",
        "coordinates": [
          83.8537288,
          28.2806211
        ]
      },
      "id": "node/6914842048"
    },
    {
      "type": "Feature",
      "properties": {
        "@id": "node/6914842049",
        "amenity": "drinking_water",
        "name": "Paniko Mul"
      },
      "geometry": {
        "type": "Point",
        "coordinates": [
          83.8531923,
          28.2804581
        ]
      },
      "id": "node/6914842049"
    },
    {
      "type": "Feature",
      "properties": {
        "@id": "node/6914861109",
        "amenity": "drinking_water",
        "name": "Paniko Mul"
      },
      "geometry": {
        "type": "Point",
        "coordinates": [
          83.8501869,
          28.2797778
        ]
      },
      "id": "node/6914861109"
    },
    {
      "type": "Feature",
      "properties": {
        "@id": "node/6914922515",
        "amenity": "drinking_water",
        "man_made": "water_tap",
        "operator:type": "public",
        "source": "Yoyo preset and GPS Survey"
      },
      "geometry": {
        "type": "Point",
        "coordinates": [
          83.8289616,
          28.2837868
        ]
      },
      "id": "node/6914922515"
    },
    {
      "type": "Feature",
      "properties": {
        "@id": "node/6915265833",
        "amenity": "drinking_water",
        "man_made": "water_tap",
        "operator:type": "public",
        "source": "Yoyo preset and GPS Survey"
      },
      "geometry": {
        "type": "Point",
        "coordinates": [
          83.8229652,
          28.2947677
        ]
      },
      "id": "node/6915265833"
    },
    {
      "type": "Feature",
      "properties": {
        "@id": "node/6933843685",
        "amenity": "drinking_water"
      },
      "geometry": {
        "type": "Point",
        "coordinates": [
          84.9825395,
          24.6904497
        ]
      },
      "id": "node/6933843685"
    },
    {
      "type": "Feature",
      "properties": {
        "@id": "node/6944199229",
        "amenity": "drinking_water"
      },
      "geometry": {
        "type": "Point",
        "coordinates": [
          88.6122729,
          27.3335487
        ]
      },
      "id": "node/6944199229"
    },
    {
      "type": "Feature",
      "properties": {
        "@id": "node/6947485250",
        "amenity": "drinking_water",
        "man_made": "water_tap",
        "operator:type": "public",
        "source": "Yoyo preset"
      },
      "geometry": {
        "type": "Point",
        "coordinates": [
          83.8253255,
          28.372745
        ]
      },
      "id": "node/6947485250"
    },
    {
      "type": "Feature",
      "properties": {
        "@id": "node/6947485266",
        "amenity": "drinking_water",
        "man_made": "water_tap",
        "operator:type": "public",
        "source": "Yoyo preset"
      },
      "geometry": {
        "type": "Point",
        "coordinates": [
          83.8117374,
          28.3704463
        ]
      },
      "id": "node/6947485266"
    },
    {
      "type": "Feature",
      "properties": {
        "@id": "node/6947502460",
        "amenity": "drinking_water",
        "man_made": "water_tap",
        "operator:type": "public",
        "source": "Yoyo preset"
      },
      "geometry": {
        "type": "Point",
        "coordinates": [
          83.8261328,
          28.3695205
        ]
      },
      "id": "node/6947502460"
    },
    {
      "type": "Feature",
      "properties": {
        "@id": "node/6947662402",
        "amenity": "drinking_water",
        "drinking_water": "yes",
        "man_made": "water_tap",
        "operator:type": "public",
        "source": "Yoyo preset and GPS Survey"
      },
      "geometry": {
        "type": "Point",
        "coordinates": [
          83.8611585,
          28.2777464
        ]
      },
      "id": "node/6947662402"
    },
    {
      "type": "Feature",
      "properties": {
        "@id": "node/6947712123",
        "access": "yes",
        "amenity": "drinking_water",
        "man_made": "storage_tank",
        "source": "Yoyo preset"
      },
      "geometry": {
        "type": "Point",
        "coordinates": [
          83.8267471,
          28.3715502
        ]
      },
      "id": "node/6947712123"
    },
    {
      "type": "Feature",
      "properties": {
        "@id": "node/6947712124",
        "access": "yes",
        "amenity": "drinking_water",
        "man_made": "storage_tank",
        "source": "Yoyo preset"
      },
      "geometry": {
        "type": "Point",
        "coordinates": [
          83.8266163,
          28.371634
        ]
      },
      "id": "node/6947712124"
    },
    {
      "type": "Feature",
      "properties": {
        "@id": "node/6953251078",
        "amenity": "drinking_water",
        "man_made": "water_tap",
        "operator:type": "public",
        "source": "Yoyo preset and GPS Survey"
      },
      "geometry": {
        "type": "Point",
        "coordinates": [
          83.874312,
          28.2778811
        ]
      },
      "id": "node/6953251078"
    },
    {
      "type": "Feature",
      "properties": {
        "@id": "node/6953253158",
        "amenity": "drinking_water"
      },
      "geometry": {
        "type": "Point",
        "coordinates": [
          84.0813087,
          28.1900792
        ]
      },
      "id": "node/6953253158"
    },
    {
      "type": "Feature",
      "properties": {
        "@id": "node/6953272516",
        "amenity": "drinking_water",
        "indoor": "yes",
        "name": "Drinking water industry"
      },
      "geometry": {
        "type": "Point",
        "coordinates": [
          83.8597208,
          28.2866028
        ]
      },
      "id": "node/6953272516"
    },
    {
      "type": "Feature",
      "properties": {
        "@id": "node/6953297657",
        "amenity": "drinking_water",
        "man_made": "water_tap",
        "operator:type": "public",
        "source": "Yoyo preset"
      },
      "geometry": {
        "type": "Point",
        "coordinates": [
          83.8011447,
          28.3197236
        ]
      },
      "id": "node/6953297657"
    },
    {
      "type": "Feature",
      "properties": {
        "@id": "node/6953297821",
        "amenity": "drinking_water"
      },
      "geometry": {
        "type": "Point",
        "coordinates": [
          84.0828123,
          28.1873298
        ]
      },
      "id": "node/6953297821"
    },
    {
      "type": "Feature",
      "properties": {
        "@id": "node/6953367500",
        "amenity": "drinking_water"
      },
      "geometry": {
        "type": "Point",
        "coordinates": [
          83.858302,
          28.2822007
        ]
      },
      "id": "node/6953367500"
    },
    {
      "type": "Feature",
      "properties": {
        "@id": "node/6953367502",
        "amenity": "drinking_water"
      },
      "geometry": {
        "type": "Point",
        "coordinates": [
          83.8586801,
          28.2821841
        ]
      },
      "id": "node/6953367502"
    },
    {
      "type": "Feature",
      "properties": {
        "@id": "node/6953493102",
        "amenity": "drinking_water"
      },
      "geometry": {
        "type": "Point",
        "coordinates": [
          83.8561448,
          28.2766415
        ]
      },
      "id": "node/6953493102"
    },
    {
      "type": "Feature",
      "properties": {
        "@id": "node/6953493123",
        "amenity": "drinking_water"
      },
      "geometry": {
        "type": "Point",
        "coordinates": [
          83.8559517,
          28.2759524
        ]
      },
      "id": "node/6953493123"
    },
    {
      "type": "Feature",
      "properties": {
        "@id": "node/6953493126",
        "amenity": "drinking_water"
      },
      "geometry": {
        "type": "Point",
        "coordinates": [
          83.8568066,
          28.2760386
        ]
      },
      "id": "node/6953493126"
    },
    {
      "type": "Feature",
      "properties": {
        "@id": "node/6953493181",
        "amenity": "drinking_water"
      },
      "geometry": {
        "type": "Point",
        "coordinates": [
          83.8580287,
          28.2759364
        ]
      },
      "id": "node/6953493181"
    },
    {
      "type": "Feature",
      "properties": {
        "@id": "node/6953498091",
        "amenity": "drinking_water",
        "man_made": "water_tap",
        "operator:type": "public",
        "source": "Yoyo preset"
      },
      "geometry": {
        "type": "Point",
        "coordinates": [
          83.8039188,
          28.3275518
        ]
      },
      "id": "node/6953498091"
    },
    {
      "type": "Feature",
      "properties": {
        "@id": "node/6953512089",
        "amenity": "drinking_water",
        "name": "Kaildalo Padhero"
      },
      "geometry": {
        "type": "Point",
        "coordinates": [
          83.8606254,
          28.2797512
        ]
      },
      "id": "node/6953512089"
    },
    {
      "type": "Feature",
      "properties": {
        "@id": "node/6953512126",
        "amenity": "drinking_water"
      },
      "geometry": {
        "type": "Point",
        "coordinates": [
          83.8573578,
          28.2814938
        ]
      },
      "id": "node/6953512126"
    },
    {
      "type": "Feature",
      "properties": {
        "@id": "node/6953512194",
        "amenity": "drinking_water"
      },
      "geometry": {
        "type": "Point",
        "coordinates": [
          83.8448594,
          28.2863347
        ]
      },
      "id": "node/6953512194"
    },
    {
      "type": "Feature",
      "properties": {
        "@id": "node/6954009987",
        "amenity": "drinking_water"
      },
      "geometry": {
        "type": "Point",
        "coordinates": [
          83.8463775,
          28.2842609
        ]
      },
      "id": "node/6954009987"
    },
    {
      "type": "Feature",
      "properties": {
        "@id": "node/6955718184",
        "access": "yes",
        "amenity": "drinking_water",
        "wheelchair": "no"
      },
      "geometry": {
        "type": "Point",
        "coordinates": [
          85.4244997,
          27.6959153
        ]
      },
      "id": "node/6955718184"
    },
    {
      "type": "Feature",
      "properties": {
        "@id": "node/6956650288",
        "amenity": "drinking_water"
      },
      "geometry": {
        "type": "Point",
        "coordinates": [
          83.8275075,
          28.2661206
        ]
      },
      "id": "node/6956650288"
    },
    {
      "type": "Feature",
      "properties": {
        "@id": "node/6956729838",
        "amenity": "drinking_water"
      },
      "geometry": {
        "type": "Point",
        "coordinates": [
          83.8162965,
          28.270814
        ]
      },
      "id": "node/6956729838"
    },
    {
      "type": "Feature",
      "properties": {
        "@id": "node/6957296118",
        "amenity": "drinking_water",
        "man_made": "water_tap",
        "operator:type": "public",
        "source": "Yoyo preset"
      },
      "geometry": {
        "type": "Point",
        "coordinates": [
          83.8043493,
          28.3458823
        ]
      },
      "id": "node/6957296118"
    },
    {
      "type": "Feature",
      "properties": {
        "@id": "node/6957347237",
        "amenity": "drinking_water",
        "man_made": "water_tap",
        "operator:type": "public",
        "source": "Yoyo preset"
      },
      "geometry": {
        "type": "Point",
        "coordinates": [
          83.8047945,
          28.3567394
        ]
      },
      "id": "node/6957347237"
    },
    {
      "type": "Feature",
      "properties": {
        "@id": "node/6957408971",
        "amenity": "drinking_water",
        "man_made": "water_tap",
        "operator:type": "public",
        "source": "Yoyo preset and GPS Survey"
      },
      "geometry": {
        "type": "Point",
        "coordinates": [
          83.8053142,
          28.3754241
        ]
      },
      "id": "node/6957408971"
    },
    {
      "type": "Feature",
      "properties": {
        "@id": "node/6968249333",
        "amenity": "drinking_water",
        "name": "Dhunge Dhara"
      },
      "geometry": {
        "type": "Point",
        "coordinates": [
          83.8170677,
          28.4217652
        ]
      },
      "id": "node/6968249333"
    },
    {
      "type": "Feature",
      "properties": {
        "@id": "node/6968340315",
        "amenity": "drinking_water",
        "man_made": "water_tap",
        "operator:type": "public",
        "source": "Yoyo preset and GPS Survey"
      },
      "geometry": {
        "type": "Point",
        "coordinates": [
          83.767717,
          28.2965378
        ]
      },
      "id": "node/6968340315"
    },
    {
      "type": "Feature",
      "properties": {
        "@id": "node/6968556395",
        "amenity": "drinking_water",
        "man_made": "water_tap",
        "name": "Tap",
        "operator:type": "public",
        "source": "Yoyo preset and GPS Survey"
      },
      "geometry": {
        "type": "Point",
        "coordinates": [
          83.771041,
          28.3050449
        ]
      },
      "id": "node/6968556395"
    },
    {
      "type": "Feature",
      "properties": {
        "@id": "node/6968556461",
        "amenity": "drinking_water",
        "man_made": "water_tap",
        "operator:type": "public",
        "source": "Yoyo preset and GPS Survey"
      },
      "geometry": {
        "type": "Point",
        "coordinates": [
          83.771224,
          28.3055449
        ]
      },
      "id": "node/6968556461"
    },
    {
      "type": "Feature",
      "properties": {
        "@id": "node/6968661712",
        "amenity": "drinking_water",
        "man_made": "water_tap",
        "name": "Tap",
        "operator:type": "public",
        "source": "Yoyo preset and GPS Survey"
      },
      "geometry": {
        "type": "Point",
        "coordinates": [
          83.7712803,
          28.2997904
        ]
      },
      "id": "node/6968661712"
    },
    {
      "type": "Feature",
      "properties": {
        "@id": "node/6968661802",
        "amenity": "drinking_water",
        "man_made": "water_well",
        "operator:type": "public",
        "source": "Yoyo preset and GPS Survey"
      },
      "geometry": {
        "type": "Point",
        "coordinates": [
          83.7717604,
          28.3003058
        ]
      },
      "id": "node/6968661802"
    },
    {
      "type": "Feature",
      "properties": {
        "@id": "node/6971489981",
        "amenity": "drinking_water",
        "man_made": "water_tap",
        "operator:type": "public",
        "source": "Yoyo preset and GPS Survey"
      },
      "geometry": {
        "type": "Point",
        "coordinates": [
          83.7699728,
          28.3030228
        ]
      },
      "id": "node/6971489981"
    },
    {
      "type": "Feature",
      "properties": {
        "@id": "node/6971489982",
        "amenity": "drinking_water",
        "man_made": "water_tap",
        "operator:type": "public",
        "source": "Yoyo preset and GPS Survey"
      },
      "geometry": {
        "type": "Point",
        "coordinates": [
          83.7696013,
          28.3010004
        ]
      },
      "id": "node/6971489982"
    },
    {
      "type": "Feature",
      "properties": {
        "@id": "node/6976157810",
        "amenity": "drinking_water",
        "man_made": "water_well",
        "name": "Majh Khola Ko Padhero",
        "operator:type": "public",
        "source": "Yoyo preset and GPS Survey"
      },
      "geometry": {
        "type": "Point",
        "coordinates": [
          83.8035716,
          28.2984202
        ]
      },
      "id": "node/6976157810"
    },
    {
      "type": "Feature",
      "properties": {
        "@id": "node/6976157862",
        "amenity": "drinking_water",
        "man_made": "water_tap",
        "name": "Water Tap",
        "operator:type": "public",
        "source": "Yoyo preset and GPS Survey"
      },
      "geometry": {
        "type": "Point",
        "coordinates": [
          83.8047074,
          28.2982878
        ]
      },
      "id": "node/6976157862"
    },
    {
      "type": "Feature",
      "properties": {
        "@id": "node/6976157891",
        "amenity": "drinking_water",
        "man_made": "water_tap",
        "name": "Water Tap",
        "operator:type": "public",
        "source": "Yoyo preset and GPS Survey"
      },
      "geometry": {
        "type": "Point",
        "coordinates": [
          83.8049045,
          28.2971347
        ]
      },
      "id": "node/6976157891"
    },
    {
      "type": "Feature",
      "properties": {
        "@id": "node/6976467539",
        "amenity": "drinking_water",
        "man_made": "water_tap",
        "operator:type": "public",
        "source": "Yoyo preset"
      },
      "geometry": {
        "type": "Point",
        "coordinates": [
          83.7903542,
          28.3231313
        ]
      },
      "id": "node/6976467539"
    },
    {
      "type": "Feature",
      "properties": {
        "@id": "node/6976517757",
        "amenity": "drinking_water",
        "man_made": "water_tap",
        "name": "Tap",
        "operator:type": "public",
        "source": "Yoyo preset and GPS Survey"
      },
      "geometry": {
        "type": "Point",
        "coordinates": [
          83.8276505,
          28.2962254
        ]
      },
      "id": "node/6976517757"
    },
    {
      "type": "Feature",
      "properties": {
        "@id": "node/6978713206",
        "amenity": "drinking_water"
      },
      "geometry": {
        "type": "Point",
        "coordinates": [
          76.7897049,
          30.7332776
        ]
      },
      "id": "node/6978713206"
    },
    {
      "type": "Feature",
      "properties": {
        "@id": "node/6987715838",
        "amenity": "drinking_water",
        "man_made": "water_tap",
        "operator:type": "public",
        "source": "Yoyo preset and GPS Survey"
      },
      "geometry": {
        "type": "Point",
        "coordinates": [
          83.8576636,
          28.2600716
        ]
      },
      "id": "node/6987715838"
    },
    {
      "type": "Feature",
      "properties": {
        "@id": "node/6987715840",
        "amenity": "drinking_water",
        "man_made": "water_tap",
        "operator:type": "public",
        "source": "Yoyo preset and GPS Survey"
      },
      "geometry": {
        "type": "Point",
        "coordinates": [
          83.8576066,
          28.2606315
        ]
      },
      "id": "node/6987715840"
    },
    {
      "type": "Feature",
      "properties": {
        "@id": "node/6987715878",
        "amenity": "drinking_water",
        "man_made": "water_tap",
        "operator:type": "public",
        "source": "Yoyo preset and GPS Survey"
      },
      "geometry": {
        "type": "Point",
        "coordinates": [
          83.8605302,
          28.2604732
        ]
      },
      "id": "node/6987715878"
    },
    {
      "type": "Feature",
      "properties": {
        "@id": "node/6987715879",
        "amenity": "drinking_water",
        "man_made": "water_tap",
        "operator:type": "public",
        "source": "Yoyo preset and GPS Survey"
      },
      "geometry": {
        "type": "Point",
        "coordinates": [
          83.8597255,
          28.2605931
        ]
      },
      "id": "node/6987715879"
    },
    {
      "type": "Feature",
      "properties": {
        "@id": "node/6998127012",
        "amenity": "drinking_water",
        "description": "Community Tap For Katiya Tole"
      },
      "geometry": {
        "type": "Point",
        "coordinates": [
          80.819718,
          29.5259225
        ]
      },
      "id": "node/6998127012"
    },
    {
      "type": "Feature",
      "properties": {
        "@id": "node/6998127046",
        "amenity": "drinking_water",
        "description": "Community Tap For Malla Bhatada Tole"
      },
      "geometry": {
        "type": "Point",
        "coordinates": [
          80.8172643,
          29.5263573
        ]
      },
      "id": "node/6998127046"
    },
    {
      "type": "Feature",
      "properties": {
        "@id": "node/6998159412",
        "amenity": "drinking_water",
        "name": "Tolyan Stone Tap"
      },
      "geometry": {
        "type": "Point",
        "coordinates": [
          80.8184485,
          29.5299088
        ]
      },
      "id": "node/6998159412"
    },
    {
      "type": "Feature",
      "properties": {
        "@id": "node/6998259296",
        "amenity": "drinking_water",
        "description": "40 Houses",
        "name": "Tap"
      },
      "geometry": {
        "type": "Point",
        "coordinates": [
          80.8171889,
          29.5220596
        ]
      },
      "id": "node/6998259296"
    },
    {
      "type": "Feature",
      "properties": {
        "@id": "node/6998259297",
        "amenity": "drinking_water",
        "description": "Not working",
        "name": "Tap"
      },
      "geometry": {
        "type": "Point",
        "coordinates": [
          80.8180569,
          29.5218696
        ]
      },
      "id": "node/6998259297"
    },
    {
      "type": "Feature",
      "properties": {
        "@id": "node/6998259303",
        "amenity": "drinking_water",
        "description": "Community tap at ward number 5",
        "name": "tap",
        "type": "drinking water tap"
      },
      "geometry": {
        "type": "Point",
        "coordinates": [
          80.8116381,
          29.5193107
        ]
      },
      "id": "node/6998259303"
    },
    {
      "type": "Feature",
      "properties": {
        "@id": "node/6998926518",
        "amenity": "drinking_water",
        "name": "Chausal Water Tap"
      },
      "geometry": {
        "type": "Point",
        "coordinates": [
          80.8283204,
          29.5233062
        ]
      },
      "id": "node/6998926518"
    },
    {
      "type": "Feature",
      "properties": {
        "@id": "node/7000642070",
        "amenity": "drinking_water",
        "description": "10 houses",
        "name": "tap"
      },
      "geometry": {
        "type": "Point",
        "coordinates": [
          80.834183,
          29.5141217
        ]
      },
      "id": "node/7000642070"
    },
    {
      "type": "Feature",
      "properties": {
        "@id": "node/7000701275",
        "amenity": "drinking_water",
        "man_made": "water_tap",
        "operator:type": "public",
        "source": "Yoyo preset"
      },
      "geometry": {
        "type": "Point",
        "coordinates": [
          83.7711174,
          28.2916717
        ]
      },
      "id": "node/7000701275"
    },
    {
      "type": "Feature",
      "properties": {
        "@id": "node/7000701276",
        "amenity": "drinking_water",
        "man_made": "water_tap",
        "operator:type": "public",
        "source": "Yoyo preset"
      },
      "geometry": {
        "type": "Point",
        "coordinates": [
          83.7709112,
          28.2919808
        ]
      },
      "id": "node/7000701276"
    },
    {
      "type": "Feature",
      "properties": {
        "@id": "node/7005597826",
        "amenity": "drinking_water",
        "man_made": "water_well",
        "name": "Bhatiko Padhero",
        "operator:type": "public",
        "source": "Yoyo preset and GPS Survey"
      },
      "geometry": {
        "type": "Point",
        "coordinates": [
          83.7805621,
          28.2792605
        ]
      },
      "id": "node/7005597826"
    },
    {
      "type": "Feature",
      "properties": {
        "@id": "node/7005597865",
        "amenity": "drinking_water",
        "man_made": "water_well",
        "operator:type": "public",
        "source": "Yoyo preset and GPS Survey"
      },
      "geometry": {
        "type": "Point",
        "coordinates": [
          83.7825657,
          28.2749715
        ]
      },
      "id": "node/7005597865"
    },
    {
      "type": "Feature",
      "properties": {
        "@id": "node/7005597897",
        "amenity": "drinking_water",
        "man_made": "water_tap",
        "operator:type": "public",
        "source": "Yoyo preset and GPS Survey"
      },
      "geometry": {
        "type": "Point",
        "coordinates": [
          83.788936,
          28.2720039
        ]
      },
      "id": "node/7005597897"
    },
    {
      "type": "Feature",
      "properties": {
        "@id": "node/7005597928",
        "amenity": "drinking_water",
        "man_made": "water_tap",
        "operator:type": "public",
        "source": "Yoyo preset and GPS Survey"
      },
      "geometry": {
        "type": "Point",
        "coordinates": [
          83.7929204,
          28.2699582
        ]
      },
      "id": "node/7005597928"
    },
    {
      "type": "Feature",
      "properties": {
        "@id": "node/7005597929",
        "amenity": "drinking_water",
        "man_made": "water_tap",
        "operator:type": "public",
        "source": "Yoyo preset and GPS Survey"
      },
      "geometry": {
        "type": "Point",
        "coordinates": [
          83.7916571,
          28.2718079
        ]
      },
      "id": "node/7005597929"
    },
    {
      "type": "Feature",
      "properties": {
        "@id": "node/7005598091",
        "amenity": "drinking_water",
        "man_made": "water_well",
        "operator:type": "public",
        "source": "Yoyo preset and GPS Survey"
      },
      "geometry": {
        "type": "Point",
        "coordinates": [
          83.7956268,
          28.277297
        ]
      },
      "id": "node/7005598091"
    },
    {
      "type": "Feature",
      "properties": {
        "@id": "node/7005598094",
        "amenity": "drinking_water",
        "man_made": "water_well",
        "operator:type": "public",
        "source": "Yoyo preset and GPS Survey"
      },
      "geometry": {
        "type": "Point",
        "coordinates": [
          83.7983251,
          28.2760315
        ]
      },
      "id": "node/7005598094"
    },
    {
      "type": "Feature",
      "properties": {
        "@id": "node/7018526907",
        "amenity": "drinking_water",
        "name": "Shivalay Tap"
      },
      "geometry": {
        "type": "Point",
        "coordinates": [
          81.3321693,
          29.3722969
        ]
      },
      "id": "node/7018526907"
    },
    {
      "type": "Feature",
      "properties": {
        "@id": "node/7048259545",
        "amenity": "drinking_water"
      },
      "geometry": {
        "type": "Point",
        "coordinates": [
          88.3403585,
          22.584684
        ]
      },
      "id": "node/7048259545"
    },
    {
      "type": "Feature",
      "properties": {
        "@id": "node/7049106900",
        "amenity": "drinking_water"
      },
      "geometry": {
        "type": "Point",
        "coordinates": [
          88.3541646,
          22.5552961
        ]
      },
      "id": "node/7049106900"
    },
    {
      "type": "Feature",
      "properties": {
        "@id": "node/7056185421",
        "amenity": "drinking_water"
      },
      "geometry": {
        "type": "Point",
        "coordinates": [
          77.5902069,
          26.9919424
        ]
      },
      "id": "node/7056185421"
    },
    {
      "type": "Feature",
      "properties": {
        "@id": "node/7076877253",
        "access": "permissive",
        "amenity": "drinking_water",
        "fee": "no",
        "wheelchair": "no"
      },
      "geometry": {
        "type": "Point",
        "coordinates": [
          84.6547313,
          25.4964472
        ]
      },
      "id": "node/7076877253"
    },
    {
      "type": "Feature",
      "properties": {
        "@id": "node/7076877254",
        "access": "permissive",
        "amenity": "drinking_water",
        "fee": "no",
        "wheelchair": "no"
      },
      "geometry": {
        "type": "Point",
        "coordinates": [
          84.6552658,
          25.4990598
        ]
      },
      "id": "node/7076877254"
    },
    {
      "type": "Feature",
      "properties": {
        "@id": "node/7076877255",
        "amenity": "drinking_water"
      },
      "geometry": {
        "type": "Point",
        "coordinates": [
          84.6554948,
          25.4987996
        ]
      },
      "id": "node/7076877255"
    },
    {
      "type": "Feature",
      "properties": {
        "@id": "node/7076877256",
        "access": "yes",
        "amenity": "drinking_water",
        "fee": "no",
        "wheelchair": "no"
      },
      "geometry": {
        "type": "Point",
        "coordinates": [
          84.6563474,
          25.4986739
        ]
      },
      "id": "node/7076877256"
    },
    {
      "type": "Feature",
      "properties": {
        "@id": "node/7077754969",
        "amenity": "drinking_water"
      },
      "geometry": {
        "type": "Point",
        "coordinates": [
          83.4081029,
          26.7854833
        ]
      },
      "id": "node/7077754969"
    },
    {
      "type": "Feature",
      "properties": {
        "@id": "node/7082466120",
        "amenity": "drinking_water"
      },
      "geometry": {
        "type": "Point",
        "coordinates": [
          77.2674355,
          28.5362618
        ]
      },
      "id": "node/7082466120"
    },
    {
      "type": "Feature",
      "properties": {
        "@id": "node/7108590420",
        "amenity": "drinking_water"
      },
      "geometry": {
        "type": "Point",
        "coordinates": [
          77.2632303,
          28.5758537
        ]
      },
      "id": "node/7108590420"
    },
    {
      "type": "Feature",
      "properties": {
        "@id": "node/7123096418",
        "amenity": "drinking_water"
      },
      "geometry": {
        "type": "Point",
        "coordinates": [
          77.0559543,
          31.7984725
        ]
      },
      "id": "node/7123096418"
    },
    {
      "type": "Feature",
      "properties": {
        "@id": "node/7130729218",
        "amenity": "drinking_water"
      },
      "geometry": {
        "type": "Point",
        "coordinates": [
          82.4541011,
          28.6607569
        ]
      },
      "id": "node/7130729218"
    },
    {
      "type": "Feature",
      "properties": {
        "@id": "node/7171435176",
        "amenity": "drinking_water",
        "man_made": "water_well",
        "name": "Dhunge Dhara",
        "operator:type": "public",
        "source": "Yoyo preset and GPS Survey"
      },
      "geometry": {
        "type": "Point",
        "coordinates": [
          84.1060575,
          28.3576611
        ]
      },
      "id": "node/7171435176"
    },
    {
      "type": "Feature",
      "properties": {
        "@id": "node/7171435177",
        "amenity": "drinking_water",
        "man_made": "water_tap",
        "operator:type": "public",
        "source": "Yoyo preset and GPS Survey"
      },
      "geometry": {
        "type": "Point",
        "coordinates": [
          84.1061984,
          28.359103
        ]
      },
      "id": "node/7171435177"
    },
    {
      "type": "Feature",
      "properties": {
        "@id": "node/7184094056",
        "amenity": "drinking_water"
      },
      "geometry": {
        "type": "Point",
        "coordinates": [
          84.741096,
          26.758136
        ]
      },
      "id": "node/7184094056"
    },
    {
      "type": "Feature",
      "properties": {
        "@id": "node/7184110750",
        "amenity": "drinking_water"
      },
      "geometry": {
        "type": "Point",
        "coordinates": [
          84.7398894,
          26.758402
        ]
      },
      "id": "node/7184110750"
    },
    {
      "type": "Feature",
      "properties": {
        "@id": "node/7184121793",
        "amenity": "drinking_water"
      },
      "geometry": {
        "type": "Point",
        "coordinates": [
          84.7386629,
          26.7588384
        ]
      },
      "id": "node/7184121793"
    },
    {
      "type": "Feature",
      "properties": {
        "@id": "node/7184124200",
        "amenity": "drinking_water"
      },
      "geometry": {
        "type": "Point",
        "coordinates": [
          84.7410011,
          26.758174
        ]
      },
      "id": "node/7184124200"
    },
    {
      "type": "Feature",
      "properties": {
        "@id": "node/7191285074",
        "amenity": "drinking_water"
      },
      "geometry": {
        "type": "Point",
        "coordinates": [
          77.265596,
          28.6028113
        ]
      },
      "id": "node/7191285074"
    },
    {
      "type": "Feature",
      "properties": {
        "@id": "node/7199736474",
        "amenity": "drinking_water"
      },
      "geometry": {
        "type": "Point",
        "coordinates": [
          85.179256,
          27.6613412
        ]
      },
      "id": "node/7199736474"
    },
    {
      "type": "Feature",
      "properties": {
        "@id": "node/7199877403",
        "amenity": "drinking_water",
        "man_made": "water_tap",
        "operator:type": "public",
        "source": "Yoyo preset and GPS Survey"
      },
      "geometry": {
        "type": "Point",
        "coordinates": [
          84.1078124,
          28.3594602
        ]
      },
      "id": "node/7199877403"
    },
    {
      "type": "Feature",
      "properties": {
        "@id": "node/7200202116",
        "amenity": "drinking_water"
      },
      "geometry": {
        "type": "Point",
        "coordinates": [
          85.1090156,
          25.6207706
        ]
      },
      "id": "node/7200202116"
    },
    {
      "type": "Feature",
      "properties": {
        "@id": "node/7204001470",
        "amenity": "drinking_water"
      },
      "geometry": {
        "type": "Point",
        "coordinates": [
          85.2301498,
          25.596885
        ]
      },
      "id": "node/7204001470"
    },
    {
      "type": "Feature",
      "properties": {
        "@id": "node/7204013710",
        "amenity": "drinking_water"
      },
      "geometry": {
        "type": "Point",
        "coordinates": [
          85.2090786,
          25.6060578
        ]
      },
      "id": "node/7204013710"
    },
    {
      "type": "Feature",
      "properties": {
        "@id": "node/7205312993",
        "amenity": "drinking_water",
        "level": "2"
      },
      "geometry": {
        "type": "Point",
        "coordinates": [
          85.1487117,
          25.6173047
        ]
      },
      "id": "node/7205312993"
    },
    {
      "type": "Feature",
      "properties": {
        "@id": "node/7205313006",
        "amenity": "drinking_water",
        "level": "1"
      },
      "geometry": {
        "type": "Point",
        "coordinates": [
          85.1486935,
          25.6173058
        ]
      },
      "id": "node/7205313006"
    },
    {
      "type": "Feature",
      "properties": {
        "@id": "node/7205351112",
        "amenity": "drinking_water",
        "level": "0"
      },
      "geometry": {
        "type": "Point",
        "coordinates": [
          85.1486751,
          25.6173066
        ]
      },
      "id": "node/7205351112"
    },
    {
      "type": "Feature",
      "properties": {
        "@id": "node/7205814459",
        "amenity": "drinking_water"
      },
      "geometry": {
        "type": "Point",
        "coordinates": [
          85.1627369,
          25.6022836
        ]
      },
      "id": "node/7205814459"
    },
    {
      "type": "Feature",
      "properties": {
        "@id": "node/7205986092",
        "amenity": "drinking_water"
      },
      "geometry": {
        "type": "Point",
        "coordinates": [
          85.1632012,
          25.6027194
        ]
      },
      "id": "node/7205986092"
    },
    {
      "type": "Feature",
      "properties": {
        "@id": "node/7205986093",
        "amenity": "drinking_water"
      },
      "geometry": {
        "type": "Point",
        "coordinates": [
          85.1641121,
          25.6026766
        ]
      },
      "id": "node/7205986093"
    },
    {
      "type": "Feature",
      "properties": {
        "@id": "node/7205986100",
        "amenity": "drinking_water"
      },
      "geometry": {
        "type": "Point",
        "coordinates": [
          85.1647846,
          25.6026116
        ]
      },
      "id": "node/7205986100"
    },
    {
      "type": "Feature",
      "properties": {
        "@id": "node/7205986103",
        "amenity": "drinking_water"
      },
      "geometry": {
        "type": "Point",
        "coordinates": [
          85.1649976,
          25.6025874
        ]
      },
      "id": "node/7205986103"
    },
    {
      "type": "Feature",
      "properties": {
        "@id": "node/7205986109",
        "amenity": "drinking_water"
      },
      "geometry": {
        "type": "Point",
        "coordinates": [
          85.1644102,
          25.6026492
        ]
      },
      "id": "node/7205986109"
    },
    {
      "type": "Feature",
      "properties": {
        "@id": "node/7218685647",
        "access": "yes",
        "amenity": "drinking_water"
      },
      "geometry": {
        "type": "Point",
        "coordinates": [
          85.3447054,
          27.685971
        ]
      },
      "id": "node/7218685647"
    },
    {
      "type": "Feature",
      "properties": {
        "@id": "node/7249139666",
        "amenity": "drinking_water",
        "man_made": "water_tap"
      },
      "geometry": {
        "type": "Point",
        "coordinates": [
          82.020418,
          29.7047082
        ]
      },
      "id": "node/7249139666"
    },
    {
      "type": "Feature",
      "properties": {
        "@id": "node/7265655609",
        "amenity": "drinking_water",
        "name": "Dharapani"
      },
      "geometry": {
        "type": "Point",
        "coordinates": [
          83.8345845,
          28.283772
        ]
      },
      "id": "node/7265655609"
    },
    {
      "type": "Feature",
      "properties": {
        "@id": "node/7274152202",
        "amenity": "drinking_water",
        "level": "0"
      },
      "geometry": {
        "type": "Point",
        "coordinates": [
          77.2048664,
          28.6312422
        ]
      },
      "id": "node/7274152202"
    },
    {
      "type": "Feature",
      "properties": {
        "@id": "node/7685255985",
        "amenity": "drinking_water",
        "name": "कुंए वाला मन्दिर",
        "name:en": "Kuen Vala Mandir"
      },
      "geometry": {
        "type": "Point",
        "coordinates": [
          76.3583646,
          31.6937328
        ]
      },
      "id": "node/7685255985"
    },
    {
      "type": "Feature",
      "properties": {
        "@id": "node/7831456511",
        "amenity": "drinking_water"
      },
      "geometry": {
        "type": "Point",
        "coordinates": [
          77.2423856,
          28.555212
        ]
      },
      "id": "node/7831456511"
    },
    {
      "type": "Feature",
      "properties": {
        "@id": "node/7912996585",
        "amenity": "drinking_water",
        "name": "Alam chok hafizabad road ( sabar Dogar wala gala )"
      },
      "geometry": {
        "type": "Point",
        "coordinates": [
          74.1526746,
          32.1542762
        ]
      },
      "id": "node/7912996585"
    },
    {
      "type": "Feature",
      "properties": {
        "@id": "node/8006462287",
        "amenity": "drinking_water"
      },
      "geometry": {
        "type": "Point",
        "coordinates": [
          76.4094175,
          32.1661151
        ]
      },
      "id": "node/8006462287"
    },
    {
      "type": "Feature",
      "properties": {
        "@id": "node/8006519683",
        "amenity": "drinking_water"
      },
      "geometry": {
        "type": "Point",
        "coordinates": [
          76.4047229,
          32.1644518
        ]
      },
      "id": "node/8006519683"
    },
    {
      "type": "Feature",
      "properties": {
        "@id": "node/8068694119",
        "amenity": "drinking_water",
        "wheelchair": "yes"
      },
      "geometry": {
        "type": "Point",
        "coordinates": [
          75.808729,
          26.8596645
        ]
      },
      "id": "node/8068694119"
    },
    {
      "type": "Feature",
      "properties": {
        "@id": "node/8084816194",
        "amenity": "drinking_water"
      },
      "geometry": {
        "type": "Point",
        "coordinates": [
          75.7765263,
          26.9019825
        ]
      },
      "id": "node/8084816194"
    },
    {
      "type": "Feature",
      "properties": {
        "@id": "node/8108693027",
        "amenity": "drinking_water",
        "water_source": "tap"
      },
      "geometry": {
        "type": "Point",
        "coordinates": [
          86.4965589,
          27.1689153
        ]
      },
      "id": "node/8108693027"
    },
    {
      "type": "Feature",
      "properties": {
        "@id": "node/8116391617",
        "amenity": "drinking_water",
        "name": "Vasukital"
      },
      "geometry": {
        "type": "Point",
        "coordinates": [
          79.0383032,
          30.724948
        ]
      },
      "id": "node/8116391617"
    },
    {
      "type": "Feature",
      "properties": {
        "@id": "node/8178510191",
        "access": "yes",
        "amenity": "drinking_water",
        "man_made": "storage_tank",
        "source": "Yoyo preset"
      },
      "geometry": {
        "type": "Point",
        "coordinates": [
          83.8689999,
          28.28171
        ]
      },
      "id": "node/8178510191"
    },
    {
      "type": "Feature",
      "properties": {
        "@id": "node/8178576158",
        "amenity": "drinking_water"
      },
      "geometry": {
        "type": "Point",
        "coordinates": [
          88.6146342,
          27.333851
        ]
      },
      "id": "node/8178576158"
    },
    {
      "type": "Feature",
      "properties": {
        "@id": "node/8199040184",
        "amenity": "drinking_water"
      },
      "geometry": {
        "type": "Point",
        "coordinates": [
          76.1029801,
          26.8586103
        ]
      },
      "id": "node/8199040184"
    },
    {
      "type": "Feature",
      "properties": {
        "@id": "node/8244571517",
        "amenity": "drinking_water",
        "name": "Dara Main Babar Maneka"
      },
      "geometry": {
        "type": "Point",
        "coordinates": [
          73.8081754,
          30.3959282
        ]
      },
      "id": "node/8244571517"
    },
    {
      "type": "Feature",
      "properties": {
        "@id": "node/8245237275",
        "amenity": "drinking_water",
        "source": "yil2020"
      },
      "geometry": {
        "type": "Point",
        "coordinates": [
          83.0180607,
          28.8960774
        ]
      },
      "id": "node/8245237275"
    },
    {
      "type": "Feature",
      "properties": {
        "@id": "node/8245237285",
        "amenity": "drinking_water",
        "source": "yil2020"
      },
      "geometry": {
        "type": "Point",
        "coordinates": [
          83.024178,
          28.8967776
        ]
      },
      "id": "node/8245237285"
    },
    {
      "type": "Feature",
      "properties": {
        "@id": "node/8245584697",
        "amenity": "drinking_water",
        "source": "yil2020"
      },
      "geometry": {
        "type": "Point",
        "coordinates": [
          82.9745942,
          28.9350466
        ]
      },
      "id": "node/8245584697"
    },
    {
      "type": "Feature",
      "properties": {
        "@id": "node/8245626816",
        "amenity": "drinking_water",
        "source": "yil2020"
      },
      "geometry": {
        "type": "Point",
        "coordinates": [
          82.9981091,
          28.909149
        ]
      },
      "id": "node/8245626816"
    },
    {
      "type": "Feature",
      "properties": {
        "@id": "node/8245689303",
        "amenity": "drinking_water",
        "source": "yil2020"
      },
      "geometry": {
        "type": "Point",
        "coordinates": [
          82.9797953,
          28.9142317
        ]
      },
      "id": "node/8245689303"
    },
    {
      "type": "Feature",
      "properties": {
        "@id": "node/8248303663",
        "amenity": "drinking_water",
        "source": "yil2020"
      },
      "geometry": {
        "type": "Point",
        "coordinates": [
          83.2907988,
          29.3720078
        ]
      },
      "id": "node/8248303663"
    },
    {
      "type": "Feature",
      "properties": {
        "@id": "node/8253642209",
        "amenity": "drinking_water",
        "description": "Mul",
        "source": "yil2020"
      },
      "geometry": {
        "type": "Point",
        "coordinates": [
          82.8379787,
          28.9554021
        ]
      },
      "id": "node/8253642209"
    },
    {
      "type": "Feature",
      "properties": {
        "@id": "node/8253738555",
        "amenity": "drinking_water",
        "description": "Tap",
        "source": "yil2020"
      },
      "geometry": {
        "type": "Point",
        "coordinates": [
          82.8332927,
          28.9504296
        ]
      },
      "id": "node/8253738555"
    },
    {
      "type": "Feature",
      "properties": {
        "@id": "node/8255342778",
        "amenity": "drinking_water",
        "source": "yil2020"
      },
      "geometry": {
        "type": "Point",
        "coordinates": [
          83.1731347,
          29.1480405
        ]
      },
      "id": "node/8255342778"
    },
    {
      "type": "Feature",
      "properties": {
        "@id": "node/8256545125",
        "amenity": "drinking_water",
        "source": "yil2020"
      },
      "geometry": {
        "type": "Point",
        "coordinates": [
          82.8135306,
          28.9179559
        ]
      },
      "id": "node/8256545125"
    },
    {
      "type": "Feature",
      "properties": {
        "@id": "node/8256831279",
        "amenity": "drinking_water",
        "source": "yil2020"
      },
      "geometry": {
        "type": "Point",
        "coordinates": [
          82.8065599,
          28.902768
        ]
      },
      "id": "node/8256831279"
    },
    {
      "type": "Feature",
      "properties": {
        "@id": "node/8256927884",
        "amenity": "drinking_water",
        "description": "public tap",
        "source": "yil2020"
      },
      "geometry": {
        "type": "Point",
        "coordinates": [
          82.8093842,
          28.936987
        ]
      },
      "id": "node/8256927884"
    },
    {
      "type": "Feature",
      "properties": {
        "@id": "node/8257318109",
        "amenity": "drinking_water",
        "name": "Pani dhara",
        "source": "yil2020"
      },
      "geometry": {
        "type": "Point",
        "coordinates": [
          82.815624,
          28.9485793
        ]
      },
      "id": "node/8257318109"
    },
    {
      "type": "Feature",
      "properties": {
        "@id": "node/8257810514",
        "amenity": "drinking_water",
        "source": "yil2020"
      },
      "geometry": {
        "type": "Point",
        "coordinates": [
          82.8255445,
          28.979576
        ]
      },
      "id": "node/8257810514"
    },
    {
      "type": "Feature",
      "properties": {
        "@id": "node/8257958615",
        "amenity": "drinking_water",
        "source": "yil2020"
      },
      "geometry": {
        "type": "Point",
        "coordinates": [
          83.0155703,
          28.8794024
        ]
      },
      "id": "node/8257958615"
    },
    {
      "type": "Feature",
      "properties": {
        "@id": "node/8259057895",
        "amenity": "drinking_water",
        "description": "Public Tap",
        "source": "yil2020"
      },
      "geometry": {
        "type": "Point",
        "coordinates": [
          82.7923602,
          28.9928958
        ]
      },
      "id": "node/8259057895"
    },
    {
      "type": "Feature",
      "properties": {
        "@id": "node/8259127298",
        "amenity": "drinking_water",
        "description": "public tap",
        "name": "Pinara",
        "source": "yil2020"
      },
      "geometry": {
        "type": "Point",
        "coordinates": [
          82.7868,
          29.0051548
        ]
      },
      "id": "node/8259127298"
    },
    {
      "type": "Feature",
      "properties": {
        "@id": "node/8261700492",
        "amenity": "drinking_water",
        "source": "yil2020"
      },
      "geometry": {
        "type": "Point",
        "coordinates": [
          82.8992473,
          28.9437829
        ]
      },
      "id": "node/8261700492"
    },
    {
      "type": "Feature",
      "properties": {
        "@id": "node/8261729366",
        "amenity": "drinking_water",
        "source": "yil2020"
      },
      "geometry": {
        "type": "Point",
        "coordinates": [
          82.7717454,
          29.0292454
        ]
      },
      "id": "node/8261729366"
    },
    {
      "type": "Feature",
      "properties": {
        "@id": "node/8261815838",
        "amenity": "drinking_water",
        "source": "yil2020"
      },
      "geometry": {
        "type": "Point",
        "coordinates": [
          82.7626682,
          29.0285588
        ]
      },
      "id": "node/8261815838"
    },
    {
      "type": "Feature",
      "properties": {
        "@id": "node/8261894014",
        "amenity": "drinking_water",
        "name": "Chhepala",
        "source": "yil2020"
      },
      "geometry": {
        "type": "Point",
        "coordinates": [
          82.7496383,
          29.0360807
        ]
      },
      "id": "node/8261894014"
    },
    {
      "type": "Feature",
      "properties": {
        "@id": "node/8263259306",
        "amenity": "drinking_water",
        "description": "public tap",
        "source": "yil2020"
      },
      "geometry": {
        "type": "Point",
        "coordinates": [
          82.7173747,
          29.0554804
        ]
      },
      "id": "node/8263259306"
    },
    {
      "type": "Feature",
      "properties": {
        "@id": "node/8264106574",
        "amenity": "drinking_water",
        "description": "Public tap",
        "source": "yil2020"
      },
      "geometry": {
        "type": "Point",
        "coordinates": [
          82.6930441,
          29.0669243
        ]
      },
      "id": "node/8264106574"
    },
    {
      "type": "Feature",
      "properties": {
        "@id": "node/8264127039",
        "amenity": "drinking_water",
        "description": "public tap",
        "source": "yil2020"
      },
      "geometry": {
        "type": "Point",
        "coordinates": [
          82.6926887,
          29.0657957
        ]
      },
      "id": "node/8264127039"
    },
    {
      "type": "Feature",
      "properties": {
        "@id": "node/8264178055",
        "amenity": "drinking_water",
        "description": "public tap",
        "name": "Danda tap",
        "source": "yil2020"
      },
      "geometry": {
        "type": "Point",
        "coordinates": [
          82.711848,
          29.0645591
        ]
      },
      "id": "node/8264178055"
    },
    {
      "type": "Feature",
      "properties": {
        "@id": "node/8264192972",
        "amenity": "drinking_water",
        "description": "public tap",
        "source": "yil2020"
      },
      "geometry": {
        "type": "Point",
        "coordinates": [
          82.7232601,
          29.0608908
        ]
      },
      "id": "node/8264192972"
    },
    {
      "type": "Feature",
      "properties": {
        "@id": "node/8265984809",
        "amenity": "drinking_water",
        "description": "public tap",
        "source": "yil2020"
      },
      "geometry": {
        "type": "Point",
        "coordinates": [
          82.7948899,
          29.0477769
        ]
      },
      "id": "node/8265984809"
    },
    {
      "type": "Feature",
      "properties": {
        "@id": "node/8265995628",
        "amenity": "drinking_water",
        "description": "public tap",
        "source": "yil2020"
      },
      "geometry": {
        "type": "Point",
        "coordinates": [
          82.7805263,
          29.048758
        ]
      },
      "id": "node/8265995628"
    },
    {
      "type": "Feature",
      "properties": {
        "@id": "node/8266030553",
        "amenity": "drinking_water",
        "description": "public tap",
        "source": "yil2020"
      },
      "geometry": {
        "type": "Point",
        "coordinates": [
          82.7943939,
          29.046771
        ]
      },
      "id": "node/8266030553"
    },
    {
      "type": "Feature",
      "properties": {
        "@id": "node/8267199211",
        "amenity": "drinking_water",
        "description": "public tap",
        "source": "yil2020"
      },
      "geometry": {
        "type": "Point",
        "coordinates": [
          82.8462898,
          29.0006074
        ]
      },
      "id": "node/8267199211"
    },
    {
      "type": "Feature",
      "properties": {
        "@id": "node/8267206224",
        "amenity": "drinking_water",
        "description": "public tap",
        "source": "yil2020"
      },
      "geometry": {
        "type": "Point",
        "coordinates": [
          82.8477619,
          29.0005311
        ]
      },
      "id": "node/8267206224"
    },
    {
      "type": "Feature",
      "properties": {
        "@id": "node/8267221281",
        "amenity": "drinking_water",
        "description": "public tap",
        "source": "yil2020"
      },
      "geometry": {
        "type": "Point",
        "coordinates": [
          82.8523844,
          28.9994945
        ]
      },
      "id": "node/8267221281"
    },
    {
      "type": "Feature",
      "properties": {
        "@id": "node/8270580231",
        "amenity": "drinking_water",
        "source": "yil2020"
      },
      "geometry": {
        "type": "Point",
        "coordinates": [
          83.3491305,
          28.8836728
        ]
      },
      "id": "node/8270580231"
    },
    {
      "type": "Feature",
      "properties": {
        "@id": "node/8270598635",
        "amenity": "drinking_water",
        "source": "yil2020"
      },
      "geometry": {
        "type": "Point",
        "coordinates": [
          83.3090747,
          28.8719288
        ]
      },
      "id": "node/8270598635"
    },
    {
      "type": "Feature",
      "properties": {
        "@id": "node/8270598719",
        "amenity": "drinking_water",
        "source": "yil2020"
      },
      "geometry": {
        "type": "Point",
        "coordinates": [
          83.2599076,
          28.8819096
        ]
      },
      "id": "node/8270598719"
    },
    {
      "type": "Feature",
      "properties": {
        "@id": "node/8279367302",
        "amenity": "drinking_water",
        "source": "yil2020"
      },
      "geometry": {
        "type": "Point",
        "coordinates": [
          83.3538233,
          28.8726096
        ]
      },
      "id": "node/8279367302"
    },
    {
      "type": "Feature",
      "properties": {
        "@id": "node/8281319633",
        "amenity": "drinking_water",
        "source": "yil2020"
      },
      "geometry": {
        "type": "Point",
        "coordinates": [
          83.0300928,
          28.8772581
        ]
      },
      "id": "node/8281319633"
    },
    {
      "type": "Feature",
      "properties": {
        "@id": "node/8281319642",
        "amenity": "drinking_water",
        "source": "yil2020"
      },
      "geometry": {
        "type": "Point",
        "coordinates": [
          83.0577068,
          28.8905121
        ]
      },
      "id": "node/8281319642"
    },
    {
      "type": "Feature",
      "properties": {
        "@id": "node/8281357198",
        "amenity": "drinking_water",
        "source": "yil2020"
      },
      "geometry": {
        "type": "Point",
        "coordinates": [
          82.9938796,
          28.8715688
        ]
      },
      "id": "node/8281357198"
    },
    {
      "type": "Feature",
      "properties": {
        "@id": "node/8281834384",
        "amenity": "drinking_water"
      },
      "geometry": {
        "type": "Point",
        "coordinates": [
          84.3727393,
          28.4586819
        ]
      },
      "id": "node/8281834384"
    },
    {
      "type": "Feature",
      "properties": {
        "@id": "node/8282380170",
        "amenity": "drinking_water",
        "source": "yil2020"
      },
      "geometry": {
        "type": "Point",
        "coordinates": [
          82.9763467,
          28.8904516
        ]
      },
      "id": "node/8282380170"
    },
    {
      "type": "Feature",
      "properties": {
        "@id": "node/8282380172",
        "amenity": "drinking_water",
        "source": "yil2020"
      },
      "geometry": {
        "type": "Point",
        "coordinates": [
          82.971045,
          28.8872105
        ]
      },
      "id": "node/8282380172"
    },
    {
      "type": "Feature",
      "properties": {
        "@id": "node/8282380174",
        "amenity": "drinking_water",
        "source": "yil2020"
      },
      "geometry": {
        "type": "Point",
        "coordinates": [
          82.9693656,
          28.8845053
        ]
      },
      "id": "node/8282380174"
    },
    {
      "type": "Feature",
      "properties": {
        "@id": "node/8282384925",
        "amenity": "drinking_water",
        "source": "yil2020"
      },
      "geometry": {
        "type": "Point",
        "coordinates": [
          82.9823139,
          28.8805985
        ]
      },
      "id": "node/8282384925"
    },
    {
      "type": "Feature",
      "properties": {
        "@id": "node/8282384927",
        "amenity": "drinking_water",
        "source": "yil2020"
      },
      "geometry": {
        "type": "Point",
        "coordinates": [
          82.9885943,
          28.8801276
        ]
      },
      "id": "node/8282384927"
    },
    {
      "type": "Feature",
      "properties": {
        "@id": "node/8282384964",
        "amenity": "drinking_water",
        "source": "yil2020"
      },
      "geometry": {
        "type": "Point",
        "coordinates": [
          82.9903116,
          28.8785484
        ]
      },
      "id": "node/8282384964"
    },
    {
      "type": "Feature",
      "properties": {
        "@id": "node/8286015151",
        "amenity": "drinking_water",
        "source": "yil2020"
      },
      "geometry": {
        "type": "Point",
        "coordinates": [
          82.6533055,
          29.0109866
        ]
      },
      "id": "node/8286015151"
    },
    {
      "type": "Feature",
      "properties": {
        "@id": "node/8286015152",
        "amenity": "drinking_water",
        "source": "yil2020"
      },
      "geometry": {
        "type": "Point",
        "coordinates": [
          82.653285,
          29.0113296
        ]
      },
      "id": "node/8286015152"
    },
    {
      "type": "Feature",
      "properties": {
        "@id": "node/8286180951",
        "amenity": "drinking_water",
        "name": "Fulching Khane Pani"
      },
      "geometry": {
        "type": "Point",
        "coordinates": [
          82.6519741,
          29.0106388
        ]
      },
      "id": "node/8286180951"
    },
    {
      "type": "Feature",
      "properties": {
        "@id": "node/8289593417",
        "amenity": "drinking_water",
        "name": "Daira Dhara Fulching",
        "source": "yil2020"
      },
      "geometry": {
        "type": "Point",
        "coordinates": [
          82.6534376,
          29.000469
        ]
      },
      "id": "node/8289593417"
    },
    {
      "type": "Feature",
      "properties": {
        "@id": "node/8289928691",
        "amenity": "drinking_water",
        "source": "yil2020"
      },
      "geometry": {
        "type": "Point",
        "coordinates": [
          82.6351355,
          28.9969929
        ]
      },
      "id": "node/8289928691"
    },
    {
      "type": "Feature",
      "properties": {
        "@id": "node/8294167194",
        "amenity": "drinking_water",
        "name": "Titepani Dhara",
        "source": "yil2020"
      },
      "geometry": {
        "type": "Point",
        "coordinates": [
          82.5901183,
          29.006106
        ]
      },
      "id": "node/8294167194"
    },
    {
      "type": "Feature",
      "properties": {
        "@id": "node/8294268418",
        "amenity": "drinking_water",
        "source": "yil2020"
      },
      "geometry": {
        "type": "Point",
        "coordinates": [
          82.5787605,
          29.0041786
        ]
      },
      "id": "node/8294268418"
    },
    {
      "type": "Feature",
      "properties": {
        "@id": "node/8294301936",
        "amenity": "drinking_water",
        "source": "yil2020"
      },
      "geometry": {
        "type": "Point",
        "coordinates": [
          82.560413,
          29.0240682
        ]
      },
      "id": "node/8294301936"
    },
    {
      "type": "Feature",
      "properties": {
        "@id": "node/8294369278",
        "amenity": "drinking_water",
        "source": "yil2020"
      },
      "geometry": {
        "type": "Point",
        "coordinates": [
          82.5496911,
          29.0214629
        ]
      },
      "id": "node/8294369278"
    },
    {
      "type": "Feature",
      "properties": {
        "@id": "node/8294369313",
        "amenity": "drinking_water",
        "source": "yil2020"
      },
      "geometry": {
        "type": "Point",
        "coordinates": [
          82.553772,
          29.0199727
        ]
      },
      "id": "node/8294369313"
    },
    {
      "type": "Feature",
      "properties": {
        "@id": "node/8297398533",
        "amenity": "drinking_water",
        "source": "yil2020"
      },
      "geometry": {
        "type": "Point",
        "coordinates": [
          82.534719,
          29.0552776
        ]
      },
      "id": "node/8297398533"
    },
    {
      "type": "Feature",
      "properties": {
        "@id": "node/8299953338",
        "amenity": "drinking_water",
        "source": "yil2020"
      },
      "geometry": {
        "type": "Point",
        "coordinates": [
          82.5174594,
          29.0540472
        ]
      },
      "id": "node/8299953338"
    },
    {
      "type": "Feature",
      "properties": {
        "@id": "node/8300108783",
        "amenity": "drinking_water",
        "source": "yil2020"
      },
      "geometry": {
        "type": "Point",
        "coordinates": [
          82.4766808,
          29.0656724
        ]
      },
      "id": "node/8300108783"
    },
    {
      "type": "Feature",
      "properties": {
        "@id": "node/8302693841",
        "amenity": "drinking_water",
        "description": "Public Tap",
        "source": "yil2020"
      },
      "geometry": {
        "type": "Point",
        "coordinates": [
          81.6332463,
          29.2266611
        ]
      },
      "id": "node/8302693841"
    },
    {
      "type": "Feature",
      "properties": {
        "@id": "node/8304875372",
        "amenity": "drinking_water",
        "description": "Public Tap",
        "source": "yil2020"
      },
      "geometry": {
        "type": "Point",
        "coordinates": [
          81.6319494,
          29.2286709
        ]
      },
      "id": "node/8304875372"
    },
    {
      "type": "Feature",
      "properties": {
        "@id": "node/8304900031",
        "amenity": "drinking_water",
        "description": "Public Tap",
        "source": "yil2020"
      },
      "geometry": {
        "type": "Point",
        "coordinates": [
          81.6424617,
          29.2325336
        ]
      },
      "id": "node/8304900031"
    },
    {
      "type": "Feature",
      "properties": {
        "@id": "node/8304906708",
        "amenity": "drinking_water",
        "description": "Public Tap",
        "source": "yil2020"
      },
      "geometry": {
        "type": "Point",
        "coordinates": [
          81.6615235,
          29.241124
        ]
      },
      "id": "node/8304906708"
    },
    {
      "type": "Feature",
      "properties": {
        "@id": "node/8304913263",
        "amenity": "drinking_water",
        "description": "Public Tap",
        "source": "yil2020"
      },
      "geometry": {
        "type": "Point",
        "coordinates": [
          81.6496854,
          29.2349011
        ]
      },
      "id": "node/8304913263"
    },
    {
      "type": "Feature",
      "properties": {
        "@id": "node/8305453805",
        "amenity": "drinking_water",
        "source": "yil2020"
      },
      "geometry": {
        "type": "Point",
        "coordinates": [
          82.4902922,
          29.0930516
        ]
      },
      "id": "node/8305453805"
    },
    {
      "type": "Feature",
      "properties": {
        "@id": "node/8306356899",
        "amenity": "drinking_water",
        "source": "yil2020"
      },
      "geometry": {
        "type": "Point",
        "coordinates": [
          82.5709003,
          29.1259843
        ]
      },
      "id": "node/8306356899"
    },
    {
      "type": "Feature",
      "properties": {
        "@id": "node/8306581330",
        "amenity": "drinking_water",
        "source": "yil2020"
      },
      "geometry": {
        "type": "Point",
        "coordinates": [
          82.5907134,
          29.1113887
        ]
      },
      "id": "node/8306581330"
    },
    {
      "type": "Feature",
      "properties": {
        "@id": "node/8306581331",
        "amenity": "drinking_water",
        "source": "yil2020"
      },
      "geometry": {
        "type": "Point",
        "coordinates": [
          82.5911008,
          29.1114528
        ]
      },
      "id": "node/8306581331"
    },
    {
      "type": "Feature",
      "properties": {
        "@id": "node/8308269914",
        "amenity": "drinking_water",
        "description": "Public Tap",
        "source": "yil2020"
      },
      "geometry": {
        "type": "Point",
        "coordinates": [
          81.6329153,
          29.240512
        ]
      },
      "id": "node/8308269914"
    },
    {
      "type": "Feature",
      "properties": {
        "@id": "node/8310453931",
        "amenity": "drinking_water",
        "description": "Public Tap",
        "source": "yil2020"
      },
      "geometry": {
        "type": "Point",
        "coordinates": [
          81.6384286,
          29.2540998
        ]
      },
      "id": "node/8310453931"
    },
    {
      "type": "Feature",
      "properties": {
        "@id": "node/8310626787",
        "amenity": "drinking_water",
        "description": "public",
        "name": "MUGRAA DHAARA",
        "source": "yil2020"
      },
      "geometry": {
        "type": "Point",
        "coordinates": [
          81.7623758,
          29.1463435
        ]
      },
      "id": "node/8310626787"
    },
    {
      "type": "Feature",
      "properties": {
        "@id": "node/8310951228",
        "amenity": "drinking_water",
        "description": "Public Tap",
        "source": "yil2020"
      },
      "geometry": {
        "type": "Point",
        "coordinates": [
          81.5491299,
          29.1618065
        ]
      },
      "id": "node/8310951228"
    },
    {
      "type": "Feature",
      "properties": {
        "@id": "node/8310951229",
        "amenity": "drinking_water",
        "description": "Public Tap",
        "source": "yil2020"
      },
      "geometry": {
        "type": "Point",
        "coordinates": [
          81.5496824,
          29.1614042
        ]
      },
      "id": "node/8310951229"
    },
    {
      "type": "Feature",
      "properties": {
        "@id": "node/8310951262",
        "amenity": "drinking_water",
        "description": "Public Tap",
        "source": "yil2020"
      },
      "geometry": {
        "type": "Point",
        "coordinates": [
          81.5544564,
          29.1598536
        ]
      },
      "id": "node/8310951262"
    },
    {
      "type": "Feature",
      "properties": {
        "@id": "node/8310951310",
        "amenity": "drinking_water",
        "description": "Public Tap",
        "source": "yil2020"
      },
      "geometry": {
        "type": "Point",
        "coordinates": [
          81.559856,
          29.151954
        ]
      },
      "id": "node/8310951310"
    },
    {
      "type": "Feature",
      "properties": {
        "@id": "node/8310951465",
        "amenity": "drinking_water",
        "description": "Public Tap",
        "source": "yil2020"
      },
      "geometry": {
        "type": "Point",
        "coordinates": [
          81.5578169,
          29.140986
        ]
      },
      "id": "node/8310951465"
    },
    {
      "type": "Feature",
      "properties": {
        "@id": "node/8310951466",
        "amenity": "drinking_water",
        "description": "Public Tap",
        "source": "yil2020"
      },
      "geometry": {
        "type": "Point",
        "coordinates": [
          81.5583496,
          29.1362859
        ]
      },
      "id": "node/8310951466"
    },
    {
      "type": "Feature",
      "properties": {
        "@id": "node/8311009751",
        "amenity": "drinking_water",
        "description": "Public Tap",
        "source": "yil2020"
      },
      "geometry": {
        "type": "Point",
        "coordinates": [
          81.6377943,
          29.2561789
        ]
      },
      "id": "node/8311009751"
    },
    {
      "type": "Feature",
      "properties": {
        "@id": "node/8311642108",
        "amenity": "drinking_water",
        "description": "Public Tap",
        "source": "yil2020"
      },
      "geometry": {
        "type": "Point",
        "coordinates": [
          81.6501606,
          29.2777405
        ]
      },
      "id": "node/8311642108"
    },
    {
      "type": "Feature",
      "properties": {
        "@id": "node/8314251152",
        "amenity": "drinking_water",
        "description": "Public Tap",
        "source": "yil2020"
      },
      "geometry": {
        "type": "Point",
        "coordinates": [
          81.7121602,
          29.2695759
        ]
      },
      "id": "node/8314251152"
    },
    {
      "type": "Feature",
      "properties": {
        "@id": "node/8314287066",
        "amenity": "drinking_water"
      },
      "geometry": {
        "type": "Point",
        "coordinates": [
          81.7738586,
          29.1005582
        ]
      },
      "id": "node/8314287066"
    },
    {
      "type": "Feature",
      "properties": {
        "@id": "node/8314313980",
        "amenity": "drinking_water",
        "description": "Public Tap",
        "source": "yil2020"
      },
      "geometry": {
        "type": "Point",
        "coordinates": [
          81.6631378,
          29.2328001
        ]
      },
      "id": "node/8314313980"
    },
    {
      "type": "Feature",
      "properties": {
        "@id": "node/8314393472",
        "amenity": "drinking_water",
        "description": "Public Tap",
        "source": "yil2020"
      },
      "geometry": {
        "type": "Point",
        "coordinates": [
          81.5374482,
          29.1922987
        ]
      },
      "id": "node/8314393472"
    },
    {
      "type": "Feature",
      "properties": {
        "@id": "node/8314393666",
        "amenity": "drinking_water",
        "description": "Public Tap",
        "source": "yil2020"
      },
      "geometry": {
        "type": "Point",
        "coordinates": [
          81.5441215,
          29.1818593
        ]
      },
      "id": "node/8314393666"
    },
    {
      "type": "Feature",
      "properties": {
        "@id": "node/8314393719",
        "amenity": "drinking_water",
        "description": "Public Tap",
        "source": "yil2020"
      },
      "geometry": {
        "type": "Point",
        "coordinates": [
          81.5491211,
          29.1770017
        ]
      },
      "id": "node/8314393719"
    },
    {
      "type": "Feature",
      "properties": {
        "@id": "node/8314393779",
        "amenity": "drinking_water",
        "description": "Public Tap",
        "source": "yil2020"
      },
      "geometry": {
        "type": "Point",
        "coordinates": [
          81.5516035,
          29.1672983
        ]
      },
      "id": "node/8314393779"
    },
    {
      "type": "Feature",
      "properties": {
        "@id": "node/8314394021",
        "amenity": "drinking_water",
        "description": "Public Tap",
        "source": "yil2020"
      },
      "geometry": {
        "type": "Point",
        "coordinates": [
          81.5464611,
          29.1611515
        ]
      },
      "id": "node/8314394021"
    },
    {
      "type": "Feature",
      "properties": {
        "@id": "node/8314394189",
        "amenity": "drinking_water",
        "description": "Public Tap",
        "source": "yil2020"
      },
      "geometry": {
        "type": "Point",
        "coordinates": [
          81.5488476,
          29.1574065
        ]
      },
      "id": "node/8314394189"
    },
    {
      "type": "Feature",
      "properties": {
        "@id": "node/8314429467",
        "amenity": "drinking_water",
        "description": "Public Tap",
        "source": "yil2020"
      },
      "geometry": {
        "type": "Point",
        "coordinates": [
          81.631591,
          29.2199214
        ]
      },
      "id": "node/8314429467"
    },
    {
      "type": "Feature",
      "properties": {
        "@id": "node/8314761308",
        "amenity": "drinking_water",
        "name": "Drinking Water Tap",
        "source": "yil2020"
      },
      "geometry": {
        "type": "Point",
        "coordinates": [
          81.7414255,
          29.1008131
        ]
      },
      "id": "node/8314761308"
    },
    {
      "type": "Feature",
      "properties": {
        "@id": "node/8314861318",
        "amenity": "drinking_water",
        "description": "Public Tap",
        "man_made": "water_tap",
        "source": "yil2020"
      },
      "geometry": {
        "type": "Point",
        "coordinates": [
          81.5517752,
          29.2309077
        ]
      },
      "id": "node/8314861318"
    },
    {
      "type": "Feature",
      "properties": {
        "@id": "node/8314861325",
        "amenity": "drinking_water",
        "description": "Public Tap",
        "man_made": "water_tap",
        "source": "yil2020"
      },
      "geometry": {
        "type": "Point",
        "coordinates": [
          81.5457419,
          29.2280775
        ]
      },
      "id": "node/8314861325"
    },
    {
      "type": "Feature",
      "properties": {
        "@id": "node/8314861343",
        "amenity": "drinking_water",
        "description": "Public Tap",
        "man_made": "water_tap",
        "source": "yil2020"
      },
      "geometry": {
        "type": "Point",
        "coordinates": [
          81.5406688,
          29.2247621
        ]
      },
      "id": "node/8314861343"
    },
    {
      "type": "Feature",
      "properties": {
        "@id": "node/8314861590",
        "amenity": "drinking_water",
        "description": "Public Tap",
        "source": "yil2020"
      },
      "geometry": {
        "type": "Point",
        "coordinates": [
          81.5391886,
          29.221377
        ]
      },
      "id": "node/8314861590"
    },
    {
      "type": "Feature",
      "properties": {
        "@id": "node/8314861595",
        "amenity": "drinking_water",
        "description": "Public Tap",
        "source": "yil2020"
      },
      "geometry": {
        "type": "Point",
        "coordinates": [
          81.5375776,
          29.219446
        ]
      },
      "id": "node/8314861595"
    },
    {
      "type": "Feature",
      "properties": {
        "@id": "node/8314861596",
        "amenity": "drinking_water",
        "description": "Public Tap",
        "source": "yil2020"
      },
      "geometry": {
        "type": "Point",
        "coordinates": [
          81.5372577,
          29.2186747
        ]
      },
      "id": "node/8314861596"
    },
    {
      "type": "Feature",
      "properties": {
        "@id": "node/8314861599",
        "amenity": "drinking_water",
        "description": "Public Tap",
        "source": "yil2020"
      },
      "geometry": {
        "type": "Point",
        "coordinates": [
          81.5363786,
          29.2031195
        ]
      },
      "id": "node/8314861599"
    },
    {
      "type": "Feature",
      "properties": {
        "@id": "node/8314878026",
        "amenity": "drinking_water",
        "name": "Drinking Water Tap",
        "source": "yil2020"
      },
      "geometry": {
        "type": "Point",
        "coordinates": [
          81.701827,
          29.0965113
        ]
      },
      "id": "node/8314878026"
    },
    {
      "type": "Feature",
      "properties": {
        "@id": "node/8317218917",
        "amenity": "drinking_water",
        "source": "yil2020"
      },
      "geometry": {
        "type": "Point",
        "coordinates": [
          81.5548591,
          29.1963439
        ]
      },
      "id": "node/8317218917"
    },
    {
      "type": "Feature",
      "properties": {
        "@id": "node/8317219063",
        "amenity": "drinking_water",
        "description": "Public Tap",
        "source": "yil2020"
      },
      "geometry": {
        "type": "Point",
        "coordinates": [
          81.547949,
          29.2068769
        ]
      },
      "id": "node/8317219063"
    },
    {
      "type": "Feature",
      "properties": {
        "@id": "node/8317219237",
        "amenity": "drinking_water",
        "description": "Public Tap",
        "source": "yil2020"
      },
      "geometry": {
        "type": "Point",
        "coordinates": [
          81.5465771,
          29.2180614
        ]
      },
      "id": "node/8317219237"
    },
    {
      "type": "Feature",
      "properties": {
        "@id": "node/8317646379",
        "amenity": "drinking_water",
        "description": "Public Tap",
        "source": "yil2020"
      },
      "geometry": {
        "type": "Point",
        "coordinates": [
          81.5702962,
          29.1773697
        ]
      },
      "id": "node/8317646379"
    },
    {
      "type": "Feature",
      "properties": {
        "@id": "node/8317646380",
        "amenity": "drinking_water",
        "source": "yil2020"
      },
      "geometry": {
        "type": "Point",
        "coordinates": [
          81.5705926,
          29.179504
        ]
      },
      "id": "node/8317646380"
    },
    {
      "type": "Feature",
      "properties": {
        "@id": "node/8317671644",
        "amenity": "drinking_water",
        "description": "Public Tap",
        "source": "yil2020"
      },
      "geometry": {
        "type": "Point",
        "coordinates": [
          81.5676317,
          29.1790386
        ]
      },
      "id": "node/8317671644"
    },
    {
      "type": "Feature",
      "properties": {
        "@id": "node/8318016347",
        "amenity": "drinking_water",
        "source": "yil2020"
      },
      "geometry": {
        "type": "Point",
        "coordinates": [
          81.7612349,
          29.341777
        ]
      },
      "id": "node/8318016347"
    },
    {
      "type": "Feature",
      "properties": {
        "@id": "node/8318059127",
        "amenity": "drinking_water",
        "source": "yil2020"
      },
      "geometry": {
        "type": "Point",
        "coordinates": [
          81.7619952,
          29.3586641
        ]
      },
      "id": "node/8318059127"
    },
    {
      "type": "Feature",
      "properties": {
        "@id": "node/8318059128",
        "amenity": "drinking_water",
        "source": "yil2020"
      },
      "geometry": {
        "type": "Point",
        "coordinates": [
          81.761305,
          29.3581848
        ]
      },
      "id": "node/8318059128"
    },
    {
      "type": "Feature",
      "properties": {
        "@id": "node/8318146150",
        "amenity": "drinking_water",
        "source": "yil2020"
      },
      "geometry": {
        "type": "Point",
        "coordinates": [
          81.8038646,
          29.3433371
        ]
      },
      "id": "node/8318146150"
    },
    {
      "type": "Feature",
      "properties": {
        "@id": "node/8318269911",
        "amenity": "drinking_water",
        "source": "yil2020"
      },
      "geometry": {
        "type": "Point",
        "coordinates": [
          81.8168633,
          29.3508438
        ]
      },
      "id": "node/8318269911"
    },
    {
      "type": "Feature",
      "properties": {
        "@id": "node/8318620389",
        "amenity": "drinking_water",
        "description": "Public Tap",
        "source": "yil2020"
      },
      "geometry": {
        "type": "Point",
        "coordinates": [
          81.6059411,
          29.1813818
        ]
      },
      "id": "node/8318620389"
    },
    {
      "type": "Feature",
      "properties": {
        "@id": "node/8318620398",
        "amenity": "drinking_water",
        "description": "Public Tap",
        "source": "yil2020"
      },
      "geometry": {
        "type": "Point",
        "coordinates": [
          81.6068165,
          29.18108
        ]
      },
      "id": "node/8318620398"
    },
    {
      "type": "Feature",
      "properties": {
        "@id": "node/8318626859",
        "amenity": "drinking_water",
        "description": "Public Tap",
        "source": "yil2020"
      },
      "geometry": {
        "type": "Point",
        "coordinates": [
          81.5960487,
          29.1680791
        ]
      },
      "id": "node/8318626859"
    },
    {
      "type": "Feature",
      "properties": {
        "@id": "node/8318627142",
        "amenity": "drinking_water",
        "source": "yil2020"
      },
      "geometry": {
        "type": "Point",
        "coordinates": [
          81.56894,
          29.171579
        ]
      },
      "id": "node/8318627142"
    },
    {
      "type": "Feature",
      "properties": {
        "@id": "node/8318627171",
        "amenity": "drinking_water",
        "description": "Public Tap",
        "source": "yil2020"
      },
      "geometry": {
        "type": "Point",
        "coordinates": [
          81.5756931,
          29.1681953
        ]
      },
      "id": "node/8318627171"
    },
    {
      "type": "Feature",
      "properties": {
        "@id": "node/8319039840",
        "amenity": "drinking_water",
        "source": "yil2020"
      },
      "geometry": {
        "type": "Point",
        "coordinates": [
          81.835516,
          29.3603417
        ]
      },
      "id": "node/8319039840"
    },
    {
      "type": "Feature",
      "properties": {
        "@id": "node/8319155682",
        "amenity": "drinking_water",
        "source": "yil2020"
      },
      "geometry": {
        "type": "Point",
        "coordinates": [
          81.6063219,
          29.2331518
        ]
      },
      "id": "node/8319155682"
    },
    {
      "type": "Feature",
      "properties": {
        "@id": "node/8319155703",
        "amenity": "drinking_water",
        "source": "yil2020"
      },
      "geometry": {
        "type": "Point",
        "coordinates": [
          81.614671,
          29.228775
        ]
      },
      "id": "node/8319155703"
    },
    {
      "type": "Feature",
      "properties": {
        "@id": "node/8319155709",
        "amenity": "drinking_water",
        "source": "yil2020"
      },
      "geometry": {
        "type": "Point",
        "coordinates": [
          81.6147206,
          29.2180339
        ]
      },
      "id": "node/8319155709"
    },
    {
      "type": "Feature",
      "properties": {
        "@id": "node/8319156069",
        "amenity": "drinking_water",
        "description": "Public Tap",
        "source": "yil2020"
      },
      "geometry": {
        "type": "Point",
        "coordinates": [
          81.5995131,
          29.2022857
        ]
      },
      "id": "node/8319156069"
    },
    {
      "type": "Feature",
      "properties": {
        "@id": "node/8319201726",
        "amenity": "drinking_water",
        "source": "yil2020"
      },
      "geometry": {
        "type": "Point",
        "coordinates": [
          81.8578139,
          29.354653
        ]
      },
      "id": "node/8319201726"
    },
    {
      "type": "Feature",
      "properties": {
        "@id": "node/8319329591",
        "amenity": "drinking_water",
        "source": "yil2020"
      },
      "geometry": {
        "type": "Point",
        "coordinates": [
          81.8113795,
          29.3300062
        ]
      },
      "id": "node/8319329591"
    },
    {
      "type": "Feature",
      "properties": {
        "@id": "node/8320369261",
        "amenity": "drinking_water",
        "source": "yil2020"
      },
      "geometry": {
        "type": "Point",
        "coordinates": [
          81.7653246,
          29.2796425
        ]
      },
      "id": "node/8320369261"
    },
    {
      "type": "Feature",
      "properties": {
        "@id": "node/8320390179",
        "amenity": "drinking_water",
        "source": "yil2020"
      },
      "geometry": {
        "type": "Point",
        "coordinates": [
          81.7474692,
          29.2759963
        ]
      },
      "id": "node/8320390179"
    },
    {
      "type": "Feature",
      "properties": {
        "@id": "node/8320977502",
        "amenity": "drinking_water",
        "source": "yil2020"
      },
      "geometry": {
        "type": "Point",
        "coordinates": [
          81.7413282,
          29.2757074
        ]
      },
      "id": "node/8320977502"
    },
    {
      "type": "Feature",
      "properties": {
        "@id": "node/8321001572",
        "amenity": "drinking_water",
        "source": "yil2020"
      },
      "geometry": {
        "type": "Point",
        "coordinates": [
          81.7225568,
          29.2538154
        ]
      },
      "id": "node/8321001572"
    },
    {
      "type": "Feature",
      "properties": {
        "@id": "node/8321056117",
        "amenity": "drinking_water",
        "source": "yil2020"
      },
      "geometry": {
        "type": "Point",
        "coordinates": [
          81.7253496,
          29.2496458
        ]
      },
      "id": "node/8321056117"
    },
    {
      "type": "Feature",
      "properties": {
        "@id": "node/8321090713",
        "amenity": "drinking_water",
        "source": "yil2020"
      },
      "geometry": {
        "type": "Point",
        "coordinates": [
          81.7284486,
          29.2530552
        ]
      },
      "id": "node/8321090713"
    },
    {
      "type": "Feature",
      "properties": {
        "@id": "node/8322077764",
        "amenity": "drinking_water",
        "source": "yil2020"
      },
      "geometry": {
        "type": "Point",
        "coordinates": [
          81.6036565,
          29.2671358
        ]
      },
      "id": "node/8322077764"
    },
    {
      "type": "Feature",
      "properties": {
        "@id": "node/8322077798",
        "amenity": "drinking_water",
        "source": "yil2020"
      },
      "geometry": {
        "type": "Point",
        "coordinates": [
          81.6066223,
          29.27015
        ]
      },
      "id": "node/8322077798"
    },
    {
      "type": "Feature",
      "properties": {
        "@id": "node/8322077870",
        "amenity": "drinking_water",
        "source": "yil2020"
      },
      "geometry": {
        "type": "Point",
        "coordinates": [
          81.6024381,
          29.2882505
        ]
      },
      "id": "node/8322077870"
    },
    {
      "type": "Feature",
      "properties": {
        "@id": "node/8322077932",
        "amenity": "drinking_water",
        "source": "yil2020"
      },
      "geometry": {
        "type": "Point",
        "coordinates": [
          81.5920187,
          29.290862
        ]
      },
      "id": "node/8322077932"
    },
    {
      "type": "Feature",
      "properties": {
        "@id": "node/8322078290",
        "amenity": "drinking_water",
        "source": "yil2020"
      },
      "geometry": {
        "type": "Point",
        "coordinates": [
          81.5929293,
          29.2613761
        ]
      },
      "id": "node/8322078290"
    },
    {
      "type": "Feature",
      "properties": {
        "@id": "node/8322078419",
        "amenity": "drinking_water",
        "description": "Public Tap",
        "source": "yil2020"
      },
      "geometry": {
        "type": "Point",
        "coordinates": [
          81.6038094,
          29.2492424
        ]
      },
      "id": "node/8322078419"
    },
    {
      "type": "Feature",
      "properties": {
        "@id": "node/8322078421",
        "amenity": "drinking_water",
        "description": "Public Tap",
        "source": "yil2020"
      },
      "geometry": {
        "type": "Point",
        "coordinates": [
          81.6041664,
          29.2482704
        ]
      },
      "id": "node/8322078421"
    },
    {
      "type": "Feature",
      "properties": {
        "@id": "node/8322078437",
        "amenity": "drinking_water",
        "source": "yil2020"
      },
      "geometry": {
        "type": "Point",
        "coordinates": [
          81.6064071,
          29.246638
        ]
      },
      "id": "node/8322078437"
    },
    {
      "type": "Feature",
      "properties": {
        "@id": "node/8322078480",
        "amenity": "drinking_water",
        "description": "Public Tap",
        "source": "yil2020"
      },
      "geometry": {
        "type": "Point",
        "coordinates": [
          81.6019627,
          29.2454181
        ]
      },
      "id": "node/8322078480"
    },
    {
      "type": "Feature",
      "properties": {
        "@id": "node/8322078537",
        "amenity": "drinking_water",
        "description": "Public Tap",
        "source": "yil2020"
      },
      "geometry": {
        "type": "Point",
        "coordinates": [
          81.6079847,
          29.2398286
        ]
      },
      "id": "node/8322078537"
    },
    {
      "type": "Feature",
      "properties": {
        "@id": "node/8322078538",
        "amenity": "drinking_water",
        "description": "Public Tap",
        "source": "yil2020"
      },
      "geometry": {
        "type": "Point",
        "coordinates": [
          81.6074981,
          29.2376041
        ]
      },
      "id": "node/8322078538"
    },
    {
      "type": "Feature",
      "properties": {
        "@id": "node/8323655808",
        "amenity": "drinking_water",
        "description": "Public Tap",
        "source": "yil2020"
      },
      "geometry": {
        "type": "Point",
        "coordinates": [
          81.6090149,
          29.2457271
        ]
      },
      "id": "node/8323655808"
    },
    {
      "type": "Feature",
      "properties": {
        "@id": "node/8327111000",
        "amenity": "drinking_water",
        "source": "yil2020"
      },
      "geometry": {
        "type": "Point",
        "coordinates": [
          81.7133803,
          29.247491
        ]
      },
      "id": "node/8327111000"
    },
    {
      "type": "Feature",
      "properties": {
        "@id": "node/8327112123",
        "amenity": "drinking_water",
        "source": "yil2020"
      },
      "geometry": {
        "type": "Point",
        "coordinates": [
          81.6970993,
          29.2416785
        ]
      },
      "id": "node/8327112123"
    },
    {
      "type": "Feature",
      "properties": {
        "@id": "node/8327112124",
        "amenity": "drinking_water",
        "source": "yil2020"
      },
      "geometry": {
        "type": "Point",
        "coordinates": [
          81.6954209,
          29.2417865
        ]
      },
      "id": "node/8327112124"
    },
    {
      "type": "Feature",
      "properties": {
        "@id": "node/8386268646",
        "amenity": "drinking_water"
      },
      "geometry": {
        "type": "Point",
        "coordinates": [
          80.9539808,
          29.5251507
        ]
      },
      "id": "node/8386268646"
    },
    {
      "type": "Feature",
      "properties": {
        "@id": "node/8386268647",
        "amenity": "drinking_water"
      },
      "geometry": {
        "type": "Point",
        "coordinates": [
          80.9779071,
          29.5345202
        ]
      },
      "id": "node/8386268647"
    },
    {
      "type": "Feature",
      "properties": {
        "@id": "node/8386268648",
        "amenity": "drinking_water"
      },
      "geometry": {
        "type": "Point",
        "coordinates": [
          80.8948956,
          29.5530809
        ]
      },
      "id": "node/8386268648"
    },
    {
      "type": "Feature",
      "properties": {
        "@id": "node/8386268649",
        "amenity": "drinking_water"
      },
      "geometry": {
        "type": "Point",
        "coordinates": [
          80.9047365,
          29.5260905
        ]
      },
      "id": "node/8386268649"
    },
    {
      "type": "Feature",
      "properties": {
        "@id": "node/8386268650",
        "amenity": "drinking_water"
      },
      "geometry": {
        "type": "Point",
        "coordinates": [
          80.9129333,
          29.5277616
        ]
      },
      "id": "node/8386268650"
    },
    {
      "type": "Feature",
      "properties": {
        "@id": "node/8386268651",
        "amenity": "drinking_water"
      },
      "geometry": {
        "type": "Point",
        "coordinates": [
          80.9233041,
          29.5356473
        ]
      },
      "id": "node/8386268651"
    },
    {
      "type": "Feature",
      "properties": {
        "@id": "node/8386268652",
        "amenity": "drinking_water"
      },
      "geometry": {
        "type": "Point",
        "coordinates": [
          80.9195638,
          29.5353649
        ]
      },
      "id": "node/8386268652"
    },
    {
      "type": "Feature",
      "properties": {
        "@id": "node/8386268653",
        "amenity": "drinking_water"
      },
      "geometry": {
        "type": "Point",
        "coordinates": [
          80.919832,
          29.5353743
        ]
      },
      "id": "node/8386268653"
    },
    {
      "type": "Feature",
      "properties": {
        "@id": "node/8386268654",
        "amenity": "drinking_water"
      },
      "geometry": {
        "type": "Point",
        "coordinates": [
          80.9206957,
          29.5354723
        ]
      },
      "id": "node/8386268654"
    },
    {
      "type": "Feature",
      "properties": {
        "@id": "node/8386268655",
        "amenity": "drinking_water"
      },
      "geometry": {
        "type": "Point",
        "coordinates": [
          80.921334,
          29.5355399
        ]
      },
      "id": "node/8386268655"
    },
    {
      "type": "Feature",
      "properties": {
        "@id": "node/8386268656",
        "amenity": "drinking_water"
      },
      "geometry": {
        "type": "Point",
        "coordinates": [
          80.9218678,
          29.5354612
        ]
      },
      "id": "node/8386268656"
    },
    {
      "type": "Feature",
      "properties": {
        "@id": "node/8386268657",
        "amenity": "drinking_water"
      },
      "geometry": {
        "type": "Point",
        "coordinates": [
          80.9219322,
          29.5355049
        ]
      },
      "id": "node/8386268657"
    },
    {
      "type": "Feature",
      "properties": {
        "@id": "node/8386268658",
        "amenity": "drinking_water"
      },
      "geometry": {
        "type": "Point",
        "coordinates": [
          80.9232759,
          29.5356496
        ]
      },
      "id": "node/8386268658"
    },
    {
      "type": "Feature",
      "properties": {
        "@id": "node/8386268659",
        "amenity": "drinking_water"
      },
      "geometry": {
        "type": "Point",
        "coordinates": [
          80.9549367,
          29.5040097
        ]
      },
      "id": "node/8386268659"
    },
    {
      "type": "Feature",
      "properties": {
        "@id": "node/8386268660",
        "amenity": "drinking_water"
      },
      "geometry": {
        "type": "Point",
        "coordinates": [
          80.9599256,
          29.5170534
        ]
      },
      "id": "node/8386268660"
    },
    {
      "type": "Feature",
      "properties": {
        "@id": "node/8386268661",
        "amenity": "drinking_water"
      },
      "geometry": {
        "type": "Point",
        "coordinates": [
          80.9597647,
          29.5221229
        ]
      },
      "id": "node/8386268661"
    },
    {
      "type": "Feature",
      "properties": {
        "@id": "node/8386268663",
        "amenity": "drinking_water"
      },
      "geometry": {
        "type": "Point",
        "coordinates": [
          80.9711802,
          29.5267767
        ]
      },
      "id": "node/8386268663"
    },
    {
      "type": "Feature",
      "properties": {
        "@id": "node/8386268664",
        "amenity": "drinking_water"
      },
      "geometry": {
        "type": "Point",
        "coordinates": [
          80.818777,
          29.5644242
        ]
      },
      "id": "node/8386268664"
    },
    {
      "type": "Feature",
      "properties": {
        "@id": "node/8386268665",
        "amenity": "drinking_water"
      },
      "geometry": {
        "type": "Point",
        "coordinates": [
          80.858624,
          29.608592
        ]
      },
      "id": "node/8386268665"
    },
    {
      "type": "Feature",
      "properties": {
        "@id": "node/8386268667",
        "amenity": "drinking_water"
      },
      "geometry": {
        "type": "Point",
        "coordinates": [
          80.859088,
          29.5992887
        ]
      },
      "id": "node/8386268667"
    },
    {
      "type": "Feature",
      "properties": {
        "@id": "node/8386268669",
        "amenity": "drinking_water"
      },
      "geometry": {
        "type": "Point",
        "coordinates": [
          80.8590719,
          29.6030441
        ]
      },
      "id": "node/8386268669"
    },
    {
      "type": "Feature",
      "properties": {
        "@id": "node/8386268670",
        "amenity": "drinking_water"
      },
      "geometry": {
        "type": "Point",
        "coordinates": [
          80.8607912,
          29.60376
        ]
      },
      "id": "node/8386268670"
    },
    {
      "type": "Feature",
      "properties": {
        "@id": "node/8386268671",
        "amenity": "drinking_water"
      },
      "geometry": {
        "type": "Point",
        "coordinates": [
          80.8387622,
          29.6421501
        ]
      },
      "id": "node/8386268671"
    },
    {
      "type": "Feature",
      "properties": {
        "@id": "node/8386268676",
        "amenity": "drinking_water"
      },
      "geometry": {
        "type": "Point",
        "coordinates": [
          80.8427114,
          29.652218
        ]
      },
      "id": "node/8386268676"
    },
    {
      "type": "Feature",
      "properties": {
        "@id": "node/8386268677",
        "amenity": "drinking_water"
      },
      "geometry": {
        "type": "Point",
        "coordinates": [
          80.8398911,
          29.6682768
        ]
      },
      "id": "node/8386268677"
    },
    {
      "type": "Feature",
      "properties": {
        "@id": "node/8386268678",
        "amenity": "drinking_water"
      },
      "geometry": {
        "type": "Point",
        "coordinates": [
          80.8357581,
          29.6691921
        ]
      },
      "id": "node/8386268678"
    },
    {
      "type": "Feature",
      "properties": {
        "@id": "node/8387446835",
        "amenity": "drinking_water"
      },
      "geometry": {
        "type": "Point",
        "coordinates": [
          81.2002831,
          29.569812
        ]
      },
      "id": "node/8387446835"
    },
    {
      "type": "Feature",
      "properties": {
        "@id": "node/8387446836",
        "amenity": "drinking_water"
      },
      "geometry": {
        "type": "Point",
        "coordinates": [
          81.1976391,
          29.5694399
        ]
      },
      "id": "node/8387446836"
    },
    {
      "type": "Feature",
      "properties": {
        "@id": "node/8387446837",
        "amenity": "drinking_water"
      },
      "geometry": {
        "type": "Point",
        "coordinates": [
          81.1979905,
          29.5693676
        ]
      },
      "id": "node/8387446837"
    },
    {
      "type": "Feature",
      "properties": {
        "@id": "node/8387446838",
        "amenity": "drinking_water"
      },
      "geometry": {
        "type": "Point",
        "coordinates": [
          81.2052646,
          29.5634128
        ]
      },
      "id": "node/8387446838"
    },
    {
      "type": "Feature",
      "properties": {
        "@id": "node/8387446839",
        "amenity": "drinking_water"
      },
      "geometry": {
        "type": "Point",
        "coordinates": [
          81.2055483,
          29.563397
        ]
      },
      "id": "node/8387446839"
    },
    {
      "type": "Feature",
      "properties": {
        "@id": "node/8387446840",
        "amenity": "drinking_water"
      },
      "geometry": {
        "type": "Point",
        "coordinates": [
          81.2426828,
          29.5379436
        ]
      },
      "id": "node/8387446840"
    },
    {
      "type": "Feature",
      "properties": {
        "@id": "node/8387446841",
        "amenity": "drinking_water"
      },
      "geometry": {
        "type": "Point",
        "coordinates": [
          81.2434784,
          29.5351523
        ]
      },
      "id": "node/8387446841"
    },
    {
      "type": "Feature",
      "properties": {
        "@id": "node/8387446842",
        "amenity": "drinking_water"
      },
      "geometry": {
        "type": "Point",
        "coordinates": [
          81.2441151,
          29.5336905
        ]
      },
      "id": "node/8387446842"
    },
    {
      "type": "Feature",
      "properties": {
        "@id": "node/8387446843",
        "amenity": "drinking_water"
      },
      "geometry": {
        "type": "Point",
        "coordinates": [
          81.2483114,
          29.5269331
        ]
      },
      "id": "node/8387446843"
    },
    {
      "type": "Feature",
      "properties": {
        "@id": "node/8387446844",
        "amenity": "drinking_water"
      },
      "geometry": {
        "type": "Point",
        "coordinates": [
          81.2476221,
          29.5260345
        ]
      },
      "id": "node/8387446844"
    },
    {
      "type": "Feature",
      "properties": {
        "@id": "node/8387446845",
        "amenity": "drinking_water"
      },
      "geometry": {
        "type": "Point",
        "coordinates": [
          81.2327734,
          29.5210446
        ]
      },
      "id": "node/8387446845"
    },
    {
      "type": "Feature",
      "properties": {
        "@id": "node/8387446846",
        "amenity": "drinking_water"
      },
      "geometry": {
        "type": "Point",
        "coordinates": [
          81.2362066,
          29.5195601
        ]
      },
      "id": "node/8387446846"
    },
    {
      "type": "Feature",
      "properties": {
        "@id": "node/8387446847",
        "amenity": "drinking_water"
      },
      "geometry": {
        "type": "Point",
        "coordinates": [
          81.2377596,
          29.518972
        ]
      },
      "id": "node/8387446847"
    },
    {
      "type": "Feature",
      "properties": {
        "@id": "node/8387446848",
        "amenity": "drinking_water"
      },
      "geometry": {
        "type": "Point",
        "coordinates": [
          80.9589788,
          29.5321923
        ]
      },
      "id": "node/8387446848"
    },
    {
      "type": "Feature",
      "properties": {
        "@id": "node/8387446849",
        "amenity": "drinking_water"
      },
      "geometry": {
        "type": "Point",
        "coordinates": [
          80.9583539,
          29.5319787
        ]
      },
      "id": "node/8387446849"
    },
    {
      "type": "Feature",
      "properties": {
        "@id": "node/8387446850",
        "amenity": "drinking_water"
      },
      "geometry": {
        "type": "Point",
        "coordinates": [
          80.9292549,
          29.4864153
        ]
      },
      "id": "node/8387446850"
    },
    {
      "type": "Feature",
      "properties": {
        "@id": "node/8387446851",
        "amenity": "drinking_water"
      },
      "geometry": {
        "type": "Point",
        "coordinates": [
          80.9353992,
          29.4735566
        ]
      },
      "id": "node/8387446851"
    },
    {
      "type": "Feature",
      "properties": {
        "@id": "node/8387446852",
        "amenity": "drinking_water"
      },
      "geometry": {
        "type": "Point",
        "coordinates": [
          80.9405447,
          29.4318206
        ]
      },
      "id": "node/8387446852"
    },
    {
      "type": "Feature",
      "properties": {
        "@id": "node/8387446853",
        "amenity": "drinking_water"
      },
      "geometry": {
        "type": "Point",
        "coordinates": [
          80.9353197,
          29.5063183
        ]
      },
      "id": "node/8387446853"
    },
    {
      "type": "Feature",
      "properties": {
        "@id": "node/8387446854",
        "amenity": "drinking_water"
      },
      "geometry": {
        "type": "Point",
        "coordinates": [
          80.890207,
          29.4827832
        ]
      },
      "id": "node/8387446854"
    },
    {
      "type": "Feature",
      "properties": {
        "@id": "node/8387446855",
        "amenity": "drinking_water"
      },
      "geometry": {
        "type": "Point",
        "coordinates": [
          80.8902177,
          29.4805884
        ]
      },
      "id": "node/8387446855"
    },
    {
      "type": "Feature",
      "properties": {
        "@id": "node/8387446856",
        "amenity": "drinking_water"
      },
      "geometry": {
        "type": "Point",
        "coordinates": [
          80.8787749,
          29.5568651
        ]
      },
      "id": "node/8387446856"
    },
    {
      "type": "Feature",
      "properties": {
        "@id": "node/8387446857",
        "amenity": "drinking_water"
      },
      "geometry": {
        "type": "Point",
        "coordinates": [
          80.9108352,
          29.543995
        ]
      },
      "id": "node/8387446857"
    },
    {
      "type": "Feature",
      "properties": {
        "@id": "node/8387446858",
        "amenity": "drinking_water"
      },
      "geometry": {
        "type": "Point",
        "coordinates": [
          80.9108922,
          29.5439548
        ]
      },
      "id": "node/8387446858"
    },
    {
      "type": "Feature",
      "properties": {
        "@id": "node/8387446859",
        "amenity": "drinking_water"
      },
      "geometry": {
        "type": "Point",
        "coordinates": [
          80.9321759,
          29.5449039
        ]
      },
      "id": "node/8387446859"
    },
    {
      "type": "Feature",
      "properties": {
        "@id": "node/8387446860",
        "amenity": "drinking_water"
      },
      "geometry": {
        "type": "Point",
        "coordinates": [
          80.990991,
          29.4955863
        ]
      },
      "id": "node/8387446860"
    },
    {
      "type": "Feature",
      "properties": {
        "@id": "node/8387446861",
        "amenity": "drinking_water"
      },
      "geometry": {
        "type": "Point",
        "coordinates": [
          81.0112376,
          29.4913693
        ]
      },
      "id": "node/8387446861"
    },
    {
      "type": "Feature",
      "properties": {
        "@id": "node/8387446862",
        "amenity": "drinking_water"
      },
      "geometry": {
        "type": "Point",
        "coordinates": [
          81.0018003,
          29.4758064
        ]
      },
      "id": "node/8387446862"
    },
    {
      "type": "Feature",
      "properties": {
        "@id": "node/8387446863",
        "amenity": "drinking_water"
      },
      "geometry": {
        "type": "Point",
        "coordinates": [
          80.9882686,
          29.4766579
        ]
      },
      "id": "node/8387446863"
    },
    {
      "type": "Feature",
      "properties": {
        "@id": "node/8387446864",
        "amenity": "drinking_water"
      },
      "geometry": {
        "type": "Point",
        "coordinates": [
          80.9238486,
          29.4486638
        ]
      },
      "id": "node/8387446864"
    },
    {
      "type": "Feature",
      "properties": {
        "@id": "node/8387446865",
        "amenity": "drinking_water"
      },
      "geometry": {
        "type": "Point",
        "coordinates": [
          80.9282741,
          29.4495504
        ]
      },
      "id": "node/8387446865"
    },
    {
      "type": "Feature",
      "properties": {
        "@id": "node/8387446866",
        "amenity": "drinking_water"
      },
      "geometry": {
        "type": "Point",
        "coordinates": [
          80.9438699,
          29.4977212
        ]
      },
      "id": "node/8387446866"
    },
    {
      "type": "Feature",
      "properties": {
        "@id": "node/8387446867",
        "amenity": "drinking_water"
      },
      "geometry": {
        "type": "Point",
        "coordinates": [
          81.0163076,
          29.4946372
        ]
      },
      "id": "node/8387446867"
    },
    {
      "type": "Feature",
      "properties": {
        "@id": "node/8387446868",
        "amenity": "drinking_water"
      },
      "geometry": {
        "type": "Point",
        "coordinates": [
          81.0051893,
          29.5049516
        ]
      },
      "id": "node/8387446868"
    },
    {
      "type": "Feature",
      "properties": {
        "@id": "node/8387446869",
        "amenity": "drinking_water"
      },
      "geometry": {
        "type": "Point",
        "coordinates": [
          81.0121204,
          29.5024634
        ]
      },
      "id": "node/8387446869"
    },
    {
      "type": "Feature",
      "properties": {
        "@id": "node/8387446870",
        "amenity": "drinking_water"
      },
      "geometry": {
        "type": "Point",
        "coordinates": [
          80.9311241,
          29.5277522
        ]
      },
      "id": "node/8387446870"
    },
    {
      "type": "Feature",
      "properties": {
        "@id": "node/8387446871",
        "amenity": "drinking_water"
      },
      "geometry": {
        "type": "Point",
        "coordinates": [
          80.9316109,
          29.5298283
        ]
      },
      "id": "node/8387446871"
    },
    {
      "type": "Feature",
      "properties": {
        "@id": "node/8387446872",
        "amenity": "drinking_water"
      },
      "geometry": {
        "type": "Point",
        "coordinates": [
          80.924949,
          29.4434517
        ]
      },
      "id": "node/8387446872"
    },
    {
      "type": "Feature",
      "properties": {
        "@id": "node/8387446873",
        "amenity": "drinking_water"
      },
      "geometry": {
        "type": "Point",
        "coordinates": [
          80.9959269,
          29.4919834
        ]
      },
      "id": "node/8387446873"
    },
    {
      "type": "Feature",
      "properties": {
        "@id": "node/8387446874",
        "amenity": "drinking_water"
      },
      "geometry": {
        "type": "Point",
        "coordinates": [
          80.9979755,
          29.489888
        ]
      },
      "id": "node/8387446874"
    },
    {
      "type": "Feature",
      "properties": {
        "@id": "node/8387446875",
        "amenity": "drinking_water"
      },
      "geometry": {
        "type": "Point",
        "coordinates": [
          80.9983348,
          29.4860053
        ]
      },
      "id": "node/8387446875"
    },
    {
      "type": "Feature",
      "properties": {
        "@id": "node/8387446876",
        "amenity": "drinking_water"
      },
      "geometry": {
        "type": "Point",
        "coordinates": [
          80.9210014,
          29.4533642
        ]
      },
      "id": "node/8387446876"
    },
    {
      "type": "Feature",
      "properties": {
        "@id": "node/8387446877",
        "amenity": "drinking_water"
      },
      "geometry": {
        "type": "Point",
        "coordinates": [
          80.8574733,
          29.6019831
        ]
      },
      "id": "node/8387446877"
    },
    {
      "type": "Feature",
      "properties": {
        "@id": "node/8387535435",
        "amenity": "drinking_water"
      },
      "geometry": {
        "type": "Point",
        "coordinates": [
          81.2859718,
          29.7648721
        ]
      },
      "id": "node/8387535435"
    },
    {
      "type": "Feature",
      "properties": {
        "@id": "node/8387535436",
        "amenity": "drinking_water"
      },
      "geometry": {
        "type": "Point",
        "coordinates": [
          81.2840621,
          29.7705779
        ]
      },
      "id": "node/8387535436"
    },
    {
      "type": "Feature",
      "properties": {
        "@id": "node/8387535438",
        "amenity": "drinking_water"
      },
      "geometry": {
        "type": "Point",
        "coordinates": [
          81.3397801,
          29.724317
        ]
      },
      "id": "node/8387535438"
    },
    {
      "type": "Feature",
      "properties": {
        "@id": "node/8387535439",
        "amenity": "drinking_water"
      },
      "geometry": {
        "type": "Point",
        "coordinates": [
          81.3370603,
          29.6656688
        ]
      },
      "id": "node/8387535439"
    },
    {
      "type": "Feature",
      "properties": {
        "@id": "node/8387535440",
        "amenity": "drinking_water"
      },
      "geometry": {
        "type": "Point",
        "coordinates": [
          81.3235601,
          29.6378886
        ]
      },
      "id": "node/8387535440"
    },
    {
      "type": "Feature",
      "properties": {
        "@id": "node/8387535441",
        "amenity": "drinking_water"
      },
      "geometry": {
        "type": "Point",
        "coordinates": [
          81.2265785,
          29.6624101
        ]
      },
      "id": "node/8387535441"
    },
    {
      "type": "Feature",
      "properties": {
        "@id": "node/8387535442",
        "amenity": "drinking_water"
      },
      "geometry": {
        "type": "Point",
        "coordinates": [
          81.217872,
          29.6590361
        ]
      },
      "id": "node/8387535442"
    },
    {
      "type": "Feature",
      "properties": {
        "@id": "node/8387535443",
        "amenity": "drinking_water"
      },
      "geometry": {
        "type": "Point",
        "coordinates": [
          81.2162456,
          29.6588555
        ]
      },
      "id": "node/8387535443"
    },
    {
      "type": "Feature",
      "properties": {
        "@id": "node/8387535444",
        "amenity": "drinking_water"
      },
      "geometry": {
        "type": "Point",
        "coordinates": [
          81.1982327,
          29.6495412
        ]
      },
      "id": "node/8387535444"
    },
    {
      "type": "Feature",
      "properties": {
        "@id": "node/8387535445",
        "amenity": "drinking_water"
      },
      "geometry": {
        "type": "Point",
        "coordinates": [
          81.2038731,
          29.6406656
        ]
      },
      "id": "node/8387535445"
    },
    {
      "type": "Feature",
      "properties": {
        "@id": "node/8387535446",
        "amenity": "drinking_water"
      },
      "geometry": {
        "type": "Point",
        "coordinates": [
          81.2176212,
          29.6246262
        ]
      },
      "id": "node/8387535446"
    },
    {
      "type": "Feature",
      "properties": {
        "@id": "node/8387535447",
        "amenity": "drinking_water"
      },
      "geometry": {
        "type": "Point",
        "coordinates": [
          81.2176207,
          29.6246081
        ]
      },
      "id": "node/8387535447"
    },
    {
      "type": "Feature",
      "properties": {
        "@id": "node/8387535448",
        "amenity": "drinking_water"
      },
      "geometry": {
        "type": "Point",
        "coordinates": [
          81.2090921,
          29.6149161
        ]
      },
      "id": "node/8387535448"
    },
    {
      "type": "Feature",
      "properties": {
        "@id": "node/8387535449",
        "amenity": "drinking_water"
      },
      "geometry": {
        "type": "Point",
        "coordinates": [
          81.2100001,
          29.6130109
        ]
      },
      "id": "node/8387535449"
    },
    {
      "type": "Feature",
      "properties": {
        "@id": "node/8387535450",
        "amenity": "drinking_water"
      },
      "geometry": {
        "type": "Point",
        "coordinates": [
          81.0811652,
          29.4994803
        ]
      },
      "id": "node/8387535450"
    },
    {
      "type": "Feature",
      "properties": {
        "@id": "node/8387535451",
        "amenity": "drinking_water"
      },
      "geometry": {
        "type": "Point",
        "coordinates": [
          81.0801242,
          29.4976629
        ]
      },
      "id": "node/8387535451"
    },
    {
      "type": "Feature",
      "properties": {
        "@id": "node/8387535452",
        "amenity": "drinking_water"
      },
      "geometry": {
        "type": "Point",
        "coordinates": [
          81.0800081,
          29.4975987
        ]
      },
      "id": "node/8387535452"
    },
    {
      "type": "Feature",
      "properties": {
        "@id": "node/8387535453",
        "amenity": "drinking_water"
      },
      "geometry": {
        "type": "Point",
        "coordinates": [
          80.8291385,
          29.586774
        ]
      },
      "id": "node/8387535453"
    },
    {
      "type": "Feature",
      "properties": {
        "@id": "node/8387535454",
        "amenity": "drinking_water"
      },
      "geometry": {
        "type": "Point",
        "coordinates": [
          80.9004356,
          29.5449803
        ]
      },
      "id": "node/8387535454"
    },
    {
      "type": "Feature",
      "properties": {
        "@id": "node/8387539856",
        "amenity": "drinking_water"
      },
      "geometry": {
        "type": "Point",
        "coordinates": [
          81.3184053,
          29.7304115
        ]
      },
      "id": "node/8387539856"
    },
    {
      "type": "Feature",
      "properties": {
        "@id": "node/8387539857",
        "amenity": "drinking_water"
      },
      "geometry": {
        "type": "Point",
        "coordinates": [
          81.3249451,
          29.7298788
        ]
      },
      "id": "node/8387539857"
    },
    {
      "type": "Feature",
      "properties": {
        "@id": "node/8387539858",
        "amenity": "drinking_water"
      },
      "geometry": {
        "type": "Point",
        "coordinates": [
          81.3313009,
          29.7258117
        ]
      },
      "id": "node/8387539858"
    },
    {
      "type": "Feature",
      "properties": {
        "@id": "node/8387539859",
        "amenity": "drinking_water"
      },
      "geometry": {
        "type": "Point",
        "coordinates": [
          81.3337706,
          29.7255788
        ]
      },
      "id": "node/8387539859"
    },
    {
      "type": "Feature",
      "properties": {
        "@id": "node/8387539860",
        "amenity": "drinking_water"
      },
      "geometry": {
        "type": "Point",
        "coordinates": [
          81.2669948,
          29.7813829
        ]
      },
      "id": "node/8387539860"
    },
    {
      "type": "Feature",
      "properties": {
        "@id": "node/8387539861",
        "amenity": "drinking_water"
      },
      "geometry": {
        "type": "Point",
        "coordinates": [
          81.2780972,
          29.7741746
        ]
      },
      "id": "node/8387539861"
    },
    {
      "type": "Feature",
      "properties": {
        "@id": "node/8387539862",
        "amenity": "drinking_water"
      },
      "geometry": {
        "type": "Point",
        "coordinates": [
          81.2782217,
          29.7729422
        ]
      },
      "id": "node/8387539862"
    },
    {
      "type": "Feature",
      "properties": {
        "@id": "node/8387539863",
        "amenity": "drinking_water"
      },
      "geometry": {
        "type": "Point",
        "coordinates": [
          80.9410754,
          29.645616
        ]
      },
      "id": "node/8387539863"
    },
    {
      "type": "Feature",
      "properties": {
        "@id": "node/8387539864",
        "amenity": "drinking_water"
      },
      "geometry": {
        "type": "Point",
        "coordinates": [
          80.9402971,
          29.6450371
        ]
      },
      "id": "node/8387539864"
    },
    {
      "type": "Feature",
      "properties": {
        "@id": "node/8387539865",
        "amenity": "drinking_water"
      },
      "geometry": {
        "type": "Point",
        "coordinates": [
          80.9023655,
          29.6359565
        ]
      },
      "id": "node/8387539865"
    },
    {
      "type": "Feature",
      "properties": {
        "@id": "node/8387539866",
        "amenity": "drinking_water"
      },
      "geometry": {
        "type": "Point",
        "coordinates": [
          80.9243639,
          29.6336994
        ]
      },
      "id": "node/8387539866"
    },
    {
      "type": "Feature",
      "properties": {
        "@id": "node/8387539867",
        "amenity": "drinking_water"
      },
      "geometry": {
        "type": "Point",
        "coordinates": [
          80.9231878,
          29.6292657
        ]
      },
      "id": "node/8387539867"
    },
    {
      "type": "Feature",
      "properties": {
        "@id": "node/8387539868",
        "amenity": "drinking_water"
      },
      "geometry": {
        "type": "Point",
        "coordinates": [
          80.9765456,
          29.6405095
        ]
      },
      "id": "node/8387539868"
    },
    {
      "type": "Feature",
      "properties": {
        "@id": "node/8387539869",
        "amenity": "drinking_water"
      },
      "geometry": {
        "type": "Point",
        "coordinates": [
          80.9842581,
          29.6409239
        ]
      },
      "id": "node/8387539869"
    },
    {
      "type": "Feature",
      "properties": {
        "@id": "node/8387539870",
        "amenity": "drinking_water"
      },
      "geometry": {
        "type": "Point",
        "coordinates": [
          80.9844053,
          29.6413017
        ]
      },
      "id": "node/8387539870"
    },
    {
      "type": "Feature",
      "properties": {
        "@id": "node/8387539871",
        "amenity": "drinking_water"
      },
      "geometry": {
        "type": "Point",
        "coordinates": [
          81.009264,
          29.6636665
        ]
      },
      "id": "node/8387539871"
    },
    {
      "type": "Feature",
      "properties": {
        "@id": "node/8387556017",
        "amenity": "drinking_water"
      },
      "geometry": {
        "type": "Point",
        "coordinates": [
          81.2793347,
          29.7786627
        ]
      },
      "id": "node/8387556017"
    },
    {
      "type": "Feature",
      "properties": {
        "@id": "node/8387556018",
        "amenity": "drinking_water"
      },
      "geometry": {
        "type": "Point",
        "coordinates": [
          81.2822462,
          29.7760064
        ]
      },
      "id": "node/8387556018"
    },
    {
      "type": "Feature",
      "properties": {
        "@id": "node/8387556019",
        "amenity": "drinking_water"
      },
      "geometry": {
        "type": "Point",
        "coordinates": [
          81.2823023,
          29.7752944
        ]
      },
      "id": "node/8387556019"
    },
    {
      "type": "Feature",
      "properties": {
        "@id": "node/8387566607",
        "amenity": "drinking_water"
      },
      "geometry": {
        "type": "Point",
        "coordinates": [
          81.2209041,
          29.5428737
        ]
      },
      "id": "node/8387566607"
    },
    {
      "type": "Feature",
      "properties": {
        "@id": "node/8387566608",
        "amenity": "drinking_water"
      },
      "geometry": {
        "type": "Point",
        "coordinates": [
          81.2210321,
          29.5428081
        ]
      },
      "id": "node/8387566608"
    },
    {
      "type": "Feature",
      "properties": {
        "@id": "node/8387566609",
        "amenity": "drinking_water"
      },
      "geometry": {
        "type": "Point",
        "coordinates": [
          81.079896,
          29.5150351
        ]
      },
      "id": "node/8387566609"
    },
    {
      "type": "Feature",
      "properties": {
        "@id": "node/8387566610",
        "amenity": "drinking_water"
      },
      "geometry": {
        "type": "Point",
        "coordinates": [
          81.1143413,
          29.5229343
        ]
      },
      "id": "node/8387566610"
    },
    {
      "type": "Feature",
      "properties": {
        "@id": "node/8387566611",
        "amenity": "drinking_water"
      },
      "geometry": {
        "type": "Point",
        "coordinates": [
          81.1453484,
          29.5212996
        ]
      },
      "id": "node/8387566611"
    },
    {
      "type": "Feature",
      "properties": {
        "@id": "node/8387566612",
        "amenity": "drinking_water"
      },
      "geometry": {
        "type": "Point",
        "coordinates": [
          81.3384664,
          29.7251876
        ]
      },
      "id": "node/8387566612"
    },
    {
      "type": "Feature",
      "properties": {
        "@id": "node/8387582294",
        "amenity": "drinking_water"
      },
      "geometry": {
        "type": "Point",
        "coordinates": [
          81.2043513,
          29.5696843
        ]
      },
      "id": "node/8387582294"
    },
    {
      "type": "Feature",
      "properties": {
        "@id": "node/8387582295",
        "amenity": "drinking_water"
      },
      "geometry": {
        "type": "Point",
        "coordinates": [
          81.2005222,
          29.6221958
        ]
      },
      "id": "node/8387582295"
    },
    {
      "type": "Feature",
      "properties": {
        "@id": "node/8389054151",
        "amenity": "drinking_water"
      },
      "geometry": {
        "type": "Point",
        "coordinates": [
          80.8674538,
          29.5708408
        ]
      },
      "id": "node/8389054151"
    },
    {
      "type": "Feature",
      "properties": {
        "@id": "node/8406212230",
        "amenity": "drinking_water"
      },
      "geometry": {
        "type": "Point",
        "coordinates": [
          75.8643331,
          27.0165605
        ]
      },
      "id": "node/8406212230"
    },
    {
      "type": "Feature",
      "properties": {
        "@id": "node/8457279456",
        "addr:city": "Dhangahdi Submetropolitan City",
        "addr:place": "Dhangadhi SMPC Ward No 13 Chandra Tole",
        "amenity": "drinking_water",
        "drinking_water": "yes",
        "man_made": "water_tap",
        "name": "Chandra Tole Sarbajanik Dhara",
        "opening_hours": "24/7"
      },
      "geometry": {
        "type": "Point",
        "coordinates": [
          80.5761084,
          28.7423408
        ]
      },
      "id": "node/8457279456"
    },
    {
      "type": "Feature",
      "properties": {
        "@id": "node/8457279457",
        "addr:city": "Dhangahdi Submetropolitan City",
        "addr:place": "Dhangadhi SMPC Ward No 13 Kailali Gaun",
        "amenity": "drinking_water",
        "drinking_water": "yes",
        "man_made": "water_tap",
        "name": "Kailali Gaun Sarbajanik Dhara",
        "opening_hours": "24/7"
      },
      "geometry": {
        "type": "Point",
        "coordinates": [
          80.5768065,
          28.7456748
        ]
      },
      "id": "node/8457279457"
    },
    {
      "type": "Feature",
      "properties": {
        "@id": "node/8460751953",
        "addr:city": "Dhangahdi Submetropolitan City",
        "addr:place": "Dhangadhi SMPC Ward No 13 Airport",
        "amenity": "drinking_water",
        "contact:phone": "9868451130",
        "man_made": "pumping_station",
        "name": "Sinchai Deep Boaring",
        "opening_hours": "24/7",
        "operator": "Private"
      },
      "geometry": {
        "type": "Point",
        "coordinates": [
          80.5779918,
          28.7594194
        ]
      },
      "id": "node/8460751953"
    },
    {
      "type": "Feature",
      "properties": {
        "@id": "node/8463781451",
        "addr:city": "Dhangahdi Submetropolitan City",
        "addr:place": "Dhangadhi SMPC Ward No 13 Rajpur",
        "amenity": "drinking_water",
        "name": "Deep Tubewell Rajpur",
        "opening_hours": "24/7",
        "operator:type": "public"
      },
      "geometry": {
        "type": "Point",
        "coordinates": [
          80.5589637,
          28.7440497
        ]
      },
      "id": "node/8463781451"
    },
    {
      "type": "Feature",
      "properties": {
        "@id": "node/8464069537",
        "addr:city": "Dhangahdi Submetropolitan City",
        "addr:place": "Dhangadhi SMPC Ward No 17 Damauliya",
        "amenity": "drinking_water",
        "man_made": "water_tap",
        "name": "Deep Tubewell Damauliya",
        "opening_hours": "24/7",
        "operator:type": "public"
      },
      "geometry": {
        "type": "Point",
        "coordinates": [
          80.6927472,
          28.7622067
        ]
      },
      "id": "node/8464069537"
    },
    {
      "type": "Feature",
      "properties": {
        "@id": "node/8464280541",
        "addr:city": "Dhangahdi Submetropolitan City",
        "addr:place": "Dhangadhi SMPC Ward No 17 Dhurjanna",
        "amenity": "drinking_water",
        "drinking_water": "yes",
        "name": "Deep Tubewell Dhurjanna",
        "opening_hours": "24/7",
        "operator:type": "public"
      },
      "geometry": {
        "type": "Point",
        "coordinates": [
          80.6709059,
          28.7521685
        ]
      },
      "id": "node/8464280541"
    },
    {
      "type": "Feature",
      "properties": {
        "@id": "node/8464280542",
        "addr:city": "Dhangahdi Submetropolitan City",
        "addr:place": "Dhangadhi SMPC Ward No 17 Sarauta",
        "amenity": "drinking_water",
        "drinking_water": "yes",
        "man_made": "water_tap",
        "name": "Deep Tubewell Sarauta",
        "opening_hours": "24/7",
        "operator:type": "public"
      },
      "geometry": {
        "type": "Point",
        "coordinates": [
          80.6686958,
          28.760689
        ]
      },
      "id": "node/8464280542"
    },
    {
      "type": "Feature",
      "properties": {
        "@id": "node/8464459719",
        "addr:city": "Dhangahdi Submetropolitan City",
        "addr:place": "Dhangadhi SMPC Ward No 17 Sarita Gaun",
        "amenity": "drinking_water",
        "name": "Sarauta Gaun Automatic Boaring",
        "opening_hours": "24/7",
        "operator:type": "public"
      },
      "geometry": {
        "type": "Point",
        "coordinates": [
          80.6740018,
          28.7600239
        ]
      },
      "id": "node/8464459719"
    },
    {
      "type": "Feature",
      "properties": {
        "@id": "node/8464459745",
        "addr:city": "Dhangahdi Submetropolitan City",
        "addr:place": "Dhangadhi SMPC Ward No 17",
        "amenity": "drinking_water",
        "name": "Deep Boaring Dhurjanna"
      },
      "geometry": {
        "type": "Point",
        "coordinates": [
          80.6631997,
          28.7558424
        ]
      },
      "id": "node/8464459745"
    },
    {
      "type": "Feature",
      "properties": {
        "@id": "node/8464459747",
        "addr:city": "Dhangahdi Submetropolitan City",
        "addr:place": "Dhangadhi SMPC Ward No 17 Dhurjanna",
        "amenity": "drinking_water",
        "name": "Dhurjanna Deep Boaring"
      },
      "geometry": {
        "type": "Point",
        "coordinates": [
          80.6651423,
          28.7235225
        ]
      },
      "id": "node/8464459747"
    },
    {
      "type": "Feature",
      "properties": {
        "@id": "node/8600944872",
        "addr:city": "Pokhara Lekhnath Metropolitian City",
        "addr:place": "Viral Chaur",
        "amenity": "drinking_water",
        "drinking_water": "yes",
        "man_made": "water_tap",
        "name": "Viral Chaur Public Tap"
      },
      "geometry": {
        "type": "Point",
        "coordinates": [
          83.9890781,
          28.1563268
        ]
      },
      "id": "node/8600944872"
    },
    {
      "type": "Feature",
      "properties": {
        "@id": "node/8612087070",
        "amenity": "drinking_water",
        "name": "water tank brahmdev"
      },
      "geometry": {
        "type": "Point",
        "coordinates": [
          80.1396696,
          29.0643417
        ]
      },
      "id": "node/8612087070"
    },
    {
      "type": "Feature",
      "properties": {
        "@id": "node/8678002106",
        "amenity": "drinking_water"
      },
      "geometry": {
        "type": "Point",
        "coordinates": [
          83.613834,
          28.2551504
        ]
      },
      "id": "node/8678002106"
    },
    {
      "type": "Feature",
      "properties": {
        "@id": "node/8829476041",
        "addr:city": "Dhangahdi Submetropolitan City",
        "addr:place": "Dhangahdi Submetropolitan City Ward No 19-Kheda",
        "amenity": "drinking_water",
        "name": "Raised Tubewell",
        "opening_hours": "24/7",
        "operator:type": "public",
        "water_source": "tubewell"
      },
      "geometry": {
        "type": "Point",
        "coordinates": [
          80.7136228,
          28.5847693
        ]
      },
      "id": "node/8829476041"
    },
    {
      "type": "Feature",
      "properties": {
        "@id": "node/8829476042",
        "addr:city": "Dhangahdi Submetropolitan City",
        "addr:place": "Dhangahdi Submetropolitan City Ward No 19-Kheda",
        "amenity": "drinking_water",
        "name": "Raised Tubewell",
        "opening_hours": "24/7",
        "operator:type": "public",
        "water_source": "tubewell"
      },
      "geometry": {
        "type": "Point",
        "coordinates": [
          80.7134417,
          28.5867905
        ]
      },
      "id": "node/8829476042"
    },
    {
      "type": "Feature",
      "properties": {
        "@id": "node/8829476043",
        "addr:city": "Dhangahdi Submetropolitan City",
        "addr:place": "Dhangahdi Submetropolitan City Ward No 19-Kheda",
        "amenity": "drinking_water",
        "name": "Raised Tubewell",
        "opening_hours": "24/7",
        "operator:type": "public",
        "water_source": "tubewell"
      },
      "geometry": {
        "type": "Point",
        "coordinates": [
          80.7129394,
          28.5851812
        ]
      },
      "id": "node/8829476043"
    },
    {
      "type": "Feature",
      "properties": {
        "@id": "node/8829476044",
        "addr:city": "Dhangahdi Submetropolitan City",
        "addr:place": "Dhangahdi Submetropolitan City Ward No 19-Kheda",
        "amenity": "drinking_water",
        "name": "Raised Tubewell",
        "opening_hours": "24/7",
        "operator:type": "public",
        "water_source": "tubewell"
      },
      "geometry": {
        "type": "Point",
        "coordinates": [
          80.7122764,
          28.5858023
        ]
      },
      "id": "node/8829476044"
    },
    {
      "type": "Feature",
      "properties": {
        "@id": "node/8932531967",
        "amenity": "drinking_water"
      },
      "geometry": {
        "type": "Point",
        "coordinates": [
          76.6328925,
          28.7112509
        ]
      },
      "id": "node/8932531967"
    },
    {
      "type": "Feature",
      "properties": {
        "@id": "node/8943081220",
        "amenity": "drinking_water",
        "man_made": "water_tap"
      },
      "geometry": {
        "type": "Point",
        "coordinates": [
          81.8760498,
          28.7940574
        ]
      },
      "id": "node/8943081220"
    },
    {
      "type": "Feature",
      "properties": {
        "@id": "node/8980027280",
        "amenity": "drinking_water"
      },
      "geometry": {
        "type": "Point",
        "coordinates": [
          77.2903885,
          28.6203137
        ]
      },
      "id": "node/8980027280"
    },
    {
      "type": "Feature",
      "properties": {
        "@id": "node/9091109723",
        "amenity": "drinking_water",
        "man_made": "water_tap"
      },
      "geometry": {
        "type": "Point",
        "coordinates": [
          77.2408367,
          28.6377104
        ]
      },
      "id": "node/9091109723"
    },
    {
      "type": "Feature",
      "properties": {
        "@id": "node/9093701776",
        "amenity": "drinking_water",
        "level": "0"
      },
      "geometry": {
        "type": "Point",
        "coordinates": [
          77.3095541,
          28.6330008
        ]
      },
      "id": "node/9093701776"
    },
    {
      "type": "Feature",
      "properties": {
        "@id": "node/9100046761",
        "amenity": "drinking_water",
        "name": "Water Point"
      },
      "geometry": {
        "type": "Point",
        "coordinates": [
          77.1356399,
          32.4825158
        ]
      },
      "id": "node/9100046761"
    },
    {
      "type": "Feature",
      "properties": {
        "@id": "node/9100128026",
        "amenity": "drinking_water"
      },
      "geometry": {
        "type": "Point",
        "coordinates": [
          77.1369798,
          32.4801086
        ]
      },
      "id": "node/9100128026"
    },
    {
      "type": "Feature",
      "properties": {
        "@id": "node/9107199072",
        "addr:city": "khajura-RM",
        "addr:place": "ward-2 babaesthan",
        "amenity": "drinking_water",
        "contact:phone": "9848146724",
        "name": "water management tank",
        "operator:type": "public"
      },
      "geometry": {
        "type": "Point",
        "coordinates": [
          81.521093,
          28.1023344
        ]
      },
      "id": "node/9107199072"
    },
    {
      "type": "Feature",
      "properties": {
        "@id": "node/9109971152",
        "addr:city": "khajura-RM",
        "addr:place": "ward-2 rimjhim chowk",
        "amenity": "drinking_water",
        "contact:phone": "9848146724",
        "name": "sitapur drinking water",
        "operator:type": "public"
      },
      "geometry": {
        "type": "Point",
        "coordinates": [
          81.5434569,
          28.0921603
        ]
      },
      "id": "node/9109971152"
    },
    {
      "type": "Feature",
      "properties": {
        "@id": "node/9112800206",
        "addr:city": "khajura-RM",
        "addr:place": "ward-5. rajanawa",
        "amenity": "drinking_water",
        "contact:phone": "9816515544",
        "name": "rahanawa khane pani tatha sarsafae upobhokta samiti",
        "operator:type": "public"
      },
      "geometry": {
        "type": "Point",
        "coordinates": [
          81.550821,
          28.1279288
        ]
      },
      "id": "node/9112800206"
    },
    {
      "type": "Feature",
      "properties": {
        "@id": "node/9113361245",
        "addr:city": "khajura-5",
        "addr:place": "ward-5 basantapur yelani",
        "amenity": "drinking_water"
      },
      "geometry": {
        "type": "Point",
        "coordinates": [
          81.529093,
          28.1072919
        ]
      },
      "id": "node/9113361245"
    },
    {
      "type": "Feature",
      "properties": {
        "@id": "node/9139572836",
        "amenity": "drinking_water"
      },
      "geometry": {
        "type": "Point",
        "coordinates": [
          84.1524077,
          28.2137205
        ]
      },
      "id": "node/9139572836"
    },
    {
      "type": "Feature",
      "properties": {
        "@id": "node/9192595302",
        "amenity": "drinking_water"
      },
      "geometry": {
        "type": "Point",
        "coordinates": [
          86.1965189,
          22.8158527
        ]
      },
      "id": "node/9192595302"
    },
    {
      "type": "Feature",
      "properties": {
        "@id": "node/9192603362",
        "amenity": "drinking_water"
      },
      "geometry": {
        "type": "Point",
        "coordinates": [
          86.1953459,
          22.812549
        ]
      },
      "id": "node/9192603362"
    },
    {
      "type": "Feature",
      "properties": {
        "@id": "node/9225745818",
        "amenity": "drinking_water",
        "name:en": "bahadurpur"
      },
      "geometry": {
        "type": "Point",
        "coordinates": [
          77.7957802,
          27.497421
        ]
      },
      "id": "node/9225745818"
    },
    {
      "type": "Feature",
      "properties": {
        "@id": "node/9227167529",
        "amenity": "drinking_water"
      },
      "geometry": {
        "type": "Point",
        "coordinates": [
          82.1091812,
          28.2304629
        ]
      },
      "id": "node/9227167529"
    },
    {
      "type": "Feature",
      "properties": {
        "@id": "node/9230388432",
        "amenity": "drinking_water",
        "name": "पानी धारा"
      },
      "geometry": {
        "type": "Point",
        "coordinates": [
          82.1129872,
          28.2272714
        ]
      },
      "id": "node/9230388432"
    },
    {
      "type": "Feature",
      "properties": {
        "@id": "node/9237329248",
        "amenity": "drinking_water"
      },
      "geometry": {
        "type": "Point",
        "coordinates": [
          77.2124628,
          28.6292365
        ]
      },
      "id": "node/9237329248"
    },
    {
      "type": "Feature",
      "properties": {
        "@id": "node/9239636391",
        "amenity": "drinking_water",
        "man_made": "water_tower",
        "name": "हापुरे - पुरन्धारा खानेपानी",
        "name:ne": "हापुरे - पुरन्धारा खानेपानी"
      },
      "geometry": {
        "type": "Point",
        "coordinates": [
          82.1508171,
          28.2111789
        ]
      },
      "id": "node/9239636391"
    },
    {
      "type": "Feature",
      "properties": {
        "@id": "node/9242825118",
        "addr:city": "Duduwa Rural Municipality",
        "addr:place": "Suryalalpurwa_3",
        "amenity": "drinking_water",
        "drinking_water": "no",
        "man_made": "water_well",
        "name": "Well",
        "operator": "Public"
      },
      "geometry": {
        "type": "Point",
        "coordinates": [
          81.6940945,
          28.0470578
        ]
      },
      "id": "node/9242825118"
    },
    {
      "type": "Feature",
      "properties": {
        "@id": "node/9242867581",
        "access": "yes",
        "addr:place": "Tiwaripurwa_3",
        "amenity": "drinking_water",
        "drinking_water": "no",
        "man_made": "water_well",
        "operator": "Public"
      },
      "geometry": {
        "type": "Point",
        "coordinates": [
          81.6891792,
          28.0468824
        ]
      },
      "id": "node/9242867581"
    },
    {
      "type": "Feature",
      "properties": {
        "@id": "node/9242876323",
        "addr:city": "Duduwa Rural Municipality",
        "addr:place": "Babupurwa-3",
        "amenity": "drinking_water",
        "drinking_water": "no",
        "man_made": "water_well",
        "name": "Well",
        "operator": "Public"
      },
      "geometry": {
        "type": "Point",
        "coordinates": [
          81.6822067,
          28.0456051
        ]
      },
      "id": "node/9242876323"
    },
    {
      "type": "Feature",
      "properties": {
        "@id": "node/9247947624",
        "access": "yes",
        "addr:city": "Lekbeshi",
        "addr:street": "Chaukune Chowk",
        "amenity": "drinking_water",
        "description": "24 hours water access",
        "drinking_water": "yes",
        "man_made": "water_tap",
        "name": "ChaukuneChowk -Dhara",
        "opening_hours:covid19": "24/7",
        "operator:type": "public"
      },
      "geometry": {
        "type": "Point",
        "coordinates": [
          81.8113273,
          28.4721175
        ]
      },
      "id": "node/9247947624"
    },
    {
      "type": "Feature",
      "properties": {
        "@id": "node/9249632079",
        "addr:city": "Duduwa Rural Municipality",
        "addr:place": "Molhupurwa 4",
        "amenity": "drinking_water",
        "content": "water",
        "drinking_water:seasonal": "yes",
        "man_made": "storage_tank",
        "name": "khanepani tyanky"
      },
      "geometry": {
        "type": "Point",
        "coordinates": [
          81.6856591,
          28.0666926
        ]
      },
      "id": "node/9249632079"
    },
    {
      "type": "Feature",
      "properties": {
        "@id": "node/9252500958",
        "access": "yes",
        "addr:place": "Jhekreni,kholtepani-06",
        "addr:street": "dhuliabit bhedabari",
        "amenity": "drinking_water",
        "wheelchair": "no"
      },
      "geometry": {
        "type": "Point",
        "coordinates": [
          81.7431031,
          28.5048776
        ]
      },
      "id": "node/9252500958"
    },
    {
      "type": "Feature",
      "properties": {
        "@id": "node/9252507665",
        "access": "yes",
        "addr:city": "Lekbeshi",
        "addr:place": "Tallo Sattale-06",
        "amenity": "drinking_water"
      },
      "geometry": {
        "type": "Point",
        "coordinates": [
          81.7454422,
          28.5291759
        ]
      },
      "id": "node/9252507665"
    },
    {
      "type": "Feature",
      "properties": {
        "@id": "node/9253610058",
        "addr:city": "babai ruralmuncipality",
        "amenity": "drinking_water",
        "content": "water",
        "drinking_water": "yes",
        "man_made": "storage_tank",
        "name": "हापुरे - पुरन्धारा खानेपानी"
      },
      "geometry": {
        "type": "Point",
        "coordinates": [
          82.1394987,
          28.2010721
        ]
      },
      "id": "node/9253610058"
    },
    {
      "type": "Feature",
      "properties": {
        "@id": "node/9264174057",
        "addr:city": "Birendranagar",
        "addr:place": "Kakrebihar -09",
        "amenity": "drinking_water",
        "man_made": "water_tap",
        "name": "काँक्रे बिहार पानी धारा",
        "name:en": "Kankre Bihar - pani dhara",
        "name:ne": "काँक्रे बिहार पानी धारा",
        "operator:type": "community"
      },
      "geometry": {
        "type": "Point",
        "coordinates": [
          81.6222586,
          28.5647103
        ]
      },
      "id": "node/9264174057"
    },
    {
      "type": "Feature",
      "properties": {
        "@id": "node/9265488916",
        "access": "yes",
        "addr:city": "Birendranagar",
        "addr:place": "pipal chautara-06",
        "amenity": "drinking_water"
      },
      "geometry": {
        "type": "Point",
        "coordinates": [
          81.6150427,
          28.5980586
        ]
      },
      "id": "node/9265488916"
    },
    {
      "type": "Feature",
      "properties": {
        "@id": "node/9265783112",
        "access": "yes",
        "addr:city": "Birendranagar",
        "addr:place": "Bulbule -10",
        "amenity": "drinking_water",
        "drinking_water": "yes",
        "man_made": "water_tap",
        "name": "Bulbule Paani Dhara"
      },
      "geometry": {
        "type": "Point",
        "coordinates": [
          81.6200093,
          28.5862683
        ]
      },
      "id": "node/9265783112"
    },
    {
      "type": "Feature",
      "properties": {
        "@id": "node/9274110306",
        "amenity": "drinking_water",
        "drinking_water": "yes",
        "man_made": "water_tap",
        "name": "चौकी डाँडा धारा",
        "name:en": "Chauki Danda Dhara",
        "name:ne": "चौकी डाँडा धारा",
        "opening_hours": "24/7",
        "operator:type": "community"
      },
      "geometry": {
        "type": "Point",
        "coordinates": [
          81.5765594,
          28.6100905
        ]
      },
      "id": "node/9274110306"
    },
    {
      "type": "Feature",
      "properties": {
        "@id": "node/9274110307",
        "amenity": "drinking_water",
        "drinking_water": "yes",
        "man_made": "water_tap",
        "name": "चौकी डाँडा धारा",
        "name:en": "Chauki Danda Dhara",
        "name:ne": "चौकी डाँडा धारा",
        "opening_hours": "24/7",
        "operator:type": "community"
      },
      "geometry": {
        "type": "Point",
        "coordinates": [
          81.5755324,
          28.6108087
        ]
      },
      "id": "node/9274110307"
    },
    {
      "type": "Feature",
      "properties": {
        "@id": "node/9288183514",
        "addr:city": "राप्ती गाउँपालिका दाङ",
        "addr:place": "लालमटिया",
        "addr:street": "राप्ती ०२",
        "amenity": "drinking_water",
        "contact:phone": "9847862153",
        "name": "लालमटिया बृहत खानेपानी आयोजना"
      },
      "geometry": {
        "type": "Point",
        "coordinates": [
          82.7285415,
          27.8441221
        ]
      },
      "id": "node/9288183514"
    },
    {
      "type": "Feature",
      "properties": {
        "@id": "node/9288385844",
        "addr:city": "राप्ती गाउँपालिका ३ दाङ",
        "addr:place": "बागडड्डी",
        "amenity": "drinking_water",
        "contact:phone": "9888642898",
        "name": "श्री चौर खानेपानी ट्याङ्की"
      },
      "geometry": {
        "type": "Point",
        "coordinates": [
          82.7095935,
          27.8478231
        ]
      },
      "id": "node/9288385844"
    },
    {
      "type": "Feature",
      "properties": {
        "@id": "node/9289251157",
        "addr:city": "राप्ती गाउँपालिका दाङ",
        "addr:place": "राप्ती ५",
        "addr:street": "कालापानी",
        "amenity": "drinking_water",
        "contact:phone": "९८४७८४८२८७",
        "name": "खानेपानी बोरिङ"
      },
      "geometry": {
        "type": "Point",
        "coordinates": [
          82.6504024,
          27.8507581
        ]
      },
      "id": "node/9289251157"
    },
    {
      "type": "Feature",
      "properties": {
        "@id": "node/9289295043",
        "addr:city": "राप्ती गाउँपालिका दाङ",
        "addr:place": "भुल्के",
        "amenity": "drinking_water",
        "contact:phone": "९८०१३३२५८६",
        "name": "भुल्के पानीको मुहान"
      },
      "geometry": {
        "type": "Point",
        "coordinates": [
          82.6439087,
          27.8787234
        ]
      },
      "id": "node/9289295043"
    },
    {
      "type": "Feature",
      "properties": {
        "@id": "node/9385112045",
        "access": "yes",
        "addr:city": "Lekbeshi",
        "addr:place": "Lekbeshi-4 Melpani",
        "amenity": "drinking_water",
        "man_made": "water_well",
        "name": "Khane pani Kuwa- Dasrathpur",
        "pump": "no"
      },
      "geometry": {
        "type": "Point",
        "coordinates": [
          81.7585365,
          28.4958653
        ]
      },
      "id": "node/9385112045"
    },
    {
      "type": "Feature",
      "properties": {
        "@id": "node/9385162273",
        "access": "yes",
        "addr:city": "lekbeshi",
        "addr:place": "Lekbeshi-04 Maseri",
        "amenity": "drinking_water",
        "drinking_water": "yes",
        "man_made": "water_tap",
        "name": "Maseri Khane Pani Dhara"
      },
      "geometry": {
        "type": "Point",
        "coordinates": [
          81.7893319,
          28.5133448
        ]
      },
      "id": "node/9385162273"
    },
    {
      "type": "Feature",
      "properties": {
        "@id": "node/9405008372",
        "amenity": "drinking_water"
      },
      "geometry": {
        "type": "Point",
        "coordinates": [
          83.9760848,
          28.2538152
        ]
      },
      "id": "node/9405008372"
    },
    {
      "type": "Feature",
      "properties": {
        "@id": "node/9490469099",
        "amenity": "drinking_water",
        "indoor": "yes"
      },
      "geometry": {
        "type": "Point",
        "coordinates": [
          83.9770008,
          28.2554501
        ]
      },
      "id": "node/9490469099"
    },
    {
      "type": "Feature",
      "properties": {
        "@id": "node/9523779551",
        "amenity": "drinking_water"
      },
      "geometry": {
        "type": "Point",
        "coordinates": [
          85.5171818,
          27.586709
        ]
      },
      "id": "node/9523779551"
    },
    {
      "type": "Feature",
      "properties": {
        "@id": "node/9523779584",
        "amenity": "drinking_water"
      },
      "geometry": {
        "type": "Point",
        "coordinates": [
          85.5194329,
          27.5868373
        ]
      },
      "id": "node/9523779584"
    },
    {
      "type": "Feature",
      "properties": {
        "@id": "node/9523779632",
        "amenity": "drinking_water"
      },
      "geometry": {
        "type": "Point",
        "coordinates": [
          85.5282225,
          27.5869931
        ]
      },
      "id": "node/9523779632"
    },
    {
      "type": "Feature",
      "properties": {
        "@id": "node/9524047014",
        "addr:municipality": "panauti_municipality",
        "addr:province": "bagmati",
        "amenity": "drinking_water",
        "name:en": "Tap (Dhunge Dharo)"
      },
      "geometry": {
        "type": "Point",
        "coordinates": [
          85.5151065,
          27.585384
        ]
      },
      "id": "node/9524047014"
    },
    {
      "type": "Feature",
      "properties": {
        "@id": "node/9527529314",
        "addr:municipality": "sainamaina_municipality",
        "addr:province": "lumbini",
        "amenity": "drinking_water",
        "name:en": "Pipaldada Khanepani Sasthan"
      },
      "geometry": {
        "type": "Point",
        "coordinates": [
          83.275434,
          27.697878
        ]
      },
      "id": "node/9527529314"
    },
    {
      "type": "Feature",
      "properties": {
        "@id": "node/9536753695",
        "amenity": "drinking_water"
      },
      "geometry": {
        "type": "Point",
        "coordinates": [
          77.1829071,
          28.5216046
        ]
      },
      "id": "node/9536753695"
    },
    {
      "type": "Feature",
      "properties": {
        "@id": "node/9555344687",
        "access": "yes",
        "amenity": "drinking_water",
        "bottle": "yes"
      },
      "geometry": {
        "type": "Point",
        "coordinates": [
          77.2960052,
          28.6222886
        ]
      },
      "id": "node/9555344687"
    },
    {
      "type": "Feature",
      "properties": {
        "@id": "node/9561659517",
        "amenity": "drinking_water",
        "name": "Drinking water station"
      },
      "geometry": {
        "type": "Point",
        "coordinates": [
          88.3915172,
          22.5843166
        ]
      },
      "id": "node/9561659517"
    },
    {
      "type": "Feature",
      "properties": {
        "@id": "node/9561659617",
        "amenity": "drinking_water",
        "name": "Drinking water station"
      },
      "geometry": {
        "type": "Point",
        "coordinates": [
          88.3908135,
          22.5802803
        ]
      },
      "id": "node/9561659617"
    },
    {
      "type": "Feature",
      "properties": {
        "@id": "node/9579063807",
        "access": "yes",
        "amenity": "drinking_water",
        "fee": "no",
        "operator": "11 No Union Parishad",
        "wheelchair": "no"
      },
      "geometry": {
        "type": "Point",
        "coordinates": [
          88.9254406,
          23.2577532
        ]
      },
      "id": "node/9579063807"
    },
    {
      "type": "Feature",
      "properties": {
        "@id": "node/9579651572",
        "amenity": "drinking_water"
      },
      "geometry": {
        "type": "Point",
        "coordinates": [
          77.3014698,
          28.6213916
        ]
      },
      "id": "node/9579651572"
    },
    {
      "type": "Feature",
      "properties": {
        "@id": "node/9579982274",
        "amenity": "drinking_water",
        "name": "Public tap"
      },
      "geometry": {
        "type": "Point",
        "coordinates": [
          85.2762235,
          27.6707785
        ]
      },
      "id": "node/9579982274"
    },
    {
      "type": "Feature",
      "properties": {
        "@id": "node/9582280077",
        "amenity": "drinking_water"
      },
      "geometry": {
        "type": "Point",
        "coordinates": [
          85.2821015,
          27.673471
        ]
      },
      "id": "node/9582280077"
    },
    {
      "type": "Feature",
      "properties": {
        "@id": "node/9582280078",
        "amenity": "drinking_water",
        "name": "Public drinking taps"
      },
      "geometry": {
        "type": "Point",
        "coordinates": [
          85.2835817,
          27.6682644
        ]
      },
      "id": "node/9582280078"
    },
    {
      "type": "Feature",
      "properties": {
        "@id": "node/9582283872",
        "amenity": "drinking_water",
        "name": "Hand Wash Pipe"
      },
      "geometry": {
        "type": "Point",
        "coordinates": [
          85.2850265,
          27.6673289
        ]
      },
      "id": "node/9582283872"
    },
    {
      "type": "Feature",
      "properties": {
        "@id": "node/9582285163",
        "amenity": "drinking_water",
        "name": "Public Water"
      },
      "geometry": {
        "type": "Point",
        "coordinates": [
          85.285289,
          27.6711928
        ]
      },
      "id": "node/9582285163"
    },
    {
      "type": "Feature",
      "properties": {
        "@id": "node/9582287187",
        "amenity": "drinking_water",
        "name": "PublicTap"
      },
      "geometry": {
        "type": "Point",
        "coordinates": [
          85.2826367,
          27.6738634
        ]
      },
      "id": "node/9582287187"
    },
    {
      "type": "Feature",
      "properties": {
        "@id": "node/9582300413",
        "amenity": "drinking_water",
        "name": "Panchakanya Drinking Water Tap",
        "survey:date": "2022-07-08"
      },
      "geometry": {
        "type": "Point",
        "coordinates": [
          85.2842027,
          27.6695629
        ]
      },
      "id": "node/9582300413"
    },
    {
      "type": "Feature",
      "properties": {
        "@id": "node/9582300414",
        "amenity": "drinking_water",
        "name": "Panchakanya Water Tap"
      },
      "geometry": {
        "type": "Point",
        "coordinates": [
          85.2859806,
          27.6691973
        ]
      },
      "id": "node/9582300414"
    },
    {
      "type": "Feature",
      "properties": {
        "@id": "node/9587282517",
        "amenity": "drinking_water",
        "level": "0"
      },
      "geometry": {
        "type": "Point",
        "coordinates": [
          88.4950568,
          22.5592853
        ]
      },
      "id": "node/9587282517"
    },
    {
      "type": "Feature",
      "properties": {
        "@id": "node/9599582781",
        "amenity": "drinking_water"
      },
      "geometry": {
        "type": "Point",
        "coordinates": [
          77.2310196,
          28.62409
        ]
      },
      "id": "node/9599582781"
    },
    {
      "type": "Feature",
      "properties": {
        "@id": "node/9600091041",
        "amenity": "drinking_water"
      },
      "geometry": {
        "type": "Point",
        "coordinates": [
          83.9236647,
          28.3562697
        ]
      },
      "id": "node/9600091041"
    },
    {
      "type": "Feature",
      "properties": {
        "@id": "node/9602859268",
        "amenity": "drinking_water"
      },
      "geometry": {
        "type": "Point",
        "coordinates": [
          88.8436095,
          23.644831
        ]
      },
      "id": "node/9602859268"
    },
    {
      "type": "Feature",
      "properties": {
        "@id": "node/9602912926",
        "amenity": "drinking_water"
      },
      "geometry": {
        "type": "Point",
        "coordinates": [
          88.8423983,
          23.6405409
        ]
      },
      "id": "node/9602912926"
    },
    {
      "type": "Feature",
      "properties": {
        "@id": "node/9611086903",
        "access": "yes",
        "amenity": "drinking_water",
        "operator": "sidddhipur Drinking Water supply Plant"
      },
      "geometry": {
        "type": "Point",
        "coordinates": [
          85.3525481,
          27.6393824
        ]
      },
      "id": "node/9611086903"
    },
    {
      "type": "Feature",
      "properties": {
        "@id": "node/9642516805",
        "amenity": "drinking_water",
        "name": "Water tank"
      },
      "geometry": {
        "type": "Point",
        "coordinates": [
          85.2867421,
          27.6537587
        ]
      },
      "id": "node/9642516805"
    },
    {
      "type": "Feature",
      "properties": {
        "@id": "node/9642615891",
        "amenity": "drinking_water",
        "name": "Water tank"
      },
      "geometry": {
        "type": "Point",
        "coordinates": [
          85.2855388,
          27.6541359
        ]
      },
      "id": "node/9642615891"
    },
    {
      "type": "Feature",
      "properties": {
        "@id": "node/9655520435",
        "amenity": "drinking_water",
        "name": "Barkha hiti"
      },
      "geometry": {
        "type": "Point",
        "coordinates": [
          85.2767368,
          27.6798742
        ]
      },
      "id": "node/9655520435"
    },
    {
      "type": "Feature",
      "properties": {
        "@id": "node/9683202855",
        "amenity": "drinking_water",
        "drinking_water": "yes",
        "man_made": "water_tap",
        "operator:type": "public",
        "source": "Yoyo preset"
      },
      "geometry": {
        "type": "Point",
        "coordinates": [
          83.7473773,
          28.2557942
        ]
      },
      "id": "node/9683202855"
    },
    {
      "type": "Feature",
      "properties": {
        "@id": "node/9708580717",
        "amenity": "drinking_water"
      },
      "geometry": {
        "type": "Point",
        "coordinates": [
          88.3900796,
          22.5818676
        ]
      },
      "id": "node/9708580717"
    },
    {
      "type": "Feature",
      "properties": {
        "@id": "node/9714465818",
        "amenity": "drinking_water",
        "indoor": "no",
        "name": "Glacial stream"
      },
      "geometry": {
        "type": "Point",
        "coordinates": [
          84.467125,
          28.6516306
        ]
      },
      "id": "node/9714465818"
    },
    {
      "type": "Feature",
      "properties": {
        "@id": "node/9719771779",
        "amenity": "drinking_water",
        "name": "Public Water Tank"
      },
      "geometry": {
        "type": "Point",
        "coordinates": [
          85.2764193,
          27.6775968
        ]
      },
      "id": "node/9719771779"
    },
    {
      "type": "Feature",
      "properties": {
        "@id": "node/9719778526",
        "amenity": "drinking_water",
        "name": "Public Drinking Tank"
      },
      "geometry": {
        "type": "Point",
        "coordinates": [
          85.2759072,
          27.6780093
        ]
      },
      "id": "node/9719778526"
    },
    {
      "type": "Feature",
      "properties": {
        "@id": "node/9722263371",
        "amenity": "drinking_water",
        "name": "Public drinking water"
      },
      "geometry": {
        "type": "Point",
        "coordinates": [
          85.2644978,
          27.6611783
        ]
      },
      "id": "node/9722263371"
    },
    {
      "type": "Feature",
      "properties": {
        "@id": "node/9722274194",
        "amenity": "drinking_water",
        "name": "Public Tap"
      },
      "geometry": {
        "type": "Point",
        "coordinates": [
          85.2581277,
          27.6626354
        ]
      },
      "id": "node/9722274194"
    },
    {
      "type": "Feature",
      "properties": {
        "@id": "node/9722274394",
        "amenity": "drinking_water",
        "name": "Public tap"
      },
      "geometry": {
        "type": "Point",
        "coordinates": [
          85.2559496,
          27.6660523
        ]
      },
      "id": "node/9722274394"
    },
    {
      "type": "Feature",
      "properties": {
        "@id": "node/9722281532",
        "amenity": "drinking_water",
        "name": "Public tank"
      },
      "geometry": {
        "type": "Point",
        "coordinates": [
          85.264625,
          27.6621224
        ]
      },
      "id": "node/9722281532"
    },
    {
      "type": "Feature",
      "properties": {
        "@id": "node/9722281847",
        "amenity": "drinking_water",
        "name": "Public tap"
      },
      "geometry": {
        "type": "Point",
        "coordinates": [
          85.2565318,
          27.6628142
        ]
      },
      "id": "node/9722281847"
    },
    {
      "type": "Feature",
      "properties": {
        "@id": "node/9722284690",
        "amenity": "drinking_water",
        "name": "Drinking Water Tap"
      },
      "geometry": {
        "type": "Point",
        "coordinates": [
          85.2646699,
          27.6601112
        ]
      },
      "id": "node/9722284690"
    },
    {
      "type": "Feature",
      "properties": {
        "@id": "node/9724474466",
        "amenity": "drinking_water"
      },
      "geometry": {
        "type": "Point",
        "coordinates": [
          85.2932563,
          27.6584048
        ]
      },
      "id": "node/9724474466"
    },
    {
      "type": "Feature",
      "properties": {
        "@id": "node/9724482606",
        "amenity": "drinking_water",
        "name": "Public tap"
      },
      "geometry": {
        "type": "Point",
        "coordinates": [
          85.2672028,
          27.6596945
        ]
      },
      "id": "node/9724482606"
    },
    {
      "type": "Feature",
      "properties": {
        "@id": "node/9724506870",
        "amenity": "drinking_water",
        "name": "Public tap"
      },
      "geometry": {
        "type": "Point",
        "coordinates": [
          85.2683627,
          27.6595318
        ]
      },
      "id": "node/9724506870"
    },
    {
      "type": "Feature",
      "properties": {
        "@id": "node/9724525629",
        "amenity": "drinking_water",
        "name": "Public drinking water"
      },
      "geometry": {
        "type": "Point",
        "coordinates": [
          85.2745513,
          27.6567223
        ]
      },
      "id": "node/9724525629"
    },
    {
      "type": "Feature",
      "properties": {
        "@id": "node/9725827993",
        "amenity": "drinking_water"
      },
      "geometry": {
        "type": "Point",
        "coordinates": [
          77.3445795,
          31.7716696
        ]
      },
      "id": "node/9725827993"
    },
    {
      "type": "Feature",
      "properties": {
        "@id": "node/9734107705",
        "amenity": "drinking_water",
        "fee": "no",
        "seasonal": "yes"
      },
      "geometry": {
        "type": "Point",
        "coordinates": [
          76.3368029,
          32.2513419
        ]
      },
      "id": "node/9734107705"
    },
    {
      "type": "Feature",
      "properties": {
        "@id": "node/9782408246",
        "amenity": "drinking_water"
      },
      "geometry": {
        "type": "Point",
        "coordinates": [
          88.1853777,
          26.2581018
        ]
      },
      "id": "node/9782408246"
    },
    {
      "type": "Feature",
      "properties": {
        "@id": "node/9791809070",
        "amenity": "drinking_water",
        "dhungedhara": "yes",
        "historic": "stone_tap"
      },
      "geometry": {
        "type": "Point",
        "coordinates": [
          85.2742699,
          27.6818268
        ]
      },
      "id": "node/9791809070"
    },
    {
      "type": "Feature",
      "properties": {
        "@id": "node/9804065810",
        "amenity": "drinking_water"
      },
      "geometry": {
        "type": "Point",
        "coordinates": [
          88.1850911,
          26.2533408
        ]
      },
      "id": "node/9804065810"
    },
    {
      "type": "Feature",
      "properties": {
        "@id": "node/9819142309",
        "amenity": "drinking_water"
      },
      "geometry": {
        "type": "Point",
        "coordinates": [
          88.184583,
          26.257848
        ]
      },
      "id": "node/9819142309"
    },
    {
      "type": "Feature",
      "properties": {
        "@id": "node/9823361303",
        "amenity": "drinking_water",
        "dhungedhara": "yes",
        "historic": "stone_tap",
        "name": "Fosi Hiti"
      },
      "geometry": {
        "type": "Point",
        "coordinates": [
          85.1105998,
          27.6445678
        ]
      },
      "id": "node/9823361303"
    },
    {
      "type": "Feature",
      "properties": {
        "@id": "node/9837723508",
        "access": "yes",
        "amenity": "drinking_water",
        "bottle": "no",
        "fee": "no"
      },
      "geometry": {
        "type": "Point",
        "coordinates": [
          88.184912,
          26.2687502
        ]
      },
      "id": "node/9837723508"
    },
    {
      "type": "Feature",
      "properties": {
        "@id": "node/9837942149",
        "access": "yes",
        "amenity": "drinking_water",
        "bottle": "no",
        "fee": "no"
      },
      "geometry": {
        "type": "Point",
        "coordinates": [
          88.1858694,
          26.2706281
        ]
      },
      "id": "node/9837942149"
    },
    {
      "type": "Feature",
      "properties": {
        "@id": "node/9837942205",
        "access": "yes",
        "amenity": "drinking_water",
        "fee": "no",
        "ref": "Vat No. 3"
      },
      "geometry": {
        "type": "Point",
        "coordinates": [
          88.1854943,
          26.2698837
        ]
      },
      "id": "node/9837942205"
    },
    {
      "type": "Feature",
      "properties": {
        "@id": "node/9837942206",
        "access": "yes",
        "amenity": "drinking_water",
        "bottle": "no",
        "fee": "no",
        "ref": "Vat No. 4"
      },
      "geometry": {
        "type": "Point",
        "coordinates": [
          88.1856263,
          26.2701605
        ]
      },
      "id": "node/9837942206"
    },
    {
      "type": "Feature",
      "properties": {
        "@id": "node/9838200537",
        "access": "yes",
        "amenity": "drinking_water",
        "bottle": "no",
        "fee": "no",
        "ref": "Vat No. 5"
      },
      "geometry": {
        "type": "Point",
        "coordinates": [
          88.1863851,
          26.2710349
        ]
      },
      "id": "node/9838200537"
    },
    {
      "type": "Feature",
      "properties": {
        "@id": "node/9838200582",
        "access": "yes",
        "amenity": "drinking_water",
        "bottle": "no",
        "fee": "no",
        "ref": "Vat No. 3"
      },
      "geometry": {
        "type": "Point",
        "coordinates": [
          88.1858199,
          26.2699186
        ]
      },
      "id": "node/9838200582"
    },
    {
      "type": "Feature",
      "properties": {
        "@id": "node/9838200595",
        "access": "yes",
        "amenity": "drinking_water",
        "bottle": "no",
        "fee": "no"
      },
      "geometry": {
        "type": "Point",
        "coordinates": [
          88.1853329,
          26.2689327
        ]
      },
      "id": "node/9838200595"
    },
    {
      "type": "Feature",
      "properties": {
        "@id": "node/9838871297",
        "access": "yes",
        "amenity": "drinking_water",
        "bottle": "no",
        "description": "For Disabled Only",
        "fee": "no",
        "wheelchair": "yes"
      },
      "geometry": {
        "type": "Point",
        "coordinates": [
          88.1852626,
          26.2693864
        ]
      },
      "id": "node/9838871297"
    },
    {
      "type": "Feature",
      "properties": {
        "@id": "node/9880572782",
        "amenity": "drinking_water"
      },
      "geometry": {
        "type": "Point",
        "coordinates": [
          77.2394186,
          28.6511482
        ]
      },
      "id": "node/9880572782"
    },
    {
      "type": "Feature",
      "properties": {
        "@id": "node/9885116917",
        "amenity": "drinking_water",
        "name": "देउराली",
        "name:en": "Deurali"
      },
      "geometry": {
        "type": "Point",
        "coordinates": [
          83.6598283,
          28.3129277
        ]
      },
      "id": "node/9885116917"
    },
    {
      "type": "Feature",
      "properties": {
        "@id": "node/9889691135",
        "amenity": "drinking_water",
        "indoor": "yes",
        "level": "0"
      },
      "geometry": {
        "type": "Point",
        "coordinates": [
          88.4159187,
          26.6551988
        ]
      },
      "id": "node/9889691135"
    },
    {
      "type": "Feature",
      "properties": {
        "@id": "node/9892802846",
        "amenity": "drinking_water"
      },
      "geometry": {
        "type": "Point",
        "coordinates": [
          78.2507671,
          31.5325755
        ]
      },
      "id": "node/9892802846"
    },
    {
      "type": "Feature",
      "properties": {
        "@id": "node/9904468745",
        "amenity": "drinking_water",
        "name": "School Tap"
      },
      "geometry": {
        "type": "Point",
        "coordinates": [
          81.7247683,
          28.1983042
        ]
      },
      "id": "node/9904468745"
    },
    {
      "type": "Feature",
      "properties": {
        "@id": "node/9904474386",
        "amenity": "drinking_water",
        "name": "Bore water"
      },
      "geometry": {
        "type": "Point",
        "coordinates": [
          81.7323355,
          28.202825
        ]
      },
      "id": "node/9904474386"
    },
    {
      "type": "Feature",
      "properties": {
        "@id": "node/9904498658",
        "amenity": "drinking_water"
      },
      "geometry": {
        "type": "Point",
        "coordinates": [
          81.7335941,
          28.2044099
        ]
      },
      "id": "node/9904498658"
    },
    {
      "type": "Feature",
      "properties": {
        "@id": "node/9905930183",
        "amenity": "drinking_water",
        "name": "Boring water"
      },
      "geometry": {
        "type": "Point",
        "coordinates": [
          81.7203929,
          28.1999884
        ]
      },
      "id": "node/9905930183"
    },
    {
      "type": "Feature",
      "properties": {
        "@id": "node/9916431210",
        "amenity": "drinking_water"
      },
      "geometry": {
        "type": "Point",
        "coordinates": [
          83.9731438,
          28.2072896
        ]
      },
      "id": "node/9916431210"
    },
    {
      "type": "Feature",
      "properties": {
        "@id": "node/9931974304",
        "access": "yes",
        "amenity": "drinking_water",
        "bottle": "no",
        "fee": "no",
        "ref": "Vat No. 4"
      },
      "geometry": {
        "type": "Point",
        "coordinates": [
          88.1860001,
          26.2702813
        ]
      },
      "id": "node/9931974304"
    },
    {
      "type": "Feature",
      "properties": {
        "@id": "node/9945554844",
        "amenity": "drinking_water"
      },
      "geometry": {
        "type": "Point",
        "coordinates": [
          82.2979361,
          28.1309136
        ]
      },
      "id": "node/9945554844"
    },
    {
      "type": "Feature",
      "properties": {
        "@id": "node/9960918470",
        "amenity": "drinking_water",
        "name": "banepa khanepani sasthan"
      },
      "geometry": {
        "type": "Point",
        "coordinates": [
          85.5203703,
          27.6349213
        ]
      },
      "id": "node/9960918470"
    },
    {
      "type": "Feature",
      "properties": {
        "@id": "node/9975489735",
        "amenity": "drinking_water"
      },
      "geometry": {
        "type": "Point",
        "coordinates": [
          87.1268255,
          27.79773
        ]
      },
      "id": "node/9975489735"
    },
    {
      "type": "Feature",
      "properties": {
        "@id": "node/9992562817",
        "amenity": "drinking_water",
        "name": "Jala chatra"
      },
      "geometry": {
        "type": "Point",
        "coordinates": [
          88.3994595,
          22.5886996
        ]
      },
      "id": "node/9992562817"
    },
    {
      "type": "Feature",
      "properties": {
        "@id": "node/9992562917",
        "amenity": "drinking_water"
      },
      "geometry": {
        "type": "Point",
        "coordinates": [
          88.4011957,
          22.5873582
        ]
      },
      "id": "node/9992562917"
    },
    {
      "type": "Feature",
      "properties": {
        "@id": "node/10034234918",
        "addr:place": "Aawarh gate east side",
        "amenity": "drinking_water",
        "dhungedhara": "yes",
        "historic": "stone_tap",
        "name": "Salla Ghari Dhara",
        "number_of_water_spouts": "1",
        "source": "apeirogon field survey"
      },
      "geometry": {
        "type": "Point",
        "coordinates": [
          85.305553,
          27.65459
        ]
      },
      "id": "node/10034234918"
    },
    {
      "type": "Feature",
      "properties": {
        "@id": "node/10034234919",
        "addr:place": "Nakhu DOI",
        "amenity": "drinking_water",
        "dhungedhara": "yes",
        "historic": "stone_tap",
        "name": "Bahun Dhara",
        "number_of_water_spouts": "2",
        "source": "apeirogon field survey"
      },
      "geometry": {
        "type": "Point",
        "coordinates": [
          85.309113,
          27.652784
        ]
      },
      "id": "node/10034234919"
    },
    {
      "type": "Feature",
      "properties": {
        "@id": "node/10034234920",
        "addr:place": "Gaagledhara",
        "amenity": "drinking_water",
        "dhungedhara": "yes",
        "historic": "stone_tap",
        "name": "Gaagle Dhara",
        "number_of_water_spouts": "1",
        "source": "apeirogon field survey"
      },
      "geometry": {
        "type": "Point",
        "coordinates": [
          85.309669,
          27.646341
        ]
      },
      "id": "node/10034234920"
    },
    {
      "type": "Feature",
      "properties": {
        "@id": "node/10034234921",
        "addr:place": "Kywana Tau",
        "amenity": "drinking_water",
        "dhungedhara": "yes",
        "historic": "stone_tap",
        "name": "किवाना हिटी",
        "name:en": "Kywana Hiti",
        "name:ne": "किवाना हिटी",
        "number_of_water_spouts": "1",
        "source": "apeirogon field survey"
      },
      "geometry": {
        "type": "Point",
        "coordinates": [
          85.306069,
          27.658667
        ]
      },
      "id": "node/10034234921"
    },
    {
      "type": "Feature",
      "properties": {
        "@id": "node/10034234922",
        "addr:place": "Bugal Phat, Chunikhel",
        "amenity": "drinking_water",
        "dhungedhara": "yes",
        "historic": "stone_tap",
        "name": "Twatigaa Hiti",
        "number_of_water_spouts": "1",
        "source": "apeirogon field survey"
      },
      "geometry": {
        "type": "Point",
        "coordinates": [
          85.30537,
          27.622413
        ]
      },
      "id": "node/10034234922"
    },
    {
      "type": "Feature",
      "properties": {
        "@id": "node/10034234923",
        "addr:place": "Del Taau, Khokana",
        "amenity": "drinking_water",
        "dhungedhara": "yes",
        "historic": "stone_tap",
        "name": "Tarpa Pukhu Hiti",
        "number_of_water_spouts": "1",
        "source": "apeirogon field survey"
      },
      "geometry": {
        "type": "Point",
        "coordinates": [
          85.293705,
          27.636509
        ]
      },
      "id": "node/10034234923"
    },
    {
      "type": "Feature",
      "properties": {
        "@id": "node/10034234924",
        "addr:place": "Sunakothi",
        "amenity": "drinking_water",
        "dhungedhara": "yes",
        "historic": "stone_tap",
        "name": "Wakhat Dhungedhara",
        "number_of_water_spouts": "3",
        "source": "apeirogon field survey"
      },
      "geometry": {
        "type": "Point",
        "coordinates": [
          85.326267,
          27.629343
        ]
      },
      "id": "node/10034234924"
    },
    {
      "type": "Feature",
      "properties": {
        "@id": "node/10034234925",
        "addr:place": "Sunakothi",
        "amenity": "drinking_water",
        "dhungedhara": "yes",
        "historic": "stone_tap",
        "name": "Pinga Docha Dhungedhara",
        "number_of_water_spouts": "1",
        "source": "apeirogon field survey"
      },
      "geometry": {
        "type": "Point",
        "coordinates": [
          85.321043,
          27.62931
        ]
      },
      "id": "node/10034234925"
    },
    {
      "type": "Feature",
      "properties": {
        "@id": "node/10034234926",
        "addr:place": "Sunakothi",
        "amenity": "drinking_water",
        "dhungedhara": "yes",
        "historic": "stone_tap",
        "name": "Barah Hiti Dhungedhara",
        "number_of_water_spouts": "1",
        "source": "apeirogon field survey"
      },
      "geometry": {
        "type": "Point",
        "coordinates": [
          85.315113,
          27.636446
        ]
      },
      "id": "node/10034234926"
    },
    {
      "type": "Feature",
      "properties": {
        "@id": "node/10034234927",
        "addr:place": "Nakhipot",
        "amenity": "drinking_water",
        "dhungedhara": "yes",
        "historic": "stone_tap",
        "name": "Nakhipot Hiti",
        "number_of_water_spouts": "1",
        "source": "apeirogon field survey"
      },
      "geometry": {
        "type": "Point",
        "coordinates": [
          85.315463,
          27.648006
        ]
      },
      "id": "node/10034234927"
    },
    {
      "type": "Feature",
      "properties": {
        "@id": "node/10034234928",
        "addr:place": "Tikhideval",
        "amenity": "drinking_water",
        "dhungedhara": "yes",
        "historic": "stone_tap",
        "name": "Shova Hiti",
        "number_of_water_spouts": "3",
        "source": "apeirogon field survey"
      },
      "geometry": {
        "type": "Point",
        "coordinates": [
          85.316309,
          27.6571
        ]
      },
      "id": "node/10034234928"
    },
    {
      "type": "Feature",
      "properties": {
        "@id": "node/10034234929",
        "Outlet_Provision": "yes",
        "addr:place": "Choy lachhi, khokana",
        "amenity": "drinking_water",
        "dhungedhara": "yes",
        "historic": "stone_tap",
        "name": "Lachhi Hiti",
        "number_of_water_spouts": "1",
        "source": "apeirogon field survey"
      },
      "geometry": {
        "type": "Point",
        "coordinates": [
          85.29817,
          27.63591
        ]
      },
      "id": "node/10034234929"
    },
    {
      "type": "Feature",
      "properties": {
        "@id": "node/10034234930",
        "Outlet_Provision": "yes",
        "addr:place": "Khokana",
        "amenity": "drinking_water",
        "dhungedhara": "yes",
        "historic": "stone_tap",
        "name": "Kalanani Hiti",
        "number_of_water_spouts": "1",
        "source": "apeirogon field survey"
      },
      "geometry": {
        "type": "Point",
        "coordinates": [
          85.2998637,
          27.6359407
        ]
      },
      "id": "node/10034234930"
    },
    {
      "type": "Feature",
      "properties": {
        "@id": "node/10034234934",
        "Outlet_Provision": "no",
        "addr:place": "Bhunna tole, bungamati",
        "amenity": "drinking_water",
        "dhungedhara": "yes",
        "historic": "stone_tap",
        "name": "Nhawanga hiti",
        "number_of_water_spouts": "1",
        "source": "apeirogon field survey"
      },
      "geometry": {
        "type": "Point",
        "coordinates": [
          85.3043902,
          27.6307298
        ]
      },
      "id": "node/10034234934"
    },
    {
      "type": "Feature",
      "properties": {
        "@id": "node/10034234935",
        "Outlet_Provision": "yes",
        "addr:place": "Machindrabahal, Bungmati",
        "amenity": "drinking_water",
        "dhungedhara": "yes",
        "historic": "stone_tap",
        "name": "Ga Hiti",
        "number_of_water_spouts": "3",
        "source": "apeirogon field survey"
      },
      "geometry": {
        "type": "Point",
        "coordinates": [
          85.3022413,
          27.6297506
        ]
      },
      "id": "node/10034234935"
    },
    {
      "type": "Feature",
      "properties": {
        "@id": "node/10034234938",
        "Outlet_Provision": "yes",
        "addr:place": "Samal Harisiddhi",
        "amenity": "drinking_water",
        "dhungedhara": "yes",
        "historic": "stone_tap",
        "name": "Phongashi Hiti",
        "number_of_water_spouts": "1",
        "source": "apeirogon field survey"
      },
      "geometry": {
        "type": "Point",
        "coordinates": [
          85.3399145,
          27.6338321
        ]
      },
      "id": "node/10034234938"
    },
    {
      "type": "Feature",
      "properties": {
        "@id": "node/10034234939",
        "Outlet_Provision": "yes",
        "addr:place": "Sama",
        "amenity": "drinking_water",
        "dhungedhara": "yes",
        "historic": "stone_tap",
        "name": "Harishiddhi Hiti",
        "number_of_water_spouts": "1",
        "source": "apeirogon field survey"
      },
      "geometry": {
        "type": "Point",
        "coordinates": [
          85.3397496,
          27.6348845
        ]
      },
      "id": "node/10034234939"
    },
    {
      "type": "Feature",
      "properties": {
        "@id": "node/10034234942",
        "Outlet_Provision": "no",
        "addr:place": "Samal tol",
        "amenity": "drinking_water",
        "dhungedhara": "yes",
        "historic": "stone_tap",
        "name": "Puksi Inar",
        "source": "apeirogon field survey"
      },
      "geometry": {
        "type": "Point",
        "coordinates": [
          85.3405076,
          27.6357775
        ]
      },
      "id": "node/10034234942"
    },
    {
      "type": "Feature",
      "properties": {
        "@id": "node/10034234946",
        "Outlet_Provision": "yes",
        "addr:place": "Pharsidol",
        "amenity": "drinking_water",
        "dhungedhara": "yes",
        "historic": "stone_tap",
        "name": "Bakhya Hiti",
        "number_of_water_spouts": "1",
        "source": "apeirogon field survey"
      },
      "geometry": {
        "type": "Point",
        "coordinates": [
          85.296074,
          27.6095594
        ]
      },
      "id": "node/10034234946"
    },
    {
      "type": "Feature",
      "properties": {
        "@id": "node/10034234949",
        "Outlet_Provision": "yes",
        "addr:place": "Pharsidol, bungamati",
        "amenity": "drinking_water",
        "dhungedhara": "yes",
        "historic": "stone_tap",
        "name": "Pharsidol Dhara",
        "number_of_water_spouts": "1",
        "source": "apeirogon field survey"
      },
      "geometry": {
        "type": "Point",
        "coordinates": [
          85.2982831,
          27.6083598
        ]
      },
      "id": "node/10034234949"
    },
    {
      "type": "Feature",
      "properties": {
        "@id": "node/10034234952",
        "Outlet_Provision": "yes",
        "addr:place": "Dhapakhel",
        "amenity": "drinking_water",
        "dhungedhara": "yes",
        "historic": "stone_tap",
        "name": "Paheol(Dhungedhara)",
        "number_of_water_spouts": "1",
        "source": "apeirogon field survey"
      },
      "geometry": {
        "type": "Point",
        "coordinates": [
          85.3307533,
          27.6233848
        ]
      },
      "id": "node/10034234952"
    },
    {
      "type": "Feature",
      "properties": {
        "@id": "node/10034234953",
        "Outlet_Provision": "yes",
        "addr:place": "Subba Gau",
        "amenity": "drinking_water",
        "dhungedhara": "yes",
        "historic": "stone_tap",
        "name": "Japla Hiti",
        "number_of_water_spouts": "1",
        "source": "apeirogon field survey"
      },
      "geometry": {
        "type": "Point",
        "coordinates": [
          85.334445,
          27.6266554
        ]
      },
      "id": "node/10034234953"
    },
    {
      "type": "Feature",
      "properties": {
        "@id": "node/10034234955",
        "Outlet_Provision": "yes",
        "addr:place": "Harisiddi",
        "amenity": "drinking_water",
        "dhungedhara": "yes",
        "historic": "stone_tap",
        "name": "Bwangodya(Chara) hiti",
        "number_of_water_spouts": "1",
        "source": "apeirogon field survey"
      },
      "geometry": {
        "type": "Point",
        "coordinates": [
          85.3431554,
          27.6373017
        ]
      },
      "id": "node/10034234955"
    },
    {
      "type": "Feature",
      "properties": {
        "@id": "node/10034234956",
        "Outlet_Provision": "yes",
        "addr:place": "Harisiddi",
        "amenity": "drinking_water",
        "dhungedhara": "yes",
        "historic": "stone_tap",
        "name": "Dhalko Hiti",
        "number_of_water_spouts": "5",
        "source": "apeirogon field survey"
      },
      "geometry": {
        "type": "Point",
        "coordinates": [
          85.3406559,
          27.6375962
        ]
      },
      "id": "node/10034234956"
    },
    {
      "type": "Feature",
      "properties": {
        "@id": "node/10034234957",
        "Outlet_Provision": "yes",
        "addr:place": "Harisiddi",
        "amenity": "drinking_water",
        "dhungedhara": "yes",
        "historic": "stone_tap",
        "name": "Hitko Hiti",
        "number_of_water_spouts": "1",
        "source": "apeirogon field survey"
      },
      "geometry": {
        "type": "Point",
        "coordinates": [
          85.3398426,
          27.639296
        ]
      },
      "id": "node/10034234957"
    },
    {
      "type": "Feature",
      "properties": {
        "@id": "node/10034234959",
        "Outlet_Provision": "yes",
        "addr:place": "Sankhamul Park",
        "amenity": "drinking_water",
        "dhungedhara": "yes",
        "historic": "stone_tap",
        "name": "सामाखुसी हिटी ए",
        "name:en": "Samkhamul Hiti A",
        "name:ne": "सामाखुसी हिटी ए",
        "number_of_water_spouts": "1",
        "source": "apeirogon field survey"
      },
      "geometry": {
        "type": "Point",
        "coordinates": [
          85.3293394,
          27.681613
        ]
      },
      "id": "node/10034234959"
    },
    {
      "type": "Feature",
      "properties": {
        "@id": "node/10034234960",
        "Outlet_Provision": "yes",
        "addr:place": "Alko, Ikhache",
        "amenity": "drinking_water",
        "dhungedhara": "yes",
        "historic": "stone_tap",
        "name": "Alko Hiti",
        "number_of_water_spouts": "5",
        "source": "apeirogon field survey"
      },
      "geometry": {
        "type": "Point",
        "coordinates": [
          85.3256531,
          27.678338
        ]
      },
      "id": "node/10034234960"
    },
    {
      "type": "Feature",
      "properties": {
        "@id": "node/10034234961",
        "Outlet_Provision": "yes",
        "addr:place": "Imukhel",
        "amenity": "drinking_water",
        "dhungedhara": "yes",
        "historic": "stone_tap",
        "name": "Washa Hiti",
        "number_of_water_spouts": "2",
        "source": "apeirogon field survey"
      },
      "geometry": {
        "type": "Point",
        "coordinates": [
          85.3263646,
          27.6783478
        ]
      },
      "id": "node/10034234961"
    },
    {
      "type": "Feature",
      "properties": {
        "@id": "node/10034234962",
        "Outlet_Provision": "yes",
        "addr:place": "Imukhel",
        "amenity": "drinking_water",
        "dhungedhara": "yes",
        "historic": "stone_tap",
        "name": "Amrit Hiti",
        "number_of_water_spouts": "2",
        "source": "apeirogon field survey"
      },
      "geometry": {
        "type": "Point",
        "coordinates": [
          85.3260452,
          27.6778062
        ]
      },
      "id": "node/10034234962"
    },
    {
      "type": "Feature",
      "properties": {
        "@id": "node/10034234963",
        "Outlet_Provision": "yes",
        "amenity": "drinking_water",
        "dhungedhara": "yes",
        "historic": "stone_tap",
        "name": "Sainthu Ganesh Hiti",
        "number_of_water_spouts": "1",
        "source": "apeirogon field survey"
      },
      "geometry": {
        "type": "Point",
        "coordinates": [
          85.3284599,
          27.6779931
        ]
      },
      "id": "node/10034234963"
    },
    {
      "type": "Feature",
      "properties": {
        "@id": "node/10034234964",
        "Outlet_Provision": "yes",
        "addr:place": "Sankhamul Park",
        "amenity": "drinking_water",
        "dhungedhara": "yes",
        "historic": "stone_tap",
        "name": "Sankhamul Hiti",
        "number_of_water_spouts": "2",
        "source": "apeirogon field survey"
      },
      "geometry": {
        "type": "Point",
        "coordinates": [
          85.3305945,
          27.6798964
        ]
      },
      "id": "node/10034234964"
    },
    {
      "type": "Feature",
      "properties": {
        "@id": "node/10034234966",
        "Outlet_Provision": "yes",
        "addr:place": "Patan Durbar",
        "amenity": "drinking_water",
        "dhungedhara": "yes",
        "historic": "stone_tap",
        "name": "Tusha Hiti",
        "number_of_water_spouts": "1",
        "source": "apeirogon field survey",
        "wikidata": "Q99777433",
        "wikipedia": "fr:Tusha Hiti"
      },
      "geometry": {
        "type": "Point",
        "coordinates": [
          85.3251336,
          27.6727221
        ]
      },
      "id": "node/10034234966"
    },
    {
      "type": "Feature",
      "properties": {
        "@id": "node/10034234967",
        "Outlet_Provision": "yes",
        "addr:place": "Patan Durbar",
        "amenity": "drinking_water",
        "dhungedhara": "yes",
        "historic": "stone_tap",
        "name": "Bhandarkhal Hiti",
        "name:en": "Bhandarkhal Hiti",
        "number_of_water_spouts": "1",
        "source": "apeirogon field survey"
      },
      "geometry": {
        "type": "Point",
        "coordinates": [
          85.3253105,
          27.6726844
        ]
      },
      "id": "node/10034234967"
    },
    {
      "type": "Feature",
      "properties": {
        "@id": "node/10034234971",
        "Outlet_Provision": "yes",
        "addr:place": "Bhindiyolacchi",
        "amenity": "drinking_water",
        "dhungedhara": "yes",
        "historic": "stone_tap",
        "name": "Bhindiyo Lachhi Hiti",
        "number_of_water_spouts": "1",
        "source": "apeirogon field survey"
      },
      "geometry": {
        "type": "Point",
        "coordinates": [
          85.3276055,
          27.6740691
        ]
      },
      "id": "node/10034234971"
    },
    {
      "type": "Feature",
      "properties": {
        "@id": "node/10034234973",
        "Outlet_Provision": "yes",
        "addr:place": "Kwyalachhi chyasa",
        "amenity": "drinking_water",
        "dhungedhara": "yes",
        "historic": "stone_tap",
        "name": "Narayan Hiti",
        "number_of_water_spouts": "3",
        "source": "apeirogon field survey"
      },
      "geometry": {
        "type": "Point",
        "coordinates": [
          85.3280496,
          27.6744295
        ]
      },
      "id": "node/10034234973"
    },
    {
      "type": "Feature",
      "properties": {
        "@id": "node/10034234974",
        "addr:place": "Bholdhoka,Balkumari",
        "amenity": "drinking_water",
        "dhungedhara": "yes",
        "historic": "stone_tap",
        "source": "apeirogon field survey"
      },
      "geometry": {
        "type": "Point",
        "coordinates": [
          85.3307967,
          27.6730362
        ]
      },
      "id": "node/10034234974"
    },
    {
      "type": "Feature",
      "properties": {
        "@id": "node/10034234975",
        "Outlet_Provision": "yes",
        "addr:place": "Bholdhoka, balkumari, Lalitpur",
        "amenity": "drinking_water",
        "dhungedhara": "yes",
        "historic": "stone_tap",
        "name": "मकाह हिती",
        "name:en": "Makah Hiti",
        "name:ne": "मकाह हिती",
        "source": "apeirogon field survey"
      },
      "geometry": {
        "type": "Point",
        "coordinates": [
          85.3329104,
          27.6728384
        ]
      },
      "id": "node/10034234975"
    },
    {
      "type": "Feature",
      "properties": {
        "@id": "node/10034234976",
        "Outlet_Provision": "yes",
        "addr:place": "Kwachhen, Balkumari Lalitpur",
        "amenity": "drinking_water",
        "dhungedhara": "yes",
        "historic": "stone_tap",
        "name": "क्वाचेन हिटी",
        "name:en": "Kwachhen Hiti",
        "name:ne": "क्वाचेन हिटी",
        "number_of_water_spouts": "1",
        "source": "apeirogon field survey"
      },
      "geometry": {
        "type": "Point",
        "coordinates": [
          85.3357228,
          27.6720551
        ]
      },
      "id": "node/10034234976"
    },
    {
      "type": "Feature",
      "properties": {
        "@id": "node/10034234977",
        "Outlet_Provision": "yes",
        "addr:place": "Tyagal",
        "amenity": "drinking_water",
        "dhungedhara": "yes",
        "historic": "stone_tap",
        "name": "Tyagal dhunge dhara",
        "number_of_water_spouts": "1",
        "source": "apeirogon field survey"
      },
      "geometry": {
        "type": "Point",
        "coordinates": [
          85.3302826,
          27.668342
        ]
      },
      "id": "node/10034234977"
    },
    {
      "type": "Feature",
      "properties": {
        "@id": "node/10034234978",
        "Outlet_Provision": "yes",
        "addr:place": "Imukhel",
        "amenity": "drinking_water",
        "dhungedhara": "yes",
        "historic": "stone_tap",
        "name": "Byanchha",
        "number_of_water_spouts": "1",
        "source": "apeirogon field survey"
      },
      "geometry": {
        "type": "Point",
        "coordinates": [
          85.3262112,
          27.6785752
        ]
      },
      "id": "node/10034234978"
    },
    {
      "type": "Feature",
      "properties": {
        "@id": "node/10034234979",
        "Outlet_Provision": "yes",
        "addr:place": "Emukhel",
        "amenity": "drinking_water",
        "dhungedhara": "yes",
        "historic": "stone_tap",
        "name": "Dhatu",
        "number_of_water_spouts": "1",
        "source": "apeirogon field survey"
      },
      "geometry": {
        "type": "Point",
        "coordinates": [
          85.3262084,
          27.6784685
        ]
      },
      "id": "node/10034234979"
    },
    {
      "type": "Feature",
      "properties": {
        "@id": "node/10034234980",
        "Outlet_Provision": "no",
        "addr:place": "Sankhamul park",
        "amenity": "drinking_water",
        "dhungedhara": "yes",
        "historic": "stone_tap",
        "name": "Sankhamul hiti c",
        "source": "apeirogon field survey"
      },
      "geometry": {
        "type": "Point",
        "coordinates": [
          85.3312903,
          27.678904
        ]
      },
      "id": "node/10034234980"
    },
    {
      "type": "Feature",
      "properties": {
        "@id": "node/10034234982",
        "Outlet_Provision": "no",
        "addr:place": "Shankhamul park",
        "amenity": "drinking_water",
        "dhungedhara": "yes",
        "historic": "stone_tap",
        "name": "Rudradhara",
        "number_of_water_spouts": "1",
        "source": "apeirogon field survey"
      },
      "geometry": {
        "type": "Point",
        "coordinates": [
          85.332071,
          27.6783707
        ]
      },
      "id": "node/10034234982"
    },
    {
      "type": "Feature",
      "properties": {
        "@id": "node/10034234983",
        "addr:place": "Sankhamul park",
        "amenity": "drinking_water",
        "dhungedhara": "yes",
        "historic": "stone_tap",
        "man_made": "water_tap",
        "source": "apeirogon field survey"
      },
      "geometry": {
        "type": "Point",
        "coordinates": [
          85.3316918,
          27.6785616
        ]
      },
      "id": "node/10034234983"
    },
    {
      "type": "Feature",
      "properties": {
        "@id": "node/10034234984",
        "Outlet_Provision": "no",
        "addr:place": "Chyasal",
        "amenity": "drinking_water",
        "dhungedhara": "yes",
        "historic": "stone_tap",
        "name": "च्यासल हिती",
        "name:en": "Chyasal Hiti",
        "name:ne": "च्यासल हिती",
        "source": "apeirogon field survey"
      },
      "geometry": {
        "type": "Point",
        "coordinates": [
          85.3329444,
          27.6784928
        ]
      },
      "id": "node/10034234984"
    },
    {
      "type": "Feature",
      "properties": {
        "@id": "node/10034234985",
        "Outlet_Provision": "yes",
        "addr:place": "Tangal",
        "amenity": "drinking_water",
        "dhungedhara": "yes",
        "historic": "stone_tap",
        "name": "Chakba Hiti",
        "number_of_water_spouts": "5",
        "source": "apeirogon field survey"
      },
      "geometry": {
        "type": "Point",
        "coordinates": [
          85.3238579,
          27.6699632
        ]
      },
      "id": "node/10034234985"
    },
    {
      "type": "Feature",
      "properties": {
        "@id": "node/10034234987",
        "Outlet_Provision": "yes",
        "addr:place": "Mangalbazar",
        "amenity": "drinking_water",
        "dhungedhara": "yes",
        "fountain": "drinking",
        "historic": "stone_tap",
        "name": "Manga Hiti",
        "number_of_water_spouts": "3",
        "source": "apeirogon field survey"
      },
      "geometry": {
        "type": "Point",
        "coordinates": [
          85.3255348,
          27.6735225
        ]
      },
      "id": "node/10034234987"
    },
    {
      "type": "Feature",
      "properties": {
        "@id": "node/10034234989",
        "Outlet_Provision": "yes",
        "addr:place": "Chyasal gate",
        "amenity": "drinking_water",
        "dhungedhara": "yes",
        "historic": "stone_tap",
        "name": "Bya Hiti",
        "number_of_water_spouts": "2",
        "source": "apeirogon field survey"
      },
      "geometry": {
        "type": "Point",
        "coordinates": [
          85.3293027,
          27.6748352
        ]
      },
      "id": "node/10034234989"
    },
    {
      "type": "Feature",
      "properties": {
        "@id": "node/10034234990",
        "Outlet_Provision": "yes",
        "addr:place": "Chyasal gate",
        "amenity": "drinking_water",
        "dhungedhara": "yes",
        "historic": "stone_tap",
        "name": "Chyasa Hiti",
        "number_of_water_spouts": "8",
        "source": "apeirogon field survey"
      },
      "geometry": {
        "type": "Point",
        "coordinates": [
          85.3281892,
          27.6746668
        ]
      },
      "id": "node/10034234990"
    },
    {
      "type": "Feature",
      "properties": {
        "@id": "node/10034234991",
        "Outlet_Provision": "yes",
        "addr:place": "Bhola Dhoka",
        "amenity": "drinking_water",
        "dhungedhara": "yes",
        "historic": "stone_tap",
        "name": "Bhola Khya Hiti",
        "name:en": "Bhola Khya Hiti",
        "number_of_water_spouts": "1",
        "source": "apeirogon field survey"
      },
      "geometry": {
        "type": "Point",
        "coordinates": [
          85.3326837,
          27.6730995
        ]
      },
      "id": "node/10034234991"
    },
    {
      "type": "Feature",
      "properties": {
        "@id": "node/10034234994",
        "Outlet_Provision": "no",
        "addr:place": "Chahbahal",
        "amenity": "drinking_water",
        "dhungedhara": "yes",
        "historic": "stone_tap",
        "name": "Chha Baha Hiti",
        "number_of_water_spouts": "3",
        "source": "apeirogon field survey"
      },
      "geometry": {
        "type": "Point",
        "coordinates": [
          85.3192116,
          27.6765856
        ]
      },
      "id": "node/10034234994"
    },
    {
      "type": "Feature",
      "properties": {
        "@id": "node/10034234995",
        "Outlet_Provision": "yes",
        "addr:place": "Tapa hiti tole",
        "amenity": "drinking_water",
        "dhungedhara": "yes",
        "historic": "stone_tap",
        "name": "तापा हिटी बी",
        "name:en": "Tapa hiti B",
        "name:ne": "तापा हिटी बी",
        "number_of_water_spouts": "3",
        "source": "apeirogon field survey"
      },
      "geometry": {
        "type": "Point",
        "coordinates": [
          85.3239079,
          27.677396
        ]
      },
      "id": "node/10034234995"
    },
    {
      "type": "Feature",
      "properties": {
        "@id": "node/10034234996",
        "Outlet_Provision": "yes",
        "addr:place": "Tapa hiti tole",
        "amenity": "drinking_water",
        "dhungedhara": "yes",
        "historic": "stone_tap",
        "name": "Tapa hiti A",
        "number_of_water_spouts": "3",
        "source": "apeirogon field survey"
      },
      "geometry": {
        "type": "Point",
        "coordinates": [
          85.3239836,
          27.6773202
        ]
      },
      "id": "node/10034234996"
    },
    {
      "type": "Feature",
      "properties": {
        "@id": "node/10034234997",
        "Outlet_Provision": "no",
        "addr:place": "Nagabahal",
        "amenity": "drinking_water",
        "dhungedhara": "yes",
        "historic": "stone_tap",
        "name": "Naga Bahal Hiti",
        "number_of_water_spouts": "1",
        "source": "apeirogon field survey"
      },
      "geometry": {
        "type": "Point",
        "coordinates": [
          85.3241538,
          27.6759966
        ]
      },
      "id": "node/10034234997"
    },
    {
      "type": "Feature",
      "properties": {
        "@id": "node/10034234998",
        "Outlet_Provision": "yes",
        "amenity": "drinking_water",
        "dhungedhara": "yes",
        "historic": "stone_tap",
        "name": "Misa Hiti",
        "number_of_water_spouts": "6",
        "source": "apeirogon field survey"
      },
      "geometry": {
        "type": "Point",
        "coordinates": [
          85.3258647,
          27.6766878
        ]
      },
      "id": "node/10034234998"
    },
    {
      "type": "Feature",
      "properties": {
        "@id": "node/10034234999",
        "Outlet_Provision": "yes",
        "addr:place": "Konti, kumbeshwor",
        "amenity": "drinking_water",
        "dhungedhara": "yes",
        "historic": "stone_tap",
        "name": "Konti Pukhu Hiti",
        "number_of_water_spouts": "1",
        "source": "apeirogon field survey"
      },
      "geometry": {
        "type": "Point",
        "coordinates": [
          85.3259995,
          27.6768088
        ]
      },
      "id": "node/10034234999"
    },
    {
      "type": "Feature",
      "properties": {
        "@id": "node/10034235000",
        "Outlet_Provision": "yes",
        "amenity": "drinking_water",
        "dhungedhara": "yes",
        "historic": "stone_tap",
        "name": "Konti Hiti",
        "number_of_water_spouts": "6",
        "source": "apeirogon field survey"
      },
      "geometry": {
        "type": "Point",
        "coordinates": [
          85.3257217,
          27.6768234
        ]
      },
      "id": "node/10034235000"
    },
    {
      "type": "Feature",
      "properties": {
        "@id": "node/10034235001",
        "Outlet_Provision": "yes",
        "addr:place": "Subabal",
        "amenity": "drinking_water",
        "dhungedhara": "yes",
        "historic": "stone_tap",
        "name": "सुबाहल हिती",
        "name:en": "Subahal Hiti",
        "name:ne": "सुबाहल हिती",
        "number_of_water_spouts": "2",
        "source": "apeirogon field survey"
      },
      "geometry": {
        "type": "Point",
        "coordinates": [
          85.3307642,
          27.6707618
        ]
      },
      "id": "node/10034235001"
    },
    {
      "type": "Feature",
      "properties": {
        "@id": "node/10034235002",
        "Outlet_Provision": "no",
        "addr:place": "Guita tol",
        "amenity": "drinking_water",
        "dhungedhara": "yes",
        "historic": "stone_tap",
        "name": "गुइता हिटी",
        "name:en": "Guita Hiti",
        "name:ne": "गुइता हिटी",
        "number_of_water_spouts": "2",
        "source": "apeirogon field survey"
      },
      "geometry": {
        "type": "Point",
        "coordinates": [
          85.332471,
          27.671281
        ]
      },
      "id": "node/10034235002"
    },
    {
      "type": "Feature",
      "properties": {
        "@id": "node/10034235003",
        "Outlet_Provision": "yes",
        "addr:place": "Manda hiti margha",
        "amenity": "drinking_water",
        "dhungedhara": "yes",
        "historic": "stone_tap",
        "name": "Manda Hiti",
        "number_of_water_spouts": "3",
        "source": "apeirogon field survey"
      },
      "geometry": {
        "type": "Point",
        "coordinates": [
          85.3283969,
          27.6637313
        ]
      },
      "id": "node/10034235003"
    },
    {
      "type": "Feature",
      "properties": {
        "@id": "node/10034235004",
        "Outlet_Provision": "yes",
        "addr:place": "Sincha Tol",
        "amenity": "drinking_water",
        "dhungedhara": "yes",
        "historic": "stone_tap",
        "name": "Sincha (?????) Hiti",
        "number_of_water_spouts": "3",
        "source": "apeirogon field survey"
      },
      "geometry": {
        "type": "Point",
        "coordinates": [
          85.3285771,
          27.6657112
        ]
      },
      "id": "node/10034235004"
    },
    {
      "type": "Feature",
      "properties": {
        "@id": "node/10034235005",
        "Outlet_Provision": "yes",
        "addr:place": "Khanibahal Tol",
        "amenity": "drinking_water",
        "dhungedhara": "yes",
        "historic": "stone_tap",
        "name": "Kanibaha Hiti",
        "number_of_water_spouts": "1",
        "source": "apeirogon field survey"
      },
      "geometry": {
        "type": "Point",
        "coordinates": [
          85.327544,
          27.6678067
        ]
      },
      "id": "node/10034235005"
    },
    {
      "type": "Feature",
      "properties": {
        "@id": "node/10034235006",
        "Outlet_Provision": "yes",
        "addr:place": "Na Hiti Ganesh Marga",
        "amenity": "drinking_water",
        "dhungedhara": "yes",
        "historic": "stone_tap",
        "name": "Na Hiti",
        "number_of_water_spouts": "2",
        "source": "apeirogon field survey"
      },
      "geometry": {
        "type": "Point",
        "coordinates": [
          85.3262119,
          27.666712
        ]
      },
      "id": "node/10034235006"
    },
    {
      "type": "Feature",
      "properties": {
        "@id": "node/10034235007",
        "Outlet_Provision": "no",
        "addr:place": "Lagankhel",
        "amenity": "drinking_water",
        "dhungedhara": "yes",
        "historic": "stone_tap",
        "name": "लगाख्य हिटी",
        "name:en": "Lagakhya Hiti",
        "name:ne": "लगाख्य हिटी",
        "number_of_water_spouts": "1",
        "source": "apeirogon field survey"
      },
      "geometry": {
        "type": "Point",
        "coordinates": [
          85.3234023,
          27.6664853
        ]
      },
      "id": "node/10034235007"
    },
    {
      "type": "Feature",
      "properties": {
        "@id": "node/10034235008",
        "Outlet_Provision": "yes",
        "addr:place": "Thapa Galli",
        "amenity": "drinking_water",
        "dhungedhara": "yes",
        "historic": "stone_tap",
        "name": "Thapa Hiti",
        "number_of_water_spouts": "4",
        "source": "apeirogon field survey"
      },
      "geometry": {
        "type": "Point",
        "coordinates": [
          85.3265737,
          27.6692688
        ]
      },
      "id": "node/10034235008"
    },
    {
      "type": "Feature",
      "properties": {
        "@id": "node/10034235009",
        "Outlet_Provision": "yes",
        "addr:place": "????????",
        "amenity": "drinking_water",
        "dhungedhara": "yes",
        "historic": "stone_tap",
        "name": "Lu Hiti",
        "number_of_water_spouts": "3",
        "source": "apeirogon field survey"
      },
      "geometry": {
        "type": "Point",
        "coordinates": [
          85.327999,
          27.6697493
        ]
      },
      "id": "node/10034235009"
    },
    {
      "type": "Feature",
      "properties": {
        "@id": "node/10034235010",
        "Outlet_Provision": "yes",
        "addr:place": "Saugal Patan",
        "amenity": "drinking_water",
        "dhungedhara": "yes",
        "historic": "stone_tap",
        "name": "Sauga Hiti",
        "number_of_water_spouts": "4",
        "source": "apeirogon field survey"
      },
      "geometry": {
        "type": "Point",
        "coordinates": [
          85.326748,
          27.6705364
        ]
      },
      "id": "node/10034235010"
    },
    {
      "type": "Feature",
      "properties": {
        "@id": "node/10034235011",
        "Outlet_Provision": "yes",
        "addr:place": "Yala Layaku Marga, Tangal",
        "amenity": "drinking_water",
        "dhungedhara": "yes",
        "historic": "stone_tap",
        "name": "Tangal Hiti",
        "number_of_water_spouts": "3",
        "source": "apeirogon field survey"
      },
      "geometry": {
        "type": "Point",
        "coordinates": [
          85.3238965,
          27.6701208
        ]
      },
      "id": "node/10034235011"
    },
    {
      "type": "Feature",
      "properties": {
        "@id": "node/10034235013",
        "Outlet_Provision": "no",
        "addr:place": "Jawalakhel",
        "amenity": "drinking_water",
        "dhungedhara": "yes",
        "historic": "stone_tap",
        "name": "Jawalakhel Hiti",
        "number_of_water_spouts": "1",
        "source": "apeirogon field survey"
      },
      "geometry": {
        "type": "Point",
        "coordinates": [
          85.3127163,
          27.6730698
        ]
      },
      "id": "node/10034235013"
    },
    {
      "type": "Feature",
      "properties": {
        "@id": "node/10034235014",
        "Outlet_Provision": "yes",
        "access": "no",
        "addr:place": "Pulchiw",
        "amenity": "drinking_water",
        "dhungedhara": "yes",
        "fee": "no",
        "historic": "stone_tap",
        "name": "Pucha Hiti",
        "number_of_water_spouts": "3",
        "source": "apeirogon field survey",
        "wheelchair": "no"
      },
      "geometry": {
        "type": "Point",
        "coordinates": [
          85.3164973,
          27.6766331
        ]
      },
      "id": "node/10034235014"
    },
    {
      "type": "Feature",
      "properties": {
        "@id": "node/10034235015",
        "Outlet_Provision": "yes",
        "addr:place": "Sanepa",
        "amenity": "drinking_water",
        "dhungedhara": "yes",
        "historic": "stone_tap",
        "name": "Raj Tirtha Hiti",
        "number_of_water_spouts": "1",
        "source": "apeirogon field survey"
      },
      "geometry": {
        "type": "Point",
        "coordinates": [
          85.3057262,
          27.6919615
        ]
      },
      "id": "node/10034235015"
    },
    {
      "type": "Feature",
      "properties": {
        "@id": "node/10034235016",
        "Outlet_Provision": "yes",
        "addr:place": "Sanepa",
        "amenity": "drinking_water",
        "dhungedhara": "yes",
        "historic": "stone_tap",
        "name": "Sanepa Hiti",
        "number_of_water_spouts": "1",
        "source": "apeirogon field survey"
      },
      "geometry": {
        "type": "Point",
        "coordinates": [
          85.3065793,
          27.6862937
        ]
      },
      "id": "node/10034235016"
    },
    {
      "type": "Feature",
      "properties": {
        "@id": "node/10034241717",
        "Outlet_Provision": "yes",
        "addr:place": "Dhobhighat",
        "amenity": "drinking_water",
        "dhungedhara": "yes",
        "historic": "stone_tap",
        "name": "Hiku Hiti",
        "number_of_water_spouts": "3",
        "source": "apeirogon field survey"
      },
      "geometry": {
        "type": "Point",
        "coordinates": [
          85.3066513,
          27.6766062
        ]
      },
      "id": "node/10034241717"
    },
    {
      "type": "Feature",
      "properties": {
        "@id": "node/10034241718",
        "Outlet_Provision": "yes",
        "addr:place": "Dhobhighat",
        "amenity": "drinking_water",
        "dhungedhara": "yes",
        "historic": "stone_tap",
        "name": "Dhobhighat Ikuhiti",
        "number_of_water_spouts": "3",
        "source": "apeirogon field survey"
      },
      "geometry": {
        "type": "Point",
        "coordinates": [
          85.3060133,
          27.6749935
        ]
      },
      "id": "node/10034241718"
    },
    {
      "type": "Feature",
      "properties": {
        "@id": "node/10034241719",
        "Outlet_Provision": "yes",
        "addr:place": "Lalitpur-13, Kusunti",
        "amenity": "drinking_water",
        "dhungedhara": "yes",
        "historic": "stone_tap",
        "name": "Kal Dhara Hiti",
        "number_of_water_spouts": "1",
        "source": "apeirogon field survey"
      },
      "geometry": {
        "type": "Point",
        "coordinates": [
          85.3127839,
          27.6632678
        ]
      },
      "id": "node/10034241719"
    },
    {
      "type": "Feature",
      "properties": {
        "@id": "node/10034241721",
        "Outlet_Provision": "yes",
        "addr:place": "Lalitpur-13, Kusunti",
        "amenity": "drinking_water",
        "dhungedhara": "yes",
        "historic": "stone_tap",
        "name": "Kusunti Hiti",
        "number_of_water_spouts": "1",
        "source": "apeirogon field survey"
      },
      "geometry": {
        "type": "Point",
        "coordinates": [
          85.3121615,
          27.6650378
        ]
      },
      "id": "node/10034241721"
    },
    {
      "type": "Feature",
      "properties": {
        "@id": "node/10055949617",
        "amenity": "drinking_water"
      },
      "geometry": {
        "type": "Point",
        "coordinates": [
          84.2416876,
          28.5933341
        ]
      },
      "id": "node/10055949617"
    },
    {
      "type": "Feature",
      "properties": {
        "@id": "node/10060031917",
        "amenity": "drinking_water",
        "name": "Pholaa Lassi"
      },
      "geometry": {
        "type": "Point",
        "coordinates": [
          74.4394238,
          31.5908944
        ]
      },
      "id": "node/10060031917"
    },
    {
      "type": "Feature",
      "properties": {
        "@id": "node/10068916078",
        "amenity": "drinking_water"
      },
      "geometry": {
        "type": "Point",
        "coordinates": [
          85.3851561,
          27.678628
        ]
      },
      "id": "node/10068916078"
    },
    {
      "type": "Feature",
      "properties": {
        "@id": "node/10068927118",
        "amenity": "drinking_water"
      },
      "geometry": {
        "type": "Point",
        "coordinates": [
          85.3865589,
          27.6784807
        ]
      },
      "id": "node/10068927118"
    },
    {
      "type": "Feature",
      "properties": {
        "@id": "node/10068927119",
        "amenity": "drinking_water"
      },
      "geometry": {
        "type": "Point",
        "coordinates": [
          85.3868385,
          27.677729
        ]
      },
      "id": "node/10068927119"
    },
    {
      "type": "Feature",
      "properties": {
        "@id": "node/10074131917",
        "amenity": "drinking_water",
        "name:en": "Ghorahi Khanepani"
      },
      "geometry": {
        "type": "Point",
        "coordinates": [
          82.5195586,
          28.0565799
        ]
      },
      "id": "node/10074131917"
    },
    {
      "type": "Feature",
      "properties": {
        "@id": "node/10086028845",
        "amenity": "drinking_water"
      },
      "geometry": {
        "type": "Point",
        "coordinates": [
          81.8879364,
          28.7898153
        ]
      },
      "id": "node/10086028845"
    },
    {
      "type": "Feature",
      "properties": {
        "@id": "node/10086053316",
        "amenity": "drinking_water"
      },
      "geometry": {
        "type": "Point",
        "coordinates": [
          81.8754166,
          28.7913121
        ]
      },
      "id": "node/10086053316"
    },
    {
      "type": "Feature",
      "properties": {
        "@id": "node/10086081891",
        "amenity": "drinking_water"
      },
      "geometry": {
        "type": "Point",
        "coordinates": [
          81.8774969,
          28.7928776
        ]
      },
      "id": "node/10086081891"
    },
    {
      "type": "Feature",
      "properties": {
        "@id": "node/10086081900",
        "amenity": "drinking_water"
      },
      "geometry": {
        "type": "Point",
        "coordinates": [
          81.8772358,
          28.7927166
        ]
      },
      "id": "node/10086081900"
    },
    {
      "type": "Feature",
      "properties": {
        "@id": "node/10086090821",
        "amenity": "drinking_water"
      },
      "geometry": {
        "type": "Point",
        "coordinates": [
          81.8759248,
          28.7914426
        ]
      },
      "id": "node/10086090821"
    },
    {
      "type": "Feature",
      "properties": {
        "@id": "node/10086090822",
        "amenity": "drinking_water"
      },
      "geometry": {
        "type": "Point",
        "coordinates": [
          81.8756137,
          28.791385
        ]
      },
      "id": "node/10086090822"
    },
    {
      "type": "Feature",
      "properties": {
        "@id": "node/10086090823",
        "amenity": "drinking_water",
        "man_made": "water_tap"
      },
      "geometry": {
        "type": "Point",
        "coordinates": [
          81.8762708,
          28.7915971
        ]
      },
      "id": "node/10086090823"
    },
    {
      "type": "Feature",
      "properties": {
        "@id": "node/10086090824",
        "amenity": "drinking_water"
      },
      "geometry": {
        "type": "Point",
        "coordinates": [
          81.8762273,
          28.7917393
        ]
      },
      "id": "node/10086090824"
    },
    {
      "type": "Feature",
      "properties": {
        "@id": "node/10086090867",
        "amenity": "drinking_water"
      },
      "geometry": {
        "type": "Point",
        "coordinates": [
          81.8755594,
          28.7911217
        ]
      },
      "id": "node/10086090867"
    },
    {
      "type": "Feature",
      "properties": {
        "@id": "node/10086090872",
        "amenity": "drinking_water"
      },
      "geometry": {
        "type": "Point",
        "coordinates": [
          81.8757398,
          28.7909178
        ]
      },
      "id": "node/10086090872"
    },
    {
      "type": "Feature",
      "properties": {
        "@id": "node/10086090887",
        "amenity": "drinking_water"
      },
      "geometry": {
        "type": "Point",
        "coordinates": [
          81.8741546,
          28.7909824
        ]
      },
      "id": "node/10086090887"
    },
    {
      "type": "Feature",
      "properties": {
        "@id": "node/10086090888",
        "amenity": "drinking_water"
      },
      "geometry": {
        "type": "Point",
        "coordinates": [
          81.8749787,
          28.7906683
        ]
      },
      "id": "node/10086090888"
    },
    {
      "type": "Feature",
      "properties": {
        "@id": "node/10086090889",
        "amenity": "drinking_water"
      },
      "geometry": {
        "type": "Point",
        "coordinates": [
          81.8759999,
          28.7905816
        ]
      },
      "id": "node/10086090889"
    },
    {
      "type": "Feature",
      "properties": {
        "@id": "node/10086090904",
        "amenity": "drinking_water"
      },
      "geometry": {
        "type": "Point",
        "coordinates": [
          81.8744476,
          28.790229
        ]
      },
      "id": "node/10086090904"
    },
    {
      "type": "Feature",
      "properties": {
        "@id": "node/10086090905",
        "amenity": "drinking_water"
      },
      "geometry": {
        "type": "Point",
        "coordinates": [
          81.8749224,
          28.7901297
        ]
      },
      "id": "node/10086090905"
    },
    {
      "type": "Feature",
      "properties": {
        "@id": "node/10086090906",
        "amenity": "drinking_water"
      },
      "geometry": {
        "type": "Point",
        "coordinates": [
          81.8754823,
          28.7900721
        ]
      },
      "id": "node/10086090906"
    },
    {
      "type": "Feature",
      "properties": {
        "@id": "node/10086090933",
        "amenity": "drinking_water"
      },
      "geometry": {
        "type": "Point",
        "coordinates": [
          81.875961,
          28.7898706
        ]
      },
      "id": "node/10086090933"
    },
    {
      "type": "Feature",
      "properties": {
        "@id": "node/10086171458",
        "amenity": "drinking_water"
      },
      "geometry": {
        "type": "Point",
        "coordinates": [
          81.8788035,
          28.7934
        ]
      },
      "id": "node/10086171458"
    },
    {
      "type": "Feature",
      "properties": {
        "@id": "node/10086171459",
        "amenity": "drinking_water"
      },
      "geometry": {
        "type": "Point",
        "coordinates": [
          81.8781658,
          28.7930968
        ]
      },
      "id": "node/10086171459"
    },
    {
      "type": "Feature",
      "properties": {
        "@id": "node/10086171481",
        "amenity": "drinking_water"
      },
      "geometry": {
        "type": "Point",
        "coordinates": [
          81.8770581,
          28.791184
        ]
      },
      "id": "node/10086171481"
    },
    {
      "type": "Feature",
      "properties": {
        "@id": "node/10086191818",
        "amenity": "drinking_water"
      },
      "geometry": {
        "type": "Point",
        "coordinates": [
          81.8734384,
          28.7905946
        ]
      },
      "id": "node/10086191818"
    },
    {
      "type": "Feature",
      "properties": {
        "@id": "node/10086191823",
        "amenity": "drinking_water"
      },
      "geometry": {
        "type": "Point",
        "coordinates": [
          81.8728148,
          28.7907338
        ]
      },
      "id": "node/10086191823"
    },
    {
      "type": "Feature",
      "properties": {
        "@id": "node/10086191828",
        "amenity": "drinking_water"
      },
      "geometry": {
        "type": "Point",
        "coordinates": [
          81.8718807,
          28.7905434
        ]
      },
      "id": "node/10086191828"
    },
    {
      "type": "Feature",
      "properties": {
        "@id": "node/10086191829",
        "amenity": "drinking_water"
      },
      "geometry": {
        "type": "Point",
        "coordinates": [
          81.8715595,
          28.7900051
        ]
      },
      "id": "node/10086191829"
    },
    {
      "type": "Feature",
      "properties": {
        "@id": "node/10086798418",
        "amenity": "drinking_water"
      },
      "geometry": {
        "type": "Point",
        "coordinates": [
          83.6022113,
          28.6825568
        ]
      },
      "id": "node/10086798418"
    },
    {
      "type": "Feature",
      "properties": {
        "@id": "node/10088378204",
        "amenity": "drinking_water",
        "man_made": "water_tap"
      },
      "geometry": {
        "type": "Point",
        "coordinates": [
          83.9669225,
          28.2023622
        ]
      },
      "id": "node/10088378204"
    },
    {
      "type": "Feature",
      "properties": {
        "@id": "node/10129415392",
        "amenity": "drinking_water"
      },
      "geometry": {
        "type": "Point",
        "coordinates": [
          76.1643961,
          31.7999931
        ]
      },
      "id": "node/10129415392"
    },
    {
      "type": "Feature",
      "properties": {
        "@id": "node/10137825297",
        "access": "yes",
        "amenity": "drinking_water",
        "bottle": "yes",
        "covered": "yes",
        "fee": "no",
        "man_made": "water_tap"
      },
      "geometry": {
        "type": "Point",
        "coordinates": [
          77.0926348,
          28.4752226
        ]
      },
      "id": "node/10137825297"
    },
    {
      "type": "Feature",
      "properties": {
        "@id": "node/10154968840",
        "amenity": "drinking_water"
      },
      "geometry": {
        "type": "Point",
        "coordinates": [
          82.3407523,
          28.1547568
        ]
      },
      "id": "node/10154968840"
    },
    {
      "type": "Feature",
      "properties": {
        "@id": "node/10154968893",
        "amenity": "drinking_water"
      },
      "geometry": {
        "type": "Point",
        "coordinates": [
          82.3443036,
          28.1721039
        ]
      },
      "id": "node/10154968893"
    },
    {
      "type": "Feature",
      "properties": {
        "@id": "node/10180857931",
        "amenity": "drinking_water",
        "bottle": "yes",
        "wheelchair": "limited"
      },
      "geometry": {
        "type": "Point",
        "coordinates": [
          78.076396,
          27.9185653
        ]
      },
      "id": "node/10180857931"
    },
    {
      "type": "Feature",
      "properties": {
        "@id": "node/10180857932",
        "access": "yes",
        "amenity": "drinking_water",
        "bottle": "yes",
        "wheelchair": "limited"
      },
      "geometry": {
        "type": "Point",
        "coordinates": [
          78.076583,
          27.9186995
        ]
      },
      "id": "node/10180857932"
    },
    {
      "type": "Feature",
      "properties": {
        "@id": "node/10180857933",
        "amenity": "drinking_water",
        "bottle": "yes",
        "wheelchair": "limited"
      },
      "geometry": {
        "type": "Point",
        "coordinates": [
          78.0764953,
          27.9196548
        ]
      },
      "id": "node/10180857933"
    },
    {
      "type": "Feature",
      "properties": {
        "@id": "node/10180857934",
        "access": "yes",
        "amenity": "drinking_water",
        "bottle": "yes",
        "wheelchair": "limited"
      },
      "geometry": {
        "type": "Point",
        "coordinates": [
          78.0753559,
          27.9187615
        ]
      },
      "id": "node/10180857934"
    },
    {
      "type": "Feature",
      "properties": {
        "@id": "node/10237675310",
        "amenity": "drinking_water",
        "name": "Tinpaniya"
      },
      "geometry": {
        "type": "Point",
        "coordinates": [
          85.8039796,
          25.9167152
        ]
      },
      "id": "node/10237675310"
    },
    {
      "type": "Feature",
      "properties": {
        "@id": "node/10241800139",
        "amenity": "drinking_water"
      },
      "geometry": {
        "type": "Point",
        "coordinates": [
          77.220445,
          28.5915672
        ]
      },
      "id": "node/10241800139"
    },
    {
      "type": "Feature",
      "properties": {
        "@id": "node/10248429626",
        "amenity": "drinking_water"
      },
      "geometry": {
        "type": "Point",
        "coordinates": [
          88.6116417,
          27.3270672
        ]
      },
      "id": "node/10248429626"
    },
    {
      "type": "Feature",
      "properties": {
        "@id": "node/10262556238",
        "amenity": "drinking_water"
      },
      "geometry": {
        "type": "Point",
        "coordinates": [
          77.2421417,
          28.6595001
        ]
      },
      "id": "node/10262556238"
    },
    {
      "type": "Feature",
      "properties": {
        "@id": "node/10268247423",
        "amenity": "drinking_water",
        "name": "Jhalari Khanepani"
      },
      "geometry": {
        "type": "Point",
        "coordinates": [
          80.3468531,
          28.9172258
        ]
      },
      "id": "node/10268247423"
    },
    {
      "type": "Feature",
      "properties": {
        "@id": "node/10281996386",
        "amenity": "drinking_water"
      },
      "geometry": {
        "type": "Point",
        "coordinates": [
          88.4165121,
          26.65505
        ]
      },
      "id": "node/10281996386"
    },
    {
      "type": "Feature",
      "properties": {
        "@id": "node/10285927009",
        "amenity": "drinking_water",
        "name": "Ganga Mineral Water"
      },
      "geometry": {
        "type": "Point",
        "coordinates": [
          85.3047927,
          23.3664599
        ]
      },
      "id": "node/10285927009"
    },
    {
      "type": "Feature",
      "properties": {
        "@id": "node/10303857009",
        "amenity": "drinking_water",
        "name:en": "Water tank"
      },
      "geometry": {
        "type": "Point",
        "coordinates": [
          86.6361047,
          27.3009032
        ]
      },
      "id": "node/10303857009"
    },
    {
      "type": "Feature",
      "properties": {
        "@id": "node/10316743009",
        "amenity": "drinking_water",
        "name:en": "Kuwa"
      },
      "geometry": {
        "type": "Point",
        "coordinates": [
          83.7600906,
          28.1316718
        ]
      },
      "id": "node/10316743009"
    },
    {
      "type": "Feature",
      "properties": {
        "@id": "node/10542154871",
        "amenity": "drinking_water"
      },
      "geometry": {
        "type": "Point",
        "coordinates": [
          76.2922676,
          32.2891924
        ]
      },
      "id": "node/10542154871"
    },
    {
      "type": "Feature",
      "properties": {
        "@id": "node/10562586748",
        "amenity": "drinking_water"
      },
      "geometry": {
        "type": "Point",
        "coordinates": [
          80.2360289,
          26.5117618
        ]
      },
      "id": "node/10562586748"
    },
    {
      "type": "Feature",
      "properties": {
        "@id": "node/10567218307",
        "amenity": "drinking_water",
        "operator": "Ghattekhola Muhan",
        "wheelchair": "no"
      },
      "geometry": {
        "type": "Point",
        "coordinates": [
          87.3176982,
          27.0399853
        ]
      },
      "id": "node/10567218307"
    },
    {
      "type": "Feature",
      "properties": {
        "@id": "node/10567233281",
        "amenity": "drinking_water",
        "operator": "Ramche ban muhan",
        "wheelchair": "no"
      },
      "geometry": {
        "type": "Point",
        "coordinates": [
          87.3314208,
          27.0510508
        ]
      },
      "id": "node/10567233281"
    },
    {
      "type": "Feature",
      "properties": {
        "@id": "node/10567236941",
        "amenity": "drinking_water",
        "operator": "Chiyabari muhan",
        "wheelchair": "no"
      },
      "geometry": {
        "type": "Point",
        "coordinates": [
          87.3302216,
          27.0480314
        ]
      },
      "id": "node/10567236941"
    },
    {
      "type": "Feature",
      "properties": {
        "@id": "node/10567337607",
        "amenity": "drinking_water",
        "operator": "Chiyabari muhan",
        "wheelchair": "no"
      },
      "geometry": {
        "type": "Point",
        "coordinates": [
          87.3304262,
          27.0473464
        ]
      },
      "id": "node/10567337607"
    },
    {
      "type": "Feature",
      "properties": {
        "@id": "node/10567467971",
        "amenity": "drinking_water",
        "operator": "Sinjali Muhan",
        "wheelchair": "no"
      },
      "geometry": {
        "type": "Point",
        "coordinates": [
          87.3252492,
          27.042007
        ]
      },
      "id": "node/10567467971"
    },
    {
      "type": "Feature",
      "properties": {
        "@id": "node/10567469501",
        "amenity": "drinking_water",
        "operator": "Ghatte khola",
        "wheelchair": "no"
      },
      "geometry": {
        "type": "Point",
        "coordinates": [
          87.3171989,
          27.0392973
        ]
      },
      "id": "node/10567469501"
    },
    {
      "type": "Feature",
      "properties": {
        "@id": "node/10567471316",
        "amenity": "drinking_water",
        "operator": "Sarki Khola Khane Pani Muhan",
        "wheelchair": "no"
      },
      "geometry": {
        "type": "Point",
        "coordinates": [
          87.3224367,
          27.0421128
        ]
      },
      "id": "node/10567471316"
    },
    {
      "type": "Feature",
      "properties": {
        "@id": "node/10567476206",
        "amenity": "drinking_water",
        "operator": "Rana Sinjali tole Khanepani",
        "wheelchair": "no"
      },
      "geometry": {
        "type": "Point",
        "coordinates": [
          87.3185788,
          27.0376977
        ]
      },
      "id": "node/10567476206"
    },
    {
      "type": "Feature",
      "properties": {
        "@id": "node/10569218762",
        "amenity": "drinking_water",
        "operator": "thing khola muhan",
        "wheelchair": "no"
      },
      "geometry": {
        "type": "Point",
        "coordinates": [
          87.316711,
          27.0357504
        ]
      },
      "id": "node/10569218762"
    },
    {
      "type": "Feature",
      "properties": {
        "@id": "node/10569278043",
        "amenity": "drinking_water",
        "operator": "chiyabagan muhan",
        "wheelchair": "no"
      },
      "geometry": {
        "type": "Point",
        "coordinates": [
          87.3188591,
          27.034222
        ]
      },
      "id": "node/10569278043"
    },
    {
      "type": "Feature",
      "properties": {
        "@id": "node/10569299459",
        "amenity": "drinking_water",
        "operator": "gopal kuwa",
        "wheelchair": "no"
      },
      "geometry": {
        "type": "Point",
        "coordinates": [
          87.3191355,
          27.0350115
        ]
      },
      "id": "node/10569299459"
    },
    {
      "type": "Feature",
      "properties": {
        "@id": "node/10569300771",
        "amenity": "drinking_water",
        "operator": "mude muhan",
        "wheelchair": "no"
      },
      "geometry": {
        "type": "Point",
        "coordinates": [
          87.3332882,
          27.0486194
        ]
      },
      "id": "node/10569300771"
    },
    {
      "type": "Feature",
      "properties": {
        "@id": "node/10569341017",
        "amenity": "drinking_water",
        "operator": "chiyabagan khola muhan",
        "wheelchair": "no"
      },
      "geometry": {
        "type": "Point",
        "coordinates": [
          87.3173057,
          27.035454
        ]
      },
      "id": "node/10569341017"
    },
    {
      "type": "Feature",
      "properties": {
        "@id": "node/10569451001",
        "amenity": "drinking_water",
        "operator": "Gairi Tole Public Tap",
        "ref": "Gairi Tole Public tap"
      },
      "geometry": {
        "type": "Point",
        "coordinates": [
          87.3117601,
          27.0339681
        ]
      },
      "id": "node/10569451001"
    },
    {
      "type": "Feature",
      "properties": {
        "@id": "node/10569451095",
        "amenity": "drinking_water",
        "operator": "Bokre Tole Dhara 1",
        "ref": "Bokre Tole Dhara"
      },
      "geometry": {
        "type": "Point",
        "coordinates": [
          87.311288,
          27.0340905
        ]
      },
      "id": "node/10569451095"
    },
    {
      "type": "Feature",
      "properties": {
        "@id": "node/10569464464",
        "amenity": "drinking_water",
        "ref": "Bokre Tole Dhara 2"
      },
      "geometry": {
        "type": "Point",
        "coordinates": [
          87.3108868,
          27.0352277
        ]
      },
      "id": "node/10569464464"
    },
    {
      "type": "Feature",
      "properties": {
        "@id": "node/10569483415",
        "amenity": "drinking_water",
        "ref": "Bokre Tole Dhara 3"
      },
      "geometry": {
        "type": "Point",
        "coordinates": [
          87.3103504,
          27.0366516
        ]
      },
      "id": "node/10569483415"
    },
    {
      "type": "Feature",
      "properties": {
        "@id": "node/10569491019",
        "amenity": "drinking_water",
        "operator": "Hajar Sim"
      },
      "geometry": {
        "type": "Point",
        "coordinates": [
          87.3102173,
          27.0378805
        ]
      },
      "id": "node/10569491019"
    },
    {
      "type": "Feature",
      "properties": {
        "@id": "node/10569502151",
        "amenity": "drinking_water",
        "operator": "Bishwokarma Muhan1"
      },
      "geometry": {
        "type": "Point",
        "coordinates": [
          87.3109919,
          27.0377315
        ]
      },
      "id": "node/10569502151"
    },
    {
      "type": "Feature",
      "properties": {
        "@id": "node/10569502732",
        "amenity": "drinking_water",
        "operator": "Bishwokarma Muhan2"
      },
      "geometry": {
        "type": "Point",
        "coordinates": [
          87.3106915,
          27.0377506
        ]
      },
      "id": "node/10569502732"
    },
    {
      "type": "Feature",
      "properties": {
        "@id": "node/10572166535",
        "amenity": "drinking_water",
        "operator": "tallo rana tole khane pani muhan",
        "wheelchair": "no"
      },
      "geometry": {
        "type": "Point",
        "coordinates": [
          87.3173887,
          27.03703
        ]
      },
      "id": "node/10572166535"
    },
    {
      "type": "Feature",
      "properties": {
        "@id": "node/10572193214",
        "amenity": "drinking_water",
        "operator": "sundar muhan",
        "wheelchair": "no"
      },
      "geometry": {
        "type": "Point",
        "coordinates": [
          87.3100328,
          27.0365858
        ]
      },
      "id": "node/10572193214"
    },
    {
      "type": "Feature",
      "properties": {
        "@id": "node/10572209365",
        "amenity": "drinking_water",
        "operator": "mathillo rana tole khanepani",
        "wheelchair": "no"
      },
      "geometry": {
        "type": "Point",
        "coordinates": [
          87.3173444,
          27.0372713
        ]
      },
      "id": "node/10572209365"
    },
    {
      "type": "Feature",
      "properties": {
        "@id": "node/10572217528",
        "amenity": "drinking_water",
        "name": "Tanki Dhara"
      },
      "geometry": {
        "type": "Point",
        "coordinates": [
          87.31083,
          27.0403359
        ]
      },
      "id": "node/10572217528"
    },
    {
      "type": "Feature",
      "properties": {
        "@id": "node/10572220068",
        "amenity": "drinking_water",
        "name": "Buddha Chowk Boring"
      },
      "geometry": {
        "type": "Point",
        "coordinates": [
          87.3124629,
          27.0357164
        ]
      },
      "id": "node/10572220068"
    },
    {
      "type": "Feature",
      "properties": {
        "@id": "node/10605408143",
        "amenity": "drinking_water",
        "man_made": "water_tap"
      },
      "geometry": {
        "type": "Point",
        "coordinates": [
          80.2291789,
          26.5049768
        ]
      },
      "id": "node/10605408143"
    },
    {
      "type": "Feature",
      "properties": {
        "@id": "node/10610430824",
        "amenity": "drinking_water"
      },
      "geometry": {
        "type": "Point",
        "coordinates": [
          84.4088474,
          28.3929682
        ]
      },
      "id": "node/10610430824"
    },
    {
      "type": "Feature",
      "properties": {
        "@id": "node/10696847897",
        "amenity": "drinking_water"
      },
      "geometry": {
        "type": "Point",
        "coordinates": [
          77.1696996,
          28.7316887
        ]
      },
      "id": "node/10696847897"
    },
    {
      "type": "Feature",
      "properties": {
        "@id": "node/10697817129",
        "access": "yes",
        "amenity": "drinking_water",
        "fee": "no",
        "name": "Water Flitration Plant Scheme Numbr 2",
        "operator": "Metropolitan Corpration Sahiwal",
        "wheelchair": "limited"
      },
      "geometry": {
        "type": "Point",
        "coordinates": [
          73.0884866,
          30.6737057
        ]
      },
      "id": "node/10697817129"
    },
    {
      "type": "Feature",
      "properties": {
        "@id": "node/10703366905",
        "amenity": "drinking_water",
        "name:en": "Water tank"
      },
      "geometry": {
        "type": "Point",
        "coordinates": [
          83.8763003,
          28.1704526
        ]
      },
      "id": "node/10703366905"
    },
    {
      "type": "Feature",
      "properties": {
        "@id": "node/10709330922",
        "amenity": "drinking_water",
        "fee": "no"
      },
      "geometry": {
        "type": "Point",
        "coordinates": [
          76.8542137,
          30.6852331
        ]
      },
      "id": "node/10709330922"
    },
    {
      "type": "Feature",
      "properties": {
        "@id": "node/10711845106",
        "amenity": "drinking_water"
      },
      "geometry": {
        "type": "Point",
        "coordinates": [
          82.1055953,
          26.8597688
        ]
      },
      "id": "node/10711845106"
    },
    {
      "type": "Feature",
      "properties": {
        "@id": "node/10712359603",
        "amenity": "drinking_water"
      },
      "geometry": {
        "type": "Point",
        "coordinates": [
          76.8624023,
          30.7229495
        ]
      },
      "id": "node/10712359603"
    },
    {
      "type": "Feature",
      "properties": {
        "@id": "node/10712387447",
        "access": "yes",
        "amenity": "drinking_water",
        "fee": "no"
      },
      "geometry": {
        "type": "Point",
        "coordinates": [
          76.859883,
          30.7237648
        ]
      },
      "id": "node/10712387447"
    },
    {
      "type": "Feature",
      "properties": {
        "@id": "node/10738536582",
        "amenity": "drinking_water"
      },
      "geometry": {
        "type": "Point",
        "coordinates": [
          76.7271454,
          26.4684877
        ]
      },
      "id": "node/10738536582"
    },
    {
      "type": "Feature",
      "properties": {
        "@id": "node/10750605662",
        "amenity": "drinking_water"
      },
      "geometry": {
        "type": "Point",
        "coordinates": [
          77.1684812,
          28.7241672
        ]
      },
      "id": "node/10750605662"
    },
    {
      "type": "Feature",
      "properties": {
        "@id": "node/10750605673",
        "amenity": "drinking_water"
      },
      "geometry": {
        "type": "Point",
        "coordinates": [
          77.1679011,
          28.7243849
        ]
      },
      "id": "node/10750605673"
    },
    {
      "type": "Feature",
      "properties": {
        "@id": "node/10770460714",
        "amenity": "drinking_water"
      },
      "geometry": {
        "type": "Point",
        "coordinates": [
          77.233971,
          28.5504684
        ]
      },
      "id": "node/10770460714"
    },
    {
      "type": "Feature",
      "properties": {
        "@id": "node/10800025281",
        "amenity": "drinking_water"
      },
      "geometry": {
        "type": "Point",
        "coordinates": [
          77.1725845,
          28.7143028
        ]
      },
      "id": "node/10800025281"
    },
    {
      "type": "Feature",
      "properties": {
        "@id": "node/10803686709",
        "amenity": "drinking_water",
        "bottle": "yes",
        "fee": "no"
      },
      "geometry": {
        "type": "Point",
        "coordinates": [
          80.2286152,
          26.5101031
        ]
      },
      "id": "node/10803686709"
    },
    {
      "type": "Feature",
      "properties": {
        "@id": "node/10803686710",
        "amenity": "drinking_water",
        "bottle": "yes",
        "fee": "no"
      },
      "geometry": {
        "type": "Point",
        "coordinates": [
          80.2281134,
          26.5100244
        ]
      },
      "id": "node/10803686710"
    },
    {
      "type": "Feature",
      "properties": {
        "@id": "node/10826302378",
        "amenity": "drinking_water"
      },
      "geometry": {
        "type": "Point",
        "coordinates": [
          77.1758846,
          28.7182317
        ]
      },
      "id": "node/10826302378"
    },
    {
      "type": "Feature",
      "properties": {
        "@id": "node/10826302384",
        "amenity": "drinking_water"
      },
      "geometry": {
        "type": "Point",
        "coordinates": [
          77.1752157,
          28.7193843
        ]
      },
      "id": "node/10826302384"
    },
    {
      "type": "Feature",
      "properties": {
        "@id": "node/10834140701",
        "amenity": "drinking_water"
      },
      "geometry": {
        "type": "Point",
        "coordinates": [
          80.3057313,
          26.473812
        ]
      },
      "id": "node/10834140701"
    },
    {
      "type": "Feature",
      "properties": {
        "@id": "node/10834164914",
        "amenity": "drinking_water"
      },
      "geometry": {
        "type": "Point",
        "coordinates": [
          80.3145815,
          26.4759086
        ]
      },
      "id": "node/10834164914"
    },
    {
      "type": "Feature",
      "properties": {
        "@id": "node/10848034115",
        "amenity": "drinking_water"
      },
      "geometry": {
        "type": "Point",
        "coordinates": [
          77.2174055,
          28.721086
        ]
      },
      "id": "node/10848034115"
    },
    {
      "type": "Feature",
      "properties": {
        "@id": "node/10856372528",
        "amenity": "drinking_water"
      },
      "geometry": {
        "type": "Point",
        "coordinates": [
          81.8282506,
          28.7879794
        ]
      },
      "id": "node/10856372528"
    },
    {
      "type": "Feature",
      "properties": {
        "@id": "node/10870573187",
        "amenity": "drinking_water"
      },
      "geometry": {
        "type": "Point",
        "coordinates": [
          75.7294396,
          29.1341531
        ]
      },
      "id": "node/10870573187"
    },
    {
      "type": "Feature",
      "properties": {
        "@id": "node/10870573204",
        "amenity": "drinking_water"
      },
      "geometry": {
        "type": "Point",
        "coordinates": [
          75.7290124,
          29.1341159
        ]
      },
      "id": "node/10870573204"
    },
    {
      "type": "Feature",
      "properties": {
        "@id": "node/10885892138",
        "amenity": "drinking_water"
      },
      "geometry": {
        "type": "Point",
        "coordinates": [
          77.1794859,
          28.7183456
        ]
      },
      "id": "node/10885892138"
    },
    {
      "type": "Feature",
      "properties": {
        "@id": "node/10901403986",
        "amenity": "drinking_water"
      },
      "geometry": {
        "type": "Point",
        "coordinates": [
          77.1725969,
          28.7143081
        ]
      },
      "id": "node/10901403986"
    },
    {
      "type": "Feature",
      "properties": {
        "@id": "node/10905623909",
        "amenity": "drinking_water",
        "name": "Deepika"
      },
      "geometry": {
        "type": "Point",
        "coordinates": [
          77.1716071,
          28.7237782
        ]
      },
      "id": "node/10905623909"
    },
    {
      "type": "Feature",
      "properties": {
        "@id": "node/10911265897",
        "amenity": "drinking_water"
      },
      "geometry": {
        "type": "Point",
        "coordinates": [
          77.1749467,
          28.7138433
        ]
      },
      "id": "node/10911265897"
    },
    {
      "type": "Feature",
      "properties": {
        "@id": "node/10915651306",
        "amenity": "drinking_water"
      },
      "geometry": {
        "type": "Point",
        "coordinates": [
          76.8470851,
          30.684373
        ]
      },
      "id": "node/10915651306"
    },
    {
      "type": "Feature",
      "properties": {
        "@id": "node/10924163081",
        "amenity": "drinking_water",
        "drinking_water": "yes",
        "man_made": "water_well",
        "pump": "no"
      },
      "geometry": {
        "type": "Point",
        "coordinates": [
          83.6815286,
          25.0602822
        ]
      },
      "id": "node/10924163081"
    },
    {
      "type": "Feature",
      "properties": {
        "@id": "node/10929143481",
        "amenity": "drinking_water"
      },
      "geometry": {
        "type": "Point",
        "coordinates": [
          77.174526,
          28.7232279
        ]
      },
      "id": "node/10929143481"
    },
    {
      "type": "Feature",
      "properties": {
        "@id": "node/10934185754",
        "amenity": "drinking_water",
        "note": "hand pump"
      },
      "geometry": {
        "type": "Point",
        "coordinates": [
          77.2790417,
          31.6887815
        ]
      },
      "id": "node/10934185754"
    },
    {
      "type": "Feature",
      "properties": {
        "@id": "node/10936724429",
        "amenity": "drinking_water"
      },
      "geometry": {
        "type": "Point",
        "coordinates": [
          77.1779269,
          28.7201273
        ]
      },
      "id": "node/10936724429"
    },
    {
      "type": "Feature",
      "properties": {
        "@id": "node/10939195566",
        "amenity": "drinking_water",
        "fee": "yes",
        "indoor": "yes",
        "level": "-1",
        "name": "Pi-Lo Smart Water ATM",
        "note": "Charges ₹3 for 250ml, ₹6 for 1L",
        "opening_hours": "Mo-Su 10:00-20:00"
      },
      "geometry": {
        "type": "Point",
        "coordinates": [
          77.2190973,
          28.6323521
        ]
      },
      "id": "node/10939195566"
    },
    {
      "type": "Feature",
      "properties": {
        "@id": "node/10942035321",
        "amenity": "drinking_water"
      },
      "geometry": {
        "type": "Point",
        "coordinates": [
          77.3090464,
          28.6090882
        ]
      },
      "id": "node/10942035321"
    },
    {
      "type": "Feature",
      "properties": {
        "@id": "node/10944088405",
        "amenity": "drinking_water",
        "survey:date": "2023-06-01"
      },
      "geometry": {
        "type": "Point",
        "coordinates": [
          79.6085142,
          29.8384763
        ]
      },
      "id": "node/10944088405"
    },
    {
      "type": "Feature",
      "properties": {
        "@id": "node/10968495881",
        "amenity": "drinking_water"
      },
      "geometry": {
        "type": "Point",
        "coordinates": [
          77.2486905,
          28.5903091
        ]
      },
      "id": "node/10968495881"
    },
    {
      "type": "Feature",
      "properties": {
        "@id": "node/10969310427",
        "amenity": "drinking_water"
      },
      "geometry": {
        "type": "Point",
        "coordinates": [
          77.2307507,
          28.6569111
        ]
      },
      "id": "node/10969310427"
    },
    {
      "type": "Feature",
      "properties": {
        "@id": "node/10969310435",
        "addr:postcode": "110006",
        "amenity": "drinking_water",
        "name": "Katara Asharfi Pyau",
        "name:hi": "कटरा अशर्फ़ी प्याऊ"
      },
      "geometry": {
        "type": "Point",
        "coordinates": [
          77.2281727,
          28.656534
        ]
      },
      "id": "node/10969310435"
    },
    {
      "type": "Feature",
      "properties": {
        "@id": "node/10969310438",
        "addr:postcode": "110006",
        "amenity": "drinking_water",
        "man_made": "water_tap"
      },
      "geometry": {
        "type": "Point",
        "coordinates": [
          77.2255776,
          28.6564338
        ]
      },
      "id": "node/10969310438"
    },
    {
      "type": "Feature",
      "properties": {
        "@id": "node/10973666924",
        "amenity": "drinking_water"
      },
      "geometry": {
        "type": "Point",
        "coordinates": [
          77.176419,
          28.717868
        ]
      },
      "id": "node/10973666924"
    },
    {
      "type": "Feature",
      "properties": {
        "@id": "node/10980550518",
        "amenity": "drinking_water"
      },
      "geometry": {
        "type": "Point",
        "coordinates": [
          77.1763625,
          28.7107726
        ]
      },
      "id": "node/10980550518"
    },
    {
      "type": "Feature",
      "properties": {
        "@id": "node/10983527164",
        "amenity": "drinking_water"
      },
      "geometry": {
        "type": "Point",
        "coordinates": [
          77.1112622,
          32.0831672
        ]
      },
      "id": "node/10983527164"
    },
    {
      "type": "Feature",
      "properties": {
        "@id": "node/10989032291",
        "access": "yes",
        "amenity": "drinking_water",
        "bottle": "yes",
        "fee": "no",
        "operator": "Natural"
      },
      "geometry": {
        "type": "Point",
        "coordinates": [
          84.1213247,
          28.0453056
        ]
      },
      "id": "node/10989032291"
    },
    {
      "type": "Feature",
      "properties": {
        "@id": "node/10989356523",
        "amenity": "drinking_water"
      },
      "geometry": {
        "type": "Point",
        "coordinates": [
          77.1518385,
          28.7496953
        ]
      },
      "id": "node/10989356523"
    },
    {
      "type": "Feature",
      "properties": {
        "@id": "node/10991810417",
        "amenity": "drinking_water",
        "name": "Jai Shri Ram Pyau"
      },
      "geometry": {
        "type": "Point",
        "coordinates": [
          77.1602947,
          28.7508238
        ]
      },
      "id": "node/10991810417"
    },
    {
      "type": "Feature",
      "properties": {
        "@id": "node/11047993313",
        "amenity": "drinking_water"
      },
      "geometry": {
        "type": "Point",
        "coordinates": [
          77.1765566,
          28.749705
        ]
      },
      "id": "node/11047993313"
    },
    {
      "type": "Feature",
      "properties": {
        "@id": "node/11056223117",
        "amenity": "drinking_water"
      },
      "geometry": {
        "type": "Point",
        "coordinates": [
          77.2429538,
          28.5669082
        ]
      },
      "id": "node/11056223117"
    },
    {
      "type": "Feature",
      "properties": {
        "@id": "node/11057985543",
        "access": "permissive",
        "amenity": "drinking_water",
        "bottle": "yes",
        "operational_status": "functional",
        "operator": "Shree Jana Sewa Secondary School, Patihalna",
        "wheelchair": "yes"
      },
      "geometry": {
        "type": "Point",
        "coordinates": [
          81.8939823,
          28.406775
        ]
      },
      "id": "node/11057985543"
    },
    {
      "type": "Feature",
      "properties": {
        "@id": "node/11057985547",
        "amenity": "drinking_water",
        "operational_status": "operational",
        "operator": "Shree Sirjana Primary School"
      },
      "geometry": {
        "type": "Point",
        "coordinates": [
          81.8964248,
          28.3770438
        ]
      },
      "id": "node/11057985547"
    },
    {
      "type": "Feature",
      "properties": {
        "@id": "node/11057985549",
        "amenity": "drinking_water",
        "operational_status": "operational"
      },
      "geometry": {
        "type": "Point",
        "coordinates": [
          81.9024405,
          28.3687815
        ]
      },
      "id": "node/11057985549"
    },
    {
      "type": "Feature",
      "properties": {
        "@id": "node/11057985550",
        "amenity": "drinking_water",
        "operational_status": "operational"
      },
      "geometry": {
        "type": "Point",
        "coordinates": [
          81.9140167,
          28.3768635
        ]
      },
      "id": "node/11057985550"
    },
    {
      "type": "Feature",
      "properties": {
        "@id": "node/11080359448",
        "amenity": "drinking_water"
      },
      "geometry": {
        "type": "Point",
        "coordinates": [
          74.5748169,
          31.6049329
        ]
      },
      "id": "node/11080359448"
    },
    {
      "type": "Feature",
      "properties": {
        "@id": "node/11082885548",
        "amenity": "drinking_water",
        "description": "I think it was here, but it was definitely somewhere in this area, +/-1 km."
      },
      "geometry": {
        "type": "Point",
        "coordinates": [
          76.2673654,
          32.1798719
        ]
      },
      "id": "node/11082885548"
    },
    {
      "type": "Feature",
      "properties": {
        "@id": "node/11091069268",
        "access": "permissive",
        "amenity": "drinking_water",
        "indoor": "yes",
        "level": "0"
      },
      "geometry": {
        "type": "Point",
        "coordinates": [
          77.3039738,
          28.637556
        ]
      },
      "id": "node/11091069268"
    },
    {
      "type": "Feature",
      "properties": {
        "@id": "node/11109062493",
        "amenity": "drinking_water"
      },
      "geometry": {
        "type": "Point",
        "coordinates": [
          76.6457613,
          32.0506978
        ]
      },
      "id": "node/11109062493"
    },
    {
      "type": "Feature",
      "properties": {
        "@id": "node/11113403189",
        "amenity": "drinking_water",
        "name": "Doctor Ambedkar Pyau"
      },
      "geometry": {
        "type": "Point",
        "coordinates": [
          77.295041,
          28.621975
        ]
      },
      "id": "node/11113403189"
    },
    {
      "type": "Feature",
      "properties": {
        "@id": "node/11114164001",
        "amenity": "drinking_water"
      },
      "geometry": {
        "type": "Point",
        "coordinates": [
          76.9299059,
          31.7074156
        ]
      },
      "id": "node/11114164001"
    },
    {
      "type": "Feature",
      "properties": {
        "@id": "node/11123299804",
        "amenity": "drinking_water",
        "fountain": "bubbler"
      },
      "geometry": {
        "type": "Point",
        "coordinates": [
          77.2210752,
          28.6402179
        ]
      },
      "id": "node/11123299804"
    },
    {
      "type": "Feature",
      "properties": {
        "@id": "node/11137532124",
        "amenity": "drinking_water"
      },
      "geometry": {
        "type": "Point",
        "coordinates": [
          81.710287,
          29.5537607
        ]
      },
      "id": "node/11137532124"
    },
    {
      "type": "Feature",
      "properties": {
        "@id": "node/11145991508",
        "amenity": "drinking_water"
      },
      "geometry": {
        "type": "Point",
        "coordinates": [
          76.7539605,
          30.715834
        ]
      },
      "id": "node/11145991508"
    },
    {
      "type": "Feature",
      "properties": {
        "@id": "node/11159565001",
        "access": "yes",
        "amenity": "drinking_water",
        "bottle": "yes",
        "fee": "no",
        "man_made": "water_tap",
        "wheelchair": "yes"
      },
      "geometry": {
        "type": "Point",
        "coordinates": [
          88.7287357,
          26.5164867
        ]
      },
      "id": "node/11159565001"
    },
    {
      "type": "Feature",
      "properties": {
        "@id": "node/11160135310",
        "amenity": "drinking_water"
      },
      "geometry": {
        "type": "Point",
        "coordinates": [
          79.5972954,
          30.7046024
        ]
      },
      "id": "node/11160135310"
    },
    {
      "type": "Feature",
      "properties": {
        "@id": "node/11170333519",
        "access": "yes",
        "amenity": "drinking_water",
        "bottle": "yes",
        "fee": "no",
        "man_made": "water_tap",
        "wheelchair": "yes"
      },
      "geometry": {
        "type": "Point",
        "coordinates": [
          88.7232668,
          26.5290367
        ]
      },
      "id": "node/11170333519"
    },
    {
      "type": "Feature",
      "properties": {
        "@id": "node/11174259874",
        "amenity": "drinking_water"
      },
      "geometry": {
        "type": "Point",
        "coordinates": [
          79.487043,
          29.3411843
        ]
      },
      "id": "node/11174259874"
    },
    {
      "type": "Feature",
      "properties": {
        "@id": "node/11192469223",
        "access": "yes",
        "amenity": "drinking_water",
        "bottle": "yes",
        "fee": "no",
        "man_made": "water_tap",
        "wheelchair": "yes"
      },
      "geometry": {
        "type": "Point",
        "coordinates": [
          88.7242743,
          26.5184585
        ]
      },
      "id": "node/11192469223"
    },
    {
      "type": "Feature",
      "properties": {
        "@id": "node/11198471455",
        "amenity": "drinking_water",
        "fee": "no"
      },
      "geometry": {
        "type": "Point",
        "coordinates": [
          83.8799365,
          28.2248028
        ]
      },
      "id": "node/11198471455"
    },
    {
      "type": "Feature",
      "properties": {
        "@id": "node/11219235589",
        "amenity": "drinking_water",
        "natural": "spring"
      },
      "geometry": {
        "type": "Point",
        "coordinates": [
          77.1736702,
          32.1078397
        ]
      },
      "id": "node/11219235589"
    },
    {
      "type": "Feature",
      "properties": {
        "@id": "node/11243097665",
        "amenity": "drinking_water"
      },
      "geometry": {
        "type": "Point",
        "coordinates": [
          86.7125135,
          27.7452819
        ]
      },
      "id": "node/11243097665"
    },
    {
      "type": "Feature",
      "properties": {
        "@id": "node/11243100298",
        "amenity": "drinking_water",
        "man_made": "water_tap"
      },
      "geometry": {
        "type": "Point",
        "coordinates": [
          86.717463,
          27.7021643
        ]
      },
      "id": "node/11243100298"
    },
    {
      "type": "Feature",
      "properties": {
        "@id": "node/11243110111",
        "amenity": "drinking_water"
      },
      "geometry": {
        "type": "Point",
        "coordinates": [
          86.7280998,
          27.6923274
        ]
      },
      "id": "node/11243110111"
    },
    {
      "type": "Feature",
      "properties": {
        "@id": "node/11243120113",
        "amenity": "drinking_water",
        "name": "4/55"
      },
      "geometry": {
        "type": "Point",
        "coordinates": [
          86.7151865,
          27.7091567
        ]
      },
      "id": "node/11243120113"
    },
    {
      "type": "Feature",
      "properties": {
        "@id": "node/11245012978",
        "amenity": "drinking_water"
      },
      "geometry": {
        "type": "Point",
        "coordinates": [
          86.710856,
          27.8024034
        ]
      },
      "id": "node/11245012978"
    },
    {
      "type": "Feature",
      "properties": {
        "@id": "node/11245054274",
        "amenity": "drinking_water"
      },
      "geometry": {
        "type": "Point",
        "coordinates": [
          86.7158366,
          27.7934611
        ]
      },
      "id": "node/11245054274"
    },
    {
      "type": "Feature",
      "properties": {
        "@id": "node/11245070713",
        "amenity": "drinking_water"
      },
      "geometry": {
        "type": "Point",
        "coordinates": [
          86.7109399,
          27.7999337
        ]
      },
      "id": "node/11245070713"
    },
    {
      "type": "Feature",
      "properties": {
        "@id": "node/11245084670",
        "amenity": "drinking_water"
      },
      "geometry": {
        "type": "Point",
        "coordinates": [
          86.7223796,
          27.7735702
        ]
      },
      "id": "node/11245084670"
    },
    {
      "type": "Feature",
      "properties": {
        "@id": "node/11247374006",
        "amenity": "drinking_water"
      },
      "geometry": {
        "type": "Point",
        "coordinates": [
          86.7036674,
          27.8228249
        ]
      },
      "id": "node/11247374006"
    },
    {
      "type": "Feature",
      "properties": {
        "@id": "node/11247403607",
        "amenity": "drinking_water"
      },
      "geometry": {
        "type": "Point",
        "coordinates": [
          86.7204055,
          27.8234503
        ]
      },
      "id": "node/11247403607"
    },
    {
      "type": "Feature",
      "properties": {
        "@id": "node/11247420047",
        "amenity": "drinking_water"
      },
      "geometry": {
        "type": "Point",
        "coordinates": [
          86.7159034,
          27.8250599
        ]
      },
      "id": "node/11247420047"
    },
    {
      "type": "Feature",
      "properties": {
        "@id": "node/11247434190",
        "amenity": "drinking_water"
      },
      "geometry": {
        "type": "Point",
        "coordinates": [
          86.7057665,
          27.8229854
        ]
      },
      "id": "node/11247434190"
    },
    {
      "type": "Feature",
      "properties": {
        "@id": "node/11250762425",
        "access": "yes",
        "amenity": "drinking_water",
        "bottle": "yes",
        "drinking_water": "yes",
        "man_made": "water_tap",
        "wheelchair": "yes"
      },
      "geometry": {
        "type": "Point",
        "coordinates": [
          77.7284162,
          28.9882785
        ]
      },
      "id": "node/11250762425"
    },
    {
      "type": "Feature",
      "properties": {
        "@id": "node/11252242785",
        "amenity": "drinking_water",
        "indoor": "no",
        "man_made": "water_tap"
      },
      "geometry": {
        "type": "Point",
        "coordinates": [
          77.5713597,
          28.8275459
        ]
      },
      "id": "node/11252242785"
    },
    {
      "type": "Feature",
      "properties": {
        "@id": "node/11256587743",
        "amenity": "drinking_water"
      },
      "geometry": {
        "type": "Point",
        "coordinates": [
          86.7550434,
          27.8354508
        ]
      },
      "id": "node/11256587743"
    },
    {
      "type": "Feature",
      "properties": {
        "@id": "node/11263994868",
        "amenity": "drinking_water",
        "man_made": "water_tap"
      },
      "geometry": {
        "type": "Point",
        "coordinates": [
          83.659858,
          28.3127453
        ]
      },
      "id": "node/11263994868"
    },
    {
      "type": "Feature",
      "properties": {
        "@id": "node/11263995161",
        "amenity": "drinking_water",
        "man_made": "water_tap"
      },
      "geometry": {
        "type": "Point",
        "coordinates": [
          83.7015929,
          28.262183
        ]
      },
      "id": "node/11263995161"
    },
    {
      "type": "Feature",
      "properties": {
        "@id": "node/11267577946",
        "access": "yes",
        "amenity": "drinking_water",
        "bottle": "yes",
        "fee": "no",
        "indoor": "no",
        "source": "local knowledge"
      },
      "geometry": {
        "type": "Point",
        "coordinates": [
          76.6311415,
          28.8848028
        ]
      },
      "id": "node/11267577946"
    },
    {
      "type": "Feature",
      "properties": {
        "@id": "node/11268564458",
        "amenity": "drinking_water"
      },
      "geometry": {
        "type": "Point",
        "coordinates": [
          86.8051005,
          27.8675936
        ]
      },
      "id": "node/11268564458"
    },
    {
      "type": "Feature",
      "properties": {
        "@id": "node/11287631740",
        "amenity": "drinking_water"
      },
      "geometry": {
        "type": "Point",
        "coordinates": [
          86.7140733,
          27.6525993
        ]
      },
      "id": "node/11287631740"
    },
    {
      "type": "Feature",
      "properties": {
        "@id": "node/11287676461",
        "amenity": "drinking_water"
      },
      "geometry": {
        "type": "Point",
        "coordinates": [
          86.650626,
          27.8316738
        ]
      },
      "id": "node/11287676461"
    },
    {
      "type": "Feature",
      "properties": {
        "@id": "node/11287774492",
        "amenity": "drinking_water",
        "fee": "no"
      },
      "geometry": {
        "type": "Point",
        "coordinates": [
          86.6431051,
          27.8299091
        ]
      },
      "id": "node/11287774492"
    },
    {
      "type": "Feature",
      "properties": {
        "@id": "node/11287799826",
        "amenity": "drinking_water"
      },
      "geometry": {
        "type": "Point",
        "coordinates": [
          86.6456717,
          27.8388334
        ]
      },
      "id": "node/11287799826"
    },
    {
      "type": "Feature",
      "properties": {
        "@id": "node/11297326646",
        "amenity": "drinking_water",
        "man_made": "water_tap"
      },
      "geometry": {
        "type": "Point",
        "coordinates": [
          85.2895639,
          27.7158495
        ]
      },
      "id": "node/11297326646"
    },
    {
      "type": "Feature",
      "properties": {
        "@id": "node/11311432000",
        "amenity": "drinking_water",
        "man_made": "water_tap"
      },
      "geometry": {
        "type": "Point",
        "coordinates": [
          88.713616,
          26.5349345
        ]
      },
      "id": "node/11311432000"
    },
    {
      "type": "Feature",
      "properties": {
        "@id": "node/11327610914",
        "amenity": "drinking_water",
        "man_made": "water_tap"
      },
      "geometry": {
        "type": "Point",
        "coordinates": [
          88.7289278,
          26.5246342
        ]
      },
      "id": "node/11327610914"
    },
    {
      "type": "Feature",
      "properties": {
        "@id": "node/11328720247",
        "amenity": "drinking_water",
        "bottle": "yes",
        "indoor": "yes",
        "level": "2",
        "man_made": "water_tap"
      },
      "geometry": {
        "type": "Point",
        "coordinates": [
          77.9009163,
          29.8680267
        ]
      },
      "id": "node/11328720247"
    },
    {
      "type": "Feature",
      "properties": {
        "@id": "node/11332393330",
        "amenity": "drinking_water",
        "level": "0",
        "man_made": "water_tap"
      },
      "geometry": {
        "type": "Point",
        "coordinates": [
          77.8986554,
          29.8628627
        ]
      },
      "id": "node/11332393330"
    },
    {
      "type": "Feature",
      "properties": {
        "@id": "node/11332718915",
        "amenity": "drinking_water",
        "indoor": "yes",
        "man_made": "water_tap"
      },
      "geometry": {
        "type": "Point",
        "coordinates": [
          77.8991845,
          29.8643036
        ]
      },
      "id": "node/11332718915"
    },
    {
      "type": "Feature",
      "properties": {
        "@id": "node/11335247210",
        "amenity": "drinking_water",
        "handle": "lever",
        "man_made": "pump",
        "mechanical_coupling": "direct",
        "mechanical_driver": "manual",
        "pump_mechanism": "piston",
        "substance": "water"
      },
      "geometry": {
        "type": "Point",
        "coordinates": [
          77.8780063,
          29.8845128
        ]
      },
      "id": "node/11335247210"
    },
    {
      "type": "Feature",
      "properties": {
        "@id": "node/11336367022",
        "amenity": "drinking_water",
        "man_made": "water_tap"
      },
      "geometry": {
        "type": "Point",
        "coordinates": [
          77.900301,
          29.8621786
        ]
      },
      "id": "node/11336367022"
    },
    {
      "type": "Feature",
      "properties": {
        "@id": "node/11339289325",
        "amenity": "drinking_water",
        "bottle": "yes",
        "indoor": "yes",
        "level": "1"
      },
      "geometry": {
        "type": "Point",
        "coordinates": [
          77.8996382,
          29.8636062
        ]
      },
      "id": "node/11339289325"
    },
    {
      "type": "Feature",
      "properties": {
        "@id": "node/11339344955",
        "amenity": "drinking_water",
        "indoor": "yes",
        "level": "2"
      },
      "geometry": {
        "type": "Point",
        "coordinates": [
          77.8986119,
          29.8628857
        ]
      },
      "id": "node/11339344955"
    },
    {
      "type": "Feature",
      "properties": {
        "@id": "node/11339344965",
        "amenity": "drinking_water",
        "indoor": "yes",
        "level": "1"
      },
      "geometry": {
        "type": "Point",
        "coordinates": [
          77.8986113,
          29.8628841
        ]
      },
      "id": "node/11339344965"
    },
    {
      "type": "Feature",
      "properties": {
        "@id": "node/11340669029",
        "amenity": "drinking_water"
      },
      "geometry": {
        "type": "Point",
        "coordinates": [
          76.1104559,
          31.6697471
        ]
      },
      "id": "node/11340669029"
    },
    {
      "type": "Feature",
      "properties": {
        "@id": "node/11340672531",
        "amenity": "drinking_water"
      },
      "geometry": {
        "type": "Point",
        "coordinates": [
          76.1099251,
          31.6717449
        ]
      },
      "id": "node/11340672531"
    },
    {
      "type": "Feature",
      "properties": {
        "@id": "node/11340672532",
        "amenity": "drinking_water"
      },
      "geometry": {
        "type": "Point",
        "coordinates": [
          76.1098299,
          31.6721357
        ]
      },
      "id": "node/11340672532"
    },
    {
      "type": "Feature",
      "properties": {
        "@id": "node/11340675908",
        "amenity": "drinking_water"
      },
      "geometry": {
        "type": "Point",
        "coordinates": [
          76.1099945,
          31.6715071
        ]
      },
      "id": "node/11340675908"
    },
    {
      "type": "Feature",
      "properties": {
        "@id": "node/11340676122",
        "amenity": "drinking_water"
      },
      "geometry": {
        "type": "Point",
        "coordinates": [
          76.110106,
          31.6710899
        ]
      },
      "id": "node/11340676122"
    },
    {
      "type": "Feature",
      "properties": {
        "@id": "node/11340706820",
        "amenity": "drinking_water"
      },
      "geometry": {
        "type": "Point",
        "coordinates": [
          76.1103898,
          31.670058
        ]
      },
      "id": "node/11340706820"
    },
    {
      "type": "Feature",
      "properties": {
        "@id": "node/11340713497",
        "amenity": "drinking_water"
      },
      "geometry": {
        "type": "Point",
        "coordinates": [
          76.1101774,
          31.6707321
        ]
      },
      "id": "node/11340713497"
    },
    {
      "type": "Feature",
      "properties": {
        "@id": "node/11343102731",
        "amenity": "drinking_water"
      },
      "geometry": {
        "type": "Point",
        "coordinates": [
          76.2714653,
          32.1031335
        ]
      },
      "id": "node/11343102731"
    },
    {
      "type": "Feature",
      "properties": {
        "@id": "node/11343151682",
        "amenity": "drinking_water",
        "bottle": "yes"
      },
      "geometry": {
        "type": "Point",
        "coordinates": [
          76.1200618,
          31.7885949
        ]
      },
      "id": "node/11343151682"
    },
    {
      "type": "Feature",
      "properties": {
        "@id": "node/11348918978",
        "amenity": "drinking_water"
      },
      "geometry": {
        "type": "Point",
        "coordinates": [
          76.3257513,
          32.2068807
        ]
      },
      "id": "node/11348918978"
    },
    {
      "type": "Feature",
      "properties": {
        "@id": "node/11357643284",
        "amenity": "drinking_water"
      },
      "geometry": {
        "type": "Point",
        "coordinates": [
          84.1095202,
          28.0245767
        ]
      },
      "id": "node/11357643284"
    },
    {
      "type": "Feature",
      "properties": {
        "@id": "node/11359766830",
        "amenity": "drinking_water"
      },
      "geometry": {
        "type": "Point",
        "coordinates": [
          76.3154834,
          32.1544577
        ]
      },
      "id": "node/11359766830"
    },
    {
      "type": "Feature",
      "properties": {
        "@id": "node/11359766857",
        "amenity": "drinking_water"
      },
      "geometry": {
        "type": "Point",
        "coordinates": [
          76.2868894,
          32.1211895
        ]
      },
      "id": "node/11359766857"
    },
    {
      "type": "Feature",
      "properties": {
        "@id": "node/11361193767",
        "amenity": "drinking_water"
      },
      "geometry": {
        "type": "Point",
        "coordinates": [
          76.3270533,
          32.2052827
        ]
      },
      "id": "node/11361193767"
    },
    {
      "type": "Feature",
      "properties": {
        "@id": "node/11361489751",
        "amenity": "drinking_water"
      },
      "geometry": {
        "type": "Point",
        "coordinates": [
          76.3171172,
          32.2181883
        ]
      },
      "id": "node/11361489751"
    },
    {
      "type": "Feature",
      "properties": {
        "@id": "node/11363346440",
        "amenity": "drinking_water",
        "indoor": "yes"
      },
      "geometry": {
        "type": "Point",
        "coordinates": [
          76.2778921,
          32.1109385
        ]
      },
      "id": "node/11363346440"
    },
    {
      "type": "Feature",
      "properties": {
        "@id": "node/11363469677",
        "amenity": "drinking_water"
      },
      "geometry": {
        "type": "Point",
        "coordinates": [
          76.2654303,
          31.4702605
        ]
      },
      "id": "node/11363469677"
    },
    {
      "type": "Feature",
      "properties": {
        "@id": "node/11363469694",
        "amenity": "drinking_water"
      },
      "geometry": {
        "type": "Point",
        "coordinates": [
          76.2655028,
          31.4691713
        ]
      },
      "id": "node/11363469694"
    },
    {
      "type": "Feature",
      "properties": {
        "@id": "node/11363681139",
        "amenity": "drinking_water"
      },
      "geometry": {
        "type": "Point",
        "coordinates": [
          76.7433704,
          30.7181628
        ]
      },
      "id": "node/11363681139"
    },
    {
      "type": "Feature",
      "properties": {
        "@id": "node/11373886141",
        "amenity": "drinking_water",
        "bottle": "yes",
        "operator": "Water",
        "wheelchair": "yes"
      },
      "geometry": {
        "type": "Point",
        "coordinates": [
          84.1006366,
          28.0379121
        ]
      },
      "id": "node/11373886141"
    },
    {
      "type": "Feature",
      "properties": {
        "@id": "node/11373886153",
        "amenity": "drinking_water",
        "operator": "Water Drinking"
      },
      "geometry": {
        "type": "Point",
        "coordinates": [
          84.1119531,
          28.0449117
        ]
      },
      "id": "node/11373886153"
    },
    {
      "type": "Feature",
      "properties": {
        "@id": "node/11395518375",
        "amenity": "drinking_water"
      },
      "geometry": {
        "type": "Point",
        "coordinates": [
          73.8159212,
          24.9169632
        ]
      },
      "id": "node/11395518375"
    },
    {
      "type": "Feature",
      "properties": {
        "@id": "node/11399926469",
        "amenity": "drinking_water"
      },
      "geometry": {
        "type": "Point",
        "coordinates": [
          77.1137744,
          28.7348725
        ]
      },
      "id": "node/11399926469"
    },
    {
      "type": "Feature",
      "properties": {
        "@id": "node/11402775046",
        "amenity": "drinking_water"
      },
      "geometry": {
        "type": "Point",
        "coordinates": [
          77.1092035,
          28.7361314
        ]
      },
      "id": "node/11402775046"
    },
    {
      "type": "Feature",
      "properties": {
        "@id": "node/11411785285",
        "amenity": "drinking_water"
      },
      "geometry": {
        "type": "Point",
        "coordinates": [
          77.1084899,
          28.736831
        ]
      },
      "id": "node/11411785285"
    },
    {
      "type": "Feature",
      "properties": {
        "@id": "node/11412168307",
        "amenity": "drinking_water",
        "description": "a historical structurally made ; drinking water called dhunge dhara",
        "name": "Dhunge dhara"
      },
      "geometry": {
        "type": "Point",
        "coordinates": [
          83.67456,
          28.3174508
        ]
      },
      "id": "node/11412168307"
    },
    {
      "type": "Feature",
      "properties": {
        "@id": "node/11478382574",
        "amenity": "drinking_water"
      },
      "geometry": {
        "type": "Point",
        "coordinates": [
          83.8287809,
          28.2143439
        ]
      },
      "id": "node/11478382574"
    },
    {
      "type": "Feature",
      "properties": {
        "@id": "node/11478382693",
        "amenity": "drinking_water"
      },
      "geometry": {
        "type": "Point",
        "coordinates": [
          83.8217623,
          28.2131873
        ]
      },
      "id": "node/11478382693"
    },
    {
      "type": "Feature",
      "properties": {
        "@id": "node/11508105619",
        "amenity": "drinking_water"
      },
      "geometry": {
        "type": "Point",
        "coordinates": [
          78.022737,
          27.1767229
        ]
      },
      "id": "node/11508105619"
    },
    {
      "type": "Feature",
      "properties": {
        "@id": "node/11514070877",
        "amenity": "drinking_water"
      },
      "geometry": {
        "type": "Point",
        "coordinates": [
          83.7969732,
          28.0277264
        ]
      },
      "id": "node/11514070877"
    },
    {
      "type": "Feature",
      "properties": {
        "@id": "node/11637365239",
        "addr:city": "New Delhi",
        "addr:postcode": "110001",
        "amenity": "drinking_water",
        "bottle": "yes",
        "fee": "no",
        "fountain": "bottle_refill",
        "wheelchair": "no"
      },
      "geometry": {
        "type": "Point",
        "coordinates": [
          77.2192776,
          28.6337399
        ]
      },
      "id": "node/11637365239"
    },
    {
      "type": "Feature",
      "properties": {
        "@id": "node/11684218219",
        "access": "yes",
        "amenity": "drinking_water",
        "man_made": "water_tap"
      },
      "geometry": {
        "type": "Point",
        "coordinates": [
          77.7317479,
          28.9714939
        ]
      },
      "id": "node/11684218219"
    },
    {
      "type": "Feature",
      "properties": {
        "@id": "node/11696972184",
        "amenity": "drinking_water",
        "bottle": "yes"
      },
      "geometry": {
        "type": "Point",
        "coordinates": [
          77.2361717,
          28.5493206
        ]
      },
      "id": "node/11696972184"
    },
    {
      "type": "Feature",
      "properties": {
        "@id": "node/11696972194",
        "amenity": "drinking_water",
        "bottle": "yes"
      },
      "geometry": {
        "type": "Point",
        "coordinates": [
          77.2361579,
          28.5493115
        ]
      },
      "id": "node/11696972194"
    },
    {
      "type": "Feature",
      "properties": {
        "@id": "node/11703943158",
        "amenity": "drinking_water",
        "bottle": "yes",
        "fee": "yes",
        "fountain": "yes"
      },
      "geometry": {
        "type": "Point",
        "coordinates": [
          77.2194887,
          28.6313904
        ]
      },
      "id": "node/11703943158"
    },
    {
      "type": "Feature",
      "properties": {
        "@id": "node/11704272944",
        "access": "yes",
        "amenity": "drinking_water",
        "bottle": "yes",
        "indoor": "yes",
        "level": "0"
      },
      "geometry": {
        "type": "Point",
        "coordinates": [
          77.2513885,
          28.5515296
        ]
      },
      "id": "node/11704272944"
    },
    {
      "type": "Feature",
      "properties": {
        "@id": "node/11708062869",
        "amenity": "drinking_water",
        "name": "Water cooler"
      },
      "geometry": {
        "type": "Point",
        "coordinates": [
          77.1916991,
          28.5445751
        ]
      },
      "id": "node/11708062869"
    },
    {
      "type": "Feature",
      "properties": {
        "@id": "node/11710761046",
        "amenity": "drinking_water",
        "fee": "no",
        "indoor": "yes",
        "man_made": "water_tap",
        "operator": "Indian Railways",
        "wheelchair": "yes"
      },
      "geometry": {
        "type": "Point",
        "coordinates": [
          77.219098,
          28.6446062
        ]
      },
      "id": "node/11710761046"
    },
    {
      "type": "Feature",
      "properties": {
        "@id": "node/11710953224",
        "amenity": "drinking_water",
        "bottle": "yes",
        "fee": "no",
        "outdoor": "yes"
      },
      "geometry": {
        "type": "Point",
        "coordinates": [
          77.2269517,
          28.6014077
        ]
      },
      "id": "node/11710953224"
    },
    {
      "type": "Feature",
      "properties": {
        "@id": "node/11724571840",
        "amenity": "drinking_water",
        "bottle": "yes",
        "indoor": "no",
        "level": "0",
        "man_made": "water_tap"
      },
      "geometry": {
        "type": "Point",
        "coordinates": [
          75.8270529,
          26.9207461
        ]
      },
      "id": "node/11724571840"
    },
    {
      "type": "Feature",
      "properties": {
        "@id": "node/11731528302",
        "amenity": "drinking_water"
      },
      "geometry": {
        "type": "Point",
        "coordinates": [
          75.8266449,
          26.9219532
        ]
      },
      "id": "node/11731528302"
    },
    {
      "type": "Feature",
      "properties": {
        "@id": "node/11739133877",
        "amenity": "drinking_water"
      },
      "geometry": {
        "type": "Point",
        "coordinates": [
          74.1900479,
          31.3825714
        ]
      },
      "id": "node/11739133877"
    },
    {
      "type": "Feature",
      "properties": {
        "@id": "node/11744939774",
        "amenity": "drinking_water"
      },
      "geometry": {
        "type": "Point",
        "coordinates": [
          74.1939823,
          31.3868082
        ]
      },
      "id": "node/11744939774"
    },
    {
      "type": "Feature",
      "properties": {
        "@id": "node/11745085157",
        "amenity": "drinking_water",
        "indoor": "no",
        "man_made": "water_tap"
      },
      "geometry": {
        "type": "Point",
        "coordinates": [
          77.7354623,
          28.9827814
        ]
      },
      "id": "node/11745085157"
    },
    {
      "type": "Feature",
      "properties": {
        "@id": "node/11760985812",
        "amenity": "drinking_water"
      },
      "geometry": {
        "type": "Point",
        "coordinates": [
          77.2327359,
          28.6285868
        ]
      },
      "id": "node/11760985812"
    },
    {
      "type": "Feature",
      "properties": {
        "@id": "node/11764311322",
        "amenity": "drinking_water"
      },
      "geometry": {
        "type": "Point",
        "coordinates": [
          77.2905987,
          28.6204061
        ]
      },
      "id": "node/11764311322"
    },
    {
      "type": "Feature",
      "properties": {
        "@id": "node/11766351944",
        "amenity": "drinking_water",
        "bottle": "yes",
        "covered": "no",
        "fee": "yes",
        "indoor": "no",
        "lit": "yes",
        "operator": "Sulabh International",
        "operator:wikidata": "Q3064151"
      },
      "geometry": {
        "type": "Point",
        "coordinates": [
          77.0810109,
          28.5972648
        ]
      },
      "id": "node/11766351944"
    },
    {
      "type": "Feature",
      "properties": {
        "@id": "node/11767186847",
        "amenity": "drinking_water",
        "bottle": "yes",
        "man_made": "water_tap",
        "operator": "Indian Oil",
        "wheelchair": "yes"
      },
      "geometry": {
        "type": "Point",
        "coordinates": [
          77.7293231,
          28.9889064
        ]
      },
      "id": "node/11767186847"
    },
    {
      "type": "Feature",
      "properties": {
        "@id": "node/11771017894",
        "amenity": "drinking_water"
      },
      "geometry": {
        "type": "Point",
        "coordinates": [
          89.0710369,
          22.7089329
        ]
      },
      "id": "node/11771017894"
    },
    {
      "type": "Feature",
      "properties": {
        "@id": "node/11771018109",
        "amenity": "drinking_water"
      },
      "geometry": {
        "type": "Point",
        "coordinates": [
          89.0703142,
          22.7075245
        ]
      },
      "id": "node/11771018109"
    },
    {
      "type": "Feature",
      "properties": {
        "@id": "node/11771073648",
        "access": "yes",
        "addr:street": "Thana Road",
        "amenity": "drinking_water",
        "indoor": "yes",
        "name": "Supply Water Point"
      },
      "geometry": {
        "type": "Point",
        "coordinates": [
          89.0721852,
          22.7101234
        ]
      },
      "id": "node/11771073648"
    },
    {
      "type": "Feature",
      "properties": {
        "@id": "node/11774764384",
        "amenity": "drinking_water"
      },
      "geometry": {
        "type": "Point",
        "coordinates": [
          83.0076113,
          25.3011888
        ]
      },
      "id": "node/11774764384"
    },
    {
      "type": "Feature",
      "properties": {
        "@id": "node/11774996222",
        "access": "yes",
        "addr:street": "Aminur To Rashid Road",
        "amenity": "drinking_water",
        "drinking_water": "yes"
      },
      "geometry": {
        "type": "Point",
        "coordinates": [
          89.0627676,
          22.6915473
        ]
      },
      "id": "node/11774996222"
    },
    {
      "type": "Feature",
      "properties": {
        "@id": "node/11775122501",
        "addr:street": "Jhilpara Road",
        "amenity": "drinking_water",
        "indoor": "yes",
        "name": "Pourasava Supply Water"
      },
      "geometry": {
        "type": "Point",
        "coordinates": [
          89.0747023,
          22.7025591
        ]
      },
      "id": "node/11775122501"
    },
    {
      "type": "Feature",
      "properties": {
        "@id": "node/11775122539",
        "addr:street": "Sultanpur Shaikhpara Road",
        "amenity": "drinking_water",
        "name": "Pouroshova Supply Water",
        "nohousenumber": "yes"
      },
      "geometry": {
        "type": "Point",
        "coordinates": [
          89.0759609,
          22.7060455
        ]
      },
      "id": "node/11775122539"
    },
    {
      "type": "Feature",
      "properties": {
        "@id": "node/11775122621",
        "addr:street": "Sultanpur Shaikhpara Road",
        "amenity": "drinking_water",
        "indoor": "yes",
        "name": "Pourosava Supply Water"
      },
      "geometry": {
        "type": "Point",
        "coordinates": [
          89.076341,
          22.7023802
        ]
      },
      "id": "node/11775122621"
    },
    {
      "type": "Feature",
      "properties": {
        "@id": "node/11775122869",
        "addr:street": "Sultanpur Shaikhpara Road",
        "amenity": "drinking_water",
        "name": "Pourosova Supply Water"
      },
      "geometry": {
        "type": "Point",
        "coordinates": [
          89.0758394,
          22.704655
        ]
      },
      "id": "node/11775122869"
    },
    {
      "type": "Feature",
      "properties": {
        "@id": "node/11775909695",
        "amenity": "drinking_water"
      },
      "geometry": {
        "type": "Point",
        "coordinates": [
          77.2398764,
          28.5720567
        ]
      },
      "id": "node/11775909695"
    },
    {
      "type": "Feature",
      "properties": {
        "@id": "node/11777785763",
        "addr:street": "Bangaler More Road",
        "amenity": "drinking_water",
        "indoor": "yes",
        "name": "Pourosova Supply Water"
      },
      "geometry": {
        "type": "Point",
        "coordinates": [
          89.068917,
          22.701699
        ]
      },
      "id": "node/11777785763"
    },
    {
      "type": "Feature",
      "properties": {
        "@id": "node/11777789369",
        "addr:street": "Bangaler More Road",
        "amenity": "drinking_water",
        "indoor": "yes",
        "name": "Pourasava Supply Water"
      },
      "geometry": {
        "type": "Point",
        "coordinates": [
          89.0685114,
          22.7015999
        ]
      },
      "id": "node/11777789369"
    },
    {
      "type": "Feature",
      "properties": {
        "@id": "node/11777815317",
        "amenity": "drinking_water",
        "drinking_water": "yes"
      },
      "geometry": {
        "type": "Point",
        "coordinates": [
          89.0909927,
          22.7275592
        ]
      },
      "id": "node/11777815317"
    },
    {
      "type": "Feature",
      "properties": {
        "@id": "node/11777819171",
        "addr:street": "PTI Road",
        "amenity": "drinking_water",
        "name": "Pourasava Supply Water"
      },
      "geometry": {
        "type": "Point",
        "coordinates": [
          89.0709011,
          22.7041725
        ]
      },
      "id": "node/11777819171"
    },
    {
      "type": "Feature",
      "properties": {
        "@id": "node/11777819177",
        "addr:street": "Chaltetola Road",
        "amenity": "drinking_water",
        "indoor": "yes",
        "name": "Pourosava Supply Water"
      },
      "geometry": {
        "type": "Point",
        "coordinates": [
          89.0732642,
          22.6986394
        ]
      },
      "id": "node/11777819177"
    },
    {
      "type": "Feature",
      "properties": {
        "@id": "node/11789338270",
        "amenity": "drinking_water"
      },
      "geometry": {
        "type": "Point",
        "coordinates": [
          84.3394587,
          28.2344678
        ]
      },
      "id": "node/11789338270"
    },
    {
      "type": "Feature",
      "properties": {
        "@id": "node/11792060946",
        "amenity": "drinking_water",
        "bottle": "yes",
        "fee": "no"
      },
      "geometry": {
        "type": "Point",
        "coordinates": [
          80.901311,
          26.8735359
        ]
      },
      "id": "node/11792060946"
    },
    {
      "type": "Feature",
      "properties": {
        "@id": "node/11805287178",
        "access": "customers",
        "amenity": "drinking_water",
        "bottle": "yes",
        "indoor": "yes",
        "level": "0"
      },
      "geometry": {
        "type": "Point",
        "coordinates": [
          77.6749316,
          28.9780355
        ]
      },
      "id": "node/11805287178"
    },
    {
      "type": "Feature",
      "properties": {
        "@id": "node/11805287179",
        "access": "customers",
        "amenity": "drinking_water",
        "bottle": "yes",
        "indoor": "yes",
        "level": "0",
        "man_made": "water_tap"
      },
      "geometry": {
        "type": "Point",
        "coordinates": [
          77.6754443,
          28.9790341
        ]
      },
      "id": "node/11805287179"
    },
    {
      "type": "Feature",
      "properties": {
        "@id": "node/11805287185",
        "access": "customers",
        "amenity": "drinking_water",
        "indoor": "yes",
        "level": "0"
      },
      "geometry": {
        "type": "Point",
        "coordinates": [
          77.6746687,
          28.9771904
        ]
      },
      "id": "node/11805287185"
    },
    {
      "type": "Feature",
      "properties": {
        "@id": "node/11805287189",
        "access": "customers",
        "amenity": "drinking_water",
        "bottle": "yes",
        "indoor": "yes",
        "level": "0"
      },
      "geometry": {
        "type": "Point",
        "coordinates": [
          77.6748244,
          28.9776843
        ]
      },
      "id": "node/11805287189"
    },
    {
      "type": "Feature",
      "properties": {
        "@id": "node/11805287190",
        "access": "customers",
        "amenity": "drinking_water",
        "bottle": "yes",
        "indoor": "yes",
        "level": "0"
      },
      "geometry": {
        "type": "Point",
        "coordinates": [
          77.6748547,
          28.9777739
        ]
      },
      "id": "node/11805287190"
    },
    {
      "type": "Feature",
      "properties": {
        "@id": "node/11805287192",
        "access": "customers",
        "amenity": "drinking_water",
        "indoor": "yes",
        "level": "0"
      },
      "geometry": {
        "type": "Point",
        "coordinates": [
          77.6747739,
          28.9775249
        ]
      },
      "id": "node/11805287192"
    },
    {
      "type": "Feature",
      "properties": {
        "@id": "node/11805287195",
        "access": "customers",
        "amenity": "drinking_water",
        "bottle": "yes",
        "fountain": "bottle_refill",
        "level": "0"
      },
      "geometry": {
        "type": "Point",
        "coordinates": [
          77.6752485,
          28.9790472
        ]
      },
      "id": "node/11805287195"
    },
    {
      "type": "Feature",
      "properties": {
        "@id": "node/11811492712",
        "access": "customers",
        "amenity": "drinking_water",
        "bottle": "yes",
        "indoor": "yes",
        "level": "0"
      },
      "geometry": {
        "type": "Point",
        "coordinates": [
          74.8659977,
          31.6328968
        ]
      },
      "id": "node/11811492712"
    },
    {
      "type": "Feature",
      "properties": {
        "@id": "node/11813097685",
        "access": "private",
        "amenity": "drinking_water",
        "drinking_water": "yes",
        "fee": "no"
      },
      "geometry": {
        "type": "Point",
        "coordinates": [
          78.3493089,
          22.7607608
        ]
      },
      "id": "node/11813097685"
    },
    {
      "type": "Feature",
      "properties": {
        "@id": "node/11816197267",
        "amenity": "drinking_water"
      },
      "geometry": {
        "type": "Point",
        "coordinates": [
          77.2860646,
          28.6312499
        ]
      },
      "id": "node/11816197267"
    },
    {
      "type": "Feature",
      "properties": {
        "@id": "node/11827164351",
        "amenity": "drinking_water"
      },
      "geometry": {
        "type": "Point",
        "coordinates": [
          77.1345959,
          28.6657635
        ]
      },
      "id": "node/11827164351"
    },
    {
      "type": "Feature",
      "properties": {
        "@id": "node/11837484628",
        "amenity": "drinking_water",
        "man_made": "water_tap"
      },
      "geometry": {
        "type": "Point",
        "coordinates": [
          77.1230494,
          28.5962313
        ]
      },
      "id": "node/11837484628"
    },
    {
      "type": "Feature",
      "properties": {
        "@id": "node/11876725899",
        "amenity": "drinking_water"
      },
      "geometry": {
        "type": "Point",
        "coordinates": [
          77.2523021,
          28.5870816
        ]
      },
      "id": "node/11876725899"
    },
    {
      "type": "Feature",
      "properties": {
        "@id": "node/11880647021",
        "amenity": "drinking_water"
      },
      "geometry": {
        "type": "Point",
        "coordinates": [
          78.0528364,
          27.1662312
        ]
      },
      "id": "node/11880647021"
    },
    {
      "type": "Feature",
      "properties": {
        "@id": "node/11881256732",
        "amenity": "drinking_water",
        "indoor": "yes"
      },
      "geometry": {
        "type": "Point",
        "coordinates": [
          77.1551202,
          28.5881172
        ]
      },
      "id": "node/11881256732"
    },
    {
      "type": "Feature",
      "properties": {
        "@id": "node/11881256795",
        "amenity": "drinking_water"
      },
      "geometry": {
        "type": "Point",
        "coordinates": [
          77.1573657,
          28.5901339
        ]
      },
      "id": "node/11881256795"
    },
    {
      "type": "Feature",
      "properties": {
        "@id": "node/11883123969",
        "amenity": "drinking_water"
      },
      "geometry": {
        "type": "Point",
        "coordinates": [
          84.3749349,
          28.2417219
        ]
      },
      "id": "node/11883123969"
    },
    {
      "type": "Feature",
      "properties": {
        "@id": "node/11883124069",
        "amenity": "drinking_water"
      },
      "geometry": {
        "type": "Point",
        "coordinates": [
          84.3751808,
          28.2412617
        ]
      },
      "id": "node/11883124069"
    },
    {
      "type": "Feature",
      "properties": {
        "@id": "node/11883402569",
        "amenity": "drinking_water",
        "fee": "no"
      },
      "geometry": {
        "type": "Point",
        "coordinates": [
          84.3653166,
          28.2901589
        ]
      },
      "id": "node/11883402569"
    },
    {
      "type": "Feature",
      "properties": {
        "@id": "node/11888173769",
        "amenity": "drinking_water"
      },
      "geometry": {
        "type": "Point",
        "coordinates": [
          84.4068976,
          28.3470169
        ]
      },
      "id": "node/11888173769"
    },
    {
      "type": "Feature",
      "properties": {
        "@id": "node/11888174169",
        "amenity": "drinking_water"
      },
      "geometry": {
        "type": "Point",
        "coordinates": [
          84.4046083,
          28.3735189
        ]
      },
      "id": "node/11888174169"
    },
    {
      "type": "Feature",
      "properties": {
        "@id": "node/11888174269",
        "amenity": "drinking_water"
      },
      "geometry": {
        "type": "Point",
        "coordinates": [
          84.402908,
          28.3814308
        ]
      },
      "id": "node/11888174269"
    },
    {
      "type": "Feature",
      "properties": {
        "@id": "node/11888174370",
        "amenity": "drinking_water"
      },
      "geometry": {
        "type": "Point",
        "coordinates": [
          84.4032696,
          28.3841395
        ]
      },
      "id": "node/11888174370"
    },
    {
      "type": "Feature",
      "properties": {
        "@id": "node/11888174469",
        "amenity": "drinking_water"
      },
      "geometry": {
        "type": "Point",
        "coordinates": [
          84.4021635,
          28.3875368
        ]
      },
      "id": "node/11888174469"
    },
    {
      "type": "Feature",
      "properties": {
        "@id": "node/11888333636",
        "amenity": "drinking_water"
      },
      "geometry": {
        "type": "Point",
        "coordinates": [
          77.1120286,
          28.4841347
        ]
      },
      "id": "node/11888333636"
    },
    {
      "type": "Feature",
      "properties": {
        "@id": "node/11888341881",
        "amenity": "drinking_water"
      },
      "geometry": {
        "type": "Point",
        "coordinates": [
          77.1178663,
          28.487533
        ]
      },
      "id": "node/11888341881"
    },
    {
      "type": "Feature",
      "properties": {
        "@id": "node/11888359449",
        "amenity": "drinking_water"
      },
      "geometry": {
        "type": "Point",
        "coordinates": [
          77.1146645,
          28.4821882
        ]
      },
      "id": "node/11888359449"
    },
    {
      "type": "Feature",
      "properties": {
        "@id": "node/11897104820",
        "amenity": "drinking_water"
      },
      "geometry": {
        "type": "Point",
        "coordinates": [
          76.8076379,
          30.7519949
        ]
      },
      "id": "node/11897104820"
    },
    {
      "type": "Feature",
      "properties": {
        "@id": "node/11897105641",
        "amenity": "drinking_water"
      },
      "geometry": {
        "type": "Point",
        "coordinates": [
          76.8106087,
          30.7490996
        ]
      },
      "id": "node/11897105641"
    },
    {
      "type": "Feature",
      "properties": {
        "@id": "node/11897108275",
        "amenity": "drinking_water"
      },
      "geometry": {
        "type": "Point",
        "coordinates": [
          76.8101033,
          30.7452102
        ]
      },
      "id": "node/11897108275"
    },
    {
      "type": "Feature",
      "properties": {
        "@id": "node/11897122931",
        "amenity": "drinking_water"
      },
      "geometry": {
        "type": "Point",
        "coordinates": [
          76.8122024,
          30.751191
        ]
      },
      "id": "node/11897122931"
    },
    {
      "type": "Feature",
      "properties": {
        "@id": "node/11898900721",
        "amenity": "drinking_water"
      },
      "geometry": {
        "type": "Point",
        "coordinates": [
          76.8194975,
          30.7362492
        ]
      },
      "id": "node/11898900721"
    },
    {
      "type": "Feature",
      "properties": {
        "@id": "node/11901175046",
        "amenity": "drinking_water",
        "fountain": "bottle_refill"
      },
      "geometry": {
        "type": "Point",
        "coordinates": [
          77.134844,
          28.5968214
        ]
      },
      "id": "node/11901175046"
    },
    {
      "type": "Feature",
      "properties": {
        "@id": "node/11903578486",
        "access": "yes",
        "amenity": "drinking_water",
        "bottle": "yes",
        "covered": "yes",
        "fee": "no",
        "indoor": "no",
        "lit": "yes",
        "payment:none": "yes",
        "wheelchair": "yes"
      },
      "geometry": {
        "type": "Point",
        "coordinates": [
          77.2765206,
          28.628576
        ]
      },
      "id": "node/11903578486"
    },
    {
      "type": "Feature",
      "properties": {
        "@id": "node/11908840369",
        "amenity": "drinking_water"
      },
      "geometry": {
        "type": "Point",
        "coordinates": [
          83.9742951,
          28.6691692
        ]
      },
      "id": "node/11908840369"
    },
    {
      "type": "Feature",
      "properties": {
        "@id": "node/11913278495",
        "amenity": "drinking_water"
      },
      "geometry": {
        "type": "Point",
        "coordinates": [
          83.6663973,
          28.7565294
        ]
      },
      "id": "node/11913278495"
    },
    {
      "type": "Feature",
      "properties": {
        "@id": "node/11919186569",
        "amenity": "drinking_water"
      },
      "geometry": {
        "type": "Point",
        "coordinates": [
          83.6479878,
          28.4837707
        ]
      },
      "id": "node/11919186569"
    },
    {
      "type": "Feature",
      "properties": {
        "@id": "node/11921267369",
        "amenity": "drinking_water"
      },
      "geometry": {
        "type": "Point",
        "coordinates": [
          83.6834151,
          28.4266057
        ]
      },
      "id": "node/11921267369"
    },
    {
      "type": "Feature",
      "properties": {
        "@id": "node/11921267569",
        "amenity": "drinking_water"
      },
      "geometry": {
        "type": "Point",
        "coordinates": [
          83.6990889,
          28.4055288
        ]
      },
      "id": "node/11921267569"
    },
    {
      "type": "Feature",
      "properties": {
        "@id": "node/11925054269",
        "amenity": "drinking_water"
      },
      "geometry": {
        "type": "Point",
        "coordinates": [
          83.8153774,
          28.3998159
        ]
      },
      "id": "node/11925054269"
    },
    {
      "type": "Feature",
      "properties": {
        "@id": "node/11926242819",
        "access": "yes",
        "amenity": "drinking_water",
        "bottle": "yes",
        "indoor": "yes",
        "level": "0"
      },
      "geometry": {
        "type": "Point",
        "coordinates": [
          77.2372229,
          28.5527956
        ]
      },
      "id": "node/11926242819"
    },
    {
      "type": "Feature",
      "properties": {
        "@id": "node/11928019640",
        "access": "yes",
        "amenity": "drinking_water",
        "bottle": "yes",
        "level": "0",
        "man_made": "water_tap"
      },
      "geometry": {
        "type": "Point",
        "coordinates": [
          77.1241705,
          28.5985957
        ]
      },
      "id": "node/11928019640"
    },
    {
      "type": "Feature",
      "properties": {
        "@id": "node/11930142834",
        "access": "private",
        "amenity": "drinking_water",
        "level": "0"
      },
      "geometry": {
        "type": "Point",
        "coordinates": [
          77.1309248,
          28.6076635
        ]
      },
      "id": "node/11930142834"
    },
    {
      "type": "Feature",
      "properties": {
        "@id": "node/11930142847",
        "access": "private",
        "amenity": "drinking_water",
        "level": "0"
      },
      "geometry": {
        "type": "Point",
        "coordinates": [
          77.130611,
          28.6074531
        ]
      },
      "id": "node/11930142847"
    },
    {
      "type": "Feature",
      "properties": {
        "@id": "node/11934956971",
        "access": "yes",
        "amenity": "drinking_water",
        "bottle": "yes",
        "indoor": "yes",
        "level": "0"
      },
      "geometry": {
        "type": "Point",
        "coordinates": [
          77.1740386,
          28.5568725
        ]
      },
      "id": "node/11934956971"
    },
    {
      "type": "Feature",
      "properties": {
        "@id": "node/11936561382",
        "access": "yes",
        "amenity": "drinking_water",
        "bottle": "yes",
        "level": "0"
      },
      "geometry": {
        "type": "Point",
        "coordinates": [
          77.2329868,
          28.6267226
        ]
      },
      "id": "node/11936561382"
    },
    {
      "type": "Feature",
      "properties": {
        "@id": "node/11946913323",
        "addr:state": "HP",
        "addr:street": "Chaugan Road",
        "amenity": "drinking_water",
        "bottle": "yes"
      },
      "geometry": {
        "type": "Point",
        "coordinates": [
          76.7130861,
          32.0377977
        ]
      },
      "id": "node/11946913323"
    },
    {
      "type": "Feature",
      "properties": {
        "@id": "node/11946913324",
        "addr:state": "HP",
        "addr:street": "Chogan Bhattu Link Road",
        "amenity": "drinking_water",
        "bottle": "yes"
      },
      "geometry": {
        "type": "Point",
        "coordinates": [
          76.7099309,
          32.0411968
        ]
      },
      "id": "node/11946913324"
    },
    {
      "type": "Feature",
      "properties": {
        "@id": "node/11951144186",
        "access": "yes",
        "amenity": "drinking_water",
        "bottle": "yes",
        "fountain": "nozzle",
        "level": "0"
      },
      "geometry": {
        "type": "Point",
        "coordinates": [
          77.1222327,
          28.5945921
        ]
      },
      "id": "node/11951144186"
    },
    {
      "type": "Feature",
      "properties": {
        "@id": "node/11963064853",
        "access": "yes",
        "amenity": "drinking_water",
        "bottle": "yes",
        "capacity": "1",
        "fountain": "nozzle",
        "indoor": "no",
        "level": "0",
        "noname": "yes",
        "operator": "Gurudwara Sri Guru Singh Sabha"
      },
      "geometry": {
        "type": "Point",
        "coordinates": [
          77.2002434,
          28.6498784
        ]
      },
      "id": "node/11963064853"
    },
    {
      "type": "Feature",
      "properties": {
        "@id": "node/11963325167",
        "amenity": "drinking_water",
        "name": "Water point"
      },
      "geometry": {
        "type": "Point",
        "coordinates": [
          88.3555289,
          22.5092076
        ]
      },
      "id": "node/11963325167"
    },
    {
      "type": "Feature",
      "properties": {
        "@id": "node/11966408447",
        "access": "yes",
        "amenity": "drinking_water",
        "bottle": "yes",
        "fountain": "nozzle",
        "level": "0"
      },
      "geometry": {
        "type": "Point",
        "coordinates": [
          77.1183135,
          28.5870489
        ]
      },
      "id": "node/11966408447"
    },
    {
      "type": "Feature",
      "properties": {
        "@id": "node/11966408452",
        "access": "yes",
        "amenity": "drinking_water",
        "bottle": "yes",
        "fountain": "nozzle",
        "level": "0"
      },
      "geometry": {
        "type": "Point",
        "coordinates": [
          77.1182605,
          28.5869493
        ]
      },
      "id": "node/11966408452"
    },
    {
      "type": "Feature",
      "properties": {
        "@id": "node/11973744648",
        "amenity": "drinking_water",
        "indoor": "yes"
      },
      "geometry": {
        "type": "Point",
        "coordinates": [
          77.2350024,
          28.6244557
        ]
      },
      "id": "node/11973744648"
    },
    {
      "type": "Feature",
      "properties": {
        "@id": "node/11982171878",
        "access": "yes",
        "amenity": "drinking_water",
        "charge": "Free"
      },
      "geometry": {
        "type": "Point",
        "coordinates": [
          77.3081725,
          28.6696916
        ]
      },
      "id": "node/11982171878"
    },
    {
      "type": "Feature",
      "properties": {
        "@id": "node/11982171899",
        "amenity": "drinking_water"
      },
      "geometry": {
        "type": "Point",
        "coordinates": [
          77.3073786,
          28.6696109
        ]
      },
      "id": "node/11982171899"
    },
    {
      "type": "Feature",
      "properties": {
        "@id": "node/11982182425",
        "access": "yes",
        "amenity": "drinking_water"
      },
      "geometry": {
        "type": "Point",
        "coordinates": [
          77.3122192,
          28.6693162
        ]
      },
      "id": "node/11982182425"
    },
    {
      "type": "Feature",
      "properties": {
        "@id": "node/11983408899",
        "amenity": "drinking_water",
        "source": "SherniRiverMapping_Survey"
      },
      "geometry": {
        "type": "Point",
        "coordinates": [
          77.3033774,
          26.6113315
        ]
      },
      "id": "node/11983408899"
    },
    {
      "type": "Feature",
      "properties": {
        "@id": "node/11985043678",
        "amenity": "drinking_water"
      },
      "geometry": {
        "type": "Point",
        "coordinates": [
          77.1801178,
          28.5853196
        ]
      },
      "id": "node/11985043678"
    },
    {
      "type": "Feature",
      "properties": {
        "@id": "node/11985043679",
        "amenity": "drinking_water"
      },
      "geometry": {
        "type": "Point",
        "coordinates": [
          77.1814562,
          28.5852554
        ]
      },
      "id": "node/11985043679"
    },
    {
      "type": "Feature",
      "properties": {
        "@id": "node/11985483787",
        "amenity": "drinking_water"
      },
      "geometry": {
        "type": "Point",
        "coordinates": [
          77.2340495,
          28.6249011
        ]
      },
      "id": "node/11985483787"
    },
    {
      "type": "Feature",
      "properties": {
        "@id": "node/11991220659",
        "amenity": "drinking_water",
        "source": "SherniRiverMapping_Survey"
      },
      "geometry": {
        "type": "Point",
        "coordinates": [
          77.319885,
          26.6157624
        ]
      },
      "id": "node/11991220659"
    },
    {
      "type": "Feature",
      "properties": {
        "@id": "node/11991220660",
        "amenity": "drinking_water",
        "source": "SherniRiverMapping_Survey"
      },
      "geometry": {
        "type": "Point",
        "coordinates": [
          77.3189892,
          26.6132217
        ]
      },
      "id": "node/11991220660"
    },
    {
      "type": "Feature",
      "properties": {
        "@id": "node/11991220661",
        "amenity": "drinking_water",
        "source": "SherniRiverMapping_Survey"
      },
      "geometry": {
        "type": "Point",
        "coordinates": [
          77.3189919,
          26.6132703
        ]
      },
      "id": "node/11991220661"
    },
    {
      "type": "Feature",
      "properties": {
        "@id": "node/11993710370",
        "amenity": "drinking_water",
        "name": "Sai Pyau",
        "name:hi": "साई प्याऊ"
      },
      "geometry": {
        "type": "Point",
        "coordinates": [
          77.3044699,
          28.6346784
        ]
      },
      "id": "node/11993710370"
    },
    {
      "type": "Feature",
      "properties": {
        "@id": "node/11998137945",
        "amenity": "drinking_water"
      },
      "geometry": {
        "type": "Point",
        "coordinates": [
          77.2371143,
          28.6022196
        ]
      },
      "id": "node/11998137945"
    },
    {
      "type": "Feature",
      "properties": {
        "@id": "node/12008941743",
        "amenity": "drinking_water"
      },
      "geometry": {
        "type": "Point",
        "coordinates": [
          77.2839701,
          26.7173334
        ]
      },
      "id": "node/12008941743"
    },
    {
      "type": "Feature",
      "properties": {
        "@id": "node/12008945799",
        "access": "yes",
        "amenity": "drinking_water",
        "wheelchair": "no"
      },
      "geometry": {
        "type": "Point",
        "coordinates": [
          77.2931071,
          26.7179848
        ]
      },
      "id": "node/12008945799"
    },
    {
      "type": "Feature",
      "properties": {
        "@id": "node/12008956602",
        "amenity": "drinking_water",
        "operator": "Ker Ka Jhrna"
      },
      "geometry": {
        "type": "Point",
        "coordinates": [
          77.2847198,
          26.7169635
        ]
      },
      "id": "node/12008956602"
    },
    {
      "type": "Feature",
      "properties": {
        "@id": "node/12020109269",
        "amenity": "drinking_water",
        "name": "Drinking Water",
        "name:en": "fauji kariyana store"
      },
      "geometry": {
        "type": "Point",
        "coordinates": [
          72.8505243,
          29.493174
        ]
      },
      "id": "node/12020109269"
    },
    {
      "type": "Feature",
      "properties": {
        "@id": "node/12029430724",
        "amenity": "drinking_water"
      },
      "geometry": {
        "type": "Point",
        "coordinates": [
          78.3196419,
          30.1245345
        ]
      },
      "id": "node/12029430724"
    },
    {
      "type": "Feature",
      "properties": {
        "@id": "node/12030663065",
        "amenity": "drinking_water"
      },
      "geometry": {
        "type": "Point",
        "coordinates": [
          77.1959207,
          28.5773121
        ]
      },
      "id": "node/12030663065"
    },
    {
      "type": "Feature",
      "properties": {
        "@id": "node/12030751390",
        "access": "yes",
        "amenity": "drinking_water",
        "level": "0"
      },
      "geometry": {
        "type": "Point",
        "coordinates": [
          78.2958465,
          30.1123165
        ]
      },
      "id": "node/12030751390"
    },
    {
      "type": "Feature",
      "properties": {
        "@id": "node/12030897644",
        "access": "yes",
        "amenity": "drinking_water",
        "fee": "no"
      },
      "geometry": {
        "type": "Point",
        "coordinates": [
          78.3549163,
          22.7571638
        ]
      },
      "id": "node/12030897644"
    },
    {
      "type": "Feature",
      "properties": {
        "@id": "node/12030965862",
        "access": "customers",
        "amenity": "drinking_water",
        "indoor": "yes"
      },
      "geometry": {
        "type": "Point",
        "coordinates": [
          78.1550556,
          29.9480416
        ]
      },
      "id": "node/12030965862"
    },
    {
      "type": "Feature",
      "properties": {
        "@id": "node/12030965866",
        "amenity": "drinking_water",
        "indoor": "yes"
      },
      "geometry": {
        "type": "Point",
        "coordinates": [
          78.1547999,
          29.9476015
        ]
      },
      "id": "node/12030965866"
    },
    {
      "type": "Feature",
      "properties": {
        "@id": "node/12037308941",
        "amenity": "drinking_water"
      },
      "geometry": {
        "type": "Point",
        "coordinates": [
          73.0483679,
          26.2804352
        ]
      },
      "id": "node/12037308941"
    },
    {
      "type": "Feature",
      "properties": {
        "@id": "node/12049329869",
        "amenity": "drinking_water"
      },
      "geometry": {
        "type": "Point",
        "coordinates": [
          79.6019415,
          30.7060992
        ]
      },
      "id": "node/12049329869"
    },
    {
      "type": "Feature",
      "properties": {
        "@id": "node/12062966298",
        "access": "yes",
        "amenity": "drinking_water",
        "drinking_water": "no",
        "man_made": "storage_tank",
        "source": "Yoyo preset"
      },
      "geometry": {
        "type": "Point",
        "coordinates": [
          83.7439029,
          28.2815231
        ]
      },
      "id": "node/12062966298"
    },
    {
      "type": "Feature",
      "properties": {
        "@id": "node/12066539981",
        "amenity": "drinking_water",
        "bottle": "yes",
        "drinking_water": "yes",
        "indoor": "yes",
        "level": "1",
        "man_made": "water_tap"
      },
      "geometry": {
        "type": "Point",
        "coordinates": [
          77.2866343,
          28.6363414
        ]
      },
      "id": "node/12066539981"
    },
    {
      "type": "Feature",
      "properties": {
        "@id": "node/12068591482",
        "amenity": "drinking_water"
      },
      "geometry": {
        "type": "Point",
        "coordinates": [
          77.1929079,
          28.5530522
        ]
      },
      "id": "node/12068591482"
    },
    {
      "type": "Feature",
      "properties": {
        "@id": "node/12069879047",
        "access": "yes",
        "amenity": "drinking_water",
        "level": "0"
      },
      "geometry": {
        "type": "Point",
        "coordinates": [
          77.1207364,
          28.5928445
        ]
      },
      "id": "node/12069879047"
    },
    {
      "type": "Feature",
      "properties": {
        "@id": "node/12090130531",
        "amenity": "drinking_water",
        "man_made": "water_tap"
      },
      "geometry": {
        "type": "Point",
        "coordinates": [
          77.7291648,
          28.9882054
        ]
      },
      "id": "node/12090130531"
    },
    {
      "type": "Feature",
      "properties": {
        "@id": "node/12091664456",
        "access": "yes",
        "amenity": "drinking_water",
        "bottle": "yes",
        "covered": "yes",
        "fee": "yes",
        "indoor": "no",
        "level": "0",
        "lit": "yes",
        "name": "Pi-Lo",
        "name:en": "Pi-Lo",
        "payment:cash": "yes",
        "wheelchair": "yes"
      },
      "geometry": {
        "type": "Point",
        "coordinates": [
          77.0727603,
          28.4588326
        ]
      },
      "id": "node/12091664456"
    },
    {
      "type": "Feature",
      "properties": {
        "@id": "node/12093549891",
        "access": "yes",
        "amenity": "drinking_water",
        "bottle": "yes",
        "level": "0"
      },
      "geometry": {
        "type": "Point",
        "coordinates": [
          77.2489261,
          28.5429315
        ]
      },
      "id": "node/12093549891"
    },
    {
      "type": "Feature",
      "properties": {
        "@id": "node/12117668264",
        "amenity": "drinking_water",
        "drinking_water": "yes",
        "man_made": "water_tap"
      },
      "geometry": {
        "type": "Point",
        "coordinates": [
          77.3061498,
          28.6308777
        ]
      },
      "id": "node/12117668264"
    },
    {
      "type": "Feature",
      "properties": {
        "@id": "node/12118121842",
        "amenity": "drinking_water",
        "drinking_water": "yes",
        "man_made": "water_tap"
      },
      "geometry": {
        "type": "Point",
        "coordinates": [
          77.7330971,
          28.9753388
        ]
      },
      "id": "node/12118121842"
    },
    {
      "type": "Feature",
      "properties": {
        "@id": "node/12118218322",
        "amenity": "drinking_water",
        "drinking_water": "yes",
        "man_made": "water_tap"
      },
      "geometry": {
        "type": "Point",
        "coordinates": [
          77.7385084,
          28.9679265
        ]
      },
      "id": "node/12118218322"
    },
    {
      "type": "Feature",
      "properties": {
        "@id": "node/12118584207",
        "amenity": "drinking_water",
        "drinking_water": "yes",
        "man_made": "water_tap"
      },
      "geometry": {
        "type": "Point",
        "coordinates": [
          77.7272829,
          28.9877805
        ]
      },
      "id": "node/12118584207"
    },
    {
      "type": "Feature",
      "properties": {
        "@id": "node/12118584234",
        "amenity": "drinking_water"
      },
      "geometry": {
        "type": "Point",
        "coordinates": [
          77.7275779,
          28.987745
        ]
      },
      "id": "node/12118584234"
    },
    {
      "type": "Feature",
      "properties": {
        "@id": "node/12133227979",
        "amenity": "drinking_water"
      },
      "geometry": {
        "type": "Point",
        "coordinates": [
          88.3424056,
          22.5207211
        ]
      },
      "id": "node/12133227979"
    },
    {
      "type": "Feature",
      "properties": {
        "@id": "node/12133244376",
        "amenity": "drinking_water"
      },
      "geometry": {
        "type": "Point",
        "coordinates": [
          88.3398377,
          22.5253982
        ]
      },
      "id": "node/12133244376"
    },
    {
      "type": "Feature",
      "properties": {
        "@id": "node/12136521842",
        "amenity": "drinking_water",
        "man_made": "water_tap"
      },
      "geometry": {
        "type": "Point",
        "coordinates": [
          88.3559735,
          22.6315306
        ]
      },
      "id": "node/12136521842"
    },
    {
      "type": "Feature",
      "properties": {
        "@id": "node/12192727888",
        "access": "yes",
        "amenity": "drinking_water",
        "bottle": "yes",
        "fountain": "nozzle",
        "level": "0"
      },
      "geometry": {
        "type": "Point",
        "coordinates": [
          77.1256475,
          28.5916046
        ]
      },
      "id": "node/12192727888"
    },
    {
      "type": "Feature",
      "properties": {
        "@id": "node/12204993321",
        "amenity": "drinking_water"
      },
      "geometry": {
        "type": "Point",
        "coordinates": [
          75.8130243,
          28.1376068
        ]
      },
      "id": "node/12204993321"
    },
    {
      "type": "Feature",
      "properties": {
        "@id": "node/12204993322",
        "amenity": "drinking_water"
      },
      "geometry": {
        "type": "Point",
        "coordinates": [
          75.8167002,
          28.1376384
        ]
      },
      "id": "node/12204993322"
    },
    {
      "type": "Feature",
      "properties": {
        "@id": "node/12204993513",
        "amenity": "drinking_water"
      },
      "geometry": {
        "type": "Point",
        "coordinates": [
          75.8171353,
          28.1328664
        ]
      },
      "id": "node/12204993513"
    },
    {
      "type": "Feature",
      "properties": {
        "@id": "node/12204996840",
        "amenity": "drinking_water"
      },
      "geometry": {
        "type": "Point",
        "coordinates": [
          75.8155423,
          28.142819
        ]
      },
      "id": "node/12204996840"
    },
    {
      "type": "Feature",
      "properties": {
        "@id": "node/12205005809",
        "amenity": "drinking_water"
      },
      "geometry": {
        "type": "Point",
        "coordinates": [
          75.8154819,
          28.1404601
        ]
      },
      "id": "node/12205005809"
    },
    {
      "type": "Feature",
      "properties": {
        "@id": "node/12223912040",
        "access": "yes",
        "amenity": "drinking_water",
        "fee": "no"
      },
      "geometry": {
        "type": "Point",
        "coordinates": [
          77.0715912,
          28.587496
        ]
      },
      "id": "node/12223912040"
    },
    {
      "type": "Feature",
      "properties": {
        "@id": "node/12255411540",
        "amenity": "drinking_water"
      },
      "geometry": {
        "type": "Point",
        "coordinates": [
          77.1790355,
          28.618584
        ]
      },
      "id": "node/12255411540"
    },
    {
      "type": "Feature",
      "properties": {
        "@id": "node/12255436489",
        "amenity": "drinking_water"
      },
      "geometry": {
        "type": "Point",
        "coordinates": [
          77.1785735,
          28.6186719
        ]
      },
      "id": "node/12255436489"
    },
    {
      "type": "Feature",
      "properties": {
        "@id": "node/12331175803",
        "amenity": "drinking_water",
        "bottle": "yes",
        "drinking_water": "yes",
        "indoor": "yes",
        "level": "0",
        "man_made": "water_tap"
      },
      "geometry": {
        "type": "Point",
        "coordinates": [
          72.9998559,
          21.7025529
        ]
      },
      "id": "node/12331175803"
    },
    {
      "type": "Feature",
      "properties": {
        "@id": "node/12367637203",
        "amenity": "drinking_water",
        "indoor": "yes"
      },
      "geometry": {
        "type": "Point",
        "coordinates": [
          77.3053526,
          28.6248966
        ]
      },
      "id": "node/12367637203"
    },
    {
      "type": "Feature",
      "properties": {
        "@id": "node/12393810676",
        "amenity": "drinking_water",
        "fee": "no"
      },
      "geometry": {
        "type": "Point",
        "coordinates": [
          77.0328291,
          28.6152389
        ]
      },
      "id": "node/12393810676"
    },
    {
      "type": "Feature",
      "properties": {
        "@id": "node/12426252917",
        "amenity": "drinking_water"
      },
      "geometry": {
        "type": "Point",
        "coordinates": [
          83.0632463,
          29.4316317
        ]
      },
      "id": "node/12426252917"
    },
    {
      "type": "Feature",
      "properties": {
        "@id": "node/12525308237",
        "amenity": "drinking_water",
        "fee": "no"
      },
      "geometry": {
        "type": "Point",
        "coordinates": [
          77.1040992,
          30.9299073
        ]
      },
      "id": "node/12525308237"
    },
    {
      "type": "Feature",
      "properties": {
        "@id": "node/12526240310",
        "amenity": "drinking_water",
        "fee": "no",
        "operator": "Aproximate Temple",
        "wheelchair": "no"
      },
      "geometry": {
        "type": "Point",
        "coordinates": [
          78.1460813,
          26.1996332
        ]
      },
      "id": "node/12526240310"
    },
    {
      "type": "Feature",
      "properties": {
        "@id": "node/12535573544",
        "access": "yes",
        "amenity": "drinking_water",
        "bottle": "yes",
        "dog": "no",
        "fountain": "nozzle",
        "historic": "no",
        "level": "0"
      },
      "geometry": {
        "type": "Point",
        "coordinates": [
          77.203469,
          28.6573158
        ]
      },
      "id": "node/12535573544"
    },
    {
      "type": "Feature",
      "properties": {
        "@id": "node/12536396309",
        "amenity": "drinking_water",
        "man_made": "water_tap"
      },
      "geometry": {
        "type": "Point",
        "coordinates": [
          75.7730198,
          23.2006752
        ]
      },
      "id": "node/12536396309"
    },
    {
      "type": "Feature",
      "properties": {
        "@id": "node/12552579044",
        "amenity": "drinking_water",
        "bottle": "yes"
      },
      "geometry": {
        "type": "Point",
        "coordinates": [
          77.126033,
          28.7070117
        ]
      },
      "id": "node/12552579044"
    },
    {
      "type": "Feature",
      "properties": {
        "@id": "node/12557766436",
        "amenity": "drinking_water",
        "fountain": "drinking",
        "name": "Amrit Dhara",
        "name:bn": "অমৃত ধারা"
      },
      "geometry": {
        "type": "Point",
        "coordinates": [
          88.7262571,
          26.5246488
        ]
      },
      "id": "node/12557766436"
    },
    {
      "type": "Feature",
      "properties": {
        "@id": "node/12561450691",
        "amenity": "drinking_water",
        "man_made": "water_tap"
      },
      "geometry": {
        "type": "Point",
        "coordinates": [
          75.7675809,
          23.1960635
        ]
      },
      "id": "node/12561450691"
    },
    {
      "type": "Feature",
      "properties": {
        "@id": "node/12571263187",
        "amenity": "drinking_water",
        "bottle": "yes",
        "fountain": "bottle_refill"
      },
      "geometry": {
        "type": "Point",
        "coordinates": [
          88.7092784,
          26.5471492
        ]
      },
      "id": "node/12571263187"
    },
    {
      "type": "Feature",
      "properties": {
        "@id": "node/12579202243",
        "amenity": "drinking_water"
      },
      "geometry": {
        "type": "Point",
        "coordinates": [
          77.0507623,
          28.5963198
        ]
      },
      "id": "node/12579202243"
    },
    {
      "type": "Feature",
      "properties": {
        "@id": "node/12583752572",
        "amenity": "drinking_water",
        "bottle": "yes",
        "fee": "no",
        "man_made": "water_tap",
        "wheelchair": "yes"
      },
      "geometry": {
        "type": "Point",
        "coordinates": [
          75.3963209,
          30.0161662
        ]
      },
      "id": "node/12583752572"
    },
    {
      "type": "Feature",
      "properties": {
        "@id": "node/12588445754",
        "amenity": "drinking_water",
        "drinking_water": "yes",
        "man_made": "water_tap"
      },
      "geometry": {
        "type": "Point",
        "coordinates": [
          77.2304434,
          28.6569989
        ]
      },
      "id": "node/12588445754"
    },
    {
      "type": "Feature",
      "properties": {
        "@id": "node/12592550038",
        "amenity": "drinking_water",
        "drinking_water": "yes",
        "man_made": "water_tap"
      },
      "geometry": {
        "type": "Point",
        "coordinates": [
          77.2545286,
          28.5868743
        ]
      },
      "id": "node/12592550038"
    },
    {
      "type": "Feature",
      "properties": {
        "@id": "node/12592550039",
        "amenity": "drinking_water",
        "drinking_water": "yes",
        "man_made": "water_tap"
      },
      "geometry": {
        "type": "Point",
        "coordinates": [
          77.2544777,
          28.5879759
        ]
      },
      "id": "node/12592550039"
    },
    {
      "type": "Feature",
      "properties": {
        "@id": "node/12592712413",
        "access": "yes",
        "amenity": "drinking_water",
        "fee": "no",
        "wheelchair": "no"
      },
      "geometry": {
        "type": "Point",
        "coordinates": [
          77.2259588,
          28.6500914
        ]
      },
      "id": "node/12592712413"
    },
    {
      "type": "Feature",
      "properties": {
        "@id": "node/12592937574",
        "access": "yes",
        "amenity": "drinking_water",
        "bottle": "yes",
        "dog": "no",
        "fountain": "nozzle",
        "historic": "no",
        "level": "0"
      },
      "geometry": {
        "type": "Point",
        "coordinates": [
          77.2295602,
          28.6567747
        ]
      },
      "id": "node/12592937574"
    },
    {
      "type": "Feature",
      "properties": {
        "@id": "node/12593252111",
        "addr:postcode": "110006",
        "amenity": "drinking_water",
        "name": "Lala Lakshmi Narayan"
      },
      "geometry": {
        "type": "Point",
        "coordinates": [
          77.2234471,
          28.6583025
        ]
      },
      "id": "node/12593252111"
    },
    {
      "type": "Feature",
      "properties": {
        "@id": "node/12616232825",
        "amenity": "drinking_water",
        "name": "Amrit Dhara"
      },
      "geometry": {
        "type": "Point",
        "coordinates": [
          88.4288653,
          26.7077196
        ]
      },
      "id": "node/12616232825"
    },
    {
      "type": "Feature",
      "properties": {
        "@id": "node/12620005400",
        "amenity": "drinking_water"
      },
      "geometry": {
        "type": "Point",
        "coordinates": [
          83.9659763,
          28.2002081
        ]
      },
      "id": "node/12620005400"
    },
    {
      "type": "Feature",
      "properties": {
        "@id": "node/12639638660",
        "access": "yes",
        "amenity": "drinking_water",
        "bottle": "yes",
        "charge:conditional": "3 INR @ 250 ml; 10 INR @ 1 liter",
        "fee": "yes",
        "indoor": "yes",
        "level": "0"
      },
      "geometry": {
        "type": "Point",
        "coordinates": [
          77.2258127,
          28.6482293
        ]
      },
      "id": "node/12639638660"
    },
    {
      "type": "Feature",
      "properties": {
        "@id": "node/12640826818",
        "amenity": "drinking_water",
        "drinking_water": "yes",
        "man_made": "water_tap"
      },
      "geometry": {
        "type": "Point",
        "coordinates": [
          75.5201156,
          29.9352384
        ]
      },
      "id": "node/12640826818"
    },
    {
      "type": "Feature",
      "properties": {
        "@id": "node/12640826819",
        "amenity": "drinking_water",
        "drinking_water": "yes",
        "man_made": "water_tap"
      },
      "geometry": {
        "type": "Point",
        "coordinates": [
          75.5201155,
          29.9352347
        ]
      },
      "id": "node/12640826819"
    },
    {
      "type": "Feature",
      "properties": {
        "@id": "node/12640826820",
        "amenity": "drinking_water",
        "drinking_water": "yes",
        "man_made": "water_tap"
      },
      "geometry": {
        "type": "Point",
        "coordinates": [
          75.5201154,
          29.9352317
        ]
      },
      "id": "node/12640826820"
    },
    {
      "type": "Feature",
      "properties": {
        "@id": "node/12640826821",
        "amenity": "drinking_water",
        "drinking_water": "yes",
        "man_made": "water_tap"
      },
      "geometry": {
        "type": "Point",
        "coordinates": [
          75.5201154,
          29.9352286
        ]
      },
      "id": "node/12640826821"
    },
    {
      "type": "Feature",
      "properties": {
        "@id": "node/12640826822",
        "amenity": "drinking_water",
        "drinking_water": "yes",
        "man_made": "water_tap"
      },
      "geometry": {
        "type": "Point",
        "coordinates": [
          75.5201153,
          29.9352251
        ]
      },
      "id": "node/12640826822"
    },
    {
      "type": "Feature",
      "properties": {
        "@id": "node/12647261527",
        "amenity": "drinking_water",
        "bottle": "yes",
        "indoor": "yes",
        "level": "0"
      },
      "geometry": {
        "type": "Point",
        "coordinates": [
          77.0410102,
          28.5927128
        ]
      },
      "id": "node/12647261527"
    },
    {
      "type": "Feature",
      "properties": {
        "@id": "node/12670068899",
        "amenity": "drinking_water",
        "name": "Water Tank"
      },
      "geometry": {
        "type": "Point",
        "coordinates": [
          75.802425,
          26.9694777
        ]
      },
      "id": "node/12670068899"
    },
    {
      "type": "Feature",
      "properties": {
        "@id": "node/12671240201",
        "amenity": "drinking_water"
      },
      "geometry": {
        "type": "Point",
        "coordinates": [
          84.6160563,
          28.0033806
        ]
      },
      "id": "node/12671240201"
    },
    {
      "type": "Feature",
      "properties": {
        "@id": "node/12678170885",
        "amenity": "drinking_water"
      },
      "geometry": {
        "type": "Point",
        "coordinates": [
          87.8473788,
          22.714909
        ]
      },
      "id": "node/12678170885"
    },
    {
      "type": "Feature",
      "properties": {
        "@id": "node/12690504647",
        "amenity": "drinking_water",
        "man_made": "water_tap"
      },
      "geometry": {
        "type": "Point",
        "coordinates": [
          88.3704735,
          26.6522448
        ]
      },
      "id": "node/12690504647"
    },
    {
      "type": "Feature",
      "properties": {
        "@id": "node/12692922186",
        "access": "yes",
        "amenity": "drinking_water",
        "bottle": "yes",
        "indoor": "yes",
        "level": "0"
      },
      "geometry": {
        "type": "Point",
        "coordinates": [
          85.1197243,
          25.6072762
        ]
      },
      "id": "node/12692922186"
    },
    {
      "type": "Feature",
      "properties": {
        "@id": "node/12694296804",
        "access": "yes",
        "amenity": "drinking_water",
        "fee": "no",
        "man_made": "water_tap"
      },
      "geometry": {
        "type": "Point",
        "coordinates": [
          77.1341574,
          28.7227262
        ]
      },
      "id": "node/12694296804"
    },
    {
      "type": "Feature",
      "properties": {
        "@id": "node/12696371001",
        "amenity": "drinking_water"
      },
      "geometry": {
        "type": "Point",
        "coordinates": [
          84.4130733,
          27.9348814
        ]
      },
      "id": "node/12696371001"
    },
    {
      "type": "Feature",
      "properties": {
        "@id": "node/12697789776",
        "access": "yes",
        "amenity": "drinking_water",
        "bottle": "yes",
        "level": "0"
      },
      "geometry": {
        "type": "Point",
        "coordinates": [
          78.573401,
          27.0867059
        ]
      },
      "id": "node/12697789776"
    },
    {
      "type": "Feature",
      "properties": {
        "@id": "node/12697854033",
        "access": "yes",
        "amenity": "drinking_water",
        "bottle": "yes",
        "level": "0"
      },
      "geometry": {
        "type": "Point",
        "coordinates": [
          78.5733421,
          27.086724
        ]
      },
      "id": "node/12697854033"
    },
    {
      "type": "Feature",
      "properties": {
        "@id": "node/12706382538",
        "amenity": "drinking_water",
        "bottle": "yes",
        "dog": "no",
        "fee": "yes",
        "historic": "no",
        "level": "0",
        "name": "Pi-Lo Smart Water ATM",
        "opening_hours": "Mo-Su 10:00-20:00"
      },
      "geometry": {
        "type": "Point",
        "coordinates": [
          77.2301381,
          28.6580286
        ]
      },
      "id": "node/12706382538"
    },
    {
      "type": "Feature",
      "properties": {
        "@id": "node/12722875208",
        "amenity": "drinking_water",
        "man_made": "water_tap"
      },
      "geometry": {
        "type": "Point",
        "coordinates": [
          77.1345264,
          28.7231741
        ]
      },
      "id": "node/12722875208"
    },
    {
      "type": "Feature",
      "properties": {
        "@id": "node/12722875209",
        "amenity": "drinking_water",
        "man_made": "water_tap"
      },
      "geometry": {
        "type": "Point",
        "coordinates": [
          77.1352058,
          28.7207313
        ]
      },
      "id": "node/12722875209"
    },
    {
      "type": "Feature",
      "properties": {
        "@id": "node/12723115346",
        "amenity": "drinking_water",
        "bottle": "yes",
        "level": "0"
      },
      "geometry": {
        "type": "Point",
        "coordinates": [
          77.2395711,
          28.5562205
        ]
      },
      "id": "node/12723115346"
    },
    {
      "type": "Feature",
      "properties": {
        "@id": "node/12723254214",
        "amenity": "drinking_water",
        "name": "Drinking water tap"
      },
      "geometry": {
        "type": "Point",
        "coordinates": [
          84.4000994,
          28.310253
        ]
      },
      "id": "node/12723254214"
    },
    {
      "type": "Feature",
      "properties": {
        "@id": "node/12724973498",
        "amenity": "drinking_water",
        "man_made": "water_tap"
      },
      "geometry": {
        "type": "Point",
        "coordinates": [
          77.1339677,
          28.7215593
        ]
      },
      "id": "node/12724973498"
    },
    {
      "type": "Feature",
      "properties": {
        "@id": "node/12731696153",
        "amenity": "drinking_water",
        "name": "Drinking Water (Chilled)",
        "wheelchair": "no"
      },
      "geometry": {
        "type": "Point",
        "coordinates": [
          75.8544611,
          26.9320012
        ]
      },
      "id": "node/12731696153"
    },
    {
      "type": "Feature",
      "properties": {
        "@id": "node/12732526816",
        "amenity": "drinking_water",
        "fee": "no",
        "operator": "DDA",
        "wheelchair": "limited"
      },
      "geometry": {
        "type": "Point",
        "coordinates": [
          77.0249165,
          28.5904479
        ]
      },
      "id": "node/12732526816"
    },
    {
      "type": "Feature",
      "properties": {
        "@id": "node/12745623001",
        "amenity": "drinking_water",
        "name": "Water Tap"
      },
      "geometry": {
        "type": "Point",
        "coordinates": [
          88.3935004,
          22.6494541
        ]
      },
      "id": "node/12745623001"
    },
    {
      "type": "Feature",
      "properties": {
        "@id": "node/12748290501",
        "amenity": "drinking_water",
        "name": "Water tap"
      },
      "geometry": {
        "type": "Point",
        "coordinates": [
          88.3972389,
          22.6535443
        ]
      },
      "id": "node/12748290501"
    },
    {
      "type": "Feature",
      "properties": {
        "@id": "node/12752246066",
        "access": "yes",
        "amenity": "drinking_water",
        "bottle": "yes",
        "fountain": "nozzle",
        "level": "0"
      },
      "geometry": {
        "type": "Point",
        "coordinates": [
          77.2235694,
          28.659291
        ]
      },
      "id": "node/12752246066"
    },
    {
      "type": "Feature",
      "properties": {
        "@id": "node/12753307101",
        "amenity": "drinking_water",
        "name": "Water Tap"
      },
      "geometry": {
        "type": "Point",
        "coordinates": [
          88.3935571,
          22.649489
        ]
      },
      "id": "node/12753307101"
    },
    {
      "type": "Feature",
      "properties": {
        "@id": "node/12754258616",
        "amenity": "drinking_water"
      },
      "geometry": {
        "type": "Point",
        "coordinates": [
          73.2219313,
          27.526761
        ]
      },
      "id": "node/12754258616"
    },
    {
      "type": "Feature",
      "properties": {
        "@id": "node/12758750233",
        "amenity": "drinking_water"
      },
      "geometry": {
        "type": "Point",
        "coordinates": [
          77.1653843,
          32.0973777
        ]
      },
      "id": "node/12758750233"
    },
    {
      "type": "Feature",
      "properties": {
        "@id": "node/12771984605",
        "access": "yes",
        "amenity": "drinking_water",
        "bottle": "yes",
        "dog": "no",
        "fountain": "drinking",
        "historic": "no",
        "level": "0"
      },
      "geometry": {
        "type": "Point",
        "coordinates": [
          77.1262749,
          28.6569992
        ]
      },
      "id": "node/12771984605"
    },
    {
      "type": "Feature",
      "properties": {
        "@id": "node/12779104960",
        "access": "yes",
        "amenity": "drinking_water",
        "bottle": "yes",
        "dog": "no",
        "fountain": "bottle_refill",
        "historic": "no",
        "level": "0"
      },
      "geometry": {
        "type": "Point",
        "coordinates": [
          77.2055954,
          28.6004756
        ]
      },
      "id": "node/12779104960"
    },
    {
      "type": "Feature",
      "properties": {
        "@id": "node/12783793901",
        "amenity": "drinking_water"
      },
      "geometry": {
        "type": "Point",
        "coordinates": [
          88.3563297,
          22.5495676
        ]
      },
      "id": "node/12783793901"
    },
    {
      "type": "Feature",
      "properties": {
        "@id": "node/12788053432",
        "access": "yes",
        "amenity": "drinking_water",
        "bottle": "yes",
        "dog": "no",
        "fountain": "bottle_refill",
        "historic": "no",
        "level": "0"
      },
      "geometry": {
        "type": "Point",
        "coordinates": [
          77.2129361,
          28.5862389
        ]
      },
      "id": "node/12788053432"
    },
    {
      "type": "Feature",
      "properties": {
        "@id": "node/12797583368",
        "access": "yes",
        "amenity": "drinking_water",
        "bottle": "yes",
        "fee": "no",
        "operator": "Deen Dayal Upadhyay Gorakhpur University",
        "wheelchair": "yes"
      },
      "geometry": {
        "type": "Point",
        "coordinates": [
          83.3826828,
          26.7505473
        ]
      },
      "id": "node/12797583368"
    },
    {
      "type": "Feature",
      "properties": {
        "@id": "node/12800053259",
        "amenity": "drinking_water",
        "fountain": "bottle_refill"
      },
      "geometry": {
        "type": "Point",
        "coordinates": [
          77.2409022,
          28.5531201
        ]
      },
      "id": "node/12800053259"
    },
    {
      "type": "Feature",
      "properties": {
        "@id": "node/12800198003",
        "access": "yes",
        "amenity": "drinking_water",
        "fountain": "bottle_refill",
        "level": "0"
      },
      "geometry": {
        "type": "Point",
        "coordinates": [
          77.2316168,
          28.5516663
        ]
      },
      "id": "node/12800198003"
    },
    {
      "type": "Feature",
      "properties": {
        "@id": "node/12823360946",
        "access": "yes",
        "amenity": "drinking_water",
        "bottle": "yes",
        "dog": "no",
        "fountain": "nozzle",
        "historic": "no",
        "level": "0"
      },
      "geometry": {
        "type": "Point",
        "coordinates": [
          77.2021326,
          28.5286268
        ]
      },
      "id": "node/12823360946"
    },
    {
      "type": "Feature",
      "properties": {
        "@id": "node/12823360952",
        "access": "yes",
        "amenity": "drinking_water",
        "bottle": "yes",
        "dog": "no",
        "fountain": "nozzle",
        "historic": "no",
        "level": "0"
      },
      "geometry": {
        "type": "Point",
        "coordinates": [
          77.202146,
          28.5286207
        ]
      },
      "id": "node/12823360952"
    },
    {
      "type": "Feature",
      "properties": {
        "@id": "node/12823360997",
        "access": "yes",
        "amenity": "drinking_water",
        "bottle": "yes",
        "dog": "no",
        "fountain": "nozzle",
        "historic": "no",
        "level": "0"
      },
      "geometry": {
        "type": "Point",
        "coordinates": [
          77.2021052,
          28.5286394
        ]
      },
      "id": "node/12823360997"
    },
    {
      "type": "Feature",
      "properties": {
        "@id": "node/12823360999",
        "access": "yes",
        "amenity": "drinking_water",
        "bottle": "yes",
        "dog": "no",
        "fountain": "nozzle",
        "historic": "no",
        "level": "0"
      },
      "geometry": {
        "type": "Point",
        "coordinates": [
          77.2021183,
          28.5286334
        ]
      },
      "id": "node/12823360999"
    },
    {
      "type": "Feature",
      "properties": {
        "@id": "node/12823361006",
        "access": "yes",
        "amenity": "drinking_water",
        "bottle": "yes",
        "dog": "no",
        "fountain": "nozzle",
        "historic": "no",
        "level": "0"
      },
      "geometry": {
        "type": "Point",
        "coordinates": [
          77.2020905,
          28.5286461
        ]
      },
      "id": "node/12823361006"
    },
    {
      "type": "Feature",
      "properties": {
        "@id": "node/12828714839",
        "access": "yes",
        "addr:city": "Madhyapur thimi",
        "addr:place": "Tanani ward no-5",
        "amenity": "drinking_water",
        "drinking_water": "yes",
        "fee": "no",
        "man_made": "water_tap"
      },
      "geometry": {
        "type": "Point",
        "coordinates": [
          85.3865244,
          27.6792831
        ]
      },
      "id": "node/12828714839"
    },
    {
      "type": "Feature",
      "properties": {
        "@id": "node/12835636017",
        "access": "private",
        "amenity": "drinking_water",
        "bottle": "yes",
        "dog": "no",
        "fountain": "nozzle",
        "historic": "no",
        "indoor": "yes",
        "level": "0"
      },
      "geometry": {
        "type": "Point",
        "coordinates": [
          77.2637762,
          28.5392614
        ]
      },
      "id": "node/12835636017"
    },
    {
      "type": "Feature",
      "properties": {
        "@id": "node/12835662550",
        "access": "private",
        "amenity": "drinking_water",
        "bottle": "yes",
        "dog": "no",
        "fountain": "nozzle",
        "historic": "no",
        "indoor": "yes",
        "level": "0"
      },
      "geometry": {
        "type": "Point",
        "coordinates": [
          77.2640656,
          28.538849
        ]
      },
      "id": "node/12835662550"
    },
    {
      "type": "Feature",
      "properties": {
        "@id": "node/12839661856",
        "access": "yes",
        "amenity": "drinking_water",
        "bottle": "yes",
        "dog": "no",
        "fountain": "drinking",
        "historic": "no",
        "level": "0"
      },
      "geometry": {
        "type": "Point",
        "coordinates": [
          77.2027988,
          28.637797
        ]
      },
      "id": "node/12839661856"
    },
    {
      "type": "Feature",
      "properties": {
        "@id": "node/12839662481",
        "access": "yes",
        "amenity": "drinking_water",
        "bottle": "yes",
        "dog": "no",
        "fountain": "drinking",
        "historic": "no",
        "level": "0"
      },
      "geometry": {
        "type": "Point",
        "coordinates": [
          77.2025787,
          28.6372909
        ]
      },
      "id": "node/12839662481"
    },
    {
      "type": "Feature",
      "properties": {
        "@id": "node/12839953866",
        "amenity": "drinking_water"
      },
      "geometry": {
        "type": "Point",
        "coordinates": [
          84.4018811,
          28.3146412
        ]
      },
      "id": "node/12839953866"
    },
    {
      "type": "Feature",
      "properties": {
        "@id": "node/12845183446",
        "access": "yes",
        "amenity": "drinking_water",
        "bottle": "yes",
        "level": "0"
      },
      "geometry": {
        "type": "Point",
        "coordinates": [
          80.349528,
          26.4571545
        ]
      },
      "id": "node/12845183446"
    },
    {
      "type": "Feature",
      "properties": {
        "@id": "node/12853474183",
        "access": "yes",
        "amenity": "drinking_water",
        "fee": "no",
        "operator": "Nature",
        "wheelchair": "no"
      },
      "geometry": {
        "type": "Point",
        "coordinates": [
          76.7165398,
          32.315369
        ]
      },
      "id": "node/12853474183"
    },
    {
      "type": "Feature",
      "properties": {
        "@id": "node/12864117542",
        "access": "yes",
        "amenity": "drinking_water",
        "bottle": "yes",
        "dog": "no",
        "fountain": "bottle_refill",
        "historic": "no",
        "level": "0"
      },
      "geometry": {
        "type": "Point",
        "coordinates": [
          77.3032836,
          28.6772481
        ]
      },
      "id": "node/12864117542"
    },
    {
      "type": "Feature",
      "properties": {
        "@id": "node/12864923105",
        "access": "yes",
        "amenity": "drinking_water",
        "bottle": "yes",
        "dog": "no",
        "fountain": "bottle_refill",
        "historic": "no",
        "level": "0"
      },
      "geometry": {
        "type": "Point",
        "coordinates": [
          77.3059967,
          28.6801006
        ]
      },
      "id": "node/12864923105"
    },
    {
      "type": "Feature",
      "properties": {
        "@id": "node/12865040051",
        "access": "yes",
        "amenity": "drinking_water",
        "bottle": "yes",
        "dog": "no",
        "fountain": "bottle_refill",
        "historic": "no",
        "level": "0"
      },
      "geometry": {
        "type": "Point",
        "coordinates": [
          77.3032144,
          28.6787256
        ]
      },
      "id": "node/12865040051"
    },
    {
      "type": "Feature",
      "properties": {
        "@id": "node/12865040078",
        "access": "yes",
        "amenity": "drinking_water",
        "fountain": "bottle_refill",
        "level": "0"
      },
      "geometry": {
        "type": "Point",
        "coordinates": [
          77.3034439,
          28.6797142
        ]
      },
      "id": "node/12865040078"
    },
    {
      "type": "Feature",
      "properties": {
        "@id": "node/12896127004",
        "amenity": "drinking_water",
        "name": "Drinking water"
      },
      "geometry": {
        "type": "Point",
        "coordinates": [
          77.3648937,
          31.7297708
        ]
      },
      "id": "node/12896127004"
    },
    {
      "type": "Feature",
      "properties": {
        "@id": "node/12912079349",
        "amenity": "drinking_water",
        "fountain": "bottle_refill"
      },
      "geometry": {
        "type": "Point",
        "coordinates": [
          77.1339582,
          28.5966632
        ]
      },
      "id": "node/12912079349"
    },
    {
      "type": "Feature",
      "properties": {
        "@id": "node/12912238052",
        "amenity": "drinking_water",
        "fountain": "bottle_refill"
      },
      "geometry": {
        "type": "Point",
        "coordinates": [
          77.1330758,
          28.5966628
        ]
      },
      "id": "node/12912238052"
    },
    {
      "type": "Feature",
      "properties": {
        "@id": "node/12917408669",
        "amenity": "drinking_water"
      },
      "geometry": {
        "type": "Point",
        "coordinates": [
          87.8566024,
          23.2442669
        ]
      },
      "id": "node/12917408669"
    },
    {
      "type": "Feature",
      "properties": {
        "@id": "node/12917488089",
        "amenity": "drinking_water",
        "bottle": "yes",
        "contact:email": "rail@helloboon.com",
        "contact:mobile": "+91-74119-44645",
        "level": "0",
        "name": "Boon Water ATM",
        "note": "Refill charges ₹2 for 300ml, ₹3 for 500ml, ₹5 for 1L, ₹8 for 2L, ₹20 for 5L. With container ₹3 for 300ml, ₹5 for 500ml, ₹8 for 1L, ₹12 for 2L, ₹25 for 5L.",
        "shop": "water"
      },
      "geometry": {
        "type": "Point",
        "coordinates": [
          77.2540113,
          28.5876826
        ]
      },
      "id": "node/12917488089"
    },
    {
      "type": "Feature",
      "properties": {
        "@id": "node/12959295899",
        "amenity": "drinking_water",
        "fee": "no",
        "wheelchair": "no"
      },
      "geometry": {
        "type": "Point",
        "coordinates": [
          76.7488974,
          32.3041287
        ]
      },
      "id": "node/12959295899"
    },
    {
      "type": "Feature",
      "properties": {
        "@id": "node/12964014891",
        "access": "yes",
        "amenity": "drinking_water",
        "fee": "no",
        "man_made": "water_tap"
      },
      "geometry": {
        "type": "Point",
        "coordinates": [
          72.9796496,
          26.2665124
        ]
      },
      "id": "node/12964014891"
    },
    {
      "type": "Feature",
      "properties": {
        "@id": "node/12965730705",
        "amenity": "drinking_water"
      },
      "geometry": {
        "type": "Point",
        "coordinates": [
          77.1876181,
          28.5790843
        ]
      },
      "id": "node/12965730705"
    },
    {
      "type": "Feature",
      "properties": {
        "@id": "node/12965773915",
        "amenity": "drinking_water"
      },
      "geometry": {
        "type": "Point",
        "coordinates": [
          77.1862041,
          28.5789568
        ]
      },
      "id": "node/12965773915"
    },
    {
      "type": "Feature",
      "properties": {
        "@id": "node/12991954993",
        "access": "customers",
        "amenity": "drinking_water",
        "fee": "no",
        "wheelchair": "yes"
      },
      "geometry": {
        "type": "Point",
        "coordinates": [
          83.4714403,
          27.6944456
        ]
      },
      "id": "node/12991954993"
    },
    {
      "type": "Feature",
      "properties": {
        "@id": "node/12992607266",
        "amenity": "drinking_water"
      },
      "geometry": {
        "type": "Point",
        "coordinates": [
          77.1293407,
          28.710838
        ]
      },
      "id": "node/12992607266"
    },
    {
      "type": "Feature",
      "properties": {
        "@id": "node/12992607269",
        "amenity": "drinking_water"
      },
      "geometry": {
        "type": "Point",
        "coordinates": [
          77.1280721,
          28.7114788
        ]
      },
      "id": "node/12992607269"
    },
    {
      "type": "Feature",
      "properties": {
        "@id": "node/13011848917",
        "access": "yes",
        "amenity": "drinking_water",
        "fountain": "bottle_refill"
      },
      "geometry": {
        "type": "Point",
        "coordinates": [
          85.9060629,
          26.1524281
        ]
      },
      "id": "node/13011848917"
    },
    {
      "type": "Feature",
      "properties": {
        "@id": "node/13013134670",
        "access": "yes",
        "amenity": "drinking_water",
        "bottle": "yes",
        "covered": "yes",
        "fee": "no",
        "lit": "no",
        "wheelchair": "limited"
      },
      "geometry": {
        "type": "Point",
        "coordinates": [
          77.0185377,
          28.5949301
        ]
      },
      "id": "node/13013134670"
    },
    {
      "type": "Feature",
      "properties": {
        "@id": "node/13020173670",
        "amenity": "drinking_water"
      },
      "geometry": {
        "type": "Point",
        "coordinates": [
          84.8449917,
          27.4986183
        ]
      },
      "id": "node/13020173670"
    },
    {
      "type": "Feature",
      "properties": {
        "@id": "node/13026777669",
        "access": "yes",
        "amenity": "drinking_water",
        "fee": "no",
        "man_made": "water_tap",
        "wheelchair": "yes"
      },
      "geometry": {
        "type": "Point",
        "coordinates": [
          88.7232066,
          26.5223258
        ]
      },
      "id": "node/13026777669"
    },
    {
      "type": "Feature",
      "properties": {
        "@id": "node/13028415914",
        "amenity": "drinking_water",
        "fountain": "bottle_refill"
      },
      "geometry": {
        "type": "Point",
        "coordinates": [
          77.3246284,
          28.5686283
        ]
      },
      "id": "node/13028415914"
    },
    {
      "type": "Feature",
      "properties": {
        "@id": "node/13051776430",
        "amenity": "drinking_water",
        "indoor": "yes",
        "ref": "15",
        "wheelchair": "no"
      },
      "geometry": {
        "type": "Point",
        "coordinates": [
          79.0198683,
          26.788072
        ]
      },
      "id": "node/13051776430"
    },
    {
      "type": "Feature",
      "properties": {
        "@id": "node/13051776435",
        "amenity": "drinking_water",
        "indoor": "yes",
        "ref": "16",
        "wheelchair": "no"
      },
      "geometry": {
        "type": "Point",
        "coordinates": [
          79.019858,
          26.7880786
        ]
      },
      "id": "node/13051776435"
    },
    {
      "type": "Feature",
      "properties": {
        "@id": "node/13094778274",
        "amenity": "drinking_water"
      },
      "geometry": {
        "type": "Point",
        "coordinates": [
          77.256329,
          28.5411258
        ]
      },
      "id": "node/13094778274"
    },
    {
      "type": "Feature",
      "properties": {
        "@id": "node/13110441787",
        "amenity": "drinking_water"
      },
      "geometry": {
        "type": "Point",
        "coordinates": [
          77.2575832,
          28.5490756
        ]
      },
      "id": "node/13110441787"
    },
    {
      "type": "Feature",
      "properties": {
        "@id": "node/13131276367",
        "access": "yes",
        "amenity": "drinking_water",
        "operator": "TAU DEVILAL",
        "payment:free": "yes",
        "wheelchair": "no"
      },
      "geometry": {
        "type": "Point",
        "coordinates": [
          76.9157746,
          28.6987623
        ]
      },
      "id": "node/13131276367"
    },
    {
      "type": "Feature",
      "properties": {
        "@id": "node/13138205397",
        "access": "yes",
        "amenity": "drinking_water",
        "fee": "no",
        "wheelchair": "yes"
      },
      "geometry": {
        "type": "Point",
        "coordinates": [
          88.4454984,
          26.6829284
        ]
      },
      "id": "node/13138205397"
    },
    {
      "type": "Feature",
      "properties": {
        "@id": "node/13138217404",
        "access": "yes",
        "amenity": "drinking_water",
        "fee": "no",
        "wheelchair": "yes"
      },
      "geometry": {
        "type": "Point",
        "coordinates": [
          88.4458441,
          26.6829638
        ]
      },
      "id": "node/13138217404"
    },
    {
      "type": "Feature",
      "properties": {
        "@id": "node/13138217407",
        "access": "yes",
        "amenity": "drinking_water",
        "fee": "yes",
        "wheelchair": "yes"
      },
      "geometry": {
        "type": "Point",
        "coordinates": [
          88.4455279,
          26.6829356
        ]
      },
      "id": "node/13138217407"
    },
    {
      "type": "Feature",
      "properties": {
        "@id": "node/13138217417",
        "access": "yes",
        "amenity": "drinking_water",
        "fee": "no",
        "wheelchair": "yes"
      },
      "geometry": {
        "type": "Point",
        "coordinates": [
          88.4447283,
          26.6828452
        ]
      },
      "id": "node/13138217417"
    },
    {
      "type": "Feature",
      "properties": {
        "@id": "node/13138217418",
        "access": "yes",
        "amenity": "drinking_water",
        "fee": "yes",
        "wheelchair": "yes"
      },
      "geometry": {
        "type": "Point",
        "coordinates": [
          88.4436946,
          26.682727
        ]
      },
      "id": "node/13138217418"
    },
    {
      "type": "Feature",
      "properties": {
        "@id": "node/13145015702",
        "amenity": "drinking_water"
      },
      "geometry": {
        "type": "Point",
        "coordinates": [
          85.0036805,
          24.7700149
        ]
      },
      "id": "node/13145015702"
    },
    {
      "type": "Feature",
      "properties": {
        "@id": "node/13200339680",
        "amenity": "drinking_water",
        "fountain": "drinking"
      },
      "geometry": {
        "type": "Point",
        "coordinates": [
          88.4169576,
          26.6493106
        ]
      },
      "id": "node/13200339680"
    },
    {
      "type": "Feature",
      "properties": {
        "@id": "node/13200339681",
        "amenity": "drinking_water",
        "fountain": "drinking"
      },
      "geometry": {
        "type": "Point",
        "coordinates": [
          88.4137691,
          26.6489654
        ]
      },
      "id": "node/13200339681"
    },
    {
      "type": "Feature",
      "properties": {
        "@id": "node/13200339682",
        "amenity": "drinking_water",
        "fountain": "drinking"
      },
      "geometry": {
        "type": "Point",
        "coordinates": [
          88.4106745,
          26.6496283
        ]
      },
      "id": "node/13200339682"
    },
    {
      "type": "Feature",
      "properties": {
        "@id": "node/13200339683",
        "amenity": "drinking_water",
        "fountain": "drinking"
      },
      "geometry": {
        "type": "Point",
        "coordinates": [
          88.4092033,
          26.6499818
        ]
      },
      "id": "node/13200339683"
    },
    {
      "type": "Feature",
      "properties": {
        "@id": "node/13200339684",
        "amenity": "drinking_water",
        "fountain": "drinking"
      },
      "geometry": {
        "type": "Point",
        "coordinates": [
          88.4073767,
          26.6504337
        ]
      },
      "id": "node/13200339684"
    },
    {
      "type": "Feature",
      "properties": {
        "@id": "node/13206270313",
        "amenity": "drinking_water",
        "fountain": "drinking"
      },
      "geometry": {
        "type": "Point",
        "coordinates": [
          88.3690976,
          26.655128
        ]
      },
      "id": "node/13206270313"
    },
    {
      "type": "Feature",
      "properties": {
        "@id": "node/13235999801",
        "amenity": "drinking_water"
      },
      "geometry": {
        "type": "Point",
        "coordinates": [
          84.7578671,
          28.2026416
        ]
      },
      "id": "node/13235999801"
    },
    {
      "type": "Feature",
      "properties": {
        "@id": "node/13236000003",
        "amenity": "drinking_water"
      },
      "geometry": {
        "type": "Point",
        "coordinates": [
          84.8595045,
          28.2386323
        ]
      },
      "id": "node/13236000003"
    },
    {
      "type": "Feature",
      "properties": {
        "@id": "node/13236000203",
        "amenity": "drinking_water"
      },
      "geometry": {
        "type": "Point",
        "coordinates": [
          84.9456752,
          28.463775
        ]
      },
      "id": "node/13236000203"
    },
    {
      "type": "Feature",
      "properties": {
        "@id": "node/13236000801",
        "amenity": "drinking_water"
      },
      "geometry": {
        "type": "Point",
        "coordinates": [
          85.0125135,
          28.4782655
        ]
      },
      "id": "node/13236000801"
    },
    {
      "type": "Feature",
      "properties": {
        "@id": "node/13238500901",
        "amenity": "drinking_water"
      },
      "geometry": {
        "type": "Point",
        "coordinates": [
          85.0953211,
          28.5294556
        ]
      },
      "id": "node/13238500901"
    },
    {
      "type": "Feature",
      "properties": {
        "@id": "node/13238505901",
        "amenity": "drinking_water"
      },
      "geometry": {
        "type": "Point",
        "coordinates": [
          85.0747584,
          28.5056904
        ]
      },
      "id": "node/13238505901"
    },
    {
      "type": "Feature",
      "properties": {
        "@id": "node/13240442601",
        "access": "permissive",
        "amenity": "drinking_water",
        "fee": "no",
        "wheelchair": "yes"
      },
      "geometry": {
        "type": "Point",
        "coordinates": [
          77.0925288,
          28.5004995
        ]
      },
      "id": "node/13240442601"
    },
    {
      "type": "Feature",
      "properties": {
        "@id": "node/13256737903",
        "amenity": "drinking_water"
      },
      "geometry": {
        "type": "Point",
        "coordinates": [
          73.1806686,
          22.308826
        ]
      },
      "id": "node/13256737903"
    },
    {
      "type": "Feature",
      "properties": {
        "@id": "node/13266295203",
        "amenity": "drinking_water"
      },
      "geometry": {
        "type": "Point",
        "coordinates": [
          84.486237,
          28.6617253
        ]
      },
      "id": "node/13266295203"
    },
    {
      "type": "Feature",
      "properties": {
        "@id": "node/13266295303",
        "amenity": "drinking_water"
      },
      "geometry": {
        "type": "Point",
        "coordinates": [
          84.487266,
          28.662079
        ]
      },
      "id": "node/13266295303"
    },
    {
      "type": "Feature",
      "properties": {
        "@id": "node/13270014097",
        "addr:floor": "G",
        "amenity": "drinking_water",
        "bottle": "yes",
        "fee": "yes",
        "indoor": "yes",
        "level": "0",
        "name": "Apex Industries"
      },
      "geometry": {
        "type": "Point",
        "coordinates": [
          88.4360775,
          26.6940906
        ]
      },
      "id": "node/13270014097"
    },
    {
      "type": "Feature",
      "properties": {
        "@id": "node/13270079836",
        "access": "customers",
        "amenity": "drinking_water",
        "fee": "yes",
        "operator": "Softech Water Treatment",
        "payment:cash": "yes",
        "payment:upi": "yes"
      },
      "geometry": {
        "type": "Point",
        "coordinates": [
          88.4280387,
          26.7225226
        ]
      },
      "id": "node/13270079836"
    },
    {
      "type": "Feature",
      "properties": {
        "@id": "node/13286799455",
        "amenity": "drinking_water",
        "man_made": "water_well",
        "pump": "manual"
      },
      "geometry": {
        "type": "Point",
        "coordinates": [
          74.9358467,
          30.213203
        ]
      },
      "id": "node/13286799455"
    },
    {
      "type": "Feature",
      "properties": {
        "@id": "node/13290125053",
        "access": "yes",
        "amenity": "drinking_water",
        "bottle": "yes",
        "level": "0"
      },
      "geometry": {
        "type": "Point",
        "coordinates": [
          88.3515217,
          22.5538548
        ]
      },
      "id": "node/13290125053"
    },
    {
      "type": "Feature",
      "properties": {
        "@id": "node/13290285008",
        "amenity": "drinking_water",
        "bottle": "yes",
        "level": "0"
      },
      "geometry": {
        "type": "Point",
        "coordinates": [
          88.390588,
          22.5639351
        ]
      },
      "id": "node/13290285008"
    },
    {
      "type": "Feature",
      "properties": {
        "@id": "node/13290325025",
        "amenity": "drinking_water"
      },
      "geometry": {
        "type": "Point",
        "coordinates": [
          77.1441757,
          30.7614222
        ]
      },
      "id": "node/13290325025"
    },
    {
      "type": "Feature",
      "properties": {
        "@id": "node/13291177180",
        "amenity": "drinking_water",
        "bottle": "yes",
        "indoor": "yes",
        "wheelchair": "no"
      },
      "geometry": {
        "type": "Point",
        "coordinates": [
          88.3711813,
          22.5674501
        ]
      },
      "id": "node/13291177180"
    },
    {
      "type": "Feature",
      "properties": {
        "@id": "node/13291177190",
        "amenity": "drinking_water",
        "indoor": "yes"
      },
      "geometry": {
        "type": "Point",
        "coordinates": [
          88.3715377,
          22.5673507
        ]
      },
      "id": "node/13291177190"
    },
    {
      "type": "Feature",
      "properties": {
        "@id": "node/13291207175",
        "access": "yes",
        "amenity": "drinking_water",
        "bottle": "yes",
        "indoor": "yes",
        "level": "-1"
      },
      "geometry": {
        "type": "Point",
        "coordinates": [
          88.3507017,
          22.5619195
        ]
      },
      "id": "node/13291207175"
    },
    {
      "type": "Feature",
      "properties": {
        "@id": "node/13299018082",
        "amenity": "drinking_water",
        "bottle": "yes",
        "level": "0"
      },
      "geometry": {
        "type": "Point",
        "coordinates": [
          88.4419695,
          26.682537
        ]
      },
      "id": "node/13299018082"
    },
    {
      "type": "Feature",
      "properties": {
        "@id": "node/13299018083",
        "amenity": "drinking_water",
        "bottle": "yes",
        "level": "0"
      },
      "geometry": {
        "type": "Point",
        "coordinates": [
          88.4419562,
          26.6825357
        ]
      },
      "id": "node/13299018083"
    },
    {
      "type": "Feature",
      "properties": {
        "@id": "node/13299018089",
        "amenity": "drinking_water",
        "bottle": "yes",
        "level": "0"
      },
      "geometry": {
        "type": "Point",
        "coordinates": [
          88.441979,
          26.6825296
        ]
      },
      "id": "node/13299018089"
    },
    {
      "type": "Feature",
      "properties": {
        "@id": "node/13299018092",
        "amenity": "drinking_water",
        "bottle": "yes",
        "level": "0"
      },
      "geometry": {
        "type": "Point",
        "coordinates": [
          88.4419627,
          26.6825364
        ]
      },
      "id": "node/13299018092"
    },
    {
      "type": "Feature",
      "properties": {
        "@id": "node/13299018093",
        "amenity": "drinking_water",
        "bottle": "yes",
        "level": "0"
      },
      "geometry": {
        "type": "Point",
        "coordinates": [
          88.4419772,
          26.6825376
        ]
      },
      "id": "node/13299018093"
    },
    {
      "type": "Feature",
      "properties": {
        "@id": "node/13299018096",
        "amenity": "drinking_water",
        "bottle": "yes",
        "level": "0"
      },
      "geometry": {
        "type": "Point",
        "coordinates": [
          88.4419586,
          26.6825274
        ]
      },
      "id": "node/13299018096"
    },
    {
      "type": "Feature",
      "properties": {
        "@id": "node/13299018099",
        "amenity": "drinking_water",
        "bottle": "yes",
        "level": "0"
      },
      "geometry": {
        "type": "Point",
        "coordinates": [
          88.441972,
          26.6825291
        ]
      },
      "id": "node/13299018099"
    },
    {
      "type": "Feature",
      "properties": {
        "@id": "node/13299042601",
        "amenity": "drinking_water",
        "bottle": "yes",
        "level": "0"
      },
      "geometry": {
        "type": "Point",
        "coordinates": [
          88.4419648,
          26.6825279
        ]
      },
      "id": "node/13299042601"
    },
    {
      "type": "Feature",
      "properties": {
        "@id": "node/13300823573",
        "amenity": "drinking_water",
        "bottle": "yes",
        "level": "0"
      },
      "geometry": {
        "type": "Point",
        "coordinates": [
          84.7227407,
          25.7877538
        ]
      },
      "id": "node/13300823573"
    },
    {
      "type": "Feature",
      "properties": {
        "@id": "node/13300851102",
        "amenity": "drinking_water",
        "bottle": "yes",
        "level": "0"
      },
      "geometry": {
        "type": "Point",
        "coordinates": [
          84.7229895,
          25.787462
        ]
      },
      "id": "node/13300851102"
    },
    {
      "type": "Feature",
      "properties": {
        "@id": "node/13301185293",
        "amenity": "drinking_water",
        "drinking_water": "yes",
        "man_made": "water_tap"
      },
      "geometry": {
        "type": "Point",
        "coordinates": [
          77.0989879,
          28.4492173
        ]
      },
      "id": "node/13301185293"
    },
    {
      "type": "Feature",
      "properties": {
        "@id": "node/13302212198",
        "amenity": "drinking_water",
        "bottle": "yes",
        "level": "0"
      },
      "geometry": {
        "type": "Point",
        "coordinates": [
          84.3560156,
          26.2114018
        ]
      },
      "id": "node/13302212198"
    },
    {
      "type": "Feature",
      "properties": {
        "@id": "node/13305737981",
        "amenity": "drinking_water",
        "bottle": "yes",
        "level": "0"
      },
      "geometry": {
        "type": "Point",
        "coordinates": [
          77.3132897,
          28.6481079
        ]
      },
      "id": "node/13305737981"
    },
    {
      "type": "Feature",
      "properties": {
        "@id": "node/13305756806",
        "access": "yes",
        "amenity": "drinking_water",
        "bottle": "yes",
        "indoor": "yes",
        "level": "0",
        "ref": "3",
        "wheelchair": "limited"
      },
      "geometry": {
        "type": "Point",
        "coordinates": [
          77.3137892,
          28.648519
        ]
      },
      "id": "node/13305756806"
    },
    {
      "type": "Feature",
      "properties": {
        "@id": "node/13305756807",
        "access": "yes",
        "amenity": "drinking_water",
        "bottle": "yes",
        "indoor": "yes",
        "level": "0",
        "ref": "3",
        "wheelchair": "no"
      },
      "geometry": {
        "type": "Point",
        "coordinates": [
          77.3137793,
          28.648504
        ]
      },
      "id": "node/13305756807"
    },
    {
      "type": "Feature",
      "properties": {
        "@id": "node/13305756810",
        "access": "yes",
        "amenity": "drinking_water",
        "bottle": "yes",
        "indoor": "yes",
        "level": "0",
        "ref": "3",
        "wheelchair": "no"
      },
      "geometry": {
        "type": "Point",
        "coordinates": [
          77.3137884,
          28.6484966
        ]
      },
      "id": "node/13305756810"
    },
    {
      "type": "Feature",
      "properties": {
        "@id": "node/13305756811",
        "amenity": "drinking_water",
        "bottle": "yes",
        "level": "0"
      },
      "geometry": {
        "type": "Point",
        "coordinates": [
          77.3136208,
          28.6483794
        ]
      },
      "id": "node/13305756811"
    },
    {
      "type": "Feature",
      "properties": {
        "@id": "node/13305756829",
        "access": "yes",
        "amenity": "drinking_water",
        "bottle": "yes",
        "indoor": "yes",
        "level": "0",
        "ref": "3",
        "wheelchair": "no"
      },
      "geometry": {
        "type": "Point",
        "coordinates": [
          77.3137811,
          28.6485128
        ]
      },
      "id": "node/13305756829"
    },
    {
      "type": "Feature",
      "properties": {
        "@id": "node/13305759446",
        "amenity": "drinking_water",
        "bottle": "yes",
        "indoor": "yes",
        "level": "0"
      },
      "geometry": {
        "type": "Point",
        "coordinates": [
          77.4280942,
          28.652884
        ]
      },
      "id": "node/13305759446"
    },
    {
      "type": "Feature",
      "properties": {
        "@id": "node/13305759480",
        "amenity": "drinking_water",
        "bottle": "yes",
        "level": "0"
      },
      "geometry": {
        "type": "Point",
        "coordinates": [
          77.4294931,
          28.6523196
        ]
      },
      "id": "node/13305759480"
    },
    {
      "type": "Feature",
      "properties": {
        "@id": "node/13305759487",
        "amenity": "drinking_water",
        "bottle": "yes",
        "level": "0"
      },
      "geometry": {
        "type": "Point",
        "coordinates": [
          77.4287029,
          28.6529649
        ]
      },
      "id": "node/13305759487"
    },
    {
      "type": "Feature",
      "properties": {
        "@id": "node/13323325543",
        "amenity": "drinking_water"
      },
      "geometry": {
        "type": "Point",
        "coordinates": [
          83.0055415,
          25.2892279
        ]
      },
      "id": "node/13323325543"
    },
    {
      "type": "Feature",
      "properties": {
        "@id": "node/13333566374",
        "amenity": "drinking_water"
      },
      "geometry": {
        "type": "Point",
        "coordinates": [
          88.3910669,
          23.4254371
        ]
      },
      "id": "node/13333566374"
    },
    {
      "type": "Feature",
      "properties": {
        "@id": "node/13333566375",
        "amenity": "drinking_water"
      },
      "geometry": {
        "type": "Point",
        "coordinates": [
          88.390732,
          23.4253146
        ]
      },
      "id": "node/13333566375"
    },
    {
      "type": "Feature",
      "properties": {
        "@id": "node/13333566387",
        "amenity": "drinking_water"
      },
      "geometry": {
        "type": "Point",
        "coordinates": [
          88.3906645,
          23.4237237
        ]
      },
      "id": "node/13333566387"
    },
    {
      "type": "Feature",
      "properties": {
        "@id": "node/13339809801",
        "amenity": "drinking_water"
      },
      "geometry": {
        "type": "Point",
        "coordinates": [
          83.0316487,
          25.323972
        ]
      },
      "id": "node/13339809801"
    },
    {
      "type": "Feature",
      "properties": {
        "@id": "node/13380902088",
        "access": "yes",
        "amenity": "drinking_water",
        "wheelchair": "no"
      },
      "geometry": {
        "type": "Point",
        "coordinates": [
          85.5353806,
          24.4259105
        ]
      },
      "id": "node/13380902088"
    },
    {
      "type": "Feature",
      "properties": {
        "@id": "node/13395246419",
        "amenity": "drinking_water",
        "man_made": "water_tap",
        "ref": "20"
      },
      "geometry": {
        "type": "Point",
        "coordinates": [
          77.6735803,
          27.4840108
        ]
      },
      "id": "node/13395246419"
    },
    {
      "type": "Feature",
      "properties": {
        "@id": "node/13395246426",
        "amenity": "drinking_water",
        "man_made": "water_tap",
        "ref": "13"
      },
      "geometry": {
        "type": "Point",
        "coordinates": [
          77.6737722,
          27.4848854
        ]
      },
      "id": "node/13395246426"
    },
    {
      "type": "Feature",
      "properties": {
        "@id": "node/13395246431",
        "amenity": "drinking_water",
        "man_made": "water_tap",
        "ref": "24"
      },
      "geometry": {
        "type": "Point",
        "coordinates": [
          77.6734526,
          27.483437
        ]
      },
      "id": "node/13395246431"
    },
    {
      "type": "Feature",
      "properties": {
        "@id": "node/13397135899",
        "amenity": "drinking_water"
      },
      "geometry": {
        "type": "Point",
        "coordinates": [
          77.2537468,
          28.5880124
        ]
      },
      "id": "node/13397135899"
    },
    {
      "type": "Feature",
      "properties": {
        "@id": "node/13397654502",
        "amenity": "drinking_water"
      },
      "geometry": {
        "type": "Point",
        "coordinates": [
          77.3135934,
          28.6596764
        ]
      },
      "id": "node/13397654502"
    },
    {
      "type": "Feature",
      "properties": {
        "@id": "node/13399278902",
        "access": "yes",
        "amenity": "drinking_water",
        "bottle": "yes",
        "covered": "no",
        "fee": "yes",
        "level": "0",
        "lit": "no",
        "wheelchair": "yes"
      },
      "geometry": {
        "type": "Point",
        "coordinates": [
          79.5551712,
          26.6320769
        ]
      },
      "id": "node/13399278902"
    },
    {
      "type": "Feature",
      "properties": {
        "@id": "node/13404039397",
        "amenity": "drinking_water"
      },
      "geometry": {
        "type": "Point",
        "coordinates": [
          77.7778807,
          28.7392501
        ]
      },
      "id": "node/13404039397"
    },
    {
      "type": "Feature",
      "properties": {
        "@id": "node/13404040271",
        "amenity": "drinking_water"
      },
      "geometry": {
        "type": "Point",
        "coordinates": [
          80.9249819,
          26.8607706
        ]
      },
      "id": "node/13404040271"
    },
    {
      "type": "Feature",
      "properties": {
        "@id": "node/13404062505",
        "amenity": "drinking_water"
      },
      "geometry": {
        "type": "Point",
        "coordinates": [
          80.9276463,
          26.8603372
        ]
      },
      "id": "node/13404062505"
    },
    {
      "type": "Feature",
      "properties": {
        "@id": "node/13410744404",
        "amenity": "drinking_water"
      },
      "geometry": {
        "type": "Point",
        "coordinates": [
          77.1539261,
          28.6919015
        ]
      },
      "id": "node/13410744404"
    },
    {
      "type": "Feature",
      "properties": {
        "@id": "node/13415855638",
        "amenity": "drinking_water",
        "indoor": "yes"
      },
      "geometry": {
        "type": "Point",
        "coordinates": [
          77.230912,
          28.6685218
        ]
      },
      "id": "node/13415855638"
    },
    {
      "type": "Feature",
      "properties": {
        "@id": "node/13434118401",
        "amenity": "drinking_water",
        "fee": "yes",
        "location": "outdoor"
      },
      "geometry": {
        "type": "Point",
        "coordinates": [
          87.7838709,
          22.8865232
        ]
      },
      "id": "node/13434118401"
    },
    {
      "type": "Feature",
      "properties": {
        "@id": "node/13451541101",
        "amenity": "drinking_water"
      },
      "geometry": {
        "type": "Point",
        "coordinates": [
          77.2547384,
          28.5865323
        ]
      },
      "id": "node/13451541101"
    },
    {
      "type": "Feature",
      "properties": {
        "@id": "node/13451541125",
        "amenity": "drinking_water"
      },
      "geometry": {
        "type": "Point",
        "coordinates": [
          77.2547384,
          28.5865323
        ]
      },
      "id": "node/13451541125"
    },
    {
      "type": "Feature",
      "properties": {
        "@id": "node/13451876422",
        "amenity": "drinking_water"
      },
      "geometry": {
        "type": "Point",
        "coordinates": [
          75.0500257,
          23.3395915
        ]
      },
      "id": "node/13451876422"
    },
    {
      "type": "Feature",
      "properties": {
        "@id": "node/13451876425",
        "amenity": "drinking_water",
        "ref": "07"
      },
      "geometry": {
        "type": "Point",
        "coordinates": [
          75.0498573,
          23.3391575
        ]
      },
      "id": "node/13451876425"
    },
    {
      "type": "Feature",
      "properties": {
        "@id": "node/13451876434",
        "amenity": "drinking_water",
        "ref": "07"
      },
      "geometry": {
        "type": "Point",
        "coordinates": [
          75.049897,
          23.3393269
        ]
      },
      "id": "node/13451876434"
    },
    {
      "type": "Feature",
      "properties": {
        "@id": "node/13451876435",
        "amenity": "drinking_water"
      },
      "geometry": {
        "type": "Point",
        "coordinates": [
          75.0500591,
          23.3396167
        ]
      },
      "id": "node/13451876435"
    },
    {
      "type": "Feature",
      "properties": {
        "@id": "node/13451876441",
        "amenity": "drinking_water",
        "ref": "07"
      },
      "geometry": {
        "type": "Point",
        "coordinates": [
          75.0497003,
          23.3388982
        ]
      },
      "id": "node/13451876441"
    },
    {
      "type": "Feature",
      "properties": {
        "@id": "node/13451876447",
        "amenity": "drinking_water"
      },
      "geometry": {
        "type": "Point",
        "coordinates": [
          75.0501981,
          23.3398771
        ]
      },
      "id": "node/13451876447"
    },
    {
      "type": "Feature",
      "properties": {
        "@id": "node/13451876449",
        "amenity": "drinking_water",
        "ref": "07"
      },
      "geometry": {
        "type": "Point",
        "coordinates": [
          75.0498043,
          23.3389962
        ]
      },
      "id": "node/13451876449"
    },
    {
      "type": "Feature",
      "properties": {
        "@id": "node/13451876451",
        "amenity": "drinking_water"
      },
      "geometry": {
        "type": "Point",
        "coordinates": [
          75.0503825,
          23.3402783
        ]
      },
      "id": "node/13451876451"
    },
    {
      "type": "Feature",
      "properties": {
        "@id": "node/13451876453",
        "amenity": "drinking_water",
        "ref": "07"
      },
      "geometry": {
        "type": "Point",
        "coordinates": [
          75.0496398,
          23.3387557
        ]
      },
      "id": "node/13451876453"
    },
    {
      "type": "Feature",
      "properties": {
        "@id": "node/13452359467",
        "amenity": "drinking_water"
      },
      "geometry": {
        "type": "Point",
        "coordinates": [
          73.1808863,
          22.3092027
        ]
      },
      "id": "node/13452359467"
    },
    {
      "type": "Feature",
      "properties": {
        "@id": "node/13455403542",
        "amenity": "drinking_water"
      },
      "geometry": {
        "type": "Point",
        "coordinates": [
          77.1100736,
          28.6248456
        ]
      },
      "id": "node/13455403542"
    },
    {
      "type": "Feature",
      "properties": {
        "@id": "node/13455403571",
        "amenity": "drinking_water"
      },
      "geometry": {
        "type": "Point",
        "coordinates": [
          77.1107288,
          28.6222777
        ]
      },
      "id": "node/13455403571"
    },
    {
      "type": "Feature",
      "properties": {
        "@id": "node/13508854163",
        "amenity": "drinking_water"
      },
      "geometry": {
        "type": "Point",
        "coordinates": [
          82.8869234,
          28.9466555
        ]
      },
      "id": "node/13508854163"
    },
    {
      "type": "Feature",
      "properties": {
        "@id": "node/13519678151",
        "amenity": "drinking_water"
      },
      "geometry": {
        "type": "Point",
        "coordinates": [
          73.1805853,
          22.3105719
        ]
      },
      "id": "node/13519678151"
    },
    {
      "type": "Feature",
      "properties": {
        "@id": "node/13519678161",
        "amenity": "drinking_water",
        "indoor": "yes"
      },
      "geometry": {
        "type": "Point",
        "coordinates": [
          73.1806576,
          22.3085112
        ]
      },
      "id": "node/13519678161"
    },
    {
      "type": "Feature",
      "properties": {
        "@id": "node/13533457073",
        "amenity": "drinking_water"
      },
      "geometry": {
        "type": "Point",
        "coordinates": [
          88.01527,
          22.8819395
        ]
      },
      "id": "node/13533457073"
    },
    {
      "type": "Feature",
      "properties": {
        "@id": "node/13564321683",
        "amenity": "drinking_water"
      },
      "geometry": {
        "type": "Point",
        "coordinates": [
          77.2273854,
          28.6012277
        ]
      },
      "id": "node/13564321683"
    },
    {
      "type": "Feature",
      "properties": {
        "@id": "node/13577106782",
        "amenity": "drinking_water"
      },
      "geometry": {
        "type": "Point",
        "coordinates": [
          86.5073763,
          27.5731601
        ]
      },
      "id": "node/13577106782"
    },
    {
      "type": "Feature",
      "properties": {
        "@id": "node/13579852258",
        "amenity": "drinking_water"
      },
      "geometry": {
        "type": "Point",
        "coordinates": [
          85.1021961,
          25.6147164
        ]
      },
      "id": "node/13579852258"
    },
    {
      "type": "Feature",
      "properties": {
        "@id": "node/13594525451",
        "amenity": "drinking_water",
        "fountain": "bottle_refill",
        "indoor": "yes",
        "level": "0"
      },
      "geometry": {
        "type": "Point",
        "coordinates": [
          77.212699,
          28.6877284
        ]
      },
      "id": "node/13594525451"
    },
    {
      "type": "Feature",
      "properties": {
        "@id": "node/13594703577",
        "access": "yes",
        "amenity": "drinking_water",
        "bottle": "yes",
        "dog": "no",
        "fountain": "bottle_refill",
        "historic": "no"
      },
      "geometry": {
        "type": "Point",
        "coordinates": [
          77.2203294,
          28.6968937
        ]
      },
      "id": "node/13594703577"
    },
    {
      "type": "Feature",
      "properties": {
        "@id": "node/13599797070",
        "amenity": "drinking_water"
      },
      "geometry": {
        "type": "Point",
        "coordinates": [
          86.8676318,
          27.5603264
        ]
      },
      "id": "node/13599797070"
    },
    {
      "type": "Feature",
      "properties": {
        "@id": "node/13599797072",
        "amenity": "drinking_water"
      },
      "geometry": {
        "type": "Point",
        "coordinates": [
          86.8633839,
          27.5702285
        ]
      },
      "id": "node/13599797072"
    },
    {
      "type": "Feature",
      "properties": {
        "@id": "node/13621133752",
        "amenity": "drinking_water"
      },
      "geometry": {
        "type": "Point",
        "coordinates": [
          77.4134777,
          23.2677076
        ]
      },
      "id": "node/13621133752"
    },
    {
      "type": "Feature",
      "properties": {
        "@id": "node/13621133754",
        "amenity": "drinking_water"
      },
      "geometry": {
        "type": "Point",
        "coordinates": [
          77.4134862,
          23.2676936
        ]
      },
      "id": "node/13621133754"
    },
    {
      "type": "Feature",
      "properties": {
        "@id": "node/13621133756",
        "amenity": "drinking_water"
      },
      "geometry": {
        "type": "Point",
        "coordinates": [
          77.4134891,
          23.2677064
        ]
      },
      "id": "node/13621133756"
    },
    {
      "type": "Feature",
      "properties": {
        "@id": "node/13621133757",
        "amenity": "drinking_water",
        "fountain": "bottle_refill",
        "level": "0",
        "name": "Water Vending Machine",
        "opening_hours": "24/7",
        "operator": "Sudhir Purbey Enterprises",
        "shop": "water"
      },
      "geometry": {
        "type": "Point",
        "coordinates": [
          77.4134637,
          23.2676408
        ]
      },
      "id": "node/13621133757"
    },
    {
      "type": "Feature",
      "properties": {
        "@id": "node/13621133761",
        "amenity": "drinking_water"
      },
      "geometry": {
        "type": "Point",
        "coordinates": [
          77.4134747,
          23.2676949
        ]
      },
      "id": "node/13621133761"
    },
    {
      "type": "Feature",
      "properties": {
        "@id": "node/13623243549",
        "amenity": "drinking_water"
      },
      "geometry": {
        "type": "Point",
        "coordinates": [
          77.9897816,
          27.1587875
        ]
      },
      "id": "node/13623243549"
    },
    {
      "type": "Feature",
      "properties": {
        "@id": "node/13623243553",
        "amenity": "drinking_water"
      },
      "geometry": {
        "type": "Point",
        "coordinates": [
          77.9897684,
          27.1586643
        ]
      },
      "id": "node/13623243553"
    },
    {
      "type": "Feature",
      "properties": {
        "@id": "node/13624967359",
        "amenity": "drinking_water"
      },
      "geometry": {
        "type": "Point",
        "coordinates": [
          77.6727262,
          27.478189
        ]
      },
      "id": "node/13624967359"
    },
    {
      "type": "Feature",
      "properties": {
        "@id": "node/13624967361",
        "amenity": "drinking_water"
      },
      "geometry": {
        "type": "Point",
        "coordinates": [
          77.6731195,
          27.4798489
        ]
      },
      "id": "node/13624967361"
    },
    {
      "type": "Feature",
      "properties": {
        "@id": "node/13624967364",
        "amenity": "drinking_water"
      },
      "geometry": {
        "type": "Point",
        "coordinates": [
          77.6731985,
          27.4810786
        ]
      },
      "id": "node/13624967364"
    },
    {
      "type": "Feature",
      "properties": {
        "@id": "node/13624967368",
        "amenity": "drinking_water"
      },
      "geometry": {
        "type": "Point",
        "coordinates": [
          77.6723509,
          27.4749035
        ]
      },
      "id": "node/13624967368"
    },
    {
      "type": "Feature",
      "properties": {
        "@id": "node/13624967369",
        "amenity": "drinking_water"
      },
      "geometry": {
        "type": "Point",
        "coordinates": [
          77.6731797,
          27.4801004
        ]
      },
      "id": "node/13624967369"
    },
    {
      "type": "Feature",
      "properties": {
        "@id": "node/13624967370",
        "amenity": "drinking_water",
        "ref": "9"
      },
      "geometry": {
        "type": "Point",
        "coordinates": [
          77.6733519,
          27.4810744
        ]
      },
      "id": "node/13624967370"
    },
    {
      "type": "Feature",
      "properties": {
        "@id": "node/13624967371",
        "amenity": "drinking_water"
      },
      "geometry": {
        "type": "Point",
        "coordinates": [
          77.6724191,
          27.4752829
        ]
      },
      "id": "node/13624967371"
    },
    {
      "type": "Feature",
      "properties": {
        "@id": "node/13625376423",
        "amenity": "drinking_water"
      },
      "geometry": {
        "type": "Point",
        "coordinates": [
          75.9650842,
          29.0940358
        ]
      },
      "id": "node/13625376423"
    },
    {
      "type": "Feature",
      "properties": {
        "@id": "node/13626233698",
        "amenity": "drinking_water"
      },
      "geometry": {
        "type": "Point",
        "coordinates": [
          77.253645,
          28.5900498
        ]
      },
      "id": "node/13626233698"
    },
    {
      "type": "Feature",
      "properties": {
        "@id": "node/13626637001",
        "amenity": "drinking_water",
        "check_date": "2026-03-08",
        "name": "Sales and service of RO purifier"
      },
      "geometry": {
        "type": "Point",
        "coordinates": [
          77.2914354,
          28.6087519
        ]
      },
      "id": "node/13626637001"
    },
    {
      "type": "Feature",
      "properties": {
        "@id": "node/13649496241",
        "amenity": "drinking_water"
      },
      "geometry": {
        "type": "Point",
        "coordinates": [
          80.2646379,
          26.4882766
        ]
      },
      "id": "node/13649496241"
    },
    {
      "type": "Feature",
      "properties": {
        "@id": "node/13651521832",
        "amenity": "drinking_water"
      },
      "geometry": {
        "type": "Point",
        "coordinates": [
          80.2686312,
          26.4878711
        ]
      },
      "id": "node/13651521832"
    },
    {
      "type": "Feature",
      "properties": {
        "@id": "node/13651521857",
        "amenity": "drinking_water",
        "indoor": "yes",
        "level": "0"
      },
      "geometry": {
        "type": "Point",
        "coordinates": [
          80.2710922,
          26.4834067
        ]
      },
      "id": "node/13651521857"
    },
    {
      "type": "Feature",
      "properties": {
        "@id": "node/13666705974",
        "amenity": "drinking_water"
      },
      "geometry": {
        "type": "Point",
        "coordinates": [
          77.1020667,
          28.9439229
        ]
      },
      "id": "node/13666705974"
    },
    {
      "type": "Feature",
      "properties": {
        "@id": "node/13666770271",
        "amenity": "drinking_water"
      },
      "geometry": {
        "type": "Point",
        "coordinates": [
          76.9962012,
          28.4583392
        ]
      },
      "id": "node/13666770271"
    },
    {
      "type": "Feature",
      "properties": {
        "@id": "node/13666770272",
        "amenity": "drinking_water"
      },
      "geometry": {
        "type": "Point",
        "coordinates": [
          76.9972384,
          28.4578148
        ]
      },
      "id": "node/13666770272"
    },
    {
      "type": "Feature",
      "properties": {
        "@id": "node/13666850383",
        "amenity": "drinking_water"
      },
      "geometry": {
        "type": "Point",
        "coordinates": [
          76.3575362,
          29.3134014
        ]
      },
      "id": "node/13666850383"
    },
    {
      "type": "Feature",
      "properties": {
        "@id": "node/13672680477",
        "amenity": "drinking_water"
      },
      "geometry": {
        "type": "Point",
        "coordinates": [
          77.1788474,
          31.1077
        ]
      },
      "id": "node/13672680477"
    },
    {
      "type": "Feature",
      "properties": {
        "@id": "node/13672686654",
        "amenity": "drinking_water"
      },
      "geometry": {
        "type": "Point",
        "coordinates": [
          77.1750525,
          31.1045745
        ]
      },
      "id": "node/13672686654"
    },
    {
      "type": "Feature",
      "properties": {
        "@id": "node/13672688086",
        "amenity": "drinking_water",
        "man_made": "water_tap"
      },
      "geometry": {
        "type": "Point",
        "coordinates": [
          77.1749721,
          31.104638
        ]
      },
      "id": "node/13672688086"
    },
    {
      "type": "Feature",
      "properties": {
        "@id": "node/13681392889",
        "amenity": "drinking_water"
      },
      "geometry": {
        "type": "Point",
        "coordinates": [
          77.2157507,
          28.6261679
        ]
      },
      "id": "node/13681392889"
    },
    {
      "type": "Feature",
      "properties": {
        "@id": "node/13686332699",
        "amenity": "drinking_water"
      },
      "geometry": {
        "type": "Point",
        "coordinates": [
          88.7243855,
          26.5279384
        ]
      },
      "id": "node/13686332699"
    },
    {
      "type": "Feature",
      "properties": {
        "@id": "node/13694812137",
        "amenity": "drinking_water",
        "fountain": "bottle_refill"
      },
      "geometry": {
        "type": "Point",
        "coordinates": [
          77.2090266,
          28.6877575
        ]
      },
      "id": "node/13694812137"
    },
    {
      "type": "Feature",
      "properties": {
        "@id": "node/13704936036",
        "amenity": "drinking_water",
        "bottle": "yes",
        "indoor": "yes",
        "level": "0"
      },
      "geometry": {
        "type": "Point",
        "coordinates": [
          81.0240967,
          26.8008276
        ]
      },
      "id": "node/13704936036"
    },
    {
      "type": "Feature",
      "properties": {
        "@id": "node/13708929068",
        "amenity": "drinking_water"
      },
      "geometry": {
        "type": "Point",
        "coordinates": [
          80.953751,
          26.8757155
        ]
      },
      "id": "node/13708929068"
    },
    {
      "type": "Feature",
      "properties": {
        "@id": "node/13712007099",
        "access": "private",
        "amenity": "drinking_water",
        "indoor": "yes"
      },
      "geometry": {
        "type": "Point",
        "coordinates": [
          80.9090117,
          26.8659322
        ]
      },
      "id": "node/13712007099"
    },
    {
      "type": "Feature",
      "properties": {
        "@id": "node/13713295507",
        "access": "yes",
        "amenity": "drinking_water",
        "fee": "no"
      },
      "geometry": {
        "type": "Point",
        "coordinates": [
          88.4408803,
          26.6829087
        ]
      },
      "id": "node/13713295507"
    },
    {
      "type": "Feature",
      "properties": {
        "@id": "node/13713295512",
        "access": "yes",
        "amenity": "drinking_water",
        "fee": "no"
      },
      "geometry": {
        "type": "Point",
        "coordinates": [
          88.440316,
          26.6828488
        ]
      },
      "id": "node/13713295512"
    },
    {
      "type": "Feature",
      "properties": {
        "@id": "node/13713295515",
        "amenity": "drinking_water"
      },
      "geometry": {
        "type": "Point",
        "coordinates": [
          88.4420008,
          26.6830275
        ]
      },
      "id": "node/13713295515"
    },
    {
      "type": "Feature",
      "properties": {
        "@id": "node/13713295518",
        "access": "yes",
        "amenity": "drinking_water",
        "fee": "no"
      },
      "geometry": {
        "type": "Point",
        "coordinates": [
          88.4426595,
          26.6830974
        ]
      },
      "id": "node/13713295518"
    },
    {
      "type": "Feature",
      "properties": {
        "@id": "node/13713295528",
        "access": "yes",
        "amenity": "drinking_water",
        "fee": "no"
      },
      "geometry": {
        "type": "Point",
        "coordinates": [
          88.4447651,
          26.6833207
        ]
      },
      "id": "node/13713295528"
    },
    {
      "type": "Feature",
      "properties": {
        "@id": "node/13713295529",
        "access": "yes",
        "amenity": "drinking_water",
        "fee": "no"
      },
      "geometry": {
        "type": "Point",
        "coordinates": [
          88.4447813,
          26.6833224
        ]
      },
      "id": "node/13713295529"
    },
    {
      "type": "Feature",
      "properties": {
        "@id": "node/13713295531",
        "access": "yes",
        "amenity": "drinking_water",
        "fee": "no"
      },
      "geometry": {
        "type": "Point",
        "coordinates": [
          88.4452363,
          26.6833707
        ]
      },
      "id": "node/13713295531"
    },
    {
      "type": "Feature",
      "properties": {
        "@id": "node/13717757120",
        "amenity": "drinking_water"
      },
      "geometry": {
        "type": "Point",
        "coordinates": [
          77.3148578,
          28.6496506
        ]
      },
      "id": "node/13717757120"
    },
    {
      "type": "Feature",
      "properties": {
        "@id": "node/13717757127",
        "amenity": "drinking_water"
      },
      "geometry": {
        "type": "Point",
        "coordinates": [
          77.3135552,
          28.6486563
        ]
      },
      "id": "node/13717757127"
    },
    {
      "type": "Feature",
      "properties": {
        "@id": "node/13717757134",
        "amenity": "drinking_water",
        "wheelchair": "designated"
      },
      "geometry": {
        "type": "Point",
        "coordinates": [
          77.3135689,
          28.6486639
        ]
      },
      "id": "node/13717757134"
    },
    {
      "type": "Feature",
      "properties": {
        "@id": "node/13721945313",
        "amenity": "drinking_water"
      },
      "geometry": {
        "type": "Point",
        "coordinates": [
          77.2889455,
          28.6300075
        ]
      },
      "id": "node/13721945313"
    },
    {
      "type": "Feature",
      "properties": {
        "@id": "node/13721945342",
        "amenity": "drinking_water"
      },
      "geometry": {
        "type": "Point",
        "coordinates": [
          77.2890851,
          28.6298608
        ]
      },
      "id": "node/13721945342"
    },
    {
      "type": "Feature",
      "properties": {
        "@id": "node/13725271728",
        "amenity": "drinking_water",
        "indoor": "yes"
      },
      "geometry": {
        "type": "Point",
        "coordinates": [
          77.7246028,
          28.9687835
        ]
      },
      "id": "node/13725271728"
    },
    {
      "type": "Feature",
      "properties": {
        "@id": "node/13725987336",
        "amenity": "drinking_water",
        "name": "Pyav Khushi Travels",
        "name:hi": "प्याव खुशी ट्रैवल्स"
      },
      "geometry": {
        "type": "Point",
        "coordinates": [
          77.7030042,
          28.9923793
        ]
      },
      "id": "node/13725987336"
    },
    {
      "type": "Feature",
      "properties": {
        "@id": "node/13726771052",
        "amenity": "drinking_water"
      },
      "geometry": {
        "type": "Point",
        "coordinates": [
          77.3147835,
          28.6468095
        ]
      },
      "id": "node/13726771052"
    },
    {
      "type": "Feature",
      "properties": {
        "@id": "node/13734231017",
        "amenity": "drinking_water"
      },
      "geometry": {
        "type": "Point",
        "coordinates": [
          77.9899271,
          27.1576791
        ]
      },
      "id": "node/13734231017"
    },
    {
      "type": "Feature",
      "properties": {
        "@id": "node/13734970112",
        "amenity": "drinking_water"
      },
      "geometry": {
        "type": "Point",
        "coordinates": [
          78.1816572,
          26.2151631
        ]
      },
      "id": "node/13734970112"
    },
    {
      "type": "Feature",
      "properties": {
        "@id": "node/13735360234",
        "amenity": "drinking_water"
      },
      "geometry": {
        "type": "Point",
        "coordinates": [
          77.4136248,
          23.2673631
        ]
      },
      "id": "node/13735360234"
    },
    {
      "type": "Feature",
      "properties": {
        "@id": "node/13735360241",
        "amenity": "drinking_water"
      },
      "geometry": {
        "type": "Point",
        "coordinates": [
          77.4136529,
          23.2674316
        ]
      },
      "id": "node/13735360241"
    },
    {
      "type": "Feature",
      "properties": {
        "@id": "node/13736457872",
        "amenity": "drinking_water"
      },
      "geometry": {
        "type": "Point",
        "coordinates": [
          77.7644071,
          22.607207
        ]
      },
      "id": "node/13736457872"
    },
    {
      "type": "Feature",
      "properties": {
        "@id": "node/13784022923",
        "access": "yes",
        "amenity": "drinking_water",
        "fee": "no"
      },
      "geometry": {
        "type": "Point",
        "coordinates": [
          83.4979798,
          27.6280563
        ]
      },
      "id": "node/13784022923"
    },
    {
      "type": "Feature",
      "properties": {
        "@id": "node/13800406794",
        "amenity": "drinking_water"
      },
      "geometry": {
        "type": "Point",
        "coordinates": [
          75.0499683,
          23.3402597
        ]
      },
      "id": "node/13800406794"
    },
    {
      "type": "Feature",
      "properties": {
        "@id": "node/13807550243",
        "amenity": "drinking_water"
      },
      "geometry": {
        "type": "Point",
        "coordinates": [
          77.2605868,
          28.5909226
        ]
      },
      "id": "node/13807550243"
    },
    {
      "type": "Feature",
      "properties": {
        "@id": "node/13814644432",
        "amenity": "drinking_water"
      },
      "geometry": {
        "type": "Point",
        "coordinates": [
          77.1202458,
          28.563283
        ]
      },
      "id": "node/13814644432"
    },
    {
      "type": "Feature",
      "properties": {
        "@id": "node/13839983198",
        "access": "yes",
        "amenity": "drinking_water",
        "fee": "no",
        "wheelchair": "no"
      },
      "geometry": {
        "type": "Point",
        "coordinates": [
          88.5861303,
          26.7509362
        ]
      },
      "id": "node/13839983198"
    },
    {
      "type": "Feature",
      "properties": {
        "@id": "node/13844337947",
        "amenity": "drinking_water",
        "fountain": "bottle_refill"
      },
      "geometry": {
        "type": "Point",
        "coordinates": [
          77.2073112,
          28.6896359
        ]
      },
      "id": "node/13844337947"
    },
    {
      "type": "Feature",
      "properties": {
        "@id": "node/13890672520",
        "amenity": "drinking_water",
        "fee": "no",
        "fountain": "bottle_refill",
        "level": "3"
      },
      "geometry": {
        "type": "Point",
        "coordinates": [
          77.0804192,
          28.4807627
        ]
      },
      "id": "node/13890672520"
    },
    {
      "type": "Feature",
      "properties": {
        "@id": "node/13893215332",
        "amenity": "drinking_water",
        "level": "1"
      },
      "geometry": {
        "type": "Point",
        "coordinates": [
          77.1406544,
          28.698037
        ]
      },
      "id": "node/13893215332"
    },
    {
      "type": "Feature",
      "properties": {
        "@id": "node/13906131345",
        "amenity": "drinking_water"
      },
      "geometry": {
        "type": "Point",
        "coordinates": [
          76.4619085,
          32.0811258
        ]
      },
      "id": "node/13906131345"
    },
    {
      "type": "Feature",
      "properties": {
        "@id": "node/13914727889",
        "amenity": "drinking_water",
        "man_made": "water_tap"
      },
      "geometry": {
        "type": "Point",
        "coordinates": [
          88.379926,
          22.631308
        ]
      },
      "id": "node/13914727889"
    },
    {
      "type": "Feature",
      "properties": {
        "@id": "node/13917105638",
        "addr:state": "HP",
        "addr:street": "Chogan Bhattu Link Road",
        "amenity": "drinking_water",
        "bottle": "yes"
      },
      "geometry": {
        "type": "Point",
        "coordinates": [
          76.7099756,
          32.0410997
        ]
      },
      "id": "node/13917105638"
    },
    {
      "type": "Feature",
      "properties": {
        "@id": "node/13917129474",
        "amenity": "drinking_water",
        "bottle": "yes",
        "man_made": "water_tap"
      },
      "geometry": {
        "type": "Point",
        "coordinates": [
          76.7155201,
          32.0355646
        ]
      },
      "id": "node/13917129474"
    },
    {
      "type": "Feature",
      "properties": {
        "@id": "node/13923006291",
        "amenity": "drinking_water",
        "name": "Water Tap"
      },
      "geometry": {
        "type": "Point",
        "coordinates": [
          77.1628104,
          32.0911761
        ]
      },
      "id": "node/13923006291"
    },
    {
      "type": "Feature",
      "properties": {
        "@id": "node/13925849791",
        "amenity": "drinking_water",
        "name": "Water Tap"
      },
      "geometry": {
        "type": "Point",
        "coordinates": [
          77.1714523,
          31.9935515
        ]
      },
      "id": "node/13925849791"
    },
    {
      "type": "Feature",
      "properties": {
        "@id": "node/13928812588",
        "amenity": "drinking_water",
        "fountain": "bottle_refill"
      },
      "geometry": {
        "type": "Point",
        "coordinates": [
          77.4008738,
          23.2365011
        ]
      },
      "id": "node/13928812588"
    },
    {
      "type": "Feature",
      "properties": {
        "@id": "node/13942813420",
        "amenity": "drinking_water"
      },
      "geometry": {
        "type": "Point",
        "coordinates": [
          77.4129747,
          23.2660858
        ]
      },
      "id": "node/13942813420"
    },
    {
      "type": "Feature",
      "properties": {
        "@id": "node/13945738996",
        "amenity": "drinking_water"
      },
      "geometry": {
        "type": "Point",
        "coordinates": [
          77.299605,
          28.6417124
        ]
      },
      "id": "node/13945738996"
    },
    {
      "type": "Feature",
      "properties": {
        "@id": "node/13945748204",
        "amenity": "drinking_water"
      },
      "geometry": {
        "type": "Point",
        "coordinates": [
          77.2996085,
          28.6417144
        ]
      },
      "id": "node/13945748204"
    },
    {
      "type": "Feature",
      "properties": {
        "@id": "node/13948461569",
        "amenity": "drinking_water"
      },
      "geometry": {
        "type": "Point",
        "coordinates": [
          74.5381463,
          22.9065799
        ]
      },
      "id": "node/13948461569"
    },
    {
      "type": "Feature",
      "properties": {
        "@id": "node/13948463559",
        "amenity": "drinking_water"
      },
      "geometry": {
        "type": "Point",
        "coordinates": [
          74.3476704,
          22.8664842
        ]
      },
      "id": "node/13948463559"
    },
    {
      "type": "Feature",
      "properties": {
        "@id": "node/13948463582",
        "amenity": "drinking_water"
      },
      "geometry": {
        "type": "Point",
        "coordinates": [
          73.1809053,
          22.3094655
        ]
      },
      "id": "node/13948463582"
    },
    {
      "type": "Feature",
      "properties": {
        "@id": "node/13948463601",
        "amenity": "drinking_water",
        "ref": "11"
      },
      "geometry": {
        "type": "Point",
        "coordinates": [
          73.6467681,
          22.7886792
        ]
      },
      "id": "node/13948463601"
    },
    {
      "type": "Feature",
      "properties": {
        "@id": "node/13948463620",
        "amenity": "drinking_water"
      },
      "geometry": {
        "type": "Point",
        "coordinates": [
          77.6730132,
          27.479382
        ]
      },
      "id": "node/13948463620"
    },
    {
      "type": "Feature",
      "properties": {
        "@id": "node/13948463649",
        "amenity": "drinking_water"
      },
      "geometry": {
        "type": "Point",
        "coordinates": [
          76.535139,
          26.2311449
        ]
      },
      "id": "node/13948463649"
    },
    {
      "type": "Feature",
      "properties": {
        "@id": "node/13948463699",
        "amenity": "drinking_water"
      },
      "geometry": {
        "type": "Point",
        "coordinates": [
          77.2967801,
          26.9141497
        ]
      },
      "id": "node/13948463699"
    },
    {
      "type": "Feature",
      "properties": {
        "@id": "node/13948463738",
        "amenity": "drinking_water"
      },
      "geometry": {
        "type": "Point",
        "coordinates": [
          74.5379989,
          22.9061947
        ]
      },
      "id": "node/13948463738"
    },
    {
      "type": "Feature",
      "properties": {
        "@id": "node/13948463862",
        "amenity": "drinking_water"
      },
      "geometry": {
        "type": "Point",
        "coordinates": [
          76.3556124,
          26.0172232
        ]
      },
      "id": "node/13948463862"
    },
    {
      "type": "Feature",
      "properties": {
        "@id": "node/13948463907",
        "amenity": "drinking_water"
      },
      "geometry": {
        "type": "Point",
        "coordinates": [
          72.9543949,
          21.4628349
        ]
      },
      "id": "node/13948463907"
    },
    {
      "type": "Feature",
      "properties": {
        "@id": "node/13948463948",
        "amenity": "drinking_water"
      },
      "geometry": {
        "type": "Point",
        "coordinates": [
          75.6437379,
          24.192626
        ]
      },
      "id": "node/13948463948"
    },
    {
      "type": "Feature",
      "properties": {
        "@id": "node/13948464039",
        "amenity": "drinking_water"
      },
      "geometry": {
        "type": "Point",
        "coordinates": [
          75.500376,
          23.5655091
        ]
      },
      "id": "node/13948464039"
    },
    {
      "type": "Feature",
      "properties": {
        "@id": "node/13948464045",
        "amenity": "drinking_water",
        "ref": "10"
      },
      "geometry": {
        "type": "Point",
        "coordinates": [
          73.6467766,
          22.7886795
        ]
      },
      "id": "node/13948464045"
    },
    {
      "type": "Feature",
      "properties": {
        "@id": "node/13948464049",
        "amenity": "drinking_water"
      },
      "geometry": {
        "type": "Point",
        "coordinates": [
          76.3555947,
          26.0172405
        ]
      },
      "id": "node/13948464049"
    },
    {
      "type": "Feature",
      "properties": {
        "@id": "node/13948464090",
        "amenity": "drinking_water"
      },
      "geometry": {
        "type": "Point",
        "coordinates": [
          77.4459574,
          27.7892667
        ]
      },
      "id": "node/13948464090"
    },
    {
      "type": "Feature",
      "properties": {
        "@id": "node/13948464185",
        "amenity": "drinking_water"
      },
      "geometry": {
        "type": "Point",
        "coordinates": [
          73.6021925,
          22.7770533
        ]
      },
      "id": "node/13948464185"
    },
    {
      "type": "Feature",
      "properties": {
        "@id": "node/13948464198",
        "amenity": "drinking_water"
      },
      "geometry": {
        "type": "Point",
        "coordinates": [
          75.6428284,
          24.1900194
        ]
      },
      "id": "node/13948464198"
    },
    {
      "type": "Feature",
      "properties": {
        "@id": "node/13948464208",
        "amenity": "drinking_water"
      },
      "geometry": {
        "type": "Point",
        "coordinates": [
          77.4847675,
          27.2371556
        ]
      },
      "id": "node/13948464208"
    },
    {
      "type": "Feature",
      "properties": {
        "@id": "node/13948464228",
        "amenity": "drinking_water"
      },
      "geometry": {
        "type": "Point",
        "coordinates": [
          75.4111556,
          23.4564799
        ]
      },
      "id": "node/13948464228"
    },
    {
      "type": "Feature",
      "properties": {
        "@id": "node/13948464235",
        "amenity": "drinking_water"
      },
      "geometry": {
        "type": "Point",
        "coordinates": [
          75.2847979,
          23.4419801
        ]
      },
      "id": "node/13948464235"
    },
    {
      "type": "Feature",
      "properties": {
        "@id": "node/13948464252",
        "amenity": "drinking_water"
      },
      "geometry": {
        "type": "Point",
        "coordinates": [
          76.5349362,
          26.2309447
        ]
      },
      "id": "node/13948464252"
    },
    {
      "type": "Feature",
      "properties": {
        "@id": "node/13948464274",
        "amenity": "drinking_water"
      },
      "geometry": {
        "type": "Point",
        "coordinates": [
          73.1806763,
          22.3092802
        ]
      },
      "id": "node/13948464274"
    },
    {
      "type": "Feature",
      "properties": {
        "@id": "node/13948464275",
        "amenity": "drinking_water"
      },
      "geometry": {
        "type": "Point",
        "coordinates": [
          73.0006739,
          21.6224043
        ]
      },
      "id": "node/13948464275"
    },
    {
      "type": "Feature",
      "properties": {
        "@id": "node/13948464322",
        "amenity": "drinking_water"
      },
      "geometry": {
        "type": "Point",
        "coordinates": [
          77.673002,
          27.4793371
        ]
      },
      "id": "node/13948464322"
    },
    {
      "type": "Feature",
      "properties": {
        "@id": "node/13953446171",
        "amenity": "drinking_water"
      },
      "geometry": {
        "type": "Point",
        "coordinates": [
          79.012661,
          26.7855527
        ]
      },
      "id": "node/13953446171"
    },
    {
      "type": "Feature",
      "properties": {
        "@id": "node/13955359901",
        "amenity": "drinking_water",
        "name": "Boli"
      },
      "geometry": {
        "type": "Point",
        "coordinates": [
          75.701385,
          32.6821536
        ]
      },
      "id": "node/13955359901"
    },
    {
      "type": "Feature",
      "properties": {
        "@id": "node/13964405002",
        "amenity": "drinking_water",
        "name": "Tawdu"
      },
      "geometry": {
        "type": "Point",
        "coordinates": [
          75.7073351,
          32.6852603
        ]
      },
      "id": "node/13964405002"
    },
    {
      "type": "Feature",
      "properties": {
        "@id": "node/13984656578",
        "amenity": "drinking_water"
      },
      "geometry": {
        "type": "Point",
        "coordinates": [
          77.2101739,
          28.5702264
        ]
      },
      "id": "node/13984656578"
    },
    {
      "type": "Feature",
      "properties": {
        "@id": "node/14048220874",
        "access": "yes",
        "amenity": "drinking_water",
        "bottle": "yes",
        "fee": "no",
        "wheelchair": "yes"
      },
      "geometry": {
        "type": "Point",
        "coordinates": [
          73.3190401,
          28.0094963
        ]
      },
      "id": "node/14048220874"
    },
    {
      "type": "Feature",
      "properties": {
        "@id": "node/14048312525",
        "amenity": "drinking_water"
      },
      "geometry": {
        "type": "Point",
        "coordinates": [
          77.224905,
          28.6258997
        ]
      },
      "id": "node/14048312525"
    },
    {
      "type": "Feature",
      "properties": {
        "@id": "node/14051343542",
        "amenity": "drinking_water"
      },
      "geometry": {
        "type": "Point",
        "coordinates": [
          77.2995998,
          24.63881
        ]
      },
      "id": "node/14051343542"
    },
    {
      "type": "Feature",
      "properties": {
        "@id": "node/14051447821",
        "access": "yes",
        "amenity": "drinking_water",
        "operator": "guru jambeshwar colony",
        "wheelchair": "yes"
      },
      "geometry": {
        "type": "Point",
        "coordinates": [
          75.746972,
          26.9066816
        ]
      },
      "id": "node/14051447821"
    },
    {
      "type": "Feature",
      "properties": {
        "@id": "node/14051785683",
        "amenity": "drinking_water",
        "fee": "yes"
      },
      "geometry": {
        "type": "Point",
        "coordinates": [
          75.8142518,
          26.8571654
        ]
      },
      "id": "node/14051785683"
    },
    {
      "type": "Feature",
      "properties": {
        "@id": "node/14053134557",
        "access": "customers",
        "amenity": "drinking_water",
        "level": "0",
        "wheelchair": "yes"
      },
      "geometry": {
        "type": "Point",
        "coordinates": [
          78.0412946,
          27.1708252
        ]
      },
      "id": "node/14053134557"
    },
    {
      "type": "Feature",
      "properties": {
        "@id": "node/14058938079",
        "amenity": "drinking_water",
        "man_made": "water_tap"
      },
      "geometry": {
        "type": "Point",
        "coordinates": [
          76.3574532,
          26.0193101
        ]
      },
      "id": "node/14058938079"
    },
    {
      "type": "Feature",
      "properties": {
        "@id": "node/14058947281",
        "amenity": "drinking_water",
        "man_made": "water_tap",
        "ref": "30;31"
      },
      "geometry": {
        "type": "Point",
        "coordinates": [
          75.8805874,
          25.2270241
        ]
      },
      "id": "node/14058947281"
    },
    {
      "type": "Feature",
      "properties": {
        "@id": "node/14058947286",
        "amenity": "drinking_water",
        "man_made": "water_tap",
        "ref": "5"
      },
      "geometry": {
        "type": "Point",
        "coordinates": [
          75.8809272,
          25.2246898
        ]
      },
      "id": "node/14058947286"
    },
    {
      "type": "Feature",
      "properties": {
        "@id": "node/14058947295",
        "amenity": "drinking_water",
        "man_made": "water_tap",
        "ref": "8"
      },
      "geometry": {
        "type": "Point",
        "coordinates": [
          75.8809066,
          25.2248154
        ]
      },
      "id": "node/14058947295"
    },
    {
      "type": "Feature",
      "properties": {
        "@id": "node/14058988385",
        "amenity": "drinking_water",
        "man_made": "water_tap"
      },
      "geometry": {
        "type": "Point",
        "coordinates": [
          76.9681667,
          26.6848408
        ]
      },
      "id": "node/14058988385"
    },
    {
      "type": "Feature",
      "properties": {
        "@id": "node/14058988386",
        "amenity": "drinking_water",
        "man_made": "water_tap"
      },
      "geometry": {
        "type": "Point",
        "coordinates": [
          76.9670547,
          26.6836502
        ]
      },
      "id": "node/14058988386"
    },
    {
      "type": "Feature",
      "properties": {
        "@id": "node/14058988387",
        "amenity": "drinking_water",
        "man_made": "water_tap"
      },
      "geometry": {
        "type": "Point",
        "coordinates": [
          76.9676711,
          26.6843164
        ]
      },
      "id": "node/14058988387"
    },
    {
      "type": "Feature",
      "properties": {
        "@id": "node/14058988388",
        "amenity": "drinking_water",
        "man_made": "water_tap"
      },
      "geometry": {
        "type": "Point",
        "coordinates": [
          76.9681478,
          26.684819
        ]
      },
      "id": "node/14058988388"
    },
    {
      "type": "Feature",
      "properties": {
        "@id": "node/14058988389",
        "amenity": "drinking_water",
        "man_made": "water_tap"
      },
      "geometry": {
        "type": "Point",
        "coordinates": [
          76.9670736,
          26.683672
        ]
      },
      "id": "node/14058988389"
    },
    {
      "type": "Feature",
      "properties": {
        "@id": "node/14058988390",
        "amenity": "drinking_water",
        "man_made": "water_tap"
      },
      "geometry": {
        "type": "Point",
        "coordinates": [
          76.9673752,
          26.6839988
        ]
      },
      "id": "node/14058988390"
    },
    {
      "type": "Feature",
      "properties": {
        "@id": "node/14058988391",
        "amenity": "drinking_water",
        "man_made": "water_tap",
        "ref": "17"
      },
      "geometry": {
        "type": "Point",
        "coordinates": [
          76.9658096,
          26.6822506
        ]
      },
      "id": "node/14058988391"
    },
    {
      "type": "Feature",
      "properties": {
        "@id": "node/14058988392",
        "amenity": "drinking_water",
        "man_made": "water_tap"
      },
      "geometry": {
        "type": "Point",
        "coordinates": [
          76.9663092,
          26.6828068
        ]
      },
      "id": "node/14058988392"
    },
    {
      "type": "Feature",
      "properties": {
        "@id": "node/14058988393",
        "amenity": "drinking_water",
        "man_made": "water_tap"
      },
      "geometry": {
        "type": "Point",
        "coordinates": [
          76.9668513,
          26.683423
        ]
      },
      "id": "node/14058988393"
    },
    {
      "type": "Feature",
      "properties": {
        "@id": "node/14058988394",
        "amenity": "drinking_water",
        "man_made": "water_tap"
      },
      "geometry": {
        "type": "Point",
        "coordinates": [
          76.9673941,
          26.6840206
        ]
      },
      "id": "node/14058988394"
    },
    {
      "type": "Feature",
      "properties": {
        "@id": "node/14058988395",
        "amenity": "drinking_water",
        "man_made": "water_tap"
      },
      "geometry": {
        "type": "Point",
        "coordinates": [
          76.9660572,
          26.6825266
        ]
      },
      "id": "node/14058988395"
    },
    {
      "type": "Feature",
      "properties": {
        "@id": "node/14058988396",
        "amenity": "drinking_water",
        "man_made": "water_tap"
      },
      "geometry": {
        "type": "Point",
        "coordinates": [
          76.9665925,
          26.683124
        ]
      },
      "id": "node/14058988396"
    },
    {
      "type": "Feature",
      "properties": {
        "@id": "node/14058988397",
        "amenity": "drinking_water",
        "man_made": "water_tap"
      },
      "geometry": {
        "type": "Point",
        "coordinates": [
          76.9665736,
          26.6831022
        ]
      },
      "id": "node/14058988397"
    },
    {
      "type": "Feature",
      "properties": {
        "@id": "node/14058988398",
        "amenity": "drinking_water",
        "man_made": "water_tap"
      },
      "geometry": {
        "type": "Point",
        "coordinates": [
          76.9668702,
          26.6834448
        ]
      },
      "id": "node/14058988398"
    },
    {
      "type": "Feature",
      "properties": {
        "@id": "node/14058988399",
        "amenity": "drinking_water",
        "man_made": "water_tap"
      },
      "geometry": {
        "type": "Point",
        "coordinates": [
          76.9663281,
          26.6828286
        ]
      },
      "id": "node/14058988399"
    },
    {
      "type": "Feature",
      "properties": {
        "@id": "node/14058988400",
        "amenity": "drinking_water",
        "man_made": "water_tap"
      },
      "geometry": {
        "type": "Point",
        "coordinates": [
          76.9676522,
          26.6842946
        ]
      },
      "id": "node/14058988400"
    },
    {
      "type": "Feature",
      "properties": {
        "@id": "node/14059015009",
        "amenity": "drinking_water",
        "man_made": "water_tap",
        "ref": "6"
      },
      "geometry": {
        "type": "Point",
        "coordinates": [
          75.8809266,
          25.224701
        ]
      },
      "id": "node/14059015009"
    },
    {
      "type": "Feature",
      "properties": {
        "@id": "node/14059015011",
        "amenity": "drinking_water",
        "man_made": "water_tap",
        "ref": "4"
      },
      "geometry": {
        "type": "Point",
        "coordinates": [
          75.880929,
          25.2246801
        ]
      },
      "id": "node/14059015011"
    },
    {
      "type": "Feature",
      "properties": {
        "@id": "node/14059018400",
        "amenity": "drinking_water",
        "man_made": "water_tap",
        "ref": "16"
      },
      "geometry": {
        "type": "Point",
        "coordinates": [
          76.725686,
          26.4672965
        ]
      },
      "id": "node/14059018400"
    },
    {
      "type": "Feature",
      "properties": {
        "@id": "node/14059026507",
        "amenity": "drinking_water",
        "man_made": "water_tap",
        "ref": "15"
      },
      "geometry": {
        "type": "Point",
        "coordinates": [
          76.7256942,
          26.4673032
        ]
      },
      "id": "node/14059026507"
    },
    {
      "type": "Feature",
      "properties": {
        "@id": "node/14059026508",
        "amenity": "drinking_water",
        "man_made": "water_tap",
        "ref": "18"
      },
      "geometry": {
        "type": "Point",
        "coordinates": [
          76.7253134,
          26.4669841
        ]
      },
      "id": "node/14059026508"
    },
    {
      "type": "Feature",
      "properties": {
        "@id": "node/14059026509",
        "amenity": "drinking_water",
        "man_made": "water_tap",
        "ref": "22"
      },
      "geometry": {
        "type": "Point",
        "coordinates": [
          76.7246716,
          26.466457
        ]
      },
      "id": "node/14059026509"
    },
    {
      "type": "Feature",
      "properties": {
        "@id": "node/14059026510",
        "amenity": "drinking_water",
        "man_made": "water_tap",
        "ref": "23"
      },
      "geometry": {
        "type": "Point",
        "coordinates": [
          76.7242773,
          26.4661294
        ]
      },
      "id": "node/14059026510"
    },
    {
      "type": "Feature",
      "properties": {
        "@id": "node/14059026512",
        "amenity": "drinking_water",
        "man_made": "water_tap",
        "ref": "19"
      },
      "geometry": {
        "type": "Point",
        "coordinates": [
          76.7250261,
          26.4667459
        ]
      },
      "id": "node/14059026512"
    },
    {
      "type": "Feature",
      "properties": {
        "@id": "node/14059026522",
        "amenity": "drinking_water",
        "man_made": "water_tap",
        "ref": "24"
      },
      "geometry": {
        "type": "Point",
        "coordinates": [
          76.7242691,
          26.4661227
        ]
      },
      "id": "node/14059026522"
    },
    {
      "type": "Feature",
      "properties": {
        "@id": "node/14059026525",
        "amenity": "drinking_water",
        "man_made": "water_tap",
        "ref": "17"
      },
      "geometry": {
        "type": "Point",
        "coordinates": [
          76.7253216,
          26.4669908
        ]
      },
      "id": "node/14059026525"
    },
    {
      "type": "Feature",
      "properties": {
        "@id": "node/14059026526",
        "amenity": "drinking_water",
        "man_made": "water_tap",
        "ref": "21"
      },
      "geometry": {
        "type": "Point",
        "coordinates": [
          76.7246798,
          26.4664637
        ]
      },
      "id": "node/14059026526"
    },
    {
      "type": "Feature",
      "properties": {
        "@id": "node/14059026530",
        "amenity": "drinking_water",
        "man_made": "water_tap",
        "ref": "20"
      },
      "geometry": {
        "type": "Point",
        "coordinates": [
          76.7250179,
          26.4667392
        ]
      },
      "id": "node/14059026530"
    },
    {
      "type": "Feature",
      "properties": {
        "@id": "node/14059033001",
        "amenity": "drinking_water",
        "man_made": "water_tap",
        "ref": "18"
      },
      "geometry": {
        "type": "Point",
        "coordinates": [
          76.9658285,
          26.6822724
        ]
      },
      "id": "node/14059033001"
    },
    {
      "type": "Feature",
      "properties": {
        "@id": "node/14059033002",
        "amenity": "drinking_water",
        "man_made": "water_tap"
      },
      "geometry": {
        "type": "Point",
        "coordinates": [
          76.9660761,
          26.6825484
        ]
      },
      "id": "node/14059033002"
    },
    {
      "type": "Feature",
      "properties": {
        "@id": "node/14059034904",
        "amenity": "drinking_water",
        "man_made": "water_tap",
        "ref": "12"
      },
      "geometry": {
        "type": "Point",
        "coordinates": [
          77.0307825,
          26.7554572
        ]
      },
      "id": "node/14059034904"
    },
    {
      "type": "Feature",
      "properties": {
        "@id": "node/14059034906",
        "amenity": "drinking_water",
        "man_made": "water_tap",
        "ref": "11"
      },
      "geometry": {
        "type": "Point",
        "coordinates": [
          77.0307763,
          26.7554514
        ]
      },
      "id": "node/14059034906"
    },
    {
      "type": "Feature",
      "properties": {
        "@id": "node/14059034909",
        "amenity": "drinking_water",
        "man_made": "water_tap"
      },
      "geometry": {
        "type": "Point",
        "coordinates": [
          77.0327968,
          26.7577268
        ]
      },
      "id": "node/14059034909"
    },
    {
      "type": "Feature",
      "properties": {
        "@id": "node/14059034910",
        "amenity": "drinking_water",
        "man_made": "water_tap",
        "ref": "13"
      },
      "geometry": {
        "type": "Point",
        "coordinates": [
          77.0307894,
          26.7554625
        ]
      },
      "id": "node/14059034910"
    },
    {
      "type": "Feature",
      "properties": {
        "@id": "node/14059034911",
        "amenity": "drinking_water",
        "man_made": "water_tap",
        "ref": "8"
      },
      "geometry": {
        "type": "Point",
        "coordinates": [
          77.0307579,
          26.7554306
        ]
      },
      "id": "node/14059034911"
    },
    {
      "type": "Feature",
      "properties": {
        "@id": "node/14059034914",
        "amenity": "drinking_water",
        "man_made": "water_tap",
        "ref": "9"
      },
      "geometry": {
        "type": "Point",
        "coordinates": [
          77.0307642,
          26.7554378
        ]
      },
      "id": "node/14059034914"
    },
    {
      "type": "Feature",
      "properties": {
        "@id": "node/14059034918",
        "amenity": "drinking_water",
        "man_made": "water_tap",
        "ref": "10"
      },
      "geometry": {
        "type": "Point",
        "coordinates": [
          77.0307704,
          26.7554452
        ]
      },
      "id": "node/14059034918"
    },
    {
      "type": "Feature",
      "properties": {
        "@id": "node/14059039236",
        "amenity": "drinking_water",
        "man_made": "water_tap"
      },
      "geometry": {
        "type": "Point",
        "coordinates": [
          77.4847277,
          27.2373605
        ]
      },
      "id": "node/14059039236"
    },
    {
      "type": "Feature",
      "properties": {
        "@id": "node/14059039237",
        "amenity": "drinking_water",
        "man_made": "water_tap"
      },
      "geometry": {
        "type": "Point",
        "coordinates": [
          77.4846944,
          27.2373633
        ]
      },
      "id": "node/14059039237"
    },
    {
      "type": "Feature",
      "properties": {
        "@id": "node/14059039238",
        "amenity": "drinking_water",
        "man_made": "water_tap"
      },
      "geometry": {
        "type": "Point",
        "coordinates": [
          77.4872066,
          27.2371385
        ]
      },
      "id": "node/14059039238"
    },
    {
      "type": "Feature",
      "properties": {
        "@id": "node/14059039240",
        "amenity": "drinking_water",
        "man_made": "water_tap"
      },
      "geometry": {
        "type": "Point",
        "coordinates": [
          77.4847021,
          27.2373625
        ]
      },
      "id": "node/14059039240"
    },
    {
      "type": "Feature",
      "properties": {
        "@id": "node/14059039241",
        "amenity": "drinking_water",
        "man_made": "water_tap"
      },
      "geometry": {
        "type": "Point",
        "coordinates": [
          77.4847192,
          27.2373611
        ]
      },
      "id": "node/14059039241"
    },
    {
      "type": "Feature",
      "properties": {
        "@id": "node/14059039242",
        "amenity": "drinking_water",
        "man_made": "water_tap"
      },
      "geometry": {
        "type": "Point",
        "coordinates": [
          77.4847102,
          27.237362
        ]
      },
      "id": "node/14059039242"
    },
    {
      "type": "Feature",
      "properties": {
        "@id": "node/14059039244",
        "amenity": "drinking_water",
        "man_made": "water_tap"
      },
      "geometry": {
        "type": "Point",
        "coordinates": [
          77.4881668,
          27.2370342
        ]
      },
      "id": "node/14059039244"
    },
    {
      "type": "Feature",
      "properties": {
        "@id": "node/14059047001",
        "amenity": "drinking_water",
        "man_made": "water_tap",
        "ref": "19"
      },
      "geometry": {
        "type": "Point",
        "coordinates": [
          77.6735787,
          27.4840009
        ]
      },
      "id": "node/14059047001"
    },
    {
      "type": "Feature",
      "properties": {
        "@id": "node/14059047003",
        "amenity": "drinking_water",
        "man_made": "water_tap",
        "ref": "15"
      },
      "geometry": {
        "type": "Point",
        "coordinates": [
          77.6737754,
          27.4848962
        ]
      },
      "id": "node/14059047003"
    },
    {
      "type": "Feature",
      "properties": {
        "@id": "node/14059047004",
        "amenity": "drinking_water",
        "man_made": "water_tap"
      },
      "geometry": {
        "type": "Point",
        "coordinates": [
          77.6730364,
          27.4814654
        ]
      },
      "id": "node/14059047004"
    },
    {
      "type": "Feature",
      "properties": {
        "@id": "node/14059047005",
        "amenity": "drinking_water",
        "man_made": "water_tap",
        "ref": "9"
      },
      "geometry": {
        "type": "Point",
        "coordinates": [
          77.6739688,
          27.485777
        ]
      },
      "id": "node/14059047005"
    },
    {
      "type": "Feature",
      "properties": {
        "@id": "node/14059047007",
        "amenity": "drinking_water",
        "man_made": "water_tap"
      },
      "geometry": {
        "type": "Point",
        "coordinates": [
          77.6734513,
          27.4834299
        ]
      },
      "id": "node/14059047007"
    },
    {
      "type": "Feature",
      "properties": {
        "@id": "node/14059047009",
        "amenity": "drinking_water",
        "man_made": "water_tap",
        "ref": "7"
      },
      "geometry": {
        "type": "Point",
        "coordinates": [
          77.6739658,
          27.4857624
        ]
      },
      "id": "node/14059047009"
    },
    {
      "type": "Feature",
      "properties": {
        "@id": "node/14059047010",
        "amenity": "drinking_water",
        "man_made": "water_tap",
        "ref": "14"
      },
      "geometry": {
        "type": "Point",
        "coordinates": [
          77.6737737,
          27.4848904
        ]
      },
      "id": "node/14059047010"
    },
    {
      "type": "Feature",
      "properties": {
        "@id": "node/14059047011",
        "amenity": "drinking_water",
        "man_made": "water_tap",
        "ref": "8"
      },
      "geometry": {
        "type": "Point",
        "coordinates": [
          77.6739674,
          27.4857694
        ]
      },
      "id": "node/14059047011"
    },
    {
      "type": "Feature",
      "properties": {
        "@id": "node/14059047018",
        "amenity": "drinking_water",
        "man_made": "water_tap"
      },
      "geometry": {
        "type": "Point",
        "coordinates": [
          77.6730311,
          27.4814423
        ]
      },
      "id": "node/14059047018"
    },
    {
      "type": "Feature",
      "properties": {
        "@id": "node/14063271203",
        "amenity": "drinking_water",
        "bottle": "yes",
        "cold_water": "yes",
        "fee": "no",
        "fountain": "water_tap",
        "hot_water": "no",
        "iced_water": "no",
        "opening_hours": "24/7",
        "panoramax": "34c1750c-4153-4a56-a165-93e3465a4057",
        "panoramax:0": "f5708bd5-b1d2-44cf-af8f-74facea7dd8c",
        "room_temperature_water": "no",
        "seasonal": "no",
        "start_date": "2024",
        "warm_water": "no"
      },
      "geometry": {
        "type": "Point",
        "coordinates": [
          73.0152394,
          26.2980843
        ]
      },
      "id": "node/14063271203"
    },
    {
      "type": "Feature",
      "properties": {
        "@id": "node/14091987183",
        "amenity": "drinking_water"
      },
      "geometry": {
        "type": "Point",
        "coordinates": [
          87.3009889,
          23.064752
        ]
      },
      "id": "node/14091987183"
    },
    {
      "type": "Feature",
      "properties": {
        "@id": "node/14134188841",
        "amenity": "drinking_water"
      },
      "geometry": {
        "type": "Point",
        "coordinates": [
          75.8663651,
          25.1439623
        ]
      },
      "id": "node/14134188841"
    },
    {
      "type": "Feature",
      "properties": {
        "@id": "node/14134188844",
        "amenity": "drinking_water"
      },
      "geometry": {
        "type": "Point",
        "coordinates": [
          75.8663352,
          25.1444644
        ]
      },
      "id": "node/14134188844"
    },
    {
      "type": "Feature",
      "properties": {
        "@id": "node/14134441904",
        "amenity": "drinking_water"
      },
      "geometry": {
        "type": "Point",
        "coordinates": [
          75.9732326,
          24.7290784
        ]
      },
      "id": "node/14134441904"
    },
    {
      "type": "Feature",
      "properties": {
        "@id": "node/14134502777",
        "amenity": "drinking_water"
      },
      "geometry": {
        "type": "Point",
        "coordinates": [
          75.6488111,
          24.0685414
        ]
      },
      "id": "node/14134502777"
    },
    {
      "type": "Feature",
      "properties": {
        "@id": "node/14136258232",
        "amenity": "drinking_water"
      },
      "geometry": {
        "type": "Point",
        "coordinates": [
          75.601605,
          23.9468523
        ]
      },
      "id": "node/14136258232"
    },
    {
      "type": "Feature",
      "properties": {
        "@id": "node/14136258234",
        "amenity": "drinking_water"
      },
      "geometry": {
        "type": "Point",
        "coordinates": [
          75.6015828,
          23.9474797
        ]
      },
      "id": "node/14136258234"
    },
    {
      "type": "Feature",
      "properties": {
        "@id": "node/14136258235",
        "amenity": "drinking_water"
      },
      "geometry": {
        "type": "Point",
        "coordinates": [
          75.6015933,
          23.9471723
        ]
      },
      "id": "node/14136258235"
    },
    {
      "type": "Feature",
      "properties": {
        "@id": "node/14136258236",
        "amenity": "drinking_water"
      },
      "geometry": {
        "type": "Point",
        "coordinates": [
          75.6016244,
          23.9465681
        ]
      },
      "id": "node/14136258236"
    },
    {
      "type": "Feature",
      "properties": {
        "@id": "node/14136535599",
        "amenity": "drinking_water"
      },
      "geometry": {
        "type": "Point",
        "coordinates": [
          75.5004471,
          23.5666174
        ]
      },
      "id": "node/14136535599"
    },
    {
      "type": "Feature",
      "properties": {
        "@id": "node/14148052961",
        "amenity": "drinking_water"
      },
      "geometry": {
        "type": "Point",
        "coordinates": [
          87.7905663,
          22.8776475
        ]
      },
      "id": "node/14148052961"
    },
    {
      "type": "Feature",
      "properties": {
        "@id": "node/14150068889",
        "access": "yes",
        "amenity": "drinking_water",
        "fee": "no",
        "wheelchair": "yes"
      },
      "geometry": {
        "type": "Point",
        "coordinates": [
          88.7103989,
          26.5594415
        ]
      },
      "id": "node/14150068889"
    },
    {
      "type": "Feature",
      "properties": {
        "@id": "node/14150068890",
        "access": "yes",
        "amenity": "drinking_water",
        "fee": "no",
        "wheelchair": "yes"
      },
      "geometry": {
        "type": "Point",
        "coordinates": [
          88.7108142,
          26.5595226
        ]
      },
      "id": "node/14150068890"
    },
    {
      "type": "Feature",
      "properties": {
        "@id": "node/14150068891",
        "access": "yes",
        "amenity": "drinking_water",
        "fee": "no",
        "wheelchair": "yes"
      },
      "geometry": {
        "type": "Point",
        "coordinates": [
          88.7111419,
          26.5595804
        ]
      },
      "id": "node/14150068891"
    },
    {
      "type": "Feature",
      "properties": {
        "@id": "node/14150068892",
        "access": "yes",
        "amenity": "drinking_water",
        "fee": "no",
        "wheelchair": "yes"
      },
      "geometry": {
        "type": "Point",
        "coordinates": [
          88.7115783,
          26.559656
        ]
      },
      "id": "node/14150068892"
    },
    {
      "type": "Feature",
      "properties": {
        "@id": "node/14150068893",
        "access": "yes",
        "amenity": "drinking_water",
        "fee": "no",
        "wheelchair": "yes"
      },
      "geometry": {
        "type": "Point",
        "coordinates": [
          88.7119188,
          26.5597132
        ]
      },
      "id": "node/14150068893"
    },
    {
      "type": "Feature",
      "properties": {
        "@id": "node/14150068894",
        "access": "yes",
        "amenity": "drinking_water",
        "fee": "no",
        "wheelchair": "yes"
      },
      "geometry": {
        "type": "Point",
        "coordinates": [
          88.7122872,
          26.5597801
        ]
      },
      "id": "node/14150068894"
    },
    {
      "type": "Feature",
      "properties": {
        "@id": "node/14152528242",
        "amenity": "drinking_water",
        "level": "1",
        "wheelchair": "yes"
      },
      "geometry": {
        "type": "Point",
        "coordinates": [
          80.2334641,
          26.5111658
        ]
      },
      "id": "node/14152528242"
    }
  ]
}