{
  "type": "FeatureCollection",
  "generator": "overpass-turbo",
  "copyright": "The data included in this document is from www.openstreetmap.org. The data is made available under ODbL.",
  "timestamp": "2026-09-06T09:18:36Z",
  "features": [
    {
      "type": "Feature",
      "properties": {
        "@id": "node/452414173",
        "amenity": "drinking_water"
      },
      "geometry": {
        "type": "Point",
        "coordinates": [
          77.5887312,
          12.9685163
        ]
      },
      "id": "node/452414173"
    },
    {
      "type": "Feature",
      "properties": {
        "@id": "node/663564844",
        "amenity": "drinking_water"
      },
      "geometry": {
        "type": "Point",
        "coordinates": [
          77.5906196,
          12.9741326
        ]
      },
      "id": "node/663564844"
    },
    {
      "type": "Feature",
      "properties": {
        "@id": "node/663981353",
        "amenity": "drinking_water",
        "name": "chilled water"
      },
      "geometry": {
        "type": "Point",
        "coordinates": [
          80.1392286,
          17.2484031
        ]
      },
      "id": "node/663981353"
    },
    {
      "type": "Feature",
      "properties": {
        "@id": "node/663981369",
        "amenity": "drinking_water",
        "name": "chilled water"
      },
      "geometry": {
        "type": "Point",
        "coordinates": [
          80.1389551,
          17.2496913
        ]
      },
      "id": "node/663981369"
    },
    {
      "type": "Feature",
      "properties": {
        "@id": "node/663981371",
        "amenity": "drinking_water",
        "name": "chilled water"
      },
      "geometry": {
        "type": "Point",
        "coordinates": [
          80.1385575,
          17.2498399
        ]
      },
      "id": "node/663981371"
    },
    {
      "type": "Feature",
      "properties": {
        "@id": "node/739455669",
        "amenity": "drinking_water"
      },
      "geometry": {
        "type": "Point",
        "coordinates": [
          78.4256435,
          17.4218125
        ]
      },
      "id": "node/739455669"
    },
    {
      "type": "Feature",
      "properties": {
        "@id": "node/791293202",
        "amenity": "drinking_water"
      },
      "geometry": {
        "type": "Point",
        "coordinates": [
          80.1691287,
          17.0733377
        ]
      },
      "id": "node/791293202"
    },
    {
      "type": "Feature",
      "properties": {
        "@id": "node/824196620",
        "amenity": "drinking_water",
        "name": "Public Drinking Water Facility",
        "name:kn": "ಸಾರ್ವಜನಿಕ ಕುಡಿಯುವ ನೀರು"
      },
      "geometry": {
        "type": "Point",
        "coordinates": [
          76.9431263,
          13.3095317
        ]
      },
      "id": "node/824196620"
    },
    {
      "type": "Feature",
      "properties": {
        "@id": "node/840379037",
        "amenity": "drinking_water"
      },
      "geometry": {
        "type": "Point",
        "coordinates": [
          80.1602446,
          17.2624218
        ]
      },
      "id": "node/840379037"
    },
    {
      "type": "Feature",
      "properties": {
        "@id": "node/840379060",
        "amenity": "drinking_water"
      },
      "geometry": {
        "type": "Point",
        "coordinates": [
          80.160135,
          17.2647303
        ]
      },
      "id": "node/840379060"
    },
    {
      "type": "Feature",
      "properties": {
        "@id": "node/980499510",
        "amenity": "drinking_water",
        "name": "Pump"
      },
      "geometry": {
        "type": "Point",
        "coordinates": [
          76.4584716,
          15.33947
        ]
      },
      "id": "node/980499510"
    },
    {
      "type": "Feature",
      "properties": {
        "@id": "node/1074947838",
        "amenity": "drinking_water",
        "name": "Drinking Water - Platform 7"
      },
      "geometry": {
        "type": "Point",
        "coordinates": [
          73.1316016,
          19.2352912
        ]
      },
      "id": "node/1074947838"
    },
    {
      "type": "Feature",
      "properties": {
        "@id": "node/1119745894",
        "amenity": "drinking_water"
      },
      "geometry": {
        "type": "Point",
        "coordinates": [
          80.1267805,
          12.9366889
        ]
      },
      "id": "node/1119745894"
    },
    {
      "type": "Feature",
      "properties": {
        "@id": "node/1224082243",
        "amenity": "drinking_water"
      },
      "geometry": {
        "type": "Point",
        "coordinates": [
          80.1420293,
          17.2504501
        ]
      },
      "id": "node/1224082243"
    },
    {
      "type": "Feature",
      "properties": {
        "@id": "node/1231930253",
        "amenity": "drinking_water",
        "operator": "Khammam Municipality"
      },
      "geometry": {
        "type": "Point",
        "coordinates": [
          80.1425687,
          17.2414553
        ]
      },
      "id": "node/1231930253"
    },
    {
      "type": "Feature",
      "properties": {
        "@id": "node/1242857667",
        "amenity": "drinking_water"
      },
      "geometry": {
        "type": "Point",
        "coordinates": [
          76.1612009,
          15.3410054
        ]
      },
      "id": "node/1242857667"
    },
    {
      "type": "Feature",
      "properties": {
        "@id": "node/1416856504",
        "amenity": "drinking_water"
      },
      "geometry": {
        "type": "Point",
        "coordinates": [
          78.4451337,
          17.4458641
        ]
      },
      "id": "node/1416856504"
    },
    {
      "type": "Feature",
      "properties": {
        "@id": "node/1454680813",
        "amenity": "drinking_water",
        "man_made": "water_well",
        "operator": "Khammam Municipality",
        "ref": "19/22"
      },
      "geometry": {
        "type": "Point",
        "coordinates": [
          80.1427583,
          17.2410767
        ]
      },
      "id": "node/1454680813"
    },
    {
      "type": "Feature",
      "properties": {
        "@id": "node/1468021557",
        "amenity": "drinking_water",
        "designation": "water tank",
        "source": "local"
      },
      "geometry": {
        "type": "Point",
        "coordinates": [
          77.1663833,
          14.9282503
        ]
      },
      "id": "node/1468021557"
    },
    {
      "type": "Feature",
      "properties": {
        "@id": "node/1611575660",
        "amenity": "drinking_water"
      },
      "geometry": {
        "type": "Point",
        "coordinates": [
          75.2511241,
          13.4169262
        ]
      },
      "id": "node/1611575660"
    },
    {
      "type": "Feature",
      "properties": {
        "@id": "node/1621154471",
        "amenity": "drinking_water"
      },
      "geometry": {
        "type": "Point",
        "coordinates": [
          75.4072357,
          13.0906837
        ]
      },
      "id": "node/1621154471"
    },
    {
      "type": "Feature",
      "properties": {
        "@id": "node/1632941268",
        "amenity": "drinking_water",
        "check_date": "2023-10-15",
        "man_made": "water_tap"
      },
      "geometry": {
        "type": "Point",
        "coordinates": [
          73.9126269,
          15.5042749
        ]
      },
      "id": "node/1632941268"
    },
    {
      "type": "Feature",
      "properties": {
        "@id": "node/1641813917",
        "amenity": "drinking_water"
      },
      "geometry": {
        "type": "Point",
        "coordinates": [
          72.8242924,
          19.0719665
        ]
      },
      "id": "node/1641813917"
    },
    {
      "type": "Feature",
      "properties": {
        "@id": "node/1673659058",
        "amenity": "drinking_water"
      },
      "geometry": {
        "type": "Point",
        "coordinates": [
          75.2024473,
          17.0287079
        ]
      },
      "id": "node/1673659058"
    },
    {
      "type": "Feature",
      "properties": {
        "@id": "node/1759929500",
        "amenity": "drinking_water"
      },
      "geometry": {
        "type": "Point",
        "coordinates": [
          73.9693512,
          16.8506859
        ]
      },
      "id": "node/1759929500"
    },
    {
      "type": "Feature",
      "properties": {
        "@id": "node/1759976149",
        "amenity": "drinking_water"
      },
      "geometry": {
        "type": "Point",
        "coordinates": [
          73.9408661,
          16.8400016
        ]
      },
      "id": "node/1759976149"
    },
    {
      "type": "Feature",
      "properties": {
        "@id": "node/1764133439",
        "amenity": "drinking_water"
      },
      "geometry": {
        "type": "Point",
        "coordinates": [
          80.2156062,
          12.9712545
        ]
      },
      "id": "node/1764133439"
    },
    {
      "type": "Feature",
      "properties": {
        "@id": "node/1789006140",
        "amenity": "drinking_water",
        "natural": "spring",
        "religion": "hindu"
      },
      "geometry": {
        "type": "Point",
        "coordinates": [
          74.3124087,
          14.5394246
        ]
      },
      "id": "node/1789006140"
    },
    {
      "type": "Feature",
      "properties": {
        "@id": "node/1818619978",
        "amenity": "drinking_water"
      },
      "geometry": {
        "type": "Point",
        "coordinates": [
          79.6978098,
          13.7475766
        ]
      },
      "id": "node/1818619978"
    },
    {
      "type": "Feature",
      "properties": {
        "@id": "node/1921716491",
        "addr:street": "College Street, khajipalem.",
        "amenity": "drinking_water",
        "name": "Khajipalem Water Supply "
      },
      "geometry": {
        "type": "Point",
        "coordinates": [
          80.6052236,
          15.9705416
        ]
      },
      "id": "node/1921716491"
    },
    {
      "type": "Feature",
      "properties": {
        "@id": "node/2149942503",
        "amenity": "drinking_water"
      },
      "geometry": {
        "type": "Point",
        "coordinates": [
          74.8147101,
          13.8641883
        ]
      },
      "id": "node/2149942503"
    },
    {
      "type": "Feature",
      "properties": {
        "@id": "node/2152912077",
        "amenity": "drinking_water",
        "designation": "Sasi Memorial Community Water Tank",
        "name": "Sasi Memorial Driking Water Plant"
      },
      "geometry": {
        "type": "Point",
        "coordinates": [
          81.6886497,
          16.8472058
        ]
      },
      "id": "node/2152912077"
    },
    {
      "type": "Feature",
      "properties": {
        "@id": "node/2189176391",
        "amenity": "drinking_water",
        "operator": "Sushil Banwarilal Singhania",
        "tourism": "artwork"
      },
      "geometry": {
        "type": "Point",
        "coordinates": [
          72.8315681,
          18.9331661
        ]
      },
      "id": "node/2189176391"
    },
    {
      "type": "Feature",
      "properties": {
        "@id": "node/2270799516",
        "amenity": "drinking_water"
      },
      "geometry": {
        "type": "Point",
        "coordinates": [
          73.8536062,
          18.5081801
        ]
      },
      "id": "node/2270799516"
    },
    {
      "type": "Feature",
      "properties": {
        "@id": "node/2339219755",
        "amenity": "drinking_water"
      },
      "geometry": {
        "type": "Point",
        "coordinates": [
          80.2359984,
          13.0110884
        ]
      },
      "id": "node/2339219755"
    },
    {
      "type": "Feature",
      "properties": {
        "@id": "node/2531100667",
        "amenity": "drinking_water"
      },
      "geometry": {
        "type": "Point",
        "coordinates": [
          72.612715,
          23.1246666
        ]
      },
      "id": "node/2531100667"
    },
    {
      "type": "Feature",
      "properties": {
        "@id": "node/2531100773",
        "amenity": "drinking_water"
      },
      "geometry": {
        "type": "Point",
        "coordinates": [
          72.6131131,
          23.1265065
        ]
      },
      "id": "node/2531100773"
    },
    {
      "type": "Feature",
      "properties": {
        "@id": "node/2531100902",
        "amenity": "drinking_water"
      },
      "geometry": {
        "type": "Point",
        "coordinates": [
          72.6141411,
          23.1265389
        ]
      },
      "id": "node/2531100902"
    },
    {
      "type": "Feature",
      "properties": {
        "@id": "node/2531101032",
        "amenity": "drinking_water"
      },
      "geometry": {
        "type": "Point",
        "coordinates": [
          72.6130627,
          23.1233101
        ]
      },
      "id": "node/2531101032"
    },
    {
      "type": "Feature",
      "properties": {
        "@id": "node/2531101150",
        "amenity": "drinking_water"
      },
      "geometry": {
        "type": "Point",
        "coordinates": [
          72.6135147,
          23.1247876
        ]
      },
      "id": "node/2531101150"
    },
    {
      "type": "Feature",
      "properties": {
        "@id": "node/2568650320",
        "amenity": "drinking_water"
      },
      "geometry": {
        "type": "Point",
        "coordinates": [
          72.9272891,
          19.0424756
        ]
      },
      "id": "node/2568650320"
    },
    {
      "type": "Feature",
      "properties": {
        "@id": "node/2568659863",
        "amenity": "drinking_water"
      },
      "geometry": {
        "type": "Point",
        "coordinates": [
          72.9283171,
          19.0420204
        ]
      },
      "id": "node/2568659863"
    },
    {
      "type": "Feature",
      "properties": {
        "@id": "node/2583469298",
        "amenity": "drinking_water",
        "name": "Handpump"
      },
      "geometry": {
        "type": "Point",
        "coordinates": [
          77.3847502,
          16.6914451
        ]
      },
      "id": "node/2583469298"
    },
    {
      "type": "Feature",
      "properties": {
        "@id": "node/2618478651",
        "amenity": "drinking_water"
      },
      "geometry": {
        "type": "Point",
        "coordinates": [
          73.8587062,
          18.5008044
        ]
      },
      "id": "node/2618478651"
    },
    {
      "type": "Feature",
      "properties": {
        "@id": "node/2618478723",
        "amenity": "drinking_water"
      },
      "geometry": {
        "type": "Point",
        "coordinates": [
          73.8411664,
          18.5079677
        ]
      },
      "id": "node/2618478723"
    },
    {
      "type": "Feature",
      "properties": {
        "@id": "node/2634802207",
        "amenity": "drinking_water",
        "name": "Hand Pump"
      },
      "geometry": {
        "type": "Point",
        "coordinates": [
          77.057554,
          16.594835
        ]
      },
      "id": "node/2634802207"
    },
    {
      "type": "Feature",
      "properties": {
        "@id": "node/2634802211",
        "amenity": "drinking_water",
        "is_in": "Beeranakal",
        "name": "Hand Pump"
      },
      "geometry": {
        "type": "Point",
        "coordinates": [
          77.0368515,
          16.6002558
        ]
      },
      "id": "node/2634802211"
    },
    {
      "type": "Feature",
      "properties": {
        "@id": "node/2634802215",
        "amenity": "drinking_water",
        "is_in": "Beeranakal",
        "name": "Hand Pump"
      },
      "geometry": {
        "type": "Point",
        "coordinates": [
          77.035546,
          16.601202
        ]
      },
      "id": "node/2634802215"
    },
    {
      "type": "Feature",
      "properties": {
        "@id": "node/2634802218",
        "amenity": "drinking_water",
        "is_in": "Tekarahal",
        "name": "Hand Pump"
      },
      "geometry": {
        "type": "Point",
        "coordinates": [
          77.0614115,
          16.6288869
        ]
      },
      "id": "node/2634802218"
    },
    {
      "type": "Feature",
      "properties": {
        "@id": "node/2634802221",
        "amenity": "drinking_water",
        "is_in": "Tekarahal",
        "name": "Hand Pump"
      },
      "geometry": {
        "type": "Point",
        "coordinates": [
          77.0581212,
          16.6311577
        ]
      },
      "id": "node/2634802221"
    },
    {
      "type": "Feature",
      "properties": {
        "@id": "node/2634802224",
        "amenity": "drinking_water",
        "is_in": "Tekarahal",
        "name": "Hand Pump"
      },
      "geometry": {
        "type": "Point",
        "coordinates": [
          77.0608025,
          16.6322518
        ]
      },
      "id": "node/2634802224"
    },
    {
      "type": "Feature",
      "properties": {
        "@id": "node/2634802227",
        "amenity": "drinking_water",
        "is_in": "Ullesugur",
        "name": "Hand Pump"
      },
      "geometry": {
        "type": "Point",
        "coordinates": [
          77.082633,
          16.642399
        ]
      },
      "id": "node/2634802227"
    },
    {
      "type": "Feature",
      "properties": {
        "@id": "node/2634802230",
        "amenity": "drinking_water",
        "is_in": "Ullesugur",
        "name": "Hand Pump"
      },
      "geometry": {
        "type": "Point",
        "coordinates": [
          77.080339,
          16.64639
        ]
      },
      "id": "node/2634802230"
    },
    {
      "type": "Feature",
      "properties": {
        "@id": "node/2634802233",
        "amenity": "drinking_water",
        "is_in": "Ullesuguru Tanda",
        "name": "Hand Pump"
      },
      "geometry": {
        "type": "Point",
        "coordinates": [
          77.076182,
          16.661582
        ]
      },
      "id": "node/2634802233"
    },
    {
      "type": "Feature",
      "properties": {
        "@id": "node/2634802235",
        "amenity": "drinking_water",
        "is_in": "Malahalli",
        "name": "Hand Pump"
      },
      "geometry": {
        "type": "Point",
        "coordinates": [
          77.065324,
          16.675533
        ]
      },
      "id": "node/2634802235"
    },
    {
      "type": "Feature",
      "properties": {
        "@id": "node/2634802242",
        "amenity": "drinking_water",
        "is_in": "Malahalli",
        "name": "Hand Pump",
        "name:kn": "ನೀರು ಪಂಪ್"
      },
      "geometry": {
        "type": "Point",
        "coordinates": [
          77.064412,
          16.67783
        ]
      },
      "id": "node/2634802242"
    },
    {
      "type": "Feature",
      "properties": {
        "@id": "node/2634802250",
        "amenity": "drinking_water",
        "is_in": "Malahalli",
        "name": "Hand Pump"
      },
      "geometry": {
        "type": "Point",
        "coordinates": [
          77.064446,
          16.678019
        ]
      },
      "id": "node/2634802250"
    },
    {
      "type": "Feature",
      "properties": {
        "@id": "node/2634802429",
        "amenity": "drinking_water",
        "is_in": "Beeranakal",
        "name": "Well",
        "name:kn": "ಬಾವಿ"
      },
      "geometry": {
        "type": "Point",
        "coordinates": [
          77.0372453,
          16.600235
        ]
      },
      "id": "node/2634802429"
    },
    {
      "type": "Feature",
      "properties": {
        "@id": "node/2634802432",
        "amenity": "drinking_water",
        "is_in": "Beeranakal",
        "name": "Well"
      },
      "geometry": {
        "type": "Point",
        "coordinates": [
          77.03713,
          16.600603
        ]
      },
      "id": "node/2634802432"
    },
    {
      "type": "Feature",
      "properties": {
        "@id": "node/2634802436",
        "amenity": "drinking_water",
        "is_in": "Ullesuguru Tanda",
        "name": "Well",
        "name:kn": "ಬಾವಿ"
      },
      "geometry": {
        "type": "Point",
        "coordinates": [
          77.0755348,
          16.6607313
        ]
      },
      "id": "node/2634802436"
    },
    {
      "type": "Feature",
      "properties": {
        "@id": "node/2634802439",
        "amenity": "drinking_water",
        "is_in": "Malahalli",
        "name": "Well",
        "name:kn": "ಬಾವಿ"
      },
      "geometry": {
        "type": "Point",
        "coordinates": [
          77.065259,
          16.676155
        ]
      },
      "id": "node/2634802439"
    },
    {
      "type": "Feature",
      "properties": {
        "@id": "node/2634802443",
        "amenity": "drinking_water",
        "is_in": "Malahalli",
        "name": "Well",
        "name:kn": "ಬಾವಿ"
      },
      "geometry": {
        "type": "Point",
        "coordinates": [
          77.065481,
          16.676468
        ]
      },
      "id": "node/2634802443"
    },
    {
      "type": "Feature",
      "properties": {
        "@id": "node/2635030359",
        "addr:city": "Mandagahalli",
        "amenity": "drinking_water"
      },
      "geometry": {
        "type": "Point",
        "coordinates": [
          76.8369138,
          16.5761513
        ]
      },
      "id": "node/2635030359"
    },
    {
      "type": "Feature",
      "properties": {
        "@id": "node/2635030363",
        "amenity": "drinking_water",
        "is_in": "Kongandi",
        "name": "Hand Pump"
      },
      "geometry": {
        "type": "Point",
        "coordinates": [
          76.849193,
          16.576258
        ]
      },
      "id": "node/2635030363"
    },
    {
      "type": "Feature",
      "properties": {
        "@id": "node/2635030367",
        "amenity": "drinking_water",
        "is_in": "Kongandi",
        "name": "Hand Pump"
      },
      "geometry": {
        "type": "Point",
        "coordinates": [
          76.8472734,
          16.5771634
        ]
      },
      "id": "node/2635030367"
    },
    {
      "type": "Feature",
      "properties": {
        "@id": "node/2635030371",
        "amenity": "drinking_water",
        "is_in": "Kongandi",
        "name": "Hand Pump"
      },
      "geometry": {
        "type": "Point",
        "coordinates": [
          76.848908,
          16.577567
        ]
      },
      "id": "node/2635030371"
    },
    {
      "type": "Feature",
      "properties": {
        "@id": "node/2635030375",
        "amenity": "drinking_water",
        "is_in": "Kongandi",
        "name": "Hand Pump",
        "name:kn": "ನೀರು ಪಂಪ್"
      },
      "geometry": {
        "type": "Point",
        "coordinates": [
          76.8489452,
          16.578229
        ]
      },
      "id": "node/2635030375"
    },
    {
      "type": "Feature",
      "properties": {
        "@id": "node/2635030379",
        "amenity": "drinking_water",
        "is_in": "Kongandi",
        "name": "Hand Pump"
      },
      "geometry": {
        "type": "Point",
        "coordinates": [
          76.8467167,
          16.5785216
        ]
      },
      "id": "node/2635030379"
    },
    {
      "type": "Feature",
      "properties": {
        "@id": "node/2635030389",
        "amenity": "drinking_water",
        "name": "Hand Pump"
      },
      "geometry": {
        "type": "Point",
        "coordinates": [
          76.815584,
          16.583224
        ]
      },
      "id": "node/2635030389"
    },
    {
      "type": "Feature",
      "properties": {
        "@id": "node/2635030393",
        "amenity": "drinking_water",
        "name": "Hand Pump"
      },
      "geometry": {
        "type": "Point",
        "coordinates": [
          76.815871,
          16.583559
        ]
      },
      "id": "node/2635030393"
    },
    {
      "type": "Feature",
      "properties": {
        "@id": "node/2635030396",
        "amenity": "drinking_water",
        "is_in": "Shardahalli",
        "name": "Hand Pump"
      },
      "geometry": {
        "type": "Point",
        "coordinates": [
          76.815951,
          16.5881
        ]
      },
      "id": "node/2635030396"
    },
    {
      "type": "Feature",
      "properties": {
        "@id": "node/2635030400",
        "amenity": "drinking_water",
        "is_in": "Shardahalli",
        "name": "Hand Pump"
      },
      "geometry": {
        "type": "Point",
        "coordinates": [
          76.816055,
          16.590229
        ]
      },
      "id": "node/2635030400"
    },
    {
      "type": "Feature",
      "properties": {
        "@id": "node/2635030403",
        "amenity": "drinking_water",
        "is_in": "Shardahalli",
        "name": "Hand Pump"
      },
      "geometry": {
        "type": "Point",
        "coordinates": [
          76.815529,
          16.590269
        ]
      },
      "id": "node/2635030403"
    },
    {
      "type": "Feature",
      "properties": {
        "@id": "node/2635030407",
        "amenity": "drinking_water",
        "is_in": "Shardahalli",
        "name": "Hand Pump"
      },
      "geometry": {
        "type": "Point",
        "coordinates": [
          76.8164488,
          16.5903761
        ]
      },
      "id": "node/2635030407"
    },
    {
      "type": "Feature",
      "properties": {
        "@id": "node/2635030410",
        "amenity": "drinking_water",
        "is_in": "Hattigudur",
        "name": "Hand Pump"
      },
      "geometry": {
        "type": "Point",
        "coordinates": [
          76.880744,
          16.602395
        ]
      },
      "id": "node/2635030410"
    },
    {
      "type": "Feature",
      "properties": {
        "@id": "node/2635030414",
        "amenity": "drinking_water",
        "is_in": "Hattigudur",
        "name": "Hand Pump"
      },
      "geometry": {
        "type": "Point",
        "coordinates": [
          76.8784795,
          16.6044605
        ]
      },
      "id": "node/2635030414"
    },
    {
      "type": "Feature",
      "properties": {
        "@id": "node/2635030417",
        "amenity": "drinking_water",
        "is_in": "Hattigudur",
        "name": "Hand Pump"
      },
      "geometry": {
        "type": "Point",
        "coordinates": [
          76.884002,
          16.605454
        ]
      },
      "id": "node/2635030417"
    },
    {
      "type": "Feature",
      "properties": {
        "@id": "node/2635030421",
        "amenity": "drinking_water",
        "is_in": "Hattigudur",
        "name": "Hand Pump"
      },
      "geometry": {
        "type": "Point",
        "coordinates": [
          76.881759,
          16.605732
        ]
      },
      "id": "node/2635030421"
    },
    {
      "type": "Feature",
      "properties": {
        "@id": "node/2635030424",
        "amenity": "drinking_water",
        "is_in": "Hattigudur",
        "name": "Hand Pump",
        "name:kn": "ನೀರು ಪಂಪ್"
      },
      "geometry": {
        "type": "Point",
        "coordinates": [
          76.885126,
          16.606273
        ]
      },
      "id": "node/2635030424"
    },
    {
      "type": "Feature",
      "properties": {
        "@id": "node/2635030427",
        "amenity": "drinking_water",
        "is_in": "Rasthapur",
        "name": "Hand Pump"
      },
      "geometry": {
        "type": "Point",
        "coordinates": [
          76.854526,
          16.629975
        ]
      },
      "id": "node/2635030427"
    },
    {
      "type": "Feature",
      "properties": {
        "@id": "node/2635030431",
        "amenity": "drinking_water",
        "is_in": "Rasthapur",
        "name": "Hand Pump"
      },
      "geometry": {
        "type": "Point",
        "coordinates": [
          76.851476,
          16.630148
        ]
      },
      "id": "node/2635030431"
    },
    {
      "type": "Feature",
      "properties": {
        "@id": "node/2635030434",
        "amenity": "drinking_water",
        "is_in": "Rasthapur",
        "name": "Hand Pump"
      },
      "geometry": {
        "type": "Point",
        "coordinates": [
          76.853204,
          16.630216
        ]
      },
      "id": "node/2635030434"
    },
    {
      "type": "Feature",
      "properties": {
        "@id": "node/2635030438",
        "amenity": "drinking_water",
        "is_in": "Rasthapur",
        "name": "Hand Pump"
      },
      "geometry": {
        "type": "Point",
        "coordinates": [
          76.854525,
          16.630464
        ]
      },
      "id": "node/2635030438"
    },
    {
      "type": "Feature",
      "properties": {
        "@id": "node/2635030439",
        "amenity": "drinking_water",
        "is_in": "Rasthapur",
        "name": "Hand Pump"
      },
      "geometry": {
        "type": "Point",
        "coordinates": [
          76.8530938,
          16.6306757
        ]
      },
      "id": "node/2635030439"
    },
    {
      "type": "Feature",
      "properties": {
        "@id": "node/2635030440",
        "amenity": "drinking_water",
        "is_in": "Rasthapur",
        "name": "Hand Pump"
      },
      "geometry": {
        "type": "Point",
        "coordinates": [
          76.851919,
          16.631065
        ]
      },
      "id": "node/2635030440"
    },
    {
      "type": "Feature",
      "properties": {
        "@id": "node/2635030442",
        "amenity": "drinking_water",
        "is_in": "Rasthapur",
        "name": "Hand Pump"
      },
      "geometry": {
        "type": "Point",
        "coordinates": [
          76.8539995,
          16.6311424
        ]
      },
      "id": "node/2635030442"
    },
    {
      "type": "Feature",
      "properties": {
        "@id": "node/2635030446",
        "amenity": "drinking_water",
        "is_in": "Rasthapur",
        "name": "Hand Pump"
      },
      "geometry": {
        "type": "Point",
        "coordinates": [
          76.8498248,
          16.6315334
        ]
      },
      "id": "node/2635030446"
    },
    {
      "type": "Feature",
      "properties": {
        "@id": "node/2635030450",
        "amenity": "drinking_water",
        "is_in": "Rasthapur",
        "name": "Hand Pump"
      },
      "geometry": {
        "type": "Point",
        "coordinates": [
          76.853769,
          16.632172
        ]
      },
      "id": "node/2635030450"
    },
    {
      "type": "Feature",
      "properties": {
        "@id": "node/2635030453",
        "amenity": "drinking_water",
        "is_in": "Rasthapur",
        "name": "Hand Pump",
        "name:kn": "ನೀರು ಪಂಪ್"
      },
      "geometry": {
        "type": "Point",
        "coordinates": [
          76.848679,
          16.632872
        ]
      },
      "id": "node/2635030453"
    },
    {
      "type": "Feature",
      "properties": {
        "@id": "node/2635030457",
        "amenity": "drinking_water",
        "is_in": "Gohilgera"
      },
      "geometry": {
        "type": "Point",
        "coordinates": [
          76.8514303,
          16.6496422
        ]
      },
      "id": "node/2635030457"
    },
    {
      "type": "Feature",
      "properties": {
        "@id": "node/2635030460",
        "amenity": "drinking_water",
        "is_in": "Gohilgera"
      },
      "geometry": {
        "type": "Point",
        "coordinates": [
          76.851229,
          16.649801
        ]
      },
      "id": "node/2635030460"
    },
    {
      "type": "Feature",
      "properties": {
        "@id": "node/2635030461",
        "amenity": "drinking_water",
        "is_in": "Gohilgera",
        "name": "Hand Pump"
      },
      "geometry": {
        "type": "Point",
        "coordinates": [
          76.851343,
          16.649925
        ]
      },
      "id": "node/2635030461"
    },
    {
      "type": "Feature",
      "properties": {
        "@id": "node/2635030462",
        "amenity": "drinking_water",
        "is_in": "Vibhuthihalli",
        "name": "Hand Pump"
      },
      "geometry": {
        "type": "Point",
        "coordinates": [
          76.856636,
          16.660205
        ]
      },
      "id": "node/2635030462"
    },
    {
      "type": "Feature",
      "properties": {
        "@id": "node/2635030463",
        "amenity": "drinking_water",
        "is_in": "Vibhuthihalli",
        "name": "Hand Pump"
      },
      "geometry": {
        "type": "Point",
        "coordinates": [
          76.858346,
          16.660859
        ]
      },
      "id": "node/2635030463"
    },
    {
      "type": "Feature",
      "properties": {
        "@id": "node/2635030464",
        "amenity": "drinking_water",
        "is_in": "Vibhuthihalli",
        "name": "Hand Pump"
      },
      "geometry": {
        "type": "Point",
        "coordinates": [
          76.857965,
          16.661341
        ]
      },
      "id": "node/2635030464"
    },
    {
      "type": "Feature",
      "properties": {
        "@id": "node/2635030547",
        "amenity": "drinking_water",
        "is_in": "Kongandi",
        "name": "Well",
        "name:kn": "ಬಾವಿ"
      },
      "geometry": {
        "type": "Point",
        "coordinates": [
          76.848317,
          16.577251
        ]
      },
      "id": "node/2635030547"
    },
    {
      "type": "Feature",
      "properties": {
        "@id": "node/2635030548",
        "amenity": "drinking_water",
        "is_in": "Kongandi",
        "name": "Well"
      },
      "geometry": {
        "type": "Point",
        "coordinates": [
          76.8481692,
          16.5778169
        ]
      },
      "id": "node/2635030548"
    },
    {
      "type": "Feature",
      "properties": {
        "@id": "node/2635030549",
        "amenity": "drinking_water",
        "is_in": "Shardahalli",
        "name": "Well",
        "name:kn": "ಬಾವಿ"
      },
      "geometry": {
        "type": "Point",
        "coordinates": [
          76.815995,
          16.589271
        ]
      },
      "id": "node/2635030549"
    },
    {
      "type": "Feature",
      "properties": {
        "@id": "node/2635030550",
        "amenity": "drinking_water",
        "is_in": "Shardahalli",
        "name": "Well",
        "name:kn": "ಬಾವಿ"
      },
      "geometry": {
        "type": "Point",
        "coordinates": [
          76.8145386,
          16.5893396
        ]
      },
      "id": "node/2635030550"
    },
    {
      "type": "Feature",
      "properties": {
        "@id": "node/2635030551",
        "amenity": "drinking_water",
        "is_in": "Shardahalli",
        "name": "Well"
      },
      "geometry": {
        "type": "Point",
        "coordinates": [
          76.815705,
          16.589468
        ]
      },
      "id": "node/2635030551"
    },
    {
      "type": "Feature",
      "properties": {
        "@id": "node/2635030552",
        "amenity": "drinking_water",
        "is_in": "Shardahalli",
        "name": "Well",
        "name:kn": "ಬಾವಿ"
      },
      "geometry": {
        "type": "Point",
        "coordinates": [
          76.8140669,
          16.589534
        ]
      },
      "id": "node/2635030552"
    },
    {
      "type": "Feature",
      "properties": {
        "@id": "node/2635030553",
        "amenity": "drinking_water",
        "is_in": "Shardahalli",
        "name": "Well",
        "name:kn": "ಬಾವಿ"
      },
      "geometry": {
        "type": "Point",
        "coordinates": [
          76.815897,
          16.5899165
        ]
      },
      "id": "node/2635030553"
    },
    {
      "type": "Feature",
      "properties": {
        "@id": "node/2635030554",
        "amenity": "drinking_water",
        "is_in": "Shardahalli",
        "name": "Well",
        "name:kn": "ಬಾವಿ"
      },
      "geometry": {
        "type": "Point",
        "coordinates": [
          76.815351,
          16.590117
        ]
      },
      "id": "node/2635030554"
    },
    {
      "type": "Feature",
      "properties": {
        "@id": "node/2635030555",
        "amenity": "drinking_water",
        "is_in": "Shardahalli",
        "name": "Well",
        "name:kn": "ಬಾವಿ"
      },
      "geometry": {
        "type": "Point",
        "coordinates": [
          76.8163203,
          16.5902489
        ]
      },
      "id": "node/2635030555"
    },
    {
      "type": "Feature",
      "properties": {
        "@id": "node/2635030556",
        "amenity": "drinking_water",
        "is_in": "Hattigudur",
        "name": "Well"
      },
      "geometry": {
        "type": "Point",
        "coordinates": [
          76.8823074,
          16.6032238
        ]
      },
      "id": "node/2635030556"
    },
    {
      "type": "Feature",
      "properties": {
        "@id": "node/2635030557",
        "amenity": "drinking_water",
        "is_in": "Hattigudur",
        "name": "Well"
      },
      "geometry": {
        "type": "Point",
        "coordinates": [
          76.8781426,
          16.6041974
        ]
      },
      "id": "node/2635030557"
    },
    {
      "type": "Feature",
      "properties": {
        "@id": "node/2635030558",
        "amenity": "drinking_water",
        "is_in": "Rasthapur",
        "name": "Well",
        "name:kn": "ಬಾವಿ"
      },
      "geometry": {
        "type": "Point",
        "coordinates": [
          76.853514,
          16.630022
        ]
      },
      "id": "node/2635030558"
    },
    {
      "type": "Feature",
      "properties": {
        "@id": "node/2635030559",
        "amenity": "drinking_water",
        "is_in": "Rasthapur",
        "name": "Well",
        "name:kn": "ಬಾವಿ"
      },
      "geometry": {
        "type": "Point",
        "coordinates": [
          76.850654,
          16.630488
        ]
      },
      "id": "node/2635030559"
    },
    {
      "type": "Feature",
      "properties": {
        "@id": "node/2635030560",
        "amenity": "drinking_water",
        "is_in": "Rasthapur",
        "name": "Well"
      },
      "geometry": {
        "type": "Point",
        "coordinates": [
          76.852639,
          16.630904
        ]
      },
      "id": "node/2635030560"
    },
    {
      "type": "Feature",
      "properties": {
        "@id": "node/2635030561",
        "amenity": "drinking_water",
        "is_in": "Rasthapur",
        "name": "Well",
        "name:kn": "ಬಾವಿ"
      },
      "geometry": {
        "type": "Point",
        "coordinates": [
          76.85166,
          16.631044
        ]
      },
      "id": "node/2635030561"
    },
    {
      "type": "Feature",
      "properties": {
        "@id": "node/2635030562",
        "amenity": "drinking_water",
        "is_in": "Rasthapur",
        "name": "Well"
      },
      "geometry": {
        "type": "Point",
        "coordinates": [
          76.851406,
          16.63106
        ]
      },
      "id": "node/2635030562"
    },
    {
      "type": "Feature",
      "properties": {
        "@id": "node/2635030563",
        "amenity": "drinking_water",
        "is_in": "Rasthapur",
        "name": "Well",
        "name:kn": "ಬಾವಿ"
      },
      "geometry": {
        "type": "Point",
        "coordinates": [
          76.8536848,
          16.6311122
        ]
      },
      "id": "node/2635030563"
    },
    {
      "type": "Feature",
      "properties": {
        "@id": "node/2635030564",
        "amenity": "drinking_water",
        "is_in": "Rasthapur",
        "name": "Well",
        "name:kn": "ಬಾವಿ"
      },
      "geometry": {
        "type": "Point",
        "coordinates": [
          76.853952,
          16.631719
        ]
      },
      "id": "node/2635030564"
    },
    {
      "type": "Feature",
      "properties": {
        "@id": "node/2635030565",
        "amenity": "drinking_water",
        "is_in": "Rasthapur",
        "name": "Well",
        "name:kn": "ಬಾವಿ"
      },
      "geometry": {
        "type": "Point",
        "coordinates": [
          76.85277,
          16.631736
        ]
      },
      "id": "node/2635030565"
    },
    {
      "type": "Feature",
      "properties": {
        "@id": "node/2635030566",
        "amenity": "drinking_water",
        "is_in": "Rasthapur",
        "name": "Well",
        "name:kn": "ಬಾವಿ"
      },
      "geometry": {
        "type": "Point",
        "coordinates": [
          76.8477116,
          16.6344692
        ]
      },
      "id": "node/2635030566"
    },
    {
      "type": "Feature",
      "properties": {
        "@id": "node/2635030567",
        "amenity": "drinking_water",
        "is_in": "Gohilgera",
        "name:kn": "ಬಾವಿ"
      },
      "geometry": {
        "type": "Point",
        "coordinates": [
          76.8511707,
          16.6496594
        ]
      },
      "id": "node/2635030567"
    },
    {
      "type": "Feature",
      "properties": {
        "@id": "node/2635030568",
        "amenity": "drinking_water",
        "is_in": "Vibhuthihalli",
        "name": "Well"
      },
      "geometry": {
        "type": "Point",
        "coordinates": [
          76.857667,
          16.660881
        ]
      },
      "id": "node/2635030568"
    },
    {
      "type": "Feature",
      "properties": {
        "@id": "node/2635030569",
        "amenity": "drinking_water",
        "is_in": "Vibhuthihalli",
        "name": "Well",
        "name:kn": "ಬಾವಿ"
      },
      "geometry": {
        "type": "Point",
        "coordinates": [
          76.858137,
          16.661441
        ]
      },
      "id": "node/2635030569"
    },
    {
      "type": "Feature",
      "properties": {
        "@id": "node/2801208426",
        "amenity": "drinking_water"
      },
      "geometry": {
        "type": "Point",
        "coordinates": [
          73.8385651,
          18.4963735
        ]
      },
      "id": "node/2801208426"
    },
    {
      "type": "Feature",
      "properties": {
        "@id": "node/2841826818",
        "amenity": "drinking_water"
      },
      "geometry": {
        "type": "Point",
        "coordinates": [
          72.9313472,
          18.9639445
        ]
      },
      "id": "node/2841826818"
    },
    {
      "type": "Feature",
      "properties": {
        "@id": "node/2859985577",
        "amenity": "drinking_water"
      },
      "geometry": {
        "type": "Point",
        "coordinates": [
          73.8448992,
          18.5231144
        ]
      },
      "id": "node/2859985577"
    },
    {
      "type": "Feature",
      "properties": {
        "@id": "node/2934156281",
        "amenity": "drinking_water",
        "name": "Hand Pump"
      },
      "geometry": {
        "type": "Point",
        "coordinates": [
          77.0650125,
          16.6761461
        ]
      },
      "id": "node/2934156281"
    },
    {
      "type": "Feature",
      "properties": {
        "@id": "node/2934171313",
        "amenity": "drinking_water"
      },
      "geometry": {
        "type": "Point",
        "coordinates": [
          76.8394471,
          16.7141863
        ]
      },
      "id": "node/2934171313"
    },
    {
      "type": "Feature",
      "properties": {
        "@id": "node/2934171314",
        "amenity": "drinking_water"
      },
      "geometry": {
        "type": "Point",
        "coordinates": [
          76.8396939,
          16.7133309
        ]
      },
      "id": "node/2934171314"
    },
    {
      "type": "Feature",
      "properties": {
        "@id": "node/2934171322",
        "amenity": "drinking_water"
      },
      "geometry": {
        "type": "Point",
        "coordinates": [
          76.8416324,
          16.7084031
        ]
      },
      "id": "node/2934171322"
    },
    {
      "type": "Feature",
      "properties": {
        "@id": "node/2934171325",
        "amenity": "drinking_water"
      },
      "geometry": {
        "type": "Point",
        "coordinates": [
          76.8421632,
          16.7081302
        ]
      },
      "id": "node/2934171325"
    },
    {
      "type": "Feature",
      "properties": {
        "@id": "node/2934171333",
        "amenity": "drinking_water"
      },
      "geometry": {
        "type": "Point",
        "coordinates": [
          76.8451158,
          16.7074041
        ]
      },
      "id": "node/2934171333"
    },
    {
      "type": "Feature",
      "properties": {
        "@id": "node/2934171338",
        "amenity": "drinking_water"
      },
      "geometry": {
        "type": "Point",
        "coordinates": [
          76.8436018,
          16.7059857
        ]
      },
      "id": "node/2934171338"
    },
    {
      "type": "Feature",
      "properties": {
        "@id": "node/2934171339",
        "amenity": "drinking_water"
      },
      "geometry": {
        "type": "Point",
        "coordinates": [
          76.8430774,
          16.7050442
        ]
      },
      "id": "node/2934171339"
    },
    {
      "type": "Feature",
      "properties": {
        "@id": "node/2934171340",
        "amenity": "drinking_water"
      },
      "geometry": {
        "type": "Point",
        "coordinates": [
          76.8442093,
          16.7055695
        ]
      },
      "id": "node/2934171340"
    },
    {
      "type": "Feature",
      "properties": {
        "@id": "node/2935090069",
        "amenity": "drinking_water"
      },
      "geometry": {
        "type": "Point",
        "coordinates": [
          76.863996,
          16.5606118
        ]
      },
      "id": "node/2935090069"
    },
    {
      "type": "Feature",
      "properties": {
        "@id": "node/2935090072",
        "amenity": "drinking_water"
      },
      "geometry": {
        "type": "Point",
        "coordinates": [
          76.8639578,
          16.5601831
        ]
      },
      "id": "node/2935090072"
    },
    {
      "type": "Feature",
      "properties": {
        "@id": "node/2935090223",
        "amenity": "drinking_water"
      },
      "geometry": {
        "type": "Point",
        "coordinates": [
          76.8681067,
          16.5614094
        ]
      },
      "id": "node/2935090223"
    },
    {
      "type": "Feature",
      "properties": {
        "@id": "node/2935090225",
        "amenity": "drinking_water"
      },
      "geometry": {
        "type": "Point",
        "coordinates": [
          76.8687248,
          16.5617054
        ]
      },
      "id": "node/2935090225"
    },
    {
      "type": "Feature",
      "properties": {
        "@id": "node/2935090226",
        "amenity": "drinking_water"
      },
      "geometry": {
        "type": "Point",
        "coordinates": [
          76.8681818,
          16.5618477
        ]
      },
      "id": "node/2935090226"
    },
    {
      "type": "Feature",
      "properties": {
        "@id": "node/2935090229",
        "amenity": "drinking_water"
      },
      "geometry": {
        "type": "Point",
        "coordinates": [
          76.8684621,
          16.560723
        ]
      },
      "id": "node/2935090229"
    },
    {
      "type": "Feature",
      "properties": {
        "@id": "node/2935090231",
        "amenity": "drinking_water"
      },
      "geometry": {
        "type": "Point",
        "coordinates": [
          76.8691238,
          16.5614526
        ]
      },
      "id": "node/2935090231"
    },
    {
      "type": "Feature",
      "properties": {
        "@id": "node/2935090233",
        "amenity": "drinking_water"
      },
      "geometry": {
        "type": "Point",
        "coordinates": [
          76.8673607,
          16.5620423
        ]
      },
      "id": "node/2935090233"
    },
    {
      "type": "Feature",
      "properties": {
        "@id": "node/2935090234",
        "amenity": "drinking_water"
      },
      "geometry": {
        "type": "Point",
        "coordinates": [
          76.868737,
          16.5624101
        ]
      },
      "id": "node/2935090234"
    },
    {
      "type": "Feature",
      "properties": {
        "@id": "node/2935090235",
        "amenity": "drinking_water"
      },
      "geometry": {
        "type": "Point",
        "coordinates": [
          76.8688893,
          16.5620152
        ]
      },
      "id": "node/2935090235"
    },
    {
      "type": "Feature",
      "properties": {
        "@id": "node/2935115712",
        "amenity": "drinking_water"
      },
      "geometry": {
        "type": "Point",
        "coordinates": [
          76.876973,
          16.5471361
        ]
      },
      "id": "node/2935115712"
    },
    {
      "type": "Feature",
      "properties": {
        "@id": "node/2935115713",
        "amenity": "drinking_water"
      },
      "geometry": {
        "type": "Point",
        "coordinates": [
          76.8776056,
          16.5470485
        ]
      },
      "id": "node/2935115713"
    },
    {
      "type": "Feature",
      "properties": {
        "@id": "node/2935115717",
        "amenity": "drinking_water"
      },
      "geometry": {
        "type": "Point",
        "coordinates": [
          76.8755,
          16.5443936
        ]
      },
      "id": "node/2935115717"
    },
    {
      "type": "Feature",
      "properties": {
        "@id": "node/2935115718",
        "amenity": "drinking_water"
      },
      "geometry": {
        "type": "Point",
        "coordinates": [
          76.8767526,
          16.5446815
        ]
      },
      "id": "node/2935115718"
    },
    {
      "type": "Feature",
      "properties": {
        "@id": "node/2935115720",
        "amenity": "drinking_water"
      },
      "geometry": {
        "type": "Point",
        "coordinates": [
          76.8772301,
          16.5445273
        ]
      },
      "id": "node/2935115720"
    },
    {
      "type": "Feature",
      "properties": {
        "@id": "node/2935115730",
        "amenity": "drinking_water"
      },
      "geometry": {
        "type": "Point",
        "coordinates": [
          76.879208,
          16.5458957
        ]
      },
      "id": "node/2935115730"
    },
    {
      "type": "Feature",
      "properties": {
        "@id": "node/2935115734",
        "amenity": "drinking_water"
      },
      "geometry": {
        "type": "Point",
        "coordinates": [
          76.8817295,
          16.5459915
        ]
      },
      "id": "node/2935115734"
    },
    {
      "type": "Feature",
      "properties": {
        "@id": "node/2935115746",
        "amenity": "drinking_water"
      },
      "geometry": {
        "type": "Point",
        "coordinates": [
          76.8729157,
          16.539201
        ]
      },
      "id": "node/2935115746"
    },
    {
      "type": "Feature",
      "properties": {
        "@id": "node/2935115760",
        "amenity": "drinking_water"
      },
      "geometry": {
        "type": "Point",
        "coordinates": [
          76.9054735,
          16.5352811
        ]
      },
      "id": "node/2935115760"
    },
    {
      "type": "Feature",
      "properties": {
        "@id": "node/2935138446",
        "amenity": "drinking_water"
      },
      "geometry": {
        "type": "Point",
        "coordinates": [
          76.9104704,
          16.506642
        ]
      },
      "id": "node/2935138446"
    },
    {
      "type": "Feature",
      "properties": {
        "@id": "node/2935138448",
        "amenity": "drinking_water"
      },
      "geometry": {
        "type": "Point",
        "coordinates": [
          76.9107226,
          16.5057264
        ]
      },
      "id": "node/2935138448"
    },
    {
      "type": "Feature",
      "properties": {
        "@id": "node/2935374141",
        "amenity": "drinking_water"
      },
      "geometry": {
        "type": "Point",
        "coordinates": [
          76.910627,
          16.5052447
        ]
      },
      "id": "node/2935374141"
    },
    {
      "type": "Feature",
      "properties": {
        "@id": "node/2935374152",
        "amenity": "drinking_water"
      },
      "geometry": {
        "type": "Point",
        "coordinates": [
          76.9121194,
          16.505797
        ]
      },
      "id": "node/2935374152"
    },
    {
      "type": "Feature",
      "properties": {
        "@id": "node/2935374165",
        "amenity": "drinking_water"
      },
      "geometry": {
        "type": "Point",
        "coordinates": [
          76.9129015,
          16.5050711
        ]
      },
      "id": "node/2935374165"
    },
    {
      "type": "Feature",
      "properties": {
        "@id": "node/2935374167",
        "amenity": "drinking_water"
      },
      "geometry": {
        "type": "Point",
        "coordinates": [
          76.9128881,
          16.5054877
        ]
      },
      "id": "node/2935374167"
    },
    {
      "type": "Feature",
      "properties": {
        "@id": "node/2935374179",
        "amenity": "drinking_water"
      },
      "geometry": {
        "type": "Point",
        "coordinates": [
          76.887438,
          16.5004067
        ]
      },
      "id": "node/2935374179"
    },
    {
      "type": "Feature",
      "properties": {
        "@id": "node/2939229812",
        "amenity": "drinking_water"
      },
      "geometry": {
        "type": "Point",
        "coordinates": [
          73.8556267,
          18.5009817
        ]
      },
      "id": "node/2939229812"
    },
    {
      "type": "Feature",
      "properties": {
        "@id": "node/2941428643",
        "amenity": "drinking_water"
      },
      "geometry": {
        "type": "Point",
        "coordinates": [
          76.934081,
          16.5118604
        ]
      },
      "id": "node/2941428643"
    },
    {
      "type": "Feature",
      "properties": {
        "@id": "node/2941428644",
        "amenity": "drinking_water"
      },
      "geometry": {
        "type": "Point",
        "coordinates": [
          76.9342366,
          16.5117935
        ]
      },
      "id": "node/2941428644"
    },
    {
      "type": "Feature",
      "properties": {
        "@id": "node/2962222619",
        "amenity": "drinking_water"
      },
      "geometry": {
        "type": "Point",
        "coordinates": [
          77.041535,
          16.597503
        ]
      },
      "id": "node/2962222619"
    },
    {
      "type": "Feature",
      "properties": {
        "@id": "node/2962222632",
        "amenity": "drinking_water"
      },
      "geometry": {
        "type": "Point",
        "coordinates": [
          77.0400062,
          16.5903724
        ]
      },
      "id": "node/2962222632"
    },
    {
      "type": "Feature",
      "properties": {
        "@id": "node/2962256262",
        "amenity": "drinking_water"
      },
      "geometry": {
        "type": "Point",
        "coordinates": [
          77.0417009,
          16.5881013
        ]
      },
      "id": "node/2962256262"
    },
    {
      "type": "Feature",
      "properties": {
        "@id": "node/2962256268",
        "amenity": "drinking_water"
      },
      "geometry": {
        "type": "Point",
        "coordinates": [
          77.0591285,
          16.5698391
        ]
      },
      "id": "node/2962256268"
    },
    {
      "type": "Feature",
      "properties": {
        "@id": "node/2962358349",
        "amenity": "drinking_water"
      },
      "geometry": {
        "type": "Point",
        "coordinates": [
          77.0601947,
          16.5686539
        ]
      },
      "id": "node/2962358349"
    },
    {
      "type": "Feature",
      "properties": {
        "@id": "node/2962472298",
        "amenity": "drinking_water"
      },
      "geometry": {
        "type": "Point",
        "coordinates": [
          77.0937529,
          16.5836277
        ]
      },
      "id": "node/2962472298"
    },
    {
      "type": "Feature",
      "properties": {
        "@id": "node/2963880992",
        "amenity": "drinking_water"
      },
      "geometry": {
        "type": "Point",
        "coordinates": [
          76.8496807,
          16.681868
        ]
      },
      "id": "node/2963880992"
    },
    {
      "type": "Feature",
      "properties": {
        "@id": "node/2965473527",
        "amenity": "drinking_water"
      },
      "geometry": {
        "type": "Point",
        "coordinates": [
          77.038644,
          16.6525934
        ]
      },
      "id": "node/2965473527"
    },
    {
      "type": "Feature",
      "properties": {
        "@id": "node/2965628780",
        "amenity": "drinking_water"
      },
      "geometry": {
        "type": "Point",
        "coordinates": [
          77.0389137,
          16.6486385
        ]
      },
      "id": "node/2965628780"
    },
    {
      "type": "Feature",
      "properties": {
        "@id": "node/3071631035",
        "amenity": "drinking_water",
        "name": "Hand pump"
      },
      "geometry": {
        "type": "Point",
        "coordinates": [
          76.9969201,
          16.8452242
        ]
      },
      "id": "node/3071631035"
    },
    {
      "type": "Feature",
      "properties": {
        "@id": "node/3071631036",
        "amenity": "drinking_water",
        "name": "Hand pump"
      },
      "geometry": {
        "type": "Point",
        "coordinates": [
          76.9977955,
          16.8452647
        ]
      },
      "id": "node/3071631036"
    },
    {
      "type": "Feature",
      "properties": {
        "@id": "node/3071631037",
        "amenity": "drinking_water",
        "name": "Hand pump"
      },
      "geometry": {
        "type": "Point",
        "coordinates": [
          76.9958914,
          16.8453727
        ]
      },
      "id": "node/3071631037"
    },
    {
      "type": "Feature",
      "properties": {
        "@id": "node/3071631038",
        "amenity": "drinking_water",
        "name": "Hand pump"
      },
      "geometry": {
        "type": "Point",
        "coordinates": [
          76.9998934,
          16.8455128
        ]
      },
      "id": "node/3071631038"
    },
    {
      "type": "Feature",
      "properties": {
        "@id": "node/3306484920",
        "amenity": "drinking_water"
      },
      "geometry": {
        "type": "Point",
        "coordinates": [
          75.3197026,
          19.899664
        ]
      },
      "id": "node/3306484920"
    },
    {
      "type": "Feature",
      "properties": {
        "@id": "node/3306485766",
        "amenity": "drinking_water"
      },
      "geometry": {
        "type": "Point",
        "coordinates": [
          75.1790331,
          20.0218429
        ]
      },
      "id": "node/3306485766"
    },
    {
      "type": "Feature",
      "properties": {
        "@id": "node/3306485817",
        "amenity": "drinking_water"
      },
      "geometry": {
        "type": "Point",
        "coordinates": [
          75.69912,
          20.5521691
        ]
      },
      "id": "node/3306485817"
    },
    {
      "type": "Feature",
      "properties": {
        "@id": "node/3306485825",
        "amenity": "drinking_water"
      },
      "geometry": {
        "type": "Point",
        "coordinates": [
          75.7018512,
          20.5527748
        ]
      },
      "id": "node/3306485825"
    },
    {
      "type": "Feature",
      "properties": {
        "@id": "node/3306485828",
        "amenity": "drinking_water"
      },
      "geometry": {
        "type": "Point",
        "coordinates": [
          75.7009492,
          20.5534333
        ]
      },
      "id": "node/3306485828"
    },
    {
      "type": "Feature",
      "properties": {
        "@id": "node/3306485829",
        "amenity": "drinking_water"
      },
      "geometry": {
        "type": "Point",
        "coordinates": [
          75.7001155,
          20.5535154
        ]
      },
      "id": "node/3306485829"
    },
    {
      "type": "Feature",
      "properties": {
        "@id": "node/3306535091",
        "amenity": "drinking_water"
      },
      "geometry": {
        "type": "Point",
        "coordinates": [
          72.8056465,
          18.9567461
        ]
      },
      "id": "node/3306535091"
    },
    {
      "type": "Feature",
      "properties": {
        "@id": "node/3337749236",
        "access": "yes",
        "amenity": "drinking_water",
        "man_made": "water_tap",
        "operational_status": "operational",
        "operator": "government"
      },
      "geometry": {
        "type": "Point",
        "coordinates": [
          76.163222,
          12.9447433
        ]
      },
      "id": "node/3337749236"
    },
    {
      "type": "Feature",
      "properties": {
        "@id": "node/3343546716",
        "amenity": "drinking_water",
        "name": "water tank"
      },
      "geometry": {
        "type": "Point",
        "coordinates": [
          71.6904248,
          24.6841588
        ]
      },
      "id": "node/3343546716"
    },
    {
      "type": "Feature",
      "properties": {
        "@id": "node/3371475717",
        "amenity": "drinking_water"
      },
      "geometry": {
        "type": "Point",
        "coordinates": [
          76.1646265,
          12.9401062
        ]
      },
      "id": "node/3371475717"
    },
    {
      "type": "Feature",
      "properties": {
        "@id": "node/3372775755",
        "amenity": "drinking_water",
        "is_in": "Nandihalli",
        "name": "Hand Pump"
      },
      "geometry": {
        "type": "Point",
        "coordinates": [
          76.9109463,
          16.5601936
        ]
      },
      "id": "node/3372775755"
    },
    {
      "type": "Feature",
      "properties": {
        "@id": "node/3372775756",
        "amenity": "drinking_water",
        "is_in": "Nandihalli",
        "name": "Hand Pump"
      },
      "geometry": {
        "type": "Point",
        "coordinates": [
          76.9105326,
          16.5606622
        ]
      },
      "id": "node/3372775756"
    },
    {
      "type": "Feature",
      "properties": {
        "@id": "node/3372777364",
        "amenity": "drinking_water",
        "is_in": "Madarakal",
        "name": "Hand Pump"
      },
      "geometry": {
        "type": "Point",
        "coordinates": [
          76.9284283,
          16.5522448
        ]
      },
      "id": "node/3372777364"
    },
    {
      "type": "Feature",
      "properties": {
        "@id": "node/3372782294",
        "amenity": "drinking_water",
        "is_in": "Nandihalli",
        "name": "Hand Pump"
      },
      "geometry": {
        "type": "Point",
        "coordinates": [
          76.9139444,
          16.5588137
        ]
      },
      "id": "node/3372782294"
    },
    {
      "type": "Feature",
      "properties": {
        "@id": "node/3372794705",
        "amenity": "drinking_water",
        "is_in": "Madarakal",
        "name": "Hand Pump"
      },
      "geometry": {
        "type": "Point",
        "coordinates": [
          76.9307164,
          16.5531892
        ]
      },
      "id": "node/3372794705"
    },
    {
      "type": "Feature",
      "properties": {
        "@id": "node/3372890752",
        "amenity": "drinking_water"
      },
      "geometry": {
        "type": "Point",
        "coordinates": [
          76.8884476,
          16.5003408
        ]
      },
      "id": "node/3372890752"
    },
    {
      "type": "Feature",
      "properties": {
        "@id": "node/3372890754",
        "amenity": "drinking_water"
      },
      "geometry": {
        "type": "Point",
        "coordinates": [
          76.8902733,
          16.5020596
        ]
      },
      "id": "node/3372890754"
    },
    {
      "type": "Feature",
      "properties": {
        "@id": "node/3372909641",
        "amenity": "drinking_water"
      },
      "geometry": {
        "type": "Point",
        "coordinates": [
          76.9102951,
          16.5032474
        ]
      },
      "id": "node/3372909641"
    },
    {
      "type": "Feature",
      "properties": {
        "@id": "node/3372909644",
        "amenity": "drinking_water"
      },
      "geometry": {
        "type": "Point",
        "coordinates": [
          76.9129079,
          16.5042431
        ]
      },
      "id": "node/3372909644"
    },
    {
      "type": "Feature",
      "properties": {
        "@id": "node/3372936271",
        "amenity": "drinking_water"
      },
      "geometry": {
        "type": "Point",
        "coordinates": [
          76.934703,
          16.511323
        ]
      },
      "id": "node/3372936271"
    },
    {
      "type": "Feature",
      "properties": {
        "@id": "node/3372945138",
        "addr:place": "Goudoor",
        "amenity": "drinking_water"
      },
      "geometry": {
        "type": "Point",
        "coordinates": [
          76.9526068,
          16.5105518
        ]
      },
      "id": "node/3372945138"
    },
    {
      "type": "Feature",
      "properties": {
        "@id": "node/3374358211",
        "amenity": "drinking_water",
        "name": "Hand Pump"
      },
      "geometry": {
        "type": "Point",
        "coordinates": [
          76.7473515,
          16.7352102
        ]
      },
      "id": "node/3374358211"
    },
    {
      "type": "Feature",
      "properties": {
        "@id": "node/3374362695",
        "amenity": "drinking_water",
        "name": "Public Tap"
      },
      "geometry": {
        "type": "Point",
        "coordinates": [
          76.748459,
          16.73758
        ]
      },
      "id": "node/3374362695"
    },
    {
      "type": "Feature",
      "properties": {
        "@id": "node/3376013348",
        "amenity": "drinking_water",
        "name": "Hand Pump"
      },
      "geometry": {
        "type": "Point",
        "coordinates": [
          76.9252532,
          16.5799585
        ]
      },
      "id": "node/3376013348"
    },
    {
      "type": "Feature",
      "properties": {
        "@id": "node/3376096061",
        "amenity": "drinking_water",
        "name": "Hand Pump"
      },
      "geometry": {
        "type": "Point",
        "coordinates": [
          76.956435,
          16.562287
        ]
      },
      "id": "node/3376096061"
    },
    {
      "type": "Feature",
      "properties": {
        "@id": "node/3376096062",
        "amenity": "drinking_water",
        "name": "Hand Pump"
      },
      "geometry": {
        "type": "Point",
        "coordinates": [
          76.955892,
          16.566653
        ]
      },
      "id": "node/3376096062"
    },
    {
      "type": "Feature",
      "properties": {
        "@id": "node/3382339882",
        "amenity": "drinking_water",
        "name": "Anganwadi",
        "name:kn": "ಅಂಗನವಾಡಿ",
        "name:pa": "ਆਂਗਣਵਾੜੀ",
        "name:ur": "آنگن واڑی"
      },
      "geometry": {
        "type": "Point",
        "coordinates": [
          76.993869,
          16.569429
        ]
      },
      "id": "node/3382339882"
    },
    {
      "type": "Feature",
      "properties": {
        "@id": "node/3382339889",
        "amenity": "drinking_water",
        "name": "Hand Pump",
        "name:kn": "ನೀರು ಪಂಪ್"
      },
      "geometry": {
        "type": "Point",
        "coordinates": [
          76.992559,
          16.568158
        ]
      },
      "id": "node/3382339889"
    },
    {
      "type": "Feature",
      "properties": {
        "@id": "node/3382339890",
        "amenity": "drinking_water",
        "name": "Hand Pump"
      },
      "geometry": {
        "type": "Point",
        "coordinates": [
          76.9909371,
          16.5683473
        ]
      },
      "id": "node/3382339890"
    },
    {
      "type": "Feature",
      "properties": {
        "@id": "node/3382339891",
        "amenity": "drinking_water",
        "name": "Hand Pump"
      },
      "geometry": {
        "type": "Point",
        "coordinates": [
          76.992183,
          16.569651
        ]
      },
      "id": "node/3382339891"
    },
    {
      "type": "Feature",
      "properties": {
        "@id": "node/3382339892",
        "amenity": "drinking_water",
        "name": "Hand Pump"
      },
      "geometry": {
        "type": "Point",
        "coordinates": [
          76.9959055,
          16.5709717
        ]
      },
      "id": "node/3382339892"
    },
    {
      "type": "Feature",
      "properties": {
        "@id": "node/3382350593",
        "amenity": "drinking_water",
        "name": "Hand Pump"
      },
      "geometry": {
        "type": "Point",
        "coordinates": [
          76.9935068,
          16.5713208
        ]
      },
      "id": "node/3382350593"
    },
    {
      "type": "Feature",
      "properties": {
        "@id": "node/3382357924",
        "amenity": "drinking_water",
        "name": "Hand Pump"
      },
      "geometry": {
        "type": "Point",
        "coordinates": [
          77.0131536,
          16.5571018
        ]
      },
      "id": "node/3382357924"
    },
    {
      "type": "Feature",
      "properties": {
        "@id": "node/3382357925",
        "amenity": "drinking_water",
        "name": "Hand Pump"
      },
      "geometry": {
        "type": "Point",
        "coordinates": [
          77.012341,
          16.557618
        ]
      },
      "id": "node/3382357925"
    },
    {
      "type": "Feature",
      "properties": {
        "@id": "node/3382357926",
        "amenity": "drinking_water",
        "name": "Hand Pump"
      },
      "geometry": {
        "type": "Point",
        "coordinates": [
          77.012076,
          16.557885
        ]
      },
      "id": "node/3382357926"
    },
    {
      "type": "Feature",
      "properties": {
        "@id": "node/3382375701",
        "amenity": "drinking_water",
        "name": "Hand Pump"
      },
      "geometry": {
        "type": "Point",
        "coordinates": [
          77.041372,
          16.534399
        ]
      },
      "id": "node/3382375701"
    },
    {
      "type": "Feature",
      "properties": {
        "@id": "node/3382375702",
        "amenity": "drinking_water",
        "name": "Hand Pump"
      },
      "geometry": {
        "type": "Point",
        "coordinates": [
          77.0414535,
          16.5357348
        ]
      },
      "id": "node/3382375702"
    },
    {
      "type": "Feature",
      "properties": {
        "@id": "node/3382375703",
        "amenity": "drinking_water",
        "name": "Hand Pump"
      },
      "geometry": {
        "type": "Point",
        "coordinates": [
          77.0416965,
          16.5378366
        ]
      },
      "id": "node/3382375703"
    },
    {
      "type": "Feature",
      "properties": {
        "@id": "node/3382375704",
        "amenity": "drinking_water",
        "name": "Hand Pump"
      },
      "geometry": {
        "type": "Point",
        "coordinates": [
          77.0406498,
          16.5386269
        ]
      },
      "id": "node/3382375704"
    },
    {
      "type": "Feature",
      "properties": {
        "@id": "node/3382378987",
        "amenity": "drinking_water",
        "name": "Hand Pump"
      },
      "geometry": {
        "type": "Point",
        "coordinates": [
          77.031408,
          16.544382
        ]
      },
      "id": "node/3382378987"
    },
    {
      "type": "Feature",
      "properties": {
        "@id": "node/3382378988",
        "amenity": "drinking_water",
        "name": "Hand Pump"
      },
      "geometry": {
        "type": "Point",
        "coordinates": [
          77.0238349,
          16.5511626
        ]
      },
      "id": "node/3382378988"
    },
    {
      "type": "Feature",
      "properties": {
        "@id": "node/3382397408",
        "amenity": "drinking_water",
        "name": "Hand Pump"
      },
      "geometry": {
        "type": "Point",
        "coordinates": [
          77.020106,
          16.533909
        ]
      },
      "id": "node/3382397408"
    },
    {
      "type": "Feature",
      "properties": {
        "@id": "node/3382397409",
        "amenity": "drinking_water",
        "name": "Hand Pump"
      },
      "geometry": {
        "type": "Point",
        "coordinates": [
          77.0194856,
          16.5349722
        ]
      },
      "id": "node/3382397409"
    },
    {
      "type": "Feature",
      "properties": {
        "@id": "node/3382397410",
        "amenity": "drinking_water",
        "name": "Hand Pump"
      },
      "geometry": {
        "type": "Point",
        "coordinates": [
          77.0198094,
          16.5370148
        ]
      },
      "id": "node/3382397410"
    },
    {
      "type": "Feature",
      "properties": {
        "@id": "node/3382406045",
        "amenity": "drinking_water",
        "name": "Hand Pump"
      },
      "geometry": {
        "type": "Point",
        "coordinates": [
          77.0206705,
          16.5136154
        ]
      },
      "id": "node/3382406045"
    },
    {
      "type": "Feature",
      "properties": {
        "@id": "node/3382406046",
        "amenity": "drinking_water",
        "name": "Hand Pump"
      },
      "geometry": {
        "type": "Point",
        "coordinates": [
          77.0206309,
          16.5137579
        ]
      },
      "id": "node/3382406046"
    },
    {
      "type": "Feature",
      "properties": {
        "@id": "node/3382406047",
        "amenity": "drinking_water",
        "name": "Hand Pump"
      },
      "geometry": {
        "type": "Point",
        "coordinates": [
          77.0205402,
          16.5140614
        ]
      },
      "id": "node/3382406047"
    },
    {
      "type": "Feature",
      "properties": {
        "@id": "node/3382406048",
        "amenity": "drinking_water",
        "name": "Hand Pump",
        "panchayat": "Konkal Punchayatha",
        "village": "Chennur (J)"
      },
      "geometry": {
        "type": "Point",
        "coordinates": [
          77.0204129,
          16.5142142
        ]
      },
      "id": "node/3382406048"
    },
    {
      "type": "Feature",
      "properties": {
        "@id": "node/3428108421",
        "amenity": "drinking_water",
        "source": "local"
      },
      "geometry": {
        "type": "Point",
        "coordinates": [
          76.1559101,
          12.9479006
        ]
      },
      "id": "node/3428108421"
    },
    {
      "type": "Feature",
      "properties": {
        "@id": "node/3441387908",
        "amenity": "drinking_water"
      },
      "geometry": {
        "type": "Point",
        "coordinates": [
          72.7032486,
          24.5673796
        ]
      },
      "id": "node/3441387908"
    },
    {
      "type": "Feature",
      "properties": {
        "@id": "node/3467529399",
        "amenity": "drinking_water",
        "man_made": "water_tap"
      },
      "geometry": {
        "type": "Point",
        "coordinates": [
          76.4844257,
          12.8543981
        ]
      },
      "id": "node/3467529399"
    },
    {
      "type": "Feature",
      "properties": {
        "@id": "node/3498347068",
        "amenity": "drinking_water"
      },
      "geometry": {
        "type": "Point",
        "coordinates": [
          73.7669646,
          18.6505845
        ]
      },
      "id": "node/3498347068"
    },
    {
      "type": "Feature",
      "properties": {
        "@id": "node/3500408322",
        "addr:city": "Saidapet",
        "addr:postcode": "600015",
        "addr:street": "Bazaar Road",
        "amenity": "drinking_water"
      },
      "geometry": {
        "type": "Point",
        "coordinates": [
          80.2258368,
          13.0227927
        ]
      },
      "id": "node/3500408322"
    },
    {
      "type": "Feature",
      "properties": {
        "@id": "node/3500410407",
        "addr:city": "Saidapet",
        "addr:postcode": "600015",
        "addr:street": "Jeenis Road",
        "amenity": "drinking_water"
      },
      "geometry": {
        "type": "Point",
        "coordinates": [
          80.2242404,
          13.0222611
        ]
      },
      "id": "node/3500410407"
    },
    {
      "type": "Feature",
      "properties": {
        "@id": "node/3529881644",
        "amenity": "drinking_water"
      },
      "geometry": {
        "type": "Point",
        "coordinates": [
          78.7094361,
          17.9585948
        ]
      },
      "id": "node/3529881644"
    },
    {
      "type": "Feature",
      "properties": {
        "@id": "node/3538450204",
        "amenity": "drinking_water"
      },
      "geometry": {
        "type": "Point",
        "coordinates": [
          80.2606399,
          13.0777871
        ]
      },
      "id": "node/3538450204"
    },
    {
      "type": "Feature",
      "properties": {
        "@id": "node/3596186140",
        "amenity": "drinking_water"
      },
      "geometry": {
        "type": "Point",
        "coordinates": [
          76.1870198,
          13.0294467
        ]
      },
      "id": "node/3596186140"
    },
    {
      "type": "Feature",
      "properties": {
        "@id": "node/3596186141",
        "amenity": "drinking_water"
      },
      "geometry": {
        "type": "Point",
        "coordinates": [
          76.1865809,
          13.0293986
        ]
      },
      "id": "node/3596186141"
    },
    {
      "type": "Feature",
      "properties": {
        "@id": "node/3596186143",
        "amenity": "drinking_water"
      },
      "geometry": {
        "type": "Point",
        "coordinates": [
          76.1881408,
          13.0294564
        ]
      },
      "id": "node/3596186143"
    },
    {
      "type": "Feature",
      "properties": {
        "@id": "node/3667638745",
        "amenity": "drinking_water"
      },
      "geometry": {
        "type": "Point",
        "coordinates": [
          77.2094282,
          13.3718142
        ]
      },
      "id": "node/3667638745"
    },
    {
      "type": "Feature",
      "properties": {
        "@id": "node/3667638757",
        "amenity": "drinking_water"
      },
      "geometry": {
        "type": "Point",
        "coordinates": [
          77.2074883,
          13.3727214
        ]
      },
      "id": "node/3667638757"
    },
    {
      "type": "Feature",
      "properties": {
        "@id": "node/3670743746",
        "amenity": "drinking_water"
      },
      "geometry": {
        "type": "Point",
        "coordinates": [
          77.2071017,
          13.3741679
        ]
      },
      "id": "node/3670743746"
    },
    {
      "type": "Feature",
      "properties": {
        "@id": "node/3684480769",
        "amenity": "drinking_water"
      },
      "geometry": {
        "type": "Point",
        "coordinates": [
          77.0743712,
          16.7708696
        ]
      },
      "id": "node/3684480769"
    },
    {
      "type": "Feature",
      "properties": {
        "@id": "node/3728660582",
        "amenity": "drinking_water"
      },
      "geometry": {
        "type": "Point",
        "coordinates": [
          79.3493613,
          13.6836383
        ]
      },
      "id": "node/3728660582"
    },
    {
      "type": "Feature",
      "properties": {
        "@id": "node/3800594925",
        "amenity": "drinking_water"
      },
      "geometry": {
        "type": "Point",
        "coordinates": [
          80.2388892,
          13.0044514
        ]
      },
      "id": "node/3800594925"
    },
    {
      "type": "Feature",
      "properties": {
        "@id": "node/3906201257",
        "amenity": "drinking_water"
      },
      "geometry": {
        "type": "Point",
        "coordinates": [
          79.0678462,
          21.1287543
        ]
      },
      "id": "node/3906201257"
    },
    {
      "type": "Feature",
      "properties": {
        "@id": "node/3909162624",
        "amenity": "drinking_water"
      },
      "geometry": {
        "type": "Point",
        "coordinates": [
          79.0765803,
          21.1427704
        ]
      },
      "id": "node/3909162624"
    },
    {
      "type": "Feature",
      "properties": {
        "@id": "node/3910184069",
        "amenity": "drinking_water"
      },
      "geometry": {
        "type": "Point",
        "coordinates": [
          80.23856,
          13.004217
        ]
      },
      "id": "node/3910184069"
    },
    {
      "type": "Feature",
      "properties": {
        "@id": "node/3910184071",
        "amenity": "drinking_water"
      },
      "geometry": {
        "type": "Point",
        "coordinates": [
          80.237248,
          13.004392
        ]
      },
      "id": "node/3910184071"
    },
    {
      "type": "Feature",
      "properties": {
        "@id": "node/3953071146",
        "amenity": "drinking_water"
      },
      "geometry": {
        "type": "Point",
        "coordinates": [
          80.2768781,
          13.0538139
        ]
      },
      "id": "node/3953071146"
    },
    {
      "type": "Feature",
      "properties": {
        "@id": "node/3953076893",
        "amenity": "drinking_water"
      },
      "geometry": {
        "type": "Point",
        "coordinates": [
          80.114335,
          12.9633633
        ]
      },
      "id": "node/3953076893"
    },
    {
      "type": "Feature",
      "properties": {
        "@id": "node/4035952368",
        "amenity": "drinking_water"
      },
      "geometry": {
        "type": "Point",
        "coordinates": [
          76.9132302,
          13.3137614
        ]
      },
      "id": "node/4035952368"
    },
    {
      "type": "Feature",
      "properties": {
        "@id": "node/4035954857",
        "amenity": "drinking_water"
      },
      "geometry": {
        "type": "Point",
        "coordinates": [
          76.9124811,
          13.3144747
        ]
      },
      "id": "node/4035954857"
    },
    {
      "type": "Feature",
      "properties": {
        "@id": "node/4035954896",
        "amenity": "drinking_water"
      },
      "geometry": {
        "type": "Point",
        "coordinates": [
          76.9127389,
          13.3148118
        ]
      },
      "id": "node/4035954896"
    },
    {
      "type": "Feature",
      "properties": {
        "@id": "node/4035954962",
        "amenity": "drinking_water"
      },
      "geometry": {
        "type": "Point",
        "coordinates": [
          76.9127532,
          13.3153408
        ]
      },
      "id": "node/4035954962"
    },
    {
      "type": "Feature",
      "properties": {
        "@id": "node/4035955008",
        "amenity": "drinking_water"
      },
      "geometry": {
        "type": "Point",
        "coordinates": [
          76.9131149,
          13.3158291
        ]
      },
      "id": "node/4035955008"
    },
    {
      "type": "Feature",
      "properties": {
        "@id": "node/4130934096",
        "amenity": "drinking_water"
      },
      "geometry": {
        "type": "Point",
        "coordinates": [
          77.5550085,
          12.9644831
        ]
      },
      "id": "node/4130934096"
    },
    {
      "type": "Feature",
      "properties": {
        "@id": "node/4130962989",
        "amenity": "drinking_water",
        "name": "doctor water"
      },
      "geometry": {
        "type": "Point",
        "coordinates": [
          77.5508007,
          12.9612397
        ]
      },
      "id": "node/4130962989"
    },
    {
      "type": "Feature",
      "properties": {
        "@id": "node/4187284596",
        "amenity": "drinking_water"
      },
      "geometry": {
        "type": "Point",
        "coordinates": [
          78.4812543,
          17.3674568
        ]
      },
      "id": "node/4187284596"
    },
    {
      "type": "Feature",
      "properties": {
        "@id": "node/4209123466",
        "amenity": "drinking_water"
      },
      "geometry": {
        "type": "Point",
        "coordinates": [
          72.6672797,
          23.2309722
        ]
      },
      "id": "node/4209123466"
    },
    {
      "type": "Feature",
      "properties": {
        "@id": "node/4265455290",
        "amenity": "drinking_water",
        "name": "Nikhil Transport and Water supply"
      },
      "geometry": {
        "type": "Point",
        "coordinates": [
          72.8263599,
          18.9206466
        ]
      },
      "id": "node/4265455290"
    },
    {
      "type": "Feature",
      "properties": {
        "@id": "node/4283670608",
        "amenity": "drinking_water",
        "name": "Artico water tank jacket"
      },
      "geometry": {
        "type": "Point",
        "coordinates": [
          72.4381831,
          23.2989866
        ]
      },
      "id": "node/4283670608"
    },
    {
      "type": "Feature",
      "properties": {
        "@id": "node/4287813979",
        "amenity": "drinking_water",
        "name": "Drinking Water facility"
      },
      "geometry": {
        "type": "Point",
        "coordinates": [
          76.9383977,
          13.3089219
        ]
      },
      "id": "node/4287813979"
    },
    {
      "type": "Feature",
      "properties": {
        "@id": "node/4287814305",
        "amenity": "drinking_water"
      },
      "geometry": {
        "type": "Point",
        "coordinates": [
          76.9404094,
          13.3157734
        ]
      },
      "id": "node/4287814305"
    },
    {
      "type": "Feature",
      "properties": {
        "@id": "node/4294135789",
        "amenity": "drinking_water",
        "name": "Water tank"
      },
      "geometry": {
        "type": "Point",
        "coordinates": [
          72.3960489,
          23.6341087
        ]
      },
      "id": "node/4294135789"
    },
    {
      "type": "Feature",
      "properties": {
        "@id": "node/4298765589",
        "addr:city": "mehsana",
        "addr:postcode": "384001",
        "addr:street": "Station road",
        "amenity": "drinking_water",
        "name": "Bapa sitaram"
      },
      "geometry": {
        "type": "Point",
        "coordinates": [
          72.3900211,
          23.6018146
        ]
      },
      "id": "node/4298765589"
    },
    {
      "type": "Feature",
      "properties": {
        "@id": "node/4314258289",
        "amenity": "drinking_water",
        "name": "Ice factory"
      },
      "geometry": {
        "type": "Point",
        "coordinates": [
          72.5007556,
          23.2401258
        ]
      },
      "id": "node/4314258289"
    },
    {
      "type": "Feature",
      "properties": {
        "@id": "node/4338124699",
        "amenity": "drinking_water",
        "name": "GOVT FREE WATER"
      },
      "geometry": {
        "type": "Point",
        "coordinates": [
          80.2197106,
          13.026096
        ]
      },
      "id": "node/4338124699"
    },
    {
      "type": "Feature",
      "properties": {
        "@id": "node/4367905789",
        "amenity": "drinking_water",
        "name": "Santhosh home",
        "name:en": "Santhosh home"
      },
      "geometry": {
        "type": "Point",
        "coordinates": [
          78.5773392,
          17.4171442
        ]
      },
      "id": "node/4367905789"
    },
    {
      "type": "Feature",
      "properties": {
        "@id": "node/4376903095",
        "amenity": "drinking_water",
        "name": "pumping station"
      },
      "geometry": {
        "type": "Point",
        "coordinates": [
          79.3122326,
          19.9498181
        ]
      },
      "id": "node/4376903095"
    },
    {
      "type": "Feature",
      "properties": {
        "@id": "node/4376903096",
        "amenity": "drinking_water",
        "name": "water supply station"
      },
      "geometry": {
        "type": "Point",
        "coordinates": [
          79.3106631,
          19.9478009
        ]
      },
      "id": "node/4376903096"
    },
    {
      "type": "Feature",
      "properties": {
        "@id": "node/4406412389",
        "amenity": "drinking_water"
      },
      "geometry": {
        "type": "Point",
        "coordinates": [
          71.2425841,
          21.3797818
        ]
      },
      "id": "node/4406412389"
    },
    {
      "type": "Feature",
      "properties": {
        "@id": "node/4415974019",
        "amenity": "drinking_water"
      },
      "geometry": {
        "type": "Point",
        "coordinates": [
          80.2433135,
          13.012393
        ]
      },
      "id": "node/4415974019"
    },
    {
      "type": "Feature",
      "properties": {
        "@id": "node/4474703097",
        "amenity": "drinking_water",
        "name": "Tap",
        "name:en": "Tap"
      },
      "geometry": {
        "type": "Point",
        "coordinates": [
          77.6729597,
          12.9460176
        ]
      },
      "id": "node/4474703097"
    },
    {
      "type": "Feature",
      "properties": {
        "@id": "node/4486493092",
        "amenity": "drinking_water"
      },
      "geometry": {
        "type": "Point",
        "coordinates": [
          75.324626,
          19.8840308
        ]
      },
      "id": "node/4486493092"
    },
    {
      "type": "Feature",
      "properties": {
        "@id": "node/4491649897",
        "amenity": "drinking_water"
      },
      "geometry": {
        "type": "Point",
        "coordinates": [
          75.3193465,
          19.8784611
        ]
      },
      "id": "node/4491649897"
    },
    {
      "type": "Feature",
      "properties": {
        "@id": "node/4511555790",
        "amenity": "drinking_water",
        "name": "water plant",
        "name:hi": "water plant"
      },
      "geometry": {
        "type": "Point",
        "coordinates": [
          78.4551451,
          17.5629759
        ]
      },
      "id": "node/4511555790"
    },
    {
      "type": "Feature",
      "properties": {
        "@id": "node/4524424987",
        "amenity": "drinking_water"
      },
      "geometry": {
        "type": "Point",
        "coordinates": [
          79.7143866,
          17.9529076
        ]
      },
      "id": "node/4524424987"
    },
    {
      "type": "Feature",
      "properties": {
        "@id": "node/4524436021",
        "amenity": "drinking_water"
      },
      "geometry": {
        "type": "Point",
        "coordinates": [
          79.7143336,
          17.9529052
        ]
      },
      "id": "node/4524436021"
    },
    {
      "type": "Feature",
      "properties": {
        "@id": "node/4538286390",
        "amenity": "drinking_water"
      },
      "geometry": {
        "type": "Point",
        "coordinates": [
          72.8734787,
          19.0991538
        ]
      },
      "id": "node/4538286390"
    },
    {
      "type": "Feature",
      "properties": {
        "@id": "node/4583513490",
        "amenity": "drinking_water"
      },
      "geometry": {
        "type": "Point",
        "coordinates": [
          77.6336294,
          13.0193646
        ]
      },
      "id": "node/4583513490"
    },
    {
      "type": "Feature",
      "properties": {
        "@id": "node/4698519327",
        "addr:street": "water plant centre",
        "amenity": "drinking_water",
        "name": "Mineral water plant",
        "opening_hours": "Mo-Su 06:00-10:00,16:00-20:00"
      },
      "geometry": {
        "type": "Point",
        "coordinates": [
          80.6274542,
          16.4259528
        ]
      },
      "id": "node/4698519327"
    },
    {
      "type": "Feature",
      "properties": {
        "@id": "node/4707055001",
        "amenity": "drinking_water",
        "name:en": "main bldg",
        "office": "government"
      },
      "geometry": {
        "type": "Point",
        "coordinates": [
          72.9151362,
          19.1330953
        ]
      },
      "id": "node/4707055001"
    },
    {
      "type": "Feature",
      "properties": {
        "@id": "node/4763211059",
        "amenity": "drinking_water"
      },
      "geometry": {
        "type": "Point",
        "coordinates": [
          80.2674464,
          13.0308417
        ]
      },
      "id": "node/4763211059"
    },
    {
      "type": "Feature",
      "properties": {
        "@id": "node/4763212133",
        "amenity": "drinking_water"
      },
      "geometry": {
        "type": "Point",
        "coordinates": [
          77.5867696,
          12.9502621
        ]
      },
      "id": "node/4763212133"
    },
    {
      "type": "Feature",
      "properties": {
        "@id": "node/4763213261",
        "amenity": "drinking_water"
      },
      "geometry": {
        "type": "Point",
        "coordinates": [
          74.8310659,
          12.8762049
        ]
      },
      "id": "node/4763213261"
    },
    {
      "type": "Feature",
      "properties": {
        "@id": "node/4793075021",
        "amenity": "drinking_water",
        "note": "Created by Telegram user: 189012927 via SearchAroundBot (https://wiki.openstreetmap.org/wiki/SearchAroundBot). Photo url: http://searcharoundbot.appspot.com/photos/AgADBQADtKcxG1V1gFd9O_q8cmEbYuxMyjIABJkMr8DvUi-uzAYCAAEC "
      },
      "geometry": {
        "type": "Point",
        "coordinates": [
          73.16305,
          19.222533
        ]
      },
      "id": "node/4793075021"
    },
    {
      "type": "Feature",
      "properties": {
        "@id": "node/4803282822",
        "amenity": "drinking_water"
      },
      "geometry": {
        "type": "Point",
        "coordinates": [
          77.7345385,
          12.8338784
        ]
      },
      "id": "node/4803282822"
    },
    {
      "type": "Feature",
      "properties": {
        "@id": "node/4816004524",
        "amenity": "drinking_water",
        "name:en": "RO WATER agency"
      },
      "geometry": {
        "type": "Point",
        "coordinates": [
          80.1928509,
          13.0379352
        ]
      },
      "id": "node/4816004524"
    },
    {
      "type": "Feature",
      "properties": {
        "@id": "node/4824906934",
        "amenity": "drinking_water"
      },
      "geometry": {
        "type": "Point",
        "coordinates": [
          77.5862685,
          12.9489409
        ]
      },
      "id": "node/4824906934"
    },
    {
      "type": "Feature",
      "properties": {
        "@id": "node/4827586123",
        "amenity": "drinking_water",
        "check_date": "2023-11-04",
        "fountain": "bottle_refill"
      },
      "geometry": {
        "type": "Point",
        "coordinates": [
          77.6841663,
          13.3691948
        ]
      },
      "id": "node/4827586123"
    },
    {
      "type": "Feature",
      "properties": {
        "@id": "node/4827607428",
        "amenity": "drinking_water"
      },
      "geometry": {
        "type": "Point",
        "coordinates": [
          77.6843266,
          13.3692679
        ]
      },
      "id": "node/4827607428"
    },
    {
      "type": "Feature",
      "properties": {
        "@id": "node/4841716422",
        "amenity": "drinking_water"
      },
      "geometry": {
        "type": "Point",
        "coordinates": [
          72.8341089,
          18.923469
        ]
      },
      "id": "node/4841716422"
    },
    {
      "type": "Feature",
      "properties": {
        "@id": "node/4849889226",
        "amenity": "drinking_water",
        "name:en": "Free"
      },
      "geometry": {
        "type": "Point",
        "coordinates": [
          73.7924427,
          20.0083076
        ]
      },
      "id": "node/4849889226"
    },
    {
      "type": "Feature",
      "properties": {
        "@id": "node/4877433621",
        "amenity": "drinking_water",
        "name:en": "Resource water from Ulhas river",
        "name:ko": "취수장, 정수장"
      },
      "geometry": {
        "type": "Point",
        "coordinates": [
          73.1947603,
          19.2619443
        ]
      },
      "id": "node/4877433621"
    },
    {
      "type": "Feature",
      "properties": {
        "@id": "node/4878591021",
        "amenity": "drinking_water"
      },
      "geometry": {
        "type": "Point",
        "coordinates": [
          73.1487092,
          19.2642419
        ]
      },
      "id": "node/4878591021"
    },
    {
      "type": "Feature",
      "properties": {
        "@id": "node/4926764971",
        "amenity": "drinking_water"
      },
      "geometry": {
        "type": "Point",
        "coordinates": [
          76.3932784,
          14.215389
        ]
      },
      "id": "node/4926764971"
    },
    {
      "type": "Feature",
      "properties": {
        "@id": "node/5068117009",
        "amenity": "drinking_water",
        "description": "Manual Water pump for drinking water (Seasonal)"
      },
      "geometry": {
        "type": "Point",
        "coordinates": [
          75.3058856,
          19.9044639
        ]
      },
      "id": "node/5068117009"
    },
    {
      "type": "Feature",
      "properties": {
        "@id": "node/5071072236",
        "amenity": "drinking_water",
        "check_date": "2026-05-19",
        "description": "Drinking water at library",
        "ele": "0",
        "indoor": "yes",
        "man_made": "water_tap",
        "name": "W1"
      },
      "geometry": {
        "type": "Point",
        "coordinates": [
          72.9151594,
          19.1341689
        ]
      },
      "id": "node/5071072236"
    },
    {
      "type": "Feature",
      "properties": {
        "@id": "node/5071072237",
        "amenity": "drinking_water",
        "description": "Drinking water at reading room above library",
        "ele": "3",
        "name": "W2"
      },
      "geometry": {
        "type": "Point",
        "coordinates": [
          72.9149339,
          19.1341938
        ]
      },
      "id": "node/5071072237"
    },
    {
      "type": "Feature",
      "properties": {
        "@id": "node/5072774122",
        "amenity": "drinking_water",
        "description": "Drinking water at Mathematics department",
        "ele": "0",
        "name": "W3",
        "source": "survey;gps"
      },
      "geometry": {
        "type": "Point",
        "coordinates": [
          72.9158031,
          19.1338809
        ]
      },
      "id": "node/5072774122"
    },
    {
      "type": "Feature",
      "properties": {
        "@id": "node/5072774123",
        "amenity": "drinking_water",
        "description": "Drinking water at  Mathematics department",
        "ele": "1",
        "name": "W4"
      },
      "geometry": {
        "type": "Point",
        "coordinates": [
          72.915766,
          19.1338786
        ]
      },
      "id": "node/5072774123"
    },
    {
      "type": "Feature",
      "properties": {
        "@id": "node/5072774124",
        "amenity": "drinking_water",
        "description": "Drinking water at old CSE building",
        "ele": "1",
        "name": "W5",
        "source": "survey;gps"
      },
      "geometry": {
        "type": "Point",
        "coordinates": [
          72.916272,
          19.134205
        ]
      },
      "id": "node/5072774124"
    },
    {
      "type": "Feature",
      "properties": {
        "@id": "node/5072774125",
        "amenity": "drinking_water",
        "description": "Drinking water at fluid mechanics lab",
        "ele": "0",
        "name": "W6"
      },
      "geometry": {
        "type": "Point",
        "coordinates": [
          72.9166123,
          19.1341672
        ]
      },
      "id": "node/5072774125"
    },
    {
      "type": "Feature",
      "properties": {
        "@id": "node/5072774126",
        "amenity": "drinking_water",
        "check_date": "2026-05-19",
        "ele": "0",
        "man_made": "water_tap",
        "name": "W7"
      },
      "geometry": {
        "type": "Point",
        "coordinates": [
          72.9169604,
          19.1339382
        ]
      },
      "id": "node/5072774126"
    },
    {
      "type": "Feature",
      "properties": {
        "@id": "node/5072774127",
        "amenity": "drinking_water",
        "ele": "0",
        "name": "W8"
      },
      "geometry": {
        "type": "Point",
        "coordinates": [
          72.9176878,
          19.1340607
        ]
      },
      "id": "node/5072774127"
    },
    {
      "type": "Feature",
      "properties": {
        "@id": "node/5072774128",
        "amenity": "drinking_water"
      },
      "geometry": {
        "type": "Point",
        "coordinates": [
          72.9177243,
          19.1335736
        ]
      },
      "id": "node/5072774128"
    },
    {
      "type": "Feature",
      "properties": {
        "@id": "node/5072774129",
        "amenity": "drinking_water",
        "name": "W10"
      },
      "geometry": {
        "type": "Point",
        "coordinates": [
          72.9172386,
          19.1333159
        ]
      },
      "id": "node/5072774129"
    },
    {
      "type": "Feature",
      "properties": {
        "@id": "node/5072774132",
        "amenity": "drinking_water",
        "check_date": "2025-12-16",
        "indoor": "yes",
        "man_made": "water_tap",
        "name": "W13"
      },
      "geometry": {
        "type": "Point",
        "coordinates": [
          72.9164826,
          19.1327455
        ]
      },
      "id": "node/5072774132"
    },
    {
      "type": "Feature",
      "properties": {
        "@id": "node/5072774133",
        "amenity": "drinking_water",
        "check_date": "2025-12-27",
        "indoor": "yes",
        "man_made": "water_tap",
        "name": "W14"
      },
      "geometry": {
        "type": "Point",
        "coordinates": [
          72.9175079,
          19.1324003
        ]
      },
      "id": "node/5072774133"
    },
    {
      "type": "Feature",
      "properties": {
        "@id": "node/5072774134",
        "amenity": "drinking_water",
        "name": "W15"
      },
      "geometry": {
        "type": "Point",
        "coordinates": [
          72.9164895,
          19.1319778
        ]
      },
      "id": "node/5072774134"
    },
    {
      "type": "Feature",
      "properties": {
        "@id": "node/5072774135",
        "amenity": "drinking_water",
        "description": "Drinking water at Electrical annex",
        "name": "W16"
      },
      "geometry": {
        "type": "Point",
        "coordinates": [
          72.9173006,
          19.1319739
        ]
      },
      "id": "node/5072774135"
    },
    {
      "type": "Feature",
      "properties": {
        "@id": "node/5072774136",
        "amenity": "drinking_water",
        "description": "Drinking water at  at CSRE",
        "ele": "1",
        "name": "W17"
      },
      "geometry": {
        "type": "Point",
        "coordinates": [
          72.9176055,
          19.1321141
        ]
      },
      "id": "node/5072774136"
    },
    {
      "type": "Feature",
      "properties": {
        "@id": "node/5072774137",
        "amenity": "drinking_water",
        "description": "Drinking water at SINE",
        "ele": "03",
        "name": "W18"
      },
      "geometry": {
        "type": "Point",
        "coordinates": [
          72.9176502,
          19.1321103
        ]
      },
      "id": "node/5072774137"
    },
    {
      "type": "Feature",
      "properties": {
        "@id": "node/5072774138",
        "amenity": "drinking_water",
        "ele": "1",
        "name": "W19"
      },
      "geometry": {
        "type": "Point",
        "coordinates": [
          72.9165714,
          19.1312433
        ]
      },
      "id": "node/5072774138"
    },
    {
      "type": "Feature",
      "properties": {
        "@id": "node/5072774139",
        "amenity": "drinking_water",
        "description": "Drinking water at  earth sciences",
        "name": "W20"
      },
      "geometry": {
        "type": "Point",
        "coordinates": [
          72.9176403,
          19.1316397
        ]
      },
      "id": "node/5072774139"
    },
    {
      "type": "Feature",
      "properties": {
        "@id": "node/5072774140",
        "amenity": "drinking_water",
        "ele": "1",
        "name": "W21"
      },
      "geometry": {
        "type": "Point",
        "coordinates": [
          72.9176942,
          19.1312942
        ]
      },
      "id": "node/5072774140"
    },
    {
      "type": "Feature",
      "properties": {
        "@id": "node/5072774141",
        "amenity": "drinking_water",
        "name": "W22"
      },
      "geometry": {
        "type": "Point",
        "coordinates": [
          72.9173515,
          19.1309494
        ]
      },
      "id": "node/5072774141"
    },
    {
      "type": "Feature",
      "properties": {
        "@id": "node/5072774142",
        "amenity": "drinking_water",
        "name": "W23"
      },
      "geometry": {
        "type": "Point",
        "coordinates": [
          72.9165428,
          19.1308425
        ]
      },
      "id": "node/5072774142"
    },
    {
      "type": "Feature",
      "properties": {
        "@id": "node/5072774143",
        "amenity": "drinking_water",
        "name": "W27"
      },
      "geometry": {
        "type": "Point",
        "coordinates": [
          72.9158759,
          19.1305959
        ]
      },
      "id": "node/5072774143"
    },
    {
      "type": "Feature",
      "properties": {
        "@id": "node/5072774144",
        "amenity": "drinking_water",
        "name": "W24"
      },
      "geometry": {
        "type": "Point",
        "coordinates": [
          72.9165058,
          19.1303492
        ]
      },
      "id": "node/5072774144"
    },
    {
      "type": "Feature",
      "properties": {
        "@id": "node/5072774145",
        "amenity": "drinking_water",
        "name": "W25"
      },
      "geometry": {
        "type": "Point",
        "coordinates": [
          72.9176769,
          19.1304034
        ]
      },
      "id": "node/5072774145"
    },
    {
      "type": "Feature",
      "properties": {
        "@id": "node/5072774146",
        "amenity": "drinking_water",
        "name": "W26"
      },
      "geometry": {
        "type": "Point",
        "coordinates": [
          72.9182642,
          19.1304878
        ]
      },
      "id": "node/5072774146"
    },
    {
      "type": "Feature",
      "properties": {
        "@id": "node/5130801923",
        "amenity": "drinking_water",
        "name": "RO water"
      },
      "geometry": {
        "type": "Point",
        "coordinates": [
          77.481983,
          12.9845313
        ]
      },
      "id": "node/5130801923"
    },
    {
      "type": "Feature",
      "properties": {
        "@id": "node/5172791588",
        "amenity": "drinking_water",
        "check_date": "2025-06-16"
      },
      "geometry": {
        "type": "Point",
        "coordinates": [
          77.4998007,
          12.922463
        ]
      },
      "id": "node/5172791588"
    },
    {
      "type": "Feature",
      "properties": {
        "@id": "node/5218115318",
        "amenity": "drinking_water"
      },
      "geometry": {
        "type": "Point",
        "coordinates": [
          77.4997608,
          12.9225504
        ]
      },
      "id": "node/5218115318"
    },
    {
      "type": "Feature",
      "properties": {
        "@id": "node/5259390024",
        "amenity": "drinking_water",
        "name": "Doctor water"
      },
      "geometry": {
        "type": "Point",
        "coordinates": [
          77.5494253,
          12.9622432
        ]
      },
      "id": "node/5259390024"
    },
    {
      "type": "Feature",
      "properties": {
        "@id": "node/5304399865",
        "amenity": "drinking_water"
      },
      "geometry": {
        "type": "Point",
        "coordinates": [
          80.1069106,
          12.9251749
        ]
      },
      "id": "node/5304399865"
    },
    {
      "type": "Feature",
      "properties": {
        "@id": "node/5309970765",
        "amenity": "drinking_water",
        "name": "Water plant"
      },
      "geometry": {
        "type": "Point",
        "coordinates": [
          80.4355732,
          16.3810802
        ]
      },
      "id": "node/5309970765"
    },
    {
      "type": "Feature",
      "properties": {
        "@id": "node/5342648714",
        "amenity": "drinking_water"
      },
      "geometry": {
        "type": "Point",
        "coordinates": [
          77.5348151,
          12.9658991
        ]
      },
      "id": "node/5342648714"
    },
    {
      "type": "Feature",
      "properties": {
        "@id": "node/5389524054",
        "amenity": "drinking_water"
      },
      "geometry": {
        "type": "Point",
        "coordinates": [
          80.2420389,
          12.7632027
        ]
      },
      "id": "node/5389524054"
    },
    {
      "type": "Feature",
      "properties": {
        "@id": "node/5468995521",
        "amenity": "drinking_water"
      },
      "geometry": {
        "type": "Point",
        "coordinates": [
          77.6361666,
          12.9571332
        ]
      },
      "id": "node/5468995521"
    },
    {
      "type": "Feature",
      "properties": {
        "@id": "node/5585615328",
        "amenity": "drinking_water"
      },
      "geometry": {
        "type": "Point",
        "coordinates": [
          77.6377772,
          12.9742298
        ]
      },
      "id": "node/5585615328"
    },
    {
      "type": "Feature",
      "properties": {
        "@id": "node/5585615827",
        "amenity": "drinking_water"
      },
      "geometry": {
        "type": "Point",
        "coordinates": [
          77.639537,
          12.9741225
        ]
      },
      "id": "node/5585615827"
    },
    {
      "type": "Feature",
      "properties": {
        "@id": "node/5585635624",
        "amenity": "drinking_water"
      },
      "geometry": {
        "type": "Point",
        "coordinates": [
          77.6378172,
          12.9736419
        ]
      },
      "id": "node/5585635624"
    },
    {
      "type": "Feature",
      "properties": {
        "@id": "node/5585639123",
        "amenity": "drinking_water"
      },
      "geometry": {
        "type": "Point",
        "coordinates": [
          77.6385106,
          12.9733584
        ]
      },
      "id": "node/5585639123"
    },
    {
      "type": "Feature",
      "properties": {
        "@id": "node/5640977728",
        "amenity": "drinking_water",
        "name": "Water tap point"
      },
      "geometry": {
        "type": "Point",
        "coordinates": [
          80.6090778,
          16.4473522
        ]
      },
      "id": "node/5640977728"
    },
    {
      "type": "Feature",
      "properties": {
        "@id": "node/5646997521",
        "amenity": "drinking_water"
      },
      "geometry": {
        "type": "Point",
        "coordinates": [
          77.63882,
          12.9745214
        ]
      },
      "id": "node/5646997521"
    },
    {
      "type": "Feature",
      "properties": {
        "@id": "node/5678058124",
        "amenity": "drinking_water",
        "name": "RO Center"
      },
      "geometry": {
        "type": "Point",
        "coordinates": [
          77.5416866,
          12.9642911
        ]
      },
      "id": "node/5678058124"
    },
    {
      "type": "Feature",
      "properties": {
        "@id": "node/5678058126",
        "amenity": "drinking_water",
        "name": "RO center"
      },
      "geometry": {
        "type": "Point",
        "coordinates": [
          77.5412711,
          12.9672282
        ]
      },
      "id": "node/5678058126"
    },
    {
      "type": "Feature",
      "properties": {
        "@id": "node/5694668832",
        "amenity": "drinking_water"
      },
      "geometry": {
        "type": "Point",
        "coordinates": [
          78.4418767,
          17.5944168
        ]
      },
      "id": "node/5694668832"
    },
    {
      "type": "Feature",
      "properties": {
        "@id": "node/5694668833",
        "amenity": "drinking_water"
      },
      "geometry": {
        "type": "Point",
        "coordinates": [
          78.4418608,
          17.5941077
        ]
      },
      "id": "node/5694668833"
    },
    {
      "type": "Feature",
      "properties": {
        "@id": "node/5694668834",
        "amenity": "drinking_water"
      },
      "geometry": {
        "type": "Point",
        "coordinates": [
          78.4428737,
          17.5963222
        ]
      },
      "id": "node/5694668834"
    },
    {
      "type": "Feature",
      "properties": {
        "@id": "node/5694668835",
        "amenity": "drinking_water"
      },
      "geometry": {
        "type": "Point",
        "coordinates": [
          78.4429025,
          17.5966723
        ]
      },
      "id": "node/5694668835"
    },
    {
      "type": "Feature",
      "properties": {
        "@id": "node/5694668838",
        "amenity": "drinking_water"
      },
      "geometry": {
        "type": "Point",
        "coordinates": [
          78.4421369,
          17.5942913
        ]
      },
      "id": "node/5694668838"
    },
    {
      "type": "Feature",
      "properties": {
        "@id": "node/5694668839",
        "amenity": "drinking_water"
      },
      "geometry": {
        "type": "Point",
        "coordinates": [
          78.4420885,
          17.5940309
        ]
      },
      "id": "node/5694668839"
    },
    {
      "type": "Feature",
      "properties": {
        "@id": "node/5694689517",
        "amenity": "drinking_water"
      },
      "geometry": {
        "type": "Point",
        "coordinates": [
          78.4406585,
          17.594536
        ]
      },
      "id": "node/5694689517"
    },
    {
      "type": "Feature",
      "properties": {
        "@id": "node/5714974442",
        "amenity": "drinking_water"
      },
      "geometry": {
        "type": "Point",
        "coordinates": [
          77.6507228,
          12.971239
        ]
      },
      "id": "node/5714974442"
    },
    {
      "type": "Feature",
      "properties": {
        "@id": "node/6017445196",
        "amenity": "drinking_water",
        "fountain": "bubbler",
        "indoor": "yes",
        "layer": "1",
        "level": "1"
      },
      "geometry": {
        "type": "Point",
        "coordinates": [
          77.549682,
          13.0005043
        ]
      },
      "id": "node/6017445196"
    },
    {
      "type": "Feature",
      "properties": {
        "@id": "node/6029368186",
        "amenity": "drinking_water",
        "name:en": "Kelve RO water point"
      },
      "geometry": {
        "type": "Point",
        "coordinates": [
          72.7913509,
          19.6240767
        ]
      },
      "id": "node/6029368186"
    },
    {
      "type": "Feature",
      "properties": {
        "@id": "node/6128598685",
        "amenity": "drinking_water"
      },
      "geometry": {
        "type": "Point",
        "coordinates": [
          73.7544635,
          18.6009955
        ]
      },
      "id": "node/6128598685"
    },
    {
      "type": "Feature",
      "properties": {
        "@id": "node/6212726035",
        "amenity": "drinking_water",
        "name": "W15"
      },
      "geometry": {
        "type": "Point",
        "coordinates": [
          72.9158534,
          19.1349062
        ]
      },
      "id": "node/6212726035"
    },
    {
      "type": "Feature",
      "properties": {
        "@id": "node/6276760785",
        "amenity": "drinking_water",
        "name:en": "Drinking Water"
      },
      "geometry": {
        "type": "Point",
        "coordinates": [
          80.1662237,
          12.9839239
        ]
      },
      "id": "node/6276760785"
    },
    {
      "type": "Feature",
      "properties": {
        "@id": "node/6295713322",
        "amenity": "drinking_water"
      },
      "geometry": {
        "type": "Point",
        "coordinates": [
          78.4295382,
          17.2364734
        ]
      },
      "id": "node/6295713322"
    },
    {
      "type": "Feature",
      "properties": {
        "@id": "node/6297611701",
        "amenity": "drinking_water"
      },
      "geometry": {
        "type": "Point",
        "coordinates": [
          80.0260193,
          12.8024512
        ]
      },
      "id": "node/6297611701"
    },
    {
      "type": "Feature",
      "properties": {
        "@id": "node/6298673885",
        "amenity": "drinking_water",
        "name": "Gayathri Sahaya trust"
      },
      "geometry": {
        "type": "Point",
        "coordinates": [
          80.6564133,
          16.4270653
        ]
      },
      "id": "node/6298673885"
    },
    {
      "type": "Feature",
      "properties": {
        "@id": "node/6340076655",
        "amenity": "drinking_water"
      },
      "geometry": {
        "type": "Point",
        "coordinates": [
          81.6653801,
          17.0783254
        ]
      },
      "id": "node/6340076655"
    },
    {
      "type": "Feature",
      "properties": {
        "@id": "node/6373419686",
        "amenity": "drinking_water",
        "name": "Purified Drinking Water"
      },
      "geometry": {
        "type": "Point",
        "coordinates": [
          77.5909788,
          12.9740688
        ]
      },
      "id": "node/6373419686"
    },
    {
      "type": "Feature",
      "properties": {
        "@id": "node/6406415285",
        "amenity": "drinking_water"
      },
      "geometry": {
        "type": "Point",
        "coordinates": [
          73.68547,
          24.574651
        ]
      },
      "id": "node/6406415285"
    },
    {
      "type": "Feature",
      "properties": {
        "@id": "node/6407069485",
        "amenity": "drinking_water"
      },
      "geometry": {
        "type": "Point",
        "coordinates": [
          73.6848412,
          24.5811834
        ]
      },
      "id": "node/6407069485"
    },
    {
      "type": "Feature",
      "properties": {
        "@id": "node/6581371243",
        "access": "customers",
        "amenity": "drinking_water",
        "covered": "yes",
        "fee": "yes",
        "payment:cash": "yes",
        "payment:paytm": "yes",
        "payment:upi": "yes",
        "wheelchair": "no"
      },
      "geometry": {
        "type": "Point",
        "coordinates": [
          78.5824887,
          17.4172827
        ]
      },
      "id": "node/6581371243"
    },
    {
      "type": "Feature",
      "properties": {
        "@id": "node/6589713151",
        "access": "yes",
        "amenity": "drinking_water",
        "fee": "no",
        "man_made": "water_tap"
      },
      "geometry": {
        "type": "Point",
        "coordinates": [
          78.5660516,
          17.4224248
        ]
      },
      "id": "node/6589713151"
    },
    {
      "type": "Feature",
      "properties": {
        "@id": "node/6589742750",
        "access": "customers",
        "amenity": "drinking_water",
        "fee": "yes",
        "operator": "Sri Raghavendra Kirana & General Store",
        "payment:cash": "yes",
        "payment:paytm": "yes",
        "wheelchair": "no"
      },
      "geometry": {
        "type": "Point",
        "coordinates": [
          78.5681342,
          17.4196809
        ]
      },
      "id": "node/6589742750"
    },
    {
      "type": "Feature",
      "properties": {
        "@id": "node/6589742751",
        "access": "customers",
        "amenity": "drinking_water",
        "fee": "yes",
        "payment:cash": "yes"
      },
      "geometry": {
        "type": "Point",
        "coordinates": [
          78.5680545,
          17.4195964
        ]
      },
      "id": "node/6589742751"
    },
    {
      "type": "Feature",
      "properties": {
        "@id": "node/6593021601",
        "amenity": "drinking_water",
        "designation": "bibekfountain"
      },
      "geometry": {
        "type": "Point",
        "coordinates": [
          84.0957584,
          18.7774045
        ]
      },
      "id": "node/6593021601"
    },
    {
      "type": "Feature",
      "properties": {
        "@id": "node/6645712418",
        "amenity": "drinking_water",
        "man_made": "water_tap"
      },
      "geometry": {
        "type": "Point",
        "coordinates": [
          77.5518841,
          13.0020685
        ]
      },
      "id": "node/6645712418"
    },
    {
      "type": "Feature",
      "properties": {
        "@id": "node/6657987176",
        "amenity": "drinking_water",
        "operator": "WATER ATM"
      },
      "geometry": {
        "type": "Point",
        "coordinates": [
          77.6393899,
          12.8718611
        ]
      },
      "id": "node/6657987176"
    },
    {
      "type": "Feature",
      "properties": {
        "@id": "node/6764468443",
        "amenity": "drinking_water"
      },
      "geometry": {
        "type": "Point",
        "coordinates": [
          72.8356379,
          18.9388902
        ]
      },
      "id": "node/6764468443"
    },
    {
      "type": "Feature",
      "properties": {
        "@id": "node/6924350488",
        "amenity": "drinking_water",
        "name:en": "Drinking water"
      },
      "geometry": {
        "type": "Point",
        "coordinates": [
          72.9197264,
          19.127635
        ]
      },
      "id": "node/6924350488"
    },
    {
      "type": "Feature",
      "properties": {
        "@id": "node/7028621885",
        "amenity": "drinking_water"
      },
      "geometry": {
        "type": "Point",
        "coordinates": [
          78.4626943,
          17.4220686
        ]
      },
      "id": "node/7028621885"
    },
    {
      "type": "Feature",
      "properties": {
        "@id": "node/7051379786",
        "amenity": "drinking_water"
      },
      "geometry": {
        "type": "Point",
        "coordinates": [
          76.461991,
          15.3338141
        ]
      },
      "id": "node/7051379786"
    },
    {
      "type": "Feature",
      "properties": {
        "@id": "node/7157723319",
        "amenity": "drinking_water"
      },
      "geometry": {
        "type": "Point",
        "coordinates": [
          72.9088641,
          20.3745797
        ]
      },
      "id": "node/7157723319"
    },
    {
      "type": "Feature",
      "properties": {
        "@id": "node/7177259686",
        "amenity": "drinking_water"
      },
      "geometry": {
        "type": "Point",
        "coordinates": [
          80.193881,
          12.9747904
        ]
      },
      "id": "node/7177259686"
    },
    {
      "type": "Feature",
      "properties": {
        "@id": "node/7179391785",
        "amenity": "drinking_water",
        "name:en": "Water Pump"
      },
      "geometry": {
        "type": "Point",
        "coordinates": [
          80.1931877,
          12.9747491
        ]
      },
      "id": "node/7179391785"
    },
    {
      "type": "Feature",
      "properties": {
        "@id": "node/7271727311",
        "amenity": "drinking_water"
      },
      "geometry": {
        "type": "Point",
        "coordinates": [
          72.8825102,
          19.1645444
        ]
      },
      "id": "node/7271727311"
    },
    {
      "type": "Feature",
      "properties": {
        "@id": "node/7291611531",
        "amenity": "drinking_water"
      },
      "geometry": {
        "type": "Point",
        "coordinates": [
          77.5477481,
          13.0013511
        ]
      },
      "id": "node/7291611531"
    },
    {
      "type": "Feature",
      "properties": {
        "@id": "node/7518127508",
        "amenity": "drinking_water"
      },
      "geometry": {
        "type": "Point",
        "coordinates": [
          77.7112826,
          12.9658359
        ]
      },
      "id": "node/7518127508"
    },
    {
      "type": "Feature",
      "properties": {
        "@id": "node/7518141838",
        "amenity": "drinking_water"
      },
      "geometry": {
        "type": "Point",
        "coordinates": [
          77.7110717,
          12.9663686
        ]
      },
      "id": "node/7518141838"
    },
    {
      "type": "Feature",
      "properties": {
        "@id": "node/7530906928",
        "amenity": "drinking_water"
      },
      "geometry": {
        "type": "Point",
        "coordinates": [
          78.1653422,
          17.4681049
        ]
      },
      "id": "node/7530906928"
    },
    {
      "type": "Feature",
      "properties": {
        "@id": "node/7530906930",
        "access": "private",
        "amenity": "drinking_water",
        "level": "1",
        "wheelchair": "limited"
      },
      "geometry": {
        "type": "Point",
        "coordinates": [
          78.165353,
          17.4678458
        ]
      },
      "id": "node/7530906930"
    },
    {
      "type": "Feature",
      "properties": {
        "@id": "node/7796477468",
        "access": "yes",
        "amenity": "drinking_water",
        "bus": "yes",
        "fee": "no",
        "highway": "bus_stop",
        "name": "Ambattur Industrial Estate Bus Stop",
        "public_transport": "platform",
        "shelter": "no"
      },
      "geometry": {
        "type": "Point",
        "coordinates": [
          80.1702657,
          13.0994583
        ]
      },
      "id": "node/7796477468"
    },
    {
      "type": "Feature",
      "properties": {
        "@id": "node/7815438164",
        "amenity": "drinking_water",
        "name": "Water Plant"
      },
      "geometry": {
        "type": "Point",
        "coordinates": [
          79.4002332,
          16.4808831
        ]
      },
      "id": "node/7815438164"
    },
    {
      "type": "Feature",
      "properties": {
        "@id": "node/8257471795",
        "access": "yes",
        "amenity": "drinking_water",
        "bottle": "yes",
        "charge": "5 Rs",
        "fee": "yes",
        "operator": "Mineral Water",
        "payment:cash": "yes",
        "wheelchair": "no"
      },
      "geometry": {
        "type": "Point",
        "coordinates": [
          80.3334787,
          16.1845965
        ]
      },
      "id": "node/8257471795"
    },
    {
      "type": "Feature",
      "properties": {
        "@id": "node/9134837961",
        "amenity": "drinking_water"
      },
      "geometry": {
        "type": "Point",
        "coordinates": [
          72.8347873,
          19.1324914
        ]
      },
      "id": "node/9134837961"
    },
    {
      "type": "Feature",
      "properties": {
        "@id": "node/9161061918",
        "amenity": "drinking_water",
        "man_made": "water_tap",
        "name": "Purified Drinking Water"
      },
      "geometry": {
        "type": "Point",
        "coordinates": [
          77.5935146,
          12.9749225
        ]
      },
      "id": "node/9161061918"
    },
    {
      "type": "Feature",
      "properties": {
        "@id": "node/9404372923",
        "amenity": "drinking_water",
        "bottle": "yes",
        "fee": "no"
      },
      "geometry": {
        "type": "Point",
        "coordinates": [
          80.1228685,
          12.9209947
        ]
      },
      "id": "node/9404372923"
    },
    {
      "type": "Feature",
      "properties": {
        "@id": "node/9416365016",
        "amenity": "drinking_water",
        "name": "Water Source ( Seasonal)"
      },
      "geometry": {
        "type": "Point",
        "coordinates": [
          75.4155542,
          13.1088597
        ]
      },
      "id": "node/9416365016"
    },
    {
      "type": "Feature",
      "properties": {
        "@id": "node/9538931895",
        "amenity": "drinking_water"
      },
      "geometry": {
        "type": "Point",
        "coordinates": [
          77.5583544,
          13.02952
        ]
      },
      "id": "node/9538931895"
    },
    {
      "type": "Feature",
      "properties": {
        "@id": "node/9554643217",
        "access": "yes",
        "amenity": "drinking_water",
        "fee": "yes",
        "name": "Drinking Water Kisok Coin Pay",
        "name:en": "Drinking Water Stall Coin Pay",
        "name:hi": "जल - पीने का पानी"
      },
      "geometry": {
        "type": "Point",
        "coordinates": [
          74.3189091,
          14.5435569
        ]
      },
      "id": "node/9554643217"
    },
    {
      "type": "Feature",
      "properties": {
        "@id": "node/9568620136",
        "addr:place": "Hale Upparahalli",
        "amenity": "drinking_water"
      },
      "geometry": {
        "type": "Point",
        "coordinates": [
          77.4457551,
          13.5789871
        ]
      },
      "id": "node/9568620136"
    },
    {
      "type": "Feature",
      "properties": {
        "@id": "node/9568620137",
        "addr:place": "Hale Upparahalli",
        "amenity": "drinking_water"
      },
      "geometry": {
        "type": "Point",
        "coordinates": [
          77.445969,
          13.5789976
        ]
      },
      "id": "node/9568620137"
    },
    {
      "type": "Feature",
      "properties": {
        "@id": "node/9573433528",
        "amenity": "drinking_water"
      },
      "geometry": {
        "type": "Point",
        "coordinates": [
          77.5798635,
          12.98829
        ]
      },
      "id": "node/9573433528"
    },
    {
      "type": "Feature",
      "properties": {
        "@id": "node/9624315267",
        "amenity": "drinking_water"
      },
      "geometry": {
        "type": "Point",
        "coordinates": [
          77.2673245,
          12.7102368
        ]
      },
      "id": "node/9624315267"
    },
    {
      "type": "Feature",
      "properties": {
        "@id": "node/9689131152",
        "amenity": "drinking_water",
        "operator": "Dr water"
      },
      "geometry": {
        "type": "Point",
        "coordinates": [
          77.5740452,
          13.103835
        ]
      },
      "id": "node/9689131152"
    },
    {
      "type": "Feature",
      "properties": {
        "@id": "node/9689772147",
        "amenity": "drinking_water",
        "man_made": "handpump",
        "operational_status": "closed"
      },
      "geometry": {
        "type": "Point",
        "coordinates": [
          76.1632193,
          12.944785
        ]
      },
      "id": "node/9689772147"
    },
    {
      "type": "Feature",
      "properties": {
        "@id": "node/9779742231",
        "amenity": "drinking_water"
      },
      "geometry": {
        "type": "Point",
        "coordinates": [
          77.5913119,
          12.9848191
        ]
      },
      "id": "node/9779742231"
    },
    {
      "type": "Feature",
      "properties": {
        "@id": "node/9821548988",
        "access": "customers",
        "amenity": "drinking_water",
        "bottle": "yes",
        "fee": "yes",
        "operator": "Sri Rajarajeshwara Mineral Water",
        "payment:app": "yes",
        "payment:cash": "yes",
        "wheelchair": "no"
      },
      "geometry": {
        "type": "Point",
        "coordinates": [
          79.5185547,
          18.7420096
        ]
      },
      "id": "node/9821548988"
    },
    {
      "type": "Feature",
      "properties": {
        "@id": "node/9914794458",
        "access": "customers",
        "amenity": "drinking_water",
        "bottle": "yes",
        "charge": "Rs 5",
        "fee": "yes",
        "operator": "Private",
        "payment:coins": "yes",
        "wheelchair": "yes"
      },
      "geometry": {
        "type": "Point",
        "coordinates": [
          73.9566419,
          18.5292232
        ]
      },
      "id": "node/9914794458"
    },
    {
      "type": "Feature",
      "properties": {
        "@id": "node/9922802663",
        "amenity": "drinking_water"
      },
      "geometry": {
        "type": "Point",
        "coordinates": [
          77.5861922,
          12.9501718
        ]
      },
      "id": "node/9922802663"
    },
    {
      "type": "Feature",
      "properties": {
        "@id": "node/9922802664",
        "amenity": "drinking_water"
      },
      "geometry": {
        "type": "Point",
        "coordinates": [
          77.5853258,
          12.9502137
        ]
      },
      "id": "node/9922802664"
    },
    {
      "type": "Feature",
      "properties": {
        "@id": "node/9922831525",
        "access": "yes",
        "amenity": "drinking_water",
        "fee": "no",
        "wheelchair": "yes"
      },
      "geometry": {
        "type": "Point",
        "coordinates": [
          77.5829266,
          12.9491419
        ]
      },
      "id": "node/9922831525"
    },
    {
      "type": "Feature",
      "properties": {
        "@id": "node/9922831538",
        "amenity": "drinking_water"
      },
      "geometry": {
        "type": "Point",
        "coordinates": [
          77.5809176,
          12.9484923
        ]
      },
      "id": "node/9922831538"
    },
    {
      "type": "Feature",
      "properties": {
        "@id": "node/9931638469",
        "access": "customers",
        "amenity": "drinking_water",
        "bottle": "yes",
        "charge": "Rs 5",
        "fee": "yes",
        "payment:coins": "yes",
        "wheelchair": "yes"
      },
      "geometry": {
        "type": "Point",
        "coordinates": [
          73.9614773,
          18.5249435
        ]
      },
      "id": "node/9931638469"
    },
    {
      "type": "Feature",
      "properties": {
        "@id": "node/9936668824",
        "amenity": "drinking_water"
      },
      "geometry": {
        "type": "Point",
        "coordinates": [
          77.5509466,
          12.9874406
        ]
      },
      "id": "node/9936668824"
    },
    {
      "type": "Feature",
      "properties": {
        "@id": "node/10006351522",
        "amenity": "drinking_water",
        "man_made": "water_tap"
      },
      "geometry": {
        "type": "Point",
        "coordinates": [
          78.9522012,
          20.0580745
        ]
      },
      "id": "node/10006351522"
    },
    {
      "type": "Feature",
      "properties": {
        "@id": "node/10006351615",
        "access": "yes",
        "amenity": "drinking_water",
        "man_made": "water_tap"
      },
      "geometry": {
        "type": "Point",
        "coordinates": [
          78.9623511,
          20.0630619
        ]
      },
      "id": "node/10006351615"
    },
    {
      "type": "Feature",
      "properties": {
        "@id": "node/10006351624",
        "amenity": "drinking_water",
        "man_made": "water_tap"
      },
      "geometry": {
        "type": "Point",
        "coordinates": [
          78.9585261,
          20.056823
        ]
      },
      "id": "node/10006351624"
    },
    {
      "type": "Feature",
      "properties": {
        "@id": "node/10006972490",
        "amenity": "drinking_water"
      },
      "geometry": {
        "type": "Point",
        "coordinates": [
          77.546521,
          12.9909755
        ]
      },
      "id": "node/10006972490"
    },
    {
      "type": "Feature",
      "properties": {
        "@id": "node/10103616117",
        "amenity": "drinking_water",
        "name:en": "Water Filtration Point",
        "name:hi": "जल शुद्धिकरण संयंत्र, दत्तधाम नगर, नागपुर"
      },
      "geometry": {
        "type": "Point",
        "coordinates": [
          79.1073533,
          21.0886133
        ]
      },
      "id": "node/10103616117"
    },
    {
      "type": "Feature",
      "properties": {
        "@id": "node/10105851144",
        "amenity": "drinking_water"
      },
      "geometry": {
        "type": "Point",
        "coordinates": [
          77.5437151,
          13.0286206
        ]
      },
      "id": "node/10105851144"
    },
    {
      "type": "Feature",
      "properties": {
        "@id": "node/10108062037",
        "amenity": "drinking_water"
      },
      "geometry": {
        "type": "Point",
        "coordinates": [
          72.8359326,
          18.9786372
        ]
      },
      "id": "node/10108062037"
    },
    {
      "type": "Feature",
      "properties": {
        "@id": "node/10179870708",
        "amenity": "drinking_water"
      },
      "geometry": {
        "type": "Point",
        "coordinates": [
          72.9750674,
          19.2022624
        ]
      },
      "id": "node/10179870708"
    },
    {
      "type": "Feature",
      "properties": {
        "@id": "node/10263041329",
        "amenity": "drinking_water",
        "name": "Handpump"
      },
      "geometry": {
        "type": "Point",
        "coordinates": [
          73.6080467,
          18.2797773
        ]
      },
      "id": "node/10263041329"
    },
    {
      "type": "Feature",
      "properties": {
        "@id": "node/10275807386",
        "amenity": "drinking_water"
      },
      "geometry": {
        "type": "Point",
        "coordinates": [
          72.946163,
          19.1796105
        ]
      },
      "id": "node/10275807386"
    },
    {
      "type": "Feature",
      "properties": {
        "@id": "node/10285576078",
        "amenity": "drinking_water"
      },
      "geometry": {
        "type": "Point",
        "coordinates": [
          73.9124679,
          15.5009973
        ]
      },
      "id": "node/10285576078"
    },
    {
      "type": "Feature",
      "properties": {
        "@id": "node/10761482790",
        "amenity": "drinking_water"
      },
      "geometry": {
        "type": "Point",
        "coordinates": [
          77.6042837,
          12.9885017
        ]
      },
      "id": "node/10761482790"
    },
    {
      "type": "Feature",
      "properties": {
        "@id": "node/10801954701",
        "amenity": "drinking_water",
        "name": "Pure Drinking Water Plant"
      },
      "geometry": {
        "type": "Point",
        "coordinates": [
          77.5426663,
          12.8736686
        ]
      },
      "id": "node/10801954701"
    },
    {
      "type": "Feature",
      "properties": {
        "@id": "node/10823071231",
        "amenity": "drinking_water"
      },
      "geometry": {
        "type": "Point",
        "coordinates": [
          78.4552459,
          17.1271738
        ]
      },
      "id": "node/10823071231"
    },
    {
      "type": "Feature",
      "properties": {
        "@id": "node/10823514250",
        "amenity": "drinking_water"
      },
      "geometry": {
        "type": "Point",
        "coordinates": [
          77.5717354,
          12.9376767
        ]
      },
      "id": "node/10823514250"
    },
    {
      "type": "Feature",
      "properties": {
        "@id": "node/10854298592",
        "amenity": "drinking_water"
      },
      "geometry": {
        "type": "Point",
        "coordinates": [
          77.5799198,
          12.9173497
        ]
      },
      "id": "node/10854298592"
    },
    {
      "type": "Feature",
      "properties": {
        "@id": "node/10925579034",
        "amenity": "drinking_water"
      },
      "geometry": {
        "type": "Point",
        "coordinates": [
          79.396988,
          21.2722679
        ]
      },
      "id": "node/10925579034"
    },
    {
      "type": "Feature",
      "properties": {
        "@id": "node/10939766807",
        "access": "private",
        "amenity": "drinking_water",
        "barrier": "gate",
        "bottle": "yes",
        "level": "0"
      },
      "geometry": {
        "type": "Point",
        "coordinates": [
          72.8143593,
          19.1343333
        ]
      },
      "id": "node/10939766807"
    },
    {
      "type": "Feature",
      "properties": {
        "@id": "node/10972886574",
        "amenity": "drinking_water"
      },
      "geometry": {
        "type": "Point",
        "coordinates": [
          80.2803713,
          13.0925746
        ]
      },
      "id": "node/10972886574"
    },
    {
      "type": "Feature",
      "properties": {
        "@id": "node/11067397943",
        "addr:full": "1st Main Road, HBR layout",
        "addr:street": "1st Main Road",
        "amenity": "drinking_water",
        "name": "Government Water ATM"
      },
      "geometry": {
        "type": "Point",
        "coordinates": [
          77.6257895,
          13.0262617
        ]
      },
      "id": "node/11067397943"
    },
    {
      "type": "Feature",
      "properties": {
        "@id": "node/11069650929",
        "amenity": "drinking_water"
      },
      "geometry": {
        "type": "Point",
        "coordinates": [
          77.7095751,
          13.2009875
        ]
      },
      "id": "node/11069650929"
    },
    {
      "type": "Feature",
      "properties": {
        "@id": "node/11069650938",
        "amenity": "drinking_water",
        "fountain": "bubbler"
      },
      "geometry": {
        "type": "Point",
        "coordinates": [
          77.7087235,
          13.200998
        ]
      },
      "id": "node/11069650938"
    },
    {
      "type": "Feature",
      "properties": {
        "@id": "node/11207651305",
        "amenity": "drinking_water"
      },
      "geometry": {
        "type": "Point",
        "coordinates": [
          77.5898492,
          12.984538
        ]
      },
      "id": "node/11207651305"
    },
    {
      "type": "Feature",
      "properties": {
        "@id": "node/11248572521",
        "amenity": "drinking_water"
      },
      "geometry": {
        "type": "Point",
        "coordinates": [
          77.5723864,
          13.0081132
        ]
      },
      "id": "node/11248572521"
    },
    {
      "type": "Feature",
      "properties": {
        "@id": "node/11258966613",
        "access": "yes",
        "amenity": "drinking_water",
        "bottle": "yes",
        "fee": "no"
      },
      "geometry": {
        "type": "Point",
        "coordinates": [
          76.117112,
          13.0029963
        ]
      },
      "id": "node/11258966613"
    },
    {
      "type": "Feature",
      "properties": {
        "@id": "node/11291790818",
        "amenity": "drinking_water"
      },
      "geometry": {
        "type": "Point",
        "coordinates": [
          77.3661901,
          15.1752268
        ]
      },
      "id": "node/11291790818"
    },
    {
      "type": "Feature",
      "properties": {
        "@id": "node/11292271383",
        "access": "customers",
        "amenity": "drinking_water",
        "bottle": "yes",
        "indoor": "yes",
        "level": "1",
        "operator": "BMRCL"
      },
      "geometry": {
        "type": "Point",
        "coordinates": [
          77.5801064,
          12.9295542
        ]
      },
      "id": "node/11292271383"
    },
    {
      "type": "Feature",
      "properties": {
        "@id": "node/11292276523",
        "access": "yes",
        "amenity": "drinking_water",
        "bottle": "yes",
        "indoor": "yes",
        "level": "1"
      },
      "geometry": {
        "type": "Point",
        "coordinates": [
          77.5731279,
          12.9069289
        ]
      },
      "id": "node/11292276523"
    },
    {
      "type": "Feature",
      "properties": {
        "@id": "node/11292276524",
        "access": "customers",
        "amenity": "drinking_water",
        "bottle": "yes",
        "indoor": "yes",
        "level": "1"
      },
      "geometry": {
        "type": "Point",
        "coordinates": [
          77.5729982,
          12.9073783
        ]
      },
      "id": "node/11292276524"
    },
    {
      "type": "Feature",
      "properties": {
        "@id": "node/11298111561",
        "amenity": "drinking_water",
        "bottle": "yes",
        "indoor": "yes",
        "level": "0"
      },
      "geometry": {
        "type": "Point",
        "coordinates": [
          77.5920682,
          12.9701208
        ]
      },
      "id": "node/11298111561"
    },
    {
      "type": "Feature",
      "properties": {
        "@id": "node/11298161566",
        "access": "permissive",
        "amenity": "drinking_water",
        "bottle": "yes",
        "indoor": "yes",
        "level": "0"
      },
      "geometry": {
        "type": "Point",
        "coordinates": [
          77.5913286,
          12.9541005
        ]
      },
      "id": "node/11298161566"
    },
    {
      "type": "Feature",
      "properties": {
        "@id": "node/11337052384",
        "access": "customers",
        "amenity": "drinking_water",
        "fee": "no",
        "fountain": "bubbler",
        "layer": "1",
        "level": "1"
      },
      "geometry": {
        "type": "Point",
        "coordinates": [
          77.5538978,
          13.0146834
        ]
      },
      "id": "node/11337052384"
    },
    {
      "type": "Feature",
      "properties": {
        "@id": "node/11346276470",
        "amenity": "drinking_water",
        "name": "bisleri"
      },
      "geometry": {
        "type": "Point",
        "coordinates": [
          73.9710694,
          15.2834802
        ]
      },
      "id": "node/11346276470"
    },
    {
      "type": "Feature",
      "properties": {
        "@id": "node/11346310643",
        "amenity": "drinking_water"
      },
      "geometry": {
        "type": "Point",
        "coordinates": [
          78.5070318,
          21.1428953
        ]
      },
      "id": "node/11346310643"
    },
    {
      "type": "Feature",
      "properties": {
        "@id": "node/11355730129",
        "amenity": "drinking_water",
        "operator": "BBMP"
      },
      "geometry": {
        "type": "Point",
        "coordinates": [
          77.595148,
          12.9461493
        ]
      },
      "id": "node/11355730129"
    },
    {
      "type": "Feature",
      "properties": {
        "@id": "node/11355774237",
        "amenity": "drinking_water",
        "layer": "-1",
        "level": "-1"
      },
      "geometry": {
        "type": "Point",
        "coordinates": [
          77.5751736,
          12.9615281
        ]
      },
      "id": "node/11355774237"
    },
    {
      "type": "Feature",
      "properties": {
        "@id": "node/11364084197",
        "access": "yes",
        "addr:floor": "1",
        "amenity": "drinking_water",
        "fee": "no",
        "operator": "BMRCL"
      },
      "geometry": {
        "type": "Point",
        "coordinates": [
          77.5738814,
          12.9160186
        ]
      },
      "id": "node/11364084197"
    },
    {
      "type": "Feature",
      "properties": {
        "@id": "node/11364084198",
        "access": "yes",
        "addr:floor": "1",
        "amenity": "drinking_water",
        "fee": "no",
        "operator": "BMRCL"
      },
      "geometry": {
        "type": "Point",
        "coordinates": [
          77.5735293,
          12.9153707
        ]
      },
      "id": "node/11364084198"
    },
    {
      "type": "Feature",
      "properties": {
        "@id": "node/11403190207",
        "amenity": "drinking_water"
      },
      "geometry": {
        "type": "Point",
        "coordinates": [
          76.4698415,
          15.321226
        ]
      },
      "id": "node/11403190207"
    },
    {
      "type": "Feature",
      "properties": {
        "@id": "node/11403263793",
        "amenity": "drinking_water"
      },
      "geometry": {
        "type": "Point",
        "coordinates": [
          76.4719762,
          15.3132425
        ]
      },
      "id": "node/11403263793"
    },
    {
      "type": "Feature",
      "properties": {
        "@id": "node/11404880393",
        "amenity": "drinking_water",
        "name": "Filtered water"
      },
      "geometry": {
        "type": "Point",
        "coordinates": [
          73.7410483,
          17.989039
        ]
      },
      "id": "node/11404880393"
    },
    {
      "type": "Feature",
      "properties": {
        "@id": "node/11404892287",
        "amenity": "drinking_water",
        "name": "Handpump"
      },
      "geometry": {
        "type": "Point",
        "coordinates": [
          73.5451253,
          18.1381687
        ]
      },
      "id": "node/11404892287"
    },
    {
      "type": "Feature",
      "properties": {
        "@id": "node/11405068095",
        "amenity": "drinking_water",
        "man_made": "water_tap"
      },
      "geometry": {
        "type": "Point",
        "coordinates": [
          76.4760327,
          15.3407014
        ]
      },
      "id": "node/11405068095"
    },
    {
      "type": "Feature",
      "properties": {
        "@id": "node/11405280584",
        "amenity": "drinking_water"
      },
      "geometry": {
        "type": "Point",
        "coordinates": [
          76.4578982,
          15.3307251
        ]
      },
      "id": "node/11405280584"
    },
    {
      "type": "Feature",
      "properties": {
        "@id": "node/11409109756",
        "access": "yes",
        "amenity": "drinking_water",
        "bottle": "yes",
        "operator": "Government",
        "source": "local knowledge",
        "wheelchair": "yes"
      },
      "geometry": {
        "type": "Point",
        "coordinates": [
          81.9285298,
          16.9324868
        ]
      },
      "id": "node/11409109756"
    },
    {
      "type": "Feature",
      "properties": {
        "@id": "node/11410656520",
        "access": "yes",
        "amenity": "drinking_water",
        "bottle": "yes",
        "operator": "Government",
        "source": "local knowledge",
        "wheelchair": "yes"
      },
      "geometry": {
        "type": "Point",
        "coordinates": [
          81.927896,
          16.9326543
        ]
      },
      "id": "node/11410656520"
    },
    {
      "type": "Feature",
      "properties": {
        "@id": "node/11410656521",
        "access": "yes",
        "amenity": "drinking_water",
        "bottle": "yes",
        "operator": "Government",
        "source": "local knowledge",
        "wheelchair": "yes"
      },
      "geometry": {
        "type": "Point",
        "coordinates": [
          81.9267926,
          16.932848
        ]
      },
      "id": "node/11410656521"
    },
    {
      "type": "Feature",
      "properties": {
        "@id": "node/11410656522",
        "access": "yes",
        "amenity": "drinking_water",
        "bottle": "yes",
        "operator": "Government",
        "source": "local knowledge",
        "wheelchair": "yes"
      },
      "geometry": {
        "type": "Point",
        "coordinates": [
          81.9263856,
          16.9329288
        ]
      },
      "id": "node/11410656522"
    },
    {
      "type": "Feature",
      "properties": {
        "@id": "node/11410656523",
        "access": "yes",
        "amenity": "drinking_water",
        "bottle": "yes",
        "operator": "Government",
        "source": "local knowledge",
        "wheelchair": "yes"
      },
      "geometry": {
        "type": "Point",
        "coordinates": [
          81.9262715,
          16.9323614
        ]
      },
      "id": "node/11410656523"
    },
    {
      "type": "Feature",
      "properties": {
        "@id": "node/11445710029",
        "access": "yes",
        "amenity": "drinking_water",
        "fee": "yes",
        "operator": "BBMP",
        "payment:cash": "yes"
      },
      "geometry": {
        "type": "Point",
        "coordinates": [
          77.5777262,
          13.0951276
        ]
      },
      "id": "node/11445710029"
    },
    {
      "type": "Feature",
      "properties": {
        "@id": "node/11465535797",
        "access": "customers",
        "amenity": "drinking_water",
        "fee": "no",
        "layer": "1",
        "level": "1"
      },
      "geometry": {
        "type": "Point",
        "coordinates": [
          77.5630375,
          12.9966335
        ]
      },
      "id": "node/11465535797"
    },
    {
      "type": "Feature",
      "properties": {
        "@id": "node/11493951520",
        "access": "yes",
        "amenity": "drinking_water",
        "fee": "yes",
        "man_made": "water_tap",
        "operator": "BBMP"
      },
      "geometry": {
        "type": "Point",
        "coordinates": [
          77.6408882,
          12.9734535
        ]
      },
      "id": "node/11493951520"
    },
    {
      "type": "Feature",
      "properties": {
        "@id": "node/11496780439",
        "access": "yes",
        "amenity": "drinking_water",
        "bottle": "yes",
        "charge": "5 INR",
        "fee": "yes"
      },
      "geometry": {
        "type": "Point",
        "coordinates": [
          77.5770629,
          13.1047037
        ]
      },
      "id": "node/11496780439"
    },
    {
      "type": "Feature",
      "properties": {
        "@id": "node/11505830446",
        "access": "yes",
        "amenity": "drinking_water",
        "fee": "yes"
      },
      "geometry": {
        "type": "Point",
        "coordinates": [
          77.6203916,
          12.9537213
        ]
      },
      "id": "node/11505830446"
    },
    {
      "type": "Feature",
      "properties": {
        "@id": "node/11531669571",
        "access": "yes",
        "amenity": "drinking_water",
        "bottle": "yes",
        "fee": "no",
        "fountain": "bubbler",
        "indoor": "yes",
        "wheelchair": "yes"
      },
      "geometry": {
        "type": "Point",
        "coordinates": [
          77.7109101,
          13.2009135
        ]
      },
      "id": "node/11531669571"
    },
    {
      "type": "Feature",
      "properties": {
        "@id": "node/11536208707",
        "amenity": "drinking_water",
        "outdoor": "yes"
      },
      "geometry": {
        "type": "Point",
        "coordinates": [
          82.4189142,
          21.2271507
        ]
      },
      "id": "node/11536208707"
    },
    {
      "type": "Feature",
      "properties": {
        "@id": "node/11537245274",
        "access": "yes",
        "amenity": "drinking_water",
        "drinking_water": "yes"
      },
      "geometry": {
        "type": "Point",
        "coordinates": [
          80.6571448,
          16.5167718
        ]
      },
      "id": "node/11537245274"
    },
    {
      "type": "Feature",
      "properties": {
        "@id": "node/11559045767",
        "amenity": "drinking_water"
      },
      "geometry": {
        "type": "Point",
        "coordinates": [
          83.182758,
          17.9456631
        ]
      },
      "id": "node/11559045767"
    },
    {
      "type": "Feature",
      "properties": {
        "@id": "node/11618715669",
        "amenity": "drinking_water",
        "man_made": "water_tap"
      },
      "geometry": {
        "type": "Point",
        "coordinates": [
          76.4696056,
          15.3546842
        ]
      },
      "id": "node/11618715669"
    },
    {
      "type": "Feature",
      "properties": {
        "@id": "node/11622762370",
        "amenity": "drinking_water"
      },
      "geometry": {
        "type": "Point",
        "coordinates": [
          76.4597181,
          15.3351843
        ]
      },
      "id": "node/11622762370"
    },
    {
      "type": "Feature",
      "properties": {
        "@id": "node/11636053076",
        "amenity": "drinking_water"
      },
      "geometry": {
        "type": "Point",
        "coordinates": [
          69.2776833,
          22.0826218
        ]
      },
      "id": "node/11636053076"
    },
    {
      "type": "Feature",
      "properties": {
        "@id": "node/11636100392",
        "amenity": "drinking_water"
      },
      "geometry": {
        "type": "Point",
        "coordinates": [
          69.2744318,
          22.0865209
        ]
      },
      "id": "node/11636100392"
    },
    {
      "type": "Feature",
      "properties": {
        "@id": "node/11766136416",
        "access": "yes",
        "amenity": "drinking_water",
        "bottle": "yes",
        "charge": "10 RUPEES",
        "fee": "yes",
        "name": "TATA WATER PLANT",
        "payment:cash": "yes",
        "payment:contactless": "yes",
        "source": "WATER;PURIFIED DRINKING WATER"
      },
      "geometry": {
        "type": "Point",
        "coordinates": [
          84.0501007,
          18.5897886
        ]
      },
      "id": "node/11766136416"
    },
    {
      "type": "Feature",
      "properties": {
        "@id": "node/11801404196",
        "amenity": "drinking_water"
      },
      "geometry": {
        "type": "Point",
        "coordinates": [
          79.4194202,
          13.0916703
        ]
      },
      "id": "node/11801404196"
    },
    {
      "type": "Feature",
      "properties": {
        "@id": "node/11813097685",
        "access": "private",
        "amenity": "drinking_water",
        "drinking_water": "yes",
        "fee": "no"
      },
      "geometry": {
        "type": "Point",
        "coordinates": [
          78.3493089,
          22.7607608
        ]
      },
      "id": "node/11813097685"
    },
    {
      "type": "Feature",
      "properties": {
        "@id": "node/11819795067",
        "access": "private",
        "amenity": "drinking_water",
        "man_made": "water_tap",
        "wheelchair": "yes"
      },
      "geometry": {
        "type": "Point",
        "coordinates": [
          78.1257112,
          17.5962183
        ]
      },
      "id": "node/11819795067"
    },
    {
      "type": "Feature",
      "properties": {
        "@id": "node/11819795068",
        "access": "private",
        "amenity": "drinking_water",
        "man_made": "water_tap",
        "wheelchair": "yes"
      },
      "geometry": {
        "type": "Point",
        "coordinates": [
          78.1258031,
          17.5958534
        ]
      },
      "id": "node/11819795068"
    },
    {
      "type": "Feature",
      "properties": {
        "@id": "node/11819851712",
        "access": "private",
        "amenity": "drinking_water",
        "bottle": "yes",
        "fee": "no",
        "man_made": "water_tap",
        "wheelchair": "yes"
      },
      "geometry": {
        "type": "Point",
        "coordinates": [
          78.1257221,
          17.5962153
        ]
      },
      "id": "node/11819851712"
    },
    {
      "type": "Feature",
      "properties": {
        "@id": "node/11819851719",
        "access": "permissive",
        "amenity": "drinking_water",
        "bottle": "yes",
        "covered": "yes",
        "fee": "no",
        "man_made": "water_tap",
        "wheelchair": "yes"
      },
      "geometry": {
        "type": "Point",
        "coordinates": [
          78.1258179,
          17.5958511
        ]
      },
      "id": "node/11819851719"
    },
    {
      "type": "Feature",
      "properties": {
        "@id": "node/11819917696",
        "access": "permissive",
        "amenity": "drinking_water",
        "bottle": "yes",
        "man_made": "water_tap",
        "wheelchair": "yes"
      },
      "geometry": {
        "type": "Point",
        "coordinates": [
          78.1261872,
          17.5963219
        ]
      },
      "id": "node/11819917696"
    },
    {
      "type": "Feature",
      "properties": {
        "@id": "node/11819917698",
        "access": "yes",
        "amenity": "drinking_water",
        "bottle": "yes",
        "fee": "no",
        "wheelchair": "no"
      },
      "geometry": {
        "type": "Point",
        "coordinates": [
          78.1277936,
          17.5963319
        ]
      },
      "id": "node/11819917698"
    },
    {
      "type": "Feature",
      "properties": {
        "@id": "node/11819917699",
        "access": "private",
        "amenity": "drinking_water",
        "bottle": "yes",
        "covered": "yes",
        "fee": "no",
        "wheelchair": "yes"
      },
      "geometry": {
        "type": "Point",
        "coordinates": [
          78.1271031,
          17.5972593
        ]
      },
      "id": "node/11819917699"
    },
    {
      "type": "Feature",
      "properties": {
        "@id": "node/11819917704",
        "access": "permissive",
        "amenity": "drinking_water",
        "bottle": "yes",
        "fee": "no",
        "wheelchair": "yes"
      },
      "geometry": {
        "type": "Point",
        "coordinates": [
          78.1270227,
          17.5977561
        ]
      },
      "id": "node/11819917704"
    },
    {
      "type": "Feature",
      "properties": {
        "@id": "node/11819917711",
        "access": "permissive",
        "amenity": "drinking_water",
        "bottle": "yes",
        "fee": "no",
        "wheelchair": "yes"
      },
      "geometry": {
        "type": "Point",
        "coordinates": [
          78.1265134,
          17.5976427
        ]
      },
      "id": "node/11819917711"
    },
    {
      "type": "Feature",
      "properties": {
        "@id": "node/11819917726",
        "access": "private",
        "amenity": "drinking_water",
        "bottle": "yes",
        "covered": "yes",
        "fee": "no",
        "wheelchair": "yes"
      },
      "geometry": {
        "type": "Point",
        "coordinates": [
          78.1265468,
          17.597235
        ]
      },
      "id": "node/11819917726"
    },
    {
      "type": "Feature",
      "properties": {
        "@id": "node/11819917727",
        "access": "private",
        "amenity": "drinking_water",
        "bottle": "yes",
        "covered": "yes",
        "fee": "no",
        "wheelchair": "yes"
      },
      "geometry": {
        "type": "Point",
        "coordinates": [
          78.1261106,
          17.5973045
        ]
      },
      "id": "node/11819917727"
    },
    {
      "type": "Feature",
      "properties": {
        "@id": "node/11819917728",
        "access": "private",
        "amenity": "drinking_water",
        "bottle": "yes",
        "covered": "yes",
        "fee": "no",
        "man_made": "water_tap",
        "wheelchair": "yes"
      },
      "geometry": {
        "type": "Point",
        "coordinates": [
          78.1260571,
          17.5977333
        ]
      },
      "id": "node/11819917728"
    },
    {
      "type": "Feature",
      "properties": {
        "@id": "node/11819917729",
        "access": "private",
        "amenity": "drinking_water",
        "bottle": "yes",
        "covered": "yes",
        "fee": "no",
        "wheelchair": "yes"
      },
      "geometry": {
        "type": "Point",
        "coordinates": [
          78.1256397,
          17.5971979
        ]
      },
      "id": "node/11819917729"
    },
    {
      "type": "Feature",
      "properties": {
        "@id": "node/11819917730",
        "access": "private",
        "amenity": "drinking_water",
        "bottle": "yes",
        "covered": "yes",
        "fee": "no",
        "wheelchair": "yes"
      },
      "geometry": {
        "type": "Point",
        "coordinates": [
          78.1254799,
          17.5976284
        ]
      },
      "id": "node/11819917730"
    },
    {
      "type": "Feature",
      "properties": {
        "@id": "node/11819926269",
        "amenity": "drinking_water"
      },
      "geometry": {
        "type": "Point",
        "coordinates": [
          78.1261811,
          17.5963268
        ]
      },
      "id": "node/11819926269"
    },
    {
      "type": "Feature",
      "properties": {
        "@id": "node/11819926279",
        "access": "yes",
        "amenity": "drinking_water",
        "fee": "no",
        "wheelchair": "no"
      },
      "geometry": {
        "type": "Point",
        "coordinates": [
          78.1278026,
          17.5963267
        ]
      },
      "id": "node/11819926279"
    },
    {
      "type": "Feature",
      "properties": {
        "@id": "node/11819926280",
        "access": "yes",
        "amenity": "drinking_water",
        "fee": "no",
        "wheelchair": "yes"
      },
      "geometry": {
        "type": "Point",
        "coordinates": [
          78.1229458,
          17.5943582
        ]
      },
      "id": "node/11819926280"
    },
    {
      "type": "Feature",
      "properties": {
        "@id": "node/11819926282",
        "access": "yes",
        "amenity": "drinking_water",
        "fee": "no",
        "wheelchair": "yes"
      },
      "geometry": {
        "type": "Point",
        "coordinates": [
          78.1223127,
          17.5953883
        ]
      },
      "id": "node/11819926282"
    },
    {
      "type": "Feature",
      "properties": {
        "@id": "node/11819926284",
        "access": "yes",
        "amenity": "drinking_water",
        "fee": "no",
        "wheelchair": "yes"
      },
      "geometry": {
        "type": "Point",
        "coordinates": [
          78.12293,
          17.5958017
        ]
      },
      "id": "node/11819926284"
    },
    {
      "type": "Feature",
      "properties": {
        "@id": "node/11819926287",
        "access": "yes",
        "amenity": "drinking_water",
        "fee": "no",
        "wheelchair": "yes"
      },
      "geometry": {
        "type": "Point",
        "coordinates": [
          78.1231258,
          17.5957332
        ]
      },
      "id": "node/11819926287"
    },
    {
      "type": "Feature",
      "properties": {
        "@id": "node/11819926291",
        "access": "yes",
        "amenity": "drinking_water",
        "fee": "no",
        "wheelchair": "yes"
      },
      "geometry": {
        "type": "Point",
        "coordinates": [
          78.1257808,
          17.5983693
        ]
      },
      "id": "node/11819926291"
    },
    {
      "type": "Feature",
      "properties": {
        "@id": "node/11819926297",
        "access": "private",
        "amenity": "drinking_water",
        "fee": "no",
        "wheelchair": "yes"
      },
      "geometry": {
        "type": "Point",
        "coordinates": [
          78.1233758,
          17.5994658
        ]
      },
      "id": "node/11819926297"
    },
    {
      "type": "Feature",
      "properties": {
        "@id": "node/11819926309",
        "access": "private",
        "amenity": "drinking_water",
        "fee": "no",
        "wheelchair": "yes"
      },
      "geometry": {
        "type": "Point",
        "coordinates": [
          78.1229268,
          17.5994324
        ]
      },
      "id": "node/11819926309"
    },
    {
      "type": "Feature",
      "properties": {
        "@id": "node/11819926310",
        "access": "private",
        "amenity": "drinking_water",
        "fee": "no",
        "wheelchair": "yes"
      },
      "geometry": {
        "type": "Point",
        "coordinates": [
          78.1230063,
          17.5988455
        ]
      },
      "id": "node/11819926310"
    },
    {
      "type": "Feature",
      "properties": {
        "@id": "node/11819926311",
        "access": "private",
        "amenity": "drinking_water",
        "fee": "no",
        "wheelchair": "yes"
      },
      "geometry": {
        "type": "Point",
        "coordinates": [
          78.1235296,
          17.5990086
        ]
      },
      "id": "node/11819926311"
    },
    {
      "type": "Feature",
      "properties": {
        "@id": "node/11819926312",
        "access": "private",
        "amenity": "drinking_water",
        "fee": "no",
        "wheelchair": "yes"
      },
      "geometry": {
        "type": "Point",
        "coordinates": [
          78.1225944,
          17.5990029
        ]
      },
      "id": "node/11819926312"
    },
    {
      "type": "Feature",
      "properties": {
        "@id": "node/11819926313",
        "access": "private",
        "amenity": "drinking_water",
        "fee": "no",
        "wheelchair": "yes"
      },
      "geometry": {
        "type": "Point",
        "coordinates": [
          78.122673,
          17.5984933
        ]
      },
      "id": "node/11819926313"
    },
    {
      "type": "Feature",
      "properties": {
        "@id": "node/11819926314",
        "access": "private",
        "amenity": "drinking_water",
        "fee": "no",
        "wheelchair": "yes"
      },
      "geometry": {
        "type": "Point",
        "coordinates": [
          78.12223,
          17.59859
        ]
      },
      "id": "node/11819926314"
    },
    {
      "type": "Feature",
      "properties": {
        "@id": "node/11819926315",
        "access": "private",
        "amenity": "drinking_water",
        "fee": "no",
        "wheelchair": "yes"
      },
      "geometry": {
        "type": "Point",
        "coordinates": [
          78.1233364,
          17.598495
        ]
      },
      "id": "node/11819926315"
    },
    {
      "type": "Feature",
      "properties": {
        "@id": "node/11819926336",
        "access": "yes",
        "amenity": "drinking_water",
        "fee": "no",
        "wheelchair": "yes"
      },
      "geometry": {
        "type": "Point",
        "coordinates": [
          78.120868,
          17.5803905
        ]
      },
      "id": "node/11819926336"
    },
    {
      "type": "Feature",
      "properties": {
        "@id": "node/11819926337",
        "access": "yes",
        "amenity": "drinking_water",
        "fee": "no",
        "wheelchair": "yes"
      },
      "geometry": {
        "type": "Point",
        "coordinates": [
          78.1214131,
          17.5802502
        ]
      },
      "id": "node/11819926337"
    },
    {
      "type": "Feature",
      "properties": {
        "@id": "node/11834598288",
        "amenity": "drinking_water"
      },
      "geometry": {
        "type": "Point",
        "coordinates": [
          79.3356058,
          18.1270065
        ]
      },
      "id": "node/11834598288"
    },
    {
      "type": "Feature",
      "properties": {
        "@id": "node/11868278523",
        "access": "customers",
        "amenity": "drinking_water",
        "indoor": "yes",
        "level": "1",
        "operator": "BMRCL"
      },
      "geometry": {
        "type": "Point",
        "coordinates": [
          77.6167298,
          12.9731758
        ]
      },
      "id": "node/11868278523"
    },
    {
      "type": "Feature",
      "properties": {
        "@id": "node/11906895965",
        "access": "yes",
        "amenity": "drinking_water",
        "operator": "Water ATM",
        "payment:cash": "yes"
      },
      "geometry": {
        "type": "Point",
        "coordinates": [
          77.5337487,
          12.9570441
        ]
      },
      "id": "node/11906895965"
    },
    {
      "type": "Feature",
      "properties": {
        "@id": "node/11906901465",
        "access": "yes",
        "amenity": "drinking_water",
        "operator": "Water ATM",
        "payment:cash": "yes"
      },
      "geometry": {
        "type": "Point",
        "coordinates": [
          77.5325885,
          12.9552827
        ]
      },
      "id": "node/11906901465"
    },
    {
      "type": "Feature",
      "properties": {
        "@id": "node/11942413044",
        "access": "yes",
        "amenity": "drinking_water",
        "fee": "yes",
        "payment:cash": "yes",
        "wheelchair": "no"
      },
      "geometry": {
        "type": "Point",
        "coordinates": [
          77.5274725,
          12.9529928
        ]
      },
      "id": "node/11942413044"
    },
    {
      "type": "Feature",
      "properties": {
        "@id": "node/11942427776",
        "access": "yes",
        "amenity": "drinking_water",
        "fee": "yes",
        "payment:cash": "yes",
        "wheelchair": "no"
      },
      "geometry": {
        "type": "Point",
        "coordinates": [
          77.5278838,
          12.9547341
        ]
      },
      "id": "node/11942427776"
    },
    {
      "type": "Feature",
      "properties": {
        "@id": "node/11949210773",
        "amenity": "drinking_water"
      },
      "geometry": {
        "type": "Point",
        "coordinates": [
          77.5781152,
          12.9998483
        ]
      },
      "id": "node/11949210773"
    },
    {
      "type": "Feature",
      "properties": {
        "@id": "node/11993365460",
        "access": "yes",
        "amenity": "drinking_water",
        "bottle": "yes",
        "fee": "yes",
        "indoor": "yes",
        "lit": "no",
        "wheelchair": "yes"
      },
      "geometry": {
        "type": "Point",
        "coordinates": [
          80.4736011,
          15.9069544
        ]
      },
      "id": "node/11993365460"
    },
    {
      "type": "Feature",
      "properties": {
        "@id": "node/11993388864",
        "access": "yes",
        "amenity": "drinking_water",
        "fee": "yes",
        "wheelchair": "yes"
      },
      "geometry": {
        "type": "Point",
        "coordinates": [
          80.4737264,
          15.9072537
        ]
      },
      "id": "node/11993388864"
    },
    {
      "type": "Feature",
      "properties": {
        "@id": "node/11998985478",
        "access": "permissive",
        "amenity": "drinking_water",
        "bottle": "yes",
        "fee": "yes",
        "indoor": "yes",
        "level": "1",
        "operator": "BMRCL"
      },
      "geometry": {
        "type": "Point",
        "coordinates": [
          77.5005074,
          13.0480153
        ]
      },
      "id": "node/11998985478"
    },
    {
      "type": "Feature",
      "properties": {
        "@id": "node/12000085312",
        "access": "yes",
        "amenity": "drinking_water",
        "fee": "no",
        "wheelchair": "yes"
      },
      "geometry": {
        "type": "Point",
        "coordinates": [
          77.5833921,
          12.9509026
        ]
      },
      "id": "node/12000085312"
    },
    {
      "type": "Feature",
      "properties": {
        "@id": "node/12000109175",
        "amenity": "drinking_water"
      },
      "geometry": {
        "type": "Point",
        "coordinates": [
          77.5851274,
          12.9532948
        ]
      },
      "id": "node/12000109175"
    },
    {
      "type": "Feature",
      "properties": {
        "@id": "node/12019980193",
        "access": "permissive",
        "addr:floor": "-1",
        "amenity": "drinking_water",
        "fee": "no",
        "level": "-1",
        "operator": "BMRCL"
      },
      "geometry": {
        "type": "Point",
        "coordinates": [
          77.5980723,
          12.9806872
        ]
      },
      "id": "node/12019980193"
    },
    {
      "type": "Feature",
      "properties": {
        "@id": "node/12030897644",
        "access": "yes",
        "amenity": "drinking_water",
        "fee": "no"
      },
      "geometry": {
        "type": "Point",
        "coordinates": [
          78.3549163,
          22.7571638
        ]
      },
      "id": "node/12030897644"
    },
    {
      "type": "Feature",
      "properties": {
        "@id": "node/12048924773",
        "access": "permissive",
        "amenity": "drinking_water",
        "fee": "no",
        "indoor": "yes",
        "level": "1",
        "operator": "BMRCL"
      },
      "geometry": {
        "type": "Point",
        "coordinates": [
          77.5799952,
          12.9382871
        ]
      },
      "id": "node/12048924773"
    },
    {
      "type": "Feature",
      "properties": {
        "@id": "node/12072910368",
        "access": "customers",
        "amenity": "drinking_water",
        "indoor": "yes",
        "level": "1",
        "operator": "BMRCL"
      },
      "geometry": {
        "type": "Point",
        "coordinates": [
          77.7276465,
          12.9810019
        ]
      },
      "id": "node/12072910368"
    },
    {
      "type": "Feature",
      "properties": {
        "@id": "node/12075203453",
        "access": "passengers",
        "amenity": "drinking_water"
      },
      "geometry": {
        "type": "Point",
        "coordinates": [
          72.8722046,
          19.0947742
        ]
      },
      "id": "node/12075203453"
    },
    {
      "type": "Feature",
      "properties": {
        "@id": "node/12089389290",
        "access": "yes",
        "addr:floor": "G",
        "amenity": "drinking_water",
        "bottle": "yes",
        "covered": "yes",
        "fee": "yes",
        "indoor": "yes",
        "level": "0",
        "man_made": "water_tap",
        "payment:cash": "yes",
        "wheelchair": "yes"
      },
      "geometry": {
        "type": "Point",
        "coordinates": [
          77.5299698,
          12.9560646
        ]
      },
      "id": "node/12089389290"
    },
    {
      "type": "Feature",
      "properties": {
        "@id": "node/12101714004",
        "amenity": "drinking_water"
      },
      "geometry": {
        "type": "Point",
        "coordinates": [
          77.6012528,
          12.963641
        ]
      },
      "id": "node/12101714004"
    },
    {
      "type": "Feature",
      "properties": {
        "@id": "node/12103115002",
        "amenity": "drinking_water"
      },
      "geometry": {
        "type": "Point",
        "coordinates": [
          77.6057034,
          12.9646683
        ]
      },
      "id": "node/12103115002"
    },
    {
      "type": "Feature",
      "properties": {
        "@id": "node/12118305070",
        "access": "yes",
        "amenity": "drinking_water",
        "bottle": "yes",
        "covered": "yes",
        "fee": "no",
        "indoor": "yes",
        "level": "1",
        "lit": "yes",
        "operator": "BMRCL",
        "wheelchair": "yes"
      },
      "geometry": {
        "type": "Point",
        "coordinates": [
          77.6067226,
          12.9756342
        ]
      },
      "id": "node/12118305070"
    },
    {
      "type": "Feature",
      "properties": {
        "@id": "node/12122313090",
        "amenity": "drinking_water"
      },
      "geometry": {
        "type": "Point",
        "coordinates": [
          71.2142591,
          24.2203071
        ]
      },
      "id": "node/12122313090"
    },
    {
      "type": "Feature",
      "properties": {
        "@id": "node/12122313091",
        "amenity": "drinking_water"
      },
      "geometry": {
        "type": "Point",
        "coordinates": [
          71.2138208,
          24.2205781
        ]
      },
      "id": "node/12122313091"
    },
    {
      "type": "Feature",
      "properties": {
        "@id": "node/12122504496",
        "amenity": "drinking_water"
      },
      "geometry": {
        "type": "Point",
        "coordinates": [
          71.0231734,
          24.3451043
        ]
      },
      "id": "node/12122504496"
    },
    {
      "type": "Feature",
      "properties": {
        "@id": "node/12122508416",
        "amenity": "drinking_water"
      },
      "geometry": {
        "type": "Point",
        "coordinates": [
          71.0229921,
          24.3457641
        ]
      },
      "id": "node/12122508416"
    },
    {
      "type": "Feature",
      "properties": {
        "@id": "node/12135160549",
        "access": "customers",
        "amenity": "drinking_water",
        "indoor": "yes",
        "level": "1",
        "operator": "BMRCL"
      },
      "geometry": {
        "type": "Point",
        "coordinates": [
          77.7578469,
          12.9957425
        ]
      },
      "id": "node/12135160549"
    },
    {
      "type": "Feature",
      "properties": {
        "@id": "node/12149767435",
        "access": "permissive",
        "amenity": "drinking_water",
        "fee": "no"
      },
      "geometry": {
        "type": "Point",
        "coordinates": [
          77.5844782,
          13.0257726
        ]
      },
      "id": "node/12149767435"
    },
    {
      "type": "Feature",
      "properties": {
        "@id": "node/12161153127",
        "access": "customers",
        "amenity": "drinking_water",
        "fee": "no",
        "indoor": "yes",
        "level": "1",
        "operator": "BMRCL"
      },
      "geometry": {
        "type": "Point",
        "coordinates": [
          77.5801491,
          12.9461753
        ]
      },
      "id": "node/12161153127"
    },
    {
      "type": "Feature",
      "properties": {
        "@id": "node/12161153128",
        "access": "customers",
        "amenity": "drinking_water",
        "fee": "no",
        "indoor": "yes",
        "level": "1",
        "operator": "BMRCL"
      },
      "geometry": {
        "type": "Point",
        "coordinates": [
          77.5799556,
          12.9461746
        ]
      },
      "id": "node/12161153128"
    },
    {
      "type": "Feature",
      "properties": {
        "@id": "node/12161830085",
        "amenity": "drinking_water",
        "indoor": "yes"
      },
      "geometry": {
        "type": "Point",
        "coordinates": [
          77.5967675,
          12.9207582
        ]
      },
      "id": "node/12161830085"
    },
    {
      "type": "Feature",
      "properties": {
        "@id": "node/12163099769",
        "access": "permissive",
        "amenity": "drinking_water",
        "bottle": "yes",
        "indoor": "yes",
        "level": "0"
      },
      "geometry": {
        "type": "Point",
        "coordinates": [
          77.5972774,
          12.9442542
        ]
      },
      "id": "node/12163099769"
    },
    {
      "type": "Feature",
      "properties": {
        "@id": "node/12165946576",
        "access": "yes",
        "amenity": "drinking_water",
        "bottle": "yes",
        "fountain": "bubbler",
        "indoor": "yes",
        "level": "1"
      },
      "geometry": {
        "type": "Point",
        "coordinates": [
          77.7195125,
          13.1971662
        ]
      },
      "id": "node/12165946576"
    },
    {
      "type": "Feature",
      "properties": {
        "@id": "node/12171768557",
        "amenity": "drinking_water"
      },
      "geometry": {
        "type": "Point",
        "coordinates": [
          81.8284393,
          17.1697318
        ]
      },
      "id": "node/12171768557"
    },
    {
      "type": "Feature",
      "properties": {
        "@id": "node/12246090207",
        "access": "yes",
        "amenity": "drinking_water",
        "fee": "no"
      },
      "geometry": {
        "type": "Point",
        "coordinates": [
          77.6937845,
          12.9964976
        ]
      },
      "id": "node/12246090207"
    },
    {
      "type": "Feature",
      "properties": {
        "@id": "node/12250051971",
        "amenity": "drinking_water"
      },
      "geometry": {
        "type": "Point",
        "coordinates": [
          81.1920667,
          16.3340362
        ]
      },
      "id": "node/12250051971"
    },
    {
      "type": "Feature",
      "properties": {
        "@id": "node/12265459595",
        "amenity": "drinking_water",
        "charge": "5 INR",
        "fee": "yes",
        "payment:cash": "yes",
        "wheelchair": "limited"
      },
      "geometry": {
        "type": "Point",
        "coordinates": [
          77.5963517,
          13.1042463
        ]
      },
      "id": "node/12265459595"
    },
    {
      "type": "Feature",
      "properties": {
        "@id": "node/12289855183",
        "amenity": "drinking_water",
        "drinking_water": "yes",
        "man_made": "water_tap"
      },
      "geometry": {
        "type": "Point",
        "coordinates": [
          72.8446608,
          19.146401
        ]
      },
      "id": "node/12289855183"
    },
    {
      "type": "Feature",
      "properties": {
        "@id": "node/12293013067",
        "amenity": "drinking_water",
        "drinking_water": "yes",
        "man_made": "water_tap",
        "name": "Durgadevi Saraf Pyau"
      },
      "geometry": {
        "type": "Point",
        "coordinates": [
          72.9008494,
          19.0627636
        ]
      },
      "id": "node/12293013067"
    },
    {
      "type": "Feature",
      "properties": {
        "@id": "node/12298863511",
        "amenity": "drinking_water",
        "drinking_water": "yes",
        "man_made": "water_tap",
        "name": "Ghanshyamdas Saraf Pyau"
      },
      "geometry": {
        "type": "Point",
        "coordinates": [
          72.8469565,
          19.0403524
        ]
      },
      "id": "node/12298863511"
    },
    {
      "type": "Feature",
      "properties": {
        "@id": "node/12299166854",
        "amenity": "drinking_water"
      },
      "geometry": {
        "type": "Point",
        "coordinates": [
          72.8328827,
          18.9266024
        ]
      },
      "id": "node/12299166854"
    },
    {
      "type": "Feature",
      "properties": {
        "@id": "node/12299285915",
        "amenity": "drinking_water",
        "drinking_water": "yes",
        "indoor": "yes",
        "man_made": "water_tap"
      },
      "geometry": {
        "type": "Point",
        "coordinates": [
          73.8740098,
          18.5293041
        ]
      },
      "id": "node/12299285915"
    },
    {
      "type": "Feature",
      "properties": {
        "@id": "node/12299285928",
        "amenity": "drinking_water",
        "drinking_water": "yes",
        "indoor": "yes",
        "man_made": "water_tap"
      },
      "geometry": {
        "type": "Point",
        "coordinates": [
          73.8743665,
          18.5293186
        ]
      },
      "id": "node/12299285928"
    },
    {
      "type": "Feature",
      "properties": {
        "@id": "node/12307002164",
        "amenity": "drinking_water",
        "fee": "no",
        "name": "Water Station"
      },
      "geometry": {
        "type": "Point",
        "coordinates": [
          72.956412,
          19.1721997
        ]
      },
      "id": "node/12307002164"
    },
    {
      "type": "Feature",
      "properties": {
        "@id": "node/12311589244",
        "amenity": "drinking_water"
      },
      "geometry": {
        "type": "Point",
        "coordinates": [
          79.7239959,
          12.8188982
        ]
      },
      "id": "node/12311589244"
    },
    {
      "type": "Feature",
      "properties": {
        "@id": "node/12325185722",
        "access": "customers",
        "addr:floor": "1",
        "amenity": "drinking_water",
        "bottle": "yes",
        "covered": "yes",
        "indoor": "yes",
        "level": "1",
        "lit": "yes",
        "operator": "BMRCL"
      },
      "geometry": {
        "type": "Point",
        "coordinates": [
          77.6382108,
          12.978351
        ]
      },
      "id": "node/12325185722"
    },
    {
      "type": "Feature",
      "properties": {
        "@id": "node/12325306925",
        "amenity": "drinking_water"
      },
      "geometry": {
        "type": "Point",
        "coordinates": [
          72.8589511,
          19.1103857
        ]
      },
      "id": "node/12325306925"
    },
    {
      "type": "Feature",
      "properties": {
        "@id": "node/12331175803",
        "amenity": "drinking_water",
        "bottle": "yes",
        "drinking_water": "yes",
        "indoor": "yes",
        "level": "0",
        "man_made": "water_tap"
      },
      "geometry": {
        "type": "Point",
        "coordinates": [
          72.9998559,
          21.7025529
        ]
      },
      "id": "node/12331175803"
    },
    {
      "type": "Feature",
      "properties": {
        "@id": "node/12342514778",
        "amenity": "drinking_water",
        "name": "Water ATM"
      },
      "geometry": {
        "type": "Point",
        "coordinates": [
          73.927462,
          18.453231
        ]
      },
      "id": "node/12342514778"
    },
    {
      "type": "Feature",
      "properties": {
        "@id": "node/12367521749",
        "amenity": "drinking_water"
      },
      "geometry": {
        "type": "Point",
        "coordinates": [
          77.6564543,
          12.9701128
        ]
      },
      "id": "node/12367521749"
    },
    {
      "type": "Feature",
      "properties": {
        "@id": "node/12386292156",
        "amenity": "drinking_water",
        "image": "https://media.istockphoto.com/id/993463824/vector/drinkable-water-faucet-icon-symbol-vector.jpg?s=612x612&w=0&k=20&c=VIVFMn_2vdTH0i3UQf7Gago17lq6mM7S_nCv8QQeFYs="
      },
      "geometry": {
        "type": "Point",
        "coordinates": [
          80.2754672,
          13.0828615
        ]
      },
      "id": "node/12386292156"
    },
    {
      "type": "Feature",
      "properties": {
        "@id": "node/12396041750",
        "access": "yes",
        "amenity": "drinking_water",
        "bottle": "yes",
        "fee": "no",
        "indoor": "yes",
        "level": "0"
      },
      "geometry": {
        "type": "Point",
        "coordinates": [
          72.8570261,
          19.2294438
        ]
      },
      "id": "node/12396041750"
    },
    {
      "type": "Feature",
      "properties": {
        "@id": "node/12414199254",
        "amenity": "drinking_water"
      },
      "geometry": {
        "type": "Point",
        "coordinates": [
          77.5754305,
          13.0069307
        ]
      },
      "id": "node/12414199254"
    },
    {
      "type": "Feature",
      "properties": {
        "@id": "node/12458738607",
        "access": "private",
        "amenity": "drinking_water",
        "operator": "Gulf Oil Jal Jeevan Water Point",
        "payment:cash": "yes"
      },
      "geometry": {
        "type": "Point",
        "coordinates": [
          80.3137685,
          13.1913972
        ]
      },
      "id": "node/12458738607"
    },
    {
      "type": "Feature",
      "properties": {
        "@id": "node/12464856156",
        "amenity": "drinking_water",
        "name": "Water cistern"
      },
      "geometry": {
        "type": "Point",
        "coordinates": [
          73.8628894,
          19.3955924
        ]
      },
      "id": "node/12464856156"
    },
    {
      "type": "Feature",
      "properties": {
        "@id": "node/12464879053",
        "amenity": "drinking_water",
        "name": "Water Cistern"
      },
      "geometry": {
        "type": "Point",
        "coordinates": [
          73.8611784,
          19.3401881
        ]
      },
      "id": "node/12464879053"
    },
    {
      "type": "Feature",
      "properties": {
        "@id": "node/12464890917",
        "amenity": "drinking_water",
        "name": "Handpump"
      },
      "geometry": {
        "type": "Point",
        "coordinates": [
          73.8030844,
          19.3335593
        ]
      },
      "id": "node/12464890917"
    },
    {
      "type": "Feature",
      "properties": {
        "@id": "node/12506944687",
        "amenity": "drinking_water"
      },
      "geometry": {
        "type": "Point",
        "coordinates": [
          77.5733035,
          12.9778557
        ]
      },
      "id": "node/12506944687"
    },
    {
      "type": "Feature",
      "properties": {
        "@id": "node/12506944688",
        "amenity": "drinking_water"
      },
      "geometry": {
        "type": "Point",
        "coordinates": [
          77.57304,
          12.9778773
        ]
      },
      "id": "node/12506944688"
    },
    {
      "type": "Feature",
      "properties": {
        "@id": "node/12506944690",
        "amenity": "drinking_water"
      },
      "geometry": {
        "type": "Point",
        "coordinates": [
          77.5724137,
          12.9783124
        ]
      },
      "id": "node/12506944690"
    },
    {
      "type": "Feature",
      "properties": {
        "@id": "node/12506944692",
        "amenity": "drinking_water"
      },
      "geometry": {
        "type": "Point",
        "coordinates": [
          77.5717753,
          12.9779955
        ]
      },
      "id": "node/12506944692"
    },
    {
      "type": "Feature",
      "properties": {
        "@id": "node/12506944695",
        "amenity": "drinking_water"
      },
      "geometry": {
        "type": "Point",
        "coordinates": [
          77.5723064,
          12.977925
        ]
      },
      "id": "node/12506944695"
    },
    {
      "type": "Feature",
      "properties": {
        "@id": "node/12507390919",
        "amenity": "drinking_water"
      },
      "geometry": {
        "type": "Point",
        "coordinates": [
          77.6389224,
          12.9618509
        ]
      },
      "id": "node/12507390919"
    },
    {
      "type": "Feature",
      "properties": {
        "@id": "node/12518226615",
        "amenity": "drinking_water",
        "fountain": "bubbler",
        "indoor": "yes",
        "layer": "1",
        "level": "1"
      },
      "geometry": {
        "type": "Point",
        "coordinates": [
          77.5336759,
          13.0328946
        ]
      },
      "id": "node/12518226615"
    },
    {
      "type": "Feature",
      "properties": {
        "@id": "node/12534435701",
        "access": "yes",
        "amenity": "drinking_water",
        "fee": "no",
        "man_made": "water_tap",
        "wheelchair": "limited"
      },
      "geometry": {
        "type": "Point",
        "coordinates": [
          74.7116898,
          13.3892701
        ]
      },
      "id": "node/12534435701"
    },
    {
      "type": "Feature",
      "properties": {
        "@id": "node/12536396309",
        "amenity": "drinking_water",
        "man_made": "water_tap"
      },
      "geometry": {
        "type": "Point",
        "coordinates": [
          75.7730198,
          23.2006752
        ]
      },
      "id": "node/12536396309"
    },
    {
      "type": "Feature",
      "properties": {
        "@id": "node/12546378761",
        "access": "yes",
        "amenity": "drinking_water",
        "fee": "no"
      },
      "geometry": {
        "type": "Point",
        "coordinates": [
          79.9838381,
          12.7306847
        ]
      },
      "id": "node/12546378761"
    },
    {
      "type": "Feature",
      "properties": {
        "@id": "node/12558344201",
        "amenity": "drinking_water"
      },
      "geometry": {
        "type": "Point",
        "coordinates": [
          73.557272,
          19.6990453
        ]
      },
      "id": "node/12558344201"
    },
    {
      "type": "Feature",
      "properties": {
        "@id": "node/12561450691",
        "amenity": "drinking_water",
        "man_made": "water_tap"
      },
      "geometry": {
        "type": "Point",
        "coordinates": [
          75.7675809,
          23.1960635
        ]
      },
      "id": "node/12561450691"
    },
    {
      "type": "Feature",
      "properties": {
        "@id": "node/12571705512",
        "access": "yes",
        "amenity": "drinking_water",
        "operator": "Maraimalai Nagar Municipality"
      },
      "geometry": {
        "type": "Point",
        "coordinates": [
          80.0282272,
          12.7923493
        ]
      },
      "id": "node/12571705512"
    },
    {
      "type": "Feature",
      "properties": {
        "@id": "node/12571705513",
        "amenity": "drinking_water"
      },
      "geometry": {
        "type": "Point",
        "coordinates": [
          80.0274926,
          12.7940221
        ]
      },
      "id": "node/12571705513"
    },
    {
      "type": "Feature",
      "properties": {
        "@id": "node/12571705518",
        "access": "yes",
        "amenity": "drinking_water",
        "operator": "Maraimalai Nagar Municipality"
      },
      "geometry": {
        "type": "Point",
        "coordinates": [
          80.0267225,
          12.7937316
        ]
      },
      "id": "node/12571705518"
    },
    {
      "type": "Feature",
      "properties": {
        "@id": "node/12592433094",
        "amenity": "drinking_water",
        "fountain": "drinking"
      },
      "geometry": {
        "type": "Point",
        "coordinates": [
          76.4756739,
          15.3414281
        ]
      },
      "id": "node/12592433094"
    },
    {
      "type": "Feature",
      "properties": {
        "@id": "node/12617924072",
        "amenity": "drinking_water",
        "fountain": "bottle_refill"
      },
      "geometry": {
        "type": "Point",
        "coordinates": [
          74.7940883,
          13.0099132
        ]
      },
      "id": "node/12617924072"
    },
    {
      "type": "Feature",
      "properties": {
        "@id": "node/12617924075",
        "amenity": "drinking_water",
        "fountain": "bottle_refill"
      },
      "geometry": {
        "type": "Point",
        "coordinates": [
          74.7948163,
          13.010118
        ]
      },
      "id": "node/12617924075"
    },
    {
      "type": "Feature",
      "properties": {
        "@id": "node/12617924076",
        "amenity": "drinking_water",
        "fountain": "bottle_refill"
      },
      "geometry": {
        "type": "Point",
        "coordinates": [
          74.7954831,
          13.0094427
        ]
      },
      "id": "node/12617924076"
    },
    {
      "type": "Feature",
      "properties": {
        "@id": "node/12620334783",
        "amenity": "drinking_water",
        "fountain": "bottle_refill"
      },
      "geometry": {
        "type": "Point",
        "coordinates": [
          74.795748,
          13.008689
        ]
      },
      "id": "node/12620334783"
    },
    {
      "type": "Feature",
      "properties": {
        "@id": "node/12620366252",
        "amenity": "drinking_water",
        "fountain": "bubbler"
      },
      "geometry": {
        "type": "Point",
        "coordinates": [
          74.7973271,
          13.011061
        ]
      },
      "id": "node/12620366252"
    },
    {
      "type": "Feature",
      "properties": {
        "@id": "node/12622668843",
        "amenity": "drinking_water",
        "fountain": "bottle_refill"
      },
      "geometry": {
        "type": "Point",
        "coordinates": [
          74.794729,
          13.0054055
        ]
      },
      "id": "node/12622668843"
    },
    {
      "type": "Feature",
      "properties": {
        "@id": "node/12622668846",
        "amenity": "drinking_water",
        "fountain": "bottle_refill"
      },
      "geometry": {
        "type": "Point",
        "coordinates": [
          74.7957397,
          13.0059058
        ]
      },
      "id": "node/12622668846"
    },
    {
      "type": "Feature",
      "properties": {
        "@id": "node/12622668848",
        "amenity": "drinking_water",
        "fountain": "bottle_refill"
      },
      "geometry": {
        "type": "Point",
        "coordinates": [
          74.7965551,
          13.0063838
        ]
      },
      "id": "node/12622668848"
    },
    {
      "type": "Feature",
      "properties": {
        "@id": "node/12622668851",
        "amenity": "drinking_water",
        "fountain": "bottle_refill"
      },
      "geometry": {
        "type": "Point",
        "coordinates": [
          74.7973162,
          13.0071108
        ]
      },
      "id": "node/12622668851"
    },
    {
      "type": "Feature",
      "properties": {
        "@id": "node/12622668853",
        "amenity": "drinking_water",
        "fountain": "bottle_refill",
        "male": "yes"
      },
      "geometry": {
        "type": "Point",
        "coordinates": [
          74.797427,
          13.0080462
        ]
      },
      "id": "node/12622668853"
    },
    {
      "type": "Feature",
      "properties": {
        "@id": "node/12622668856",
        "amenity": "drinking_water",
        "fountain": "bottle_refill"
      },
      "geometry": {
        "type": "Point",
        "coordinates": [
          74.7962521,
          13.0079287
        ]
      },
      "id": "node/12622668856"
    },
    {
      "type": "Feature",
      "properties": {
        "@id": "node/12622668859",
        "amenity": "drinking_water"
      },
      "geometry": {
        "type": "Point",
        "coordinates": [
          74.7940325,
          13.007449
        ]
      },
      "id": "node/12622668859"
    },
    {
      "type": "Feature",
      "properties": {
        "@id": "node/12622668863",
        "amenity": "drinking_water",
        "fountain": "bubbler"
      },
      "geometry": {
        "type": "Point",
        "coordinates": [
          74.7941749,
          13.008065
        ]
      },
      "id": "node/12622668863"
    },
    {
      "type": "Feature",
      "properties": {
        "@id": "node/12622668864",
        "amenity": "drinking_water",
        "fountain": "bubbler"
      },
      "geometry": {
        "type": "Point",
        "coordinates": [
          74.7938826,
          13.0093784
        ]
      },
      "id": "node/12622668864"
    },
    {
      "type": "Feature",
      "properties": {
        "@id": "node/12622668867",
        "amenity": "drinking_water",
        "fountain": "bottle_refill"
      },
      "geometry": {
        "type": "Point",
        "coordinates": [
          74.7943298,
          13.0104545
        ]
      },
      "id": "node/12622668867"
    },
    {
      "type": "Feature",
      "properties": {
        "@id": "node/12622668869",
        "amenity": "drinking_water",
        "fountain": "bottle_refill"
      },
      "geometry": {
        "type": "Point",
        "coordinates": [
          74.7951369,
          13.0085054
        ]
      },
      "id": "node/12622668869"
    },
    {
      "type": "Feature",
      "properties": {
        "@id": "node/12622668872",
        "amenity": "drinking_water"
      },
      "geometry": {
        "type": "Point",
        "coordinates": [
          74.7957778,
          13.009496
        ]
      },
      "id": "node/12622668872"
    },
    {
      "type": "Feature",
      "properties": {
        "@id": "node/12622668874",
        "amenity": "drinking_water",
        "fountain": "bottle_refill"
      },
      "geometry": {
        "type": "Point",
        "coordinates": [
          74.7971929,
          13.0090184
        ]
      },
      "id": "node/12622668874"
    },
    {
      "type": "Feature",
      "properties": {
        "@id": "node/12730430302",
        "amenity": "drinking_water"
      },
      "geometry": {
        "type": "Point",
        "coordinates": [
          76.4612168,
          15.3306454
        ]
      },
      "id": "node/12730430302"
    },
    {
      "type": "Feature",
      "properties": {
        "@id": "node/12740975401",
        "amenity": "drinking_water"
      },
      "geometry": {
        "type": "Point",
        "coordinates": [
          77.7519412,
          12.8838795
        ]
      },
      "id": "node/12740975401"
    },
    {
      "type": "Feature",
      "properties": {
        "@id": "node/12743805130",
        "access": "yes",
        "amenity": "drinking_water",
        "operator": "BBMP"
      },
      "geometry": {
        "type": "Point",
        "coordinates": [
          77.4990643,
          13.0463318
        ]
      },
      "id": "node/12743805130"
    },
    {
      "type": "Feature",
      "properties": {
        "@id": "node/12760272393",
        "amenity": "drinking_water",
        "bottle": "yes",
        "level": "0"
      },
      "geometry": {
        "type": "Point",
        "coordinates": [
          72.8430728,
          19.0195914
        ]
      },
      "id": "node/12760272393"
    },
    {
      "type": "Feature",
      "properties": {
        "@id": "node/12761251786",
        "amenity": "drinking_water",
        "bottle": "yes",
        "fee": "yes",
        "indoor": "yes",
        "level": "0",
        "operator": "Maa Tara Enterprises"
      },
      "geometry": {
        "type": "Point",
        "coordinates": [
          72.8466773,
          19.1202545
        ]
      },
      "id": "node/12761251786"
    },
    {
      "type": "Feature",
      "properties": {
        "@id": "node/12761251787",
        "amenity": "drinking_water",
        "bottle": "yes",
        "level": "0"
      },
      "geometry": {
        "type": "Point",
        "coordinates": [
          72.8467588,
          19.1193644
        ]
      },
      "id": "node/12761251787"
    },
    {
      "type": "Feature",
      "properties": {
        "@id": "node/12777774134",
        "amenity": "drinking_water"
      },
      "geometry": {
        "type": "Point",
        "coordinates": [
          77.5558812,
          12.9984145
        ]
      },
      "id": "node/12777774134"
    },
    {
      "type": "Feature",
      "properties": {
        "@id": "node/12865221026",
        "amenity": "drinking_water"
      },
      "geometry": {
        "type": "Point",
        "coordinates": [
          72.8501688,
          19.2282389
        ]
      },
      "id": "node/12865221026"
    },
    {
      "type": "Feature",
      "properties": {
        "@id": "node/12888403423",
        "amenity": "drinking_water"
      },
      "geometry": {
        "type": "Point",
        "coordinates": [
          79.4824013,
          17.8429883
        ]
      },
      "id": "node/12888403423"
    },
    {
      "type": "Feature",
      "properties": {
        "@id": "node/12926348337",
        "amenity": "drinking_water",
        "bottle": "yes"
      },
      "geometry": {
        "type": "Point",
        "coordinates": [
          72.8410492,
          21.2048868
        ]
      },
      "id": "node/12926348337"
    },
    {
      "type": "Feature",
      "properties": {
        "@id": "node/12959069282",
        "amenity": "drinking_water",
        "bottle": "yes",
        "level": "0"
      },
      "geometry": {
        "type": "Point",
        "coordinates": [
          72.8570092,
          19.2283551
        ]
      },
      "id": "node/12959069282"
    },
    {
      "type": "Feature",
      "properties": {
        "@id": "node/12959153792",
        "amenity": "drinking_water",
        "bottle": "yes",
        "indoor": "yes",
        "level": "0"
      },
      "geometry": {
        "type": "Point",
        "coordinates": [
          72.8464579,
          19.1203277
        ]
      },
      "id": "node/12959153792"
    },
    {
      "type": "Feature",
      "properties": {
        "@id": "node/12959153793",
        "amenity": "drinking_water",
        "bottle": "yes",
        "fee": "yes",
        "indoor": "yes",
        "level": "0",
        "operator": "Maa Tara Enterprises"
      },
      "geometry": {
        "type": "Point",
        "coordinates": [
          72.8464974,
          19.1203242
        ]
      },
      "id": "node/12959153793"
    },
    {
      "type": "Feature",
      "properties": {
        "@id": "node/12991275715",
        "access": "yes",
        "amenity": "drinking_water",
        "fee": "yes",
        "operator": "Tej Tech",
        "payment:app": "yes",
        "payment:cash": "yes",
        "wheelchair": "yes"
      },
      "geometry": {
        "type": "Point",
        "coordinates": [
          80.6745265,
          16.5011779
        ]
      },
      "id": "node/12991275715"
    },
    {
      "type": "Feature",
      "properties": {
        "@id": "node/12992038755",
        "access": "yes",
        "amenity": "drinking_water",
        "fee": "yes",
        "operator": "Bismillah water plant",
        "payment:app": "yes",
        "payment:cash": "yes"
      },
      "geometry": {
        "type": "Point",
        "coordinates": [
          80.6924933,
          16.4990471
        ]
      },
      "id": "node/12992038755"
    },
    {
      "type": "Feature",
      "properties": {
        "@id": "node/12992748832",
        "amenity": "drinking_water"
      },
      "geometry": {
        "type": "Point",
        "coordinates": [
          80.9532056,
          16.3466863
        ]
      },
      "id": "node/12992748832"
    },
    {
      "type": "Feature",
      "properties": {
        "@id": "node/12993587835",
        "amenity": "drinking_water"
      },
      "geometry": {
        "type": "Point",
        "coordinates": [
          80.7243734,
          16.5096331
        ]
      },
      "id": "node/12993587835"
    },
    {
      "type": "Feature",
      "properties": {
        "@id": "node/12993605759",
        "amenity": "drinking_water"
      },
      "geometry": {
        "type": "Point",
        "coordinates": [
          80.72438,
          16.509635
        ]
      },
      "id": "node/12993605759"
    },
    {
      "type": "Feature",
      "properties": {
        "@id": "node/12993610690",
        "access": "yes",
        "amenity": "drinking_water",
        "payment:app": "yes"
      },
      "geometry": {
        "type": "Point",
        "coordinates": [
          80.70718,
          16.47458
        ]
      },
      "id": "node/12993610690"
    },
    {
      "type": "Feature",
      "properties": {
        "@id": "node/12993620831",
        "access": "private",
        "amenity": "drinking_water",
        "fee": "no",
        "operator": "A1 Aqua Products",
        "payment:cash": "yes",
        "wheelchair": "no"
      },
      "geometry": {
        "type": "Point",
        "coordinates": [
          80.6786867,
          16.5069433
        ]
      },
      "id": "node/12993620831"
    },
    {
      "type": "Feature",
      "properties": {
        "@id": "node/12993632118",
        "amenity": "drinking_water",
        "operator": "Water Pumping House"
      },
      "geometry": {
        "type": "Point",
        "coordinates": [
          80.6667119,
          16.5232915
        ]
      },
      "id": "node/12993632118"
    },
    {
      "type": "Feature",
      "properties": {
        "@id": "node/12993648578",
        "access": "yes",
        "amenity": "drinking_water",
        "operator": "Preity Mineral Water"
      },
      "geometry": {
        "type": "Point",
        "coordinates": [
          80.7038502,
          16.4757936
        ]
      },
      "id": "node/12993648578"
    },
    {
      "type": "Feature",
      "properties": {
        "@id": "node/12993680404",
        "amenity": "drinking_water"
      },
      "geometry": {
        "type": "Point",
        "coordinates": [
          80.7171431,
          16.510207
        ]
      },
      "id": "node/12993680404"
    },
    {
      "type": "Feature",
      "properties": {
        "@id": "node/12993716108",
        "amenity": "drinking_water"
      },
      "geometry": {
        "type": "Point",
        "coordinates": [
          80.7089871,
          16.4784829
        ]
      },
      "id": "node/12993716108"
    },
    {
      "type": "Feature",
      "properties": {
        "@id": "node/13027769343",
        "access": "yes",
        "amenity": "drinking_water",
        "operator": "Airport Authorites of India / Adani Group"
      },
      "geometry": {
        "type": "Point",
        "coordinates": [
          74.8723246,
          12.9508886
        ]
      },
      "id": "node/13027769343"
    },
    {
      "type": "Feature",
      "properties": {
        "@id": "node/13088186714",
        "amenity": "drinking_water",
        "name": "Manchineeti Cheruvu"
      },
      "geometry": {
        "type": "Point",
        "coordinates": [
          81.6561326,
          16.8150444
        ]
      },
      "id": "node/13088186714"
    },
    {
      "type": "Feature",
      "properties": {
        "@id": "node/13131435578",
        "access": "yes",
        "amenity": "drinking_water",
        "charge": "1 inr",
        "description": "can water refilling for drinking purpose",
        "fee": "yes",
        "operator": "tamilnadu governemnet",
        "payment:cash": "yes",
        "wheelchair": "no"
      },
      "geometry": {
        "type": "Point",
        "coordinates": [
          77.809536,
          12.7413206
        ]
      },
      "id": "node/13131435578"
    },
    {
      "type": "Feature",
      "properties": {
        "@id": "node/13152414822",
        "amenity": "drinking_water"
      },
      "geometry": {
        "type": "Point",
        "coordinates": [
          77.5763482,
          12.9295808
        ]
      },
      "id": "node/13152414822"
    },
    {
      "type": "Feature",
      "properties": {
        "@id": "node/13161243881",
        "amenity": "drinking_water"
      },
      "geometry": {
        "type": "Point",
        "coordinates": [
          77.7606531,
          12.9962277
        ]
      },
      "id": "node/13161243881"
    },
    {
      "type": "Feature",
      "properties": {
        "@id": "node/13161243893",
        "amenity": "drinking_water"
      },
      "geometry": {
        "type": "Point",
        "coordinates": [
          77.7601258,
          12.9963127
        ]
      },
      "id": "node/13161243893"
    },
    {
      "type": "Feature",
      "properties": {
        "@id": "node/13164641036",
        "amenity": "drinking_water"
      },
      "geometry": {
        "type": "Point",
        "coordinates": [
          78.5042109,
          17.4334306
        ]
      },
      "id": "node/13164641036"
    },
    {
      "type": "Feature",
      "properties": {
        "@id": "node/13205603110",
        "access": "yes",
        "amenity": "drinking_water",
        "bottle": "yes",
        "indoor": "yes"
      },
      "geometry": {
        "type": "Point",
        "coordinates": [
          77.5715103,
          12.9757341
        ]
      },
      "id": "node/13205603110"
    },
    {
      "type": "Feature",
      "properties": {
        "@id": "node/13240023207",
        "amenity": "drinking_water",
        "bottle": "yes",
        "capacity": "1",
        "fee": "no",
        "fountain": "bottle_refill",
        "level": "2",
        "opening_hours": "24/7"
      },
      "geometry": {
        "type": "Point",
        "coordinates": [
          73.8676202,
          15.7324466
        ]
      },
      "id": "node/13240023207"
    },
    {
      "type": "Feature",
      "properties": {
        "@id": "node/13240023208",
        "amenity": "drinking_water",
        "bottle": "yes",
        "capacity": "1",
        "fee": "no",
        "fountain": "bubbler",
        "level": "2",
        "opening_hours": "24/7"
      },
      "geometry": {
        "type": "Point",
        "coordinates": [
          73.8676202,
          15.7324508
        ]
      },
      "id": "node/13240023208"
    },
    {
      "type": "Feature",
      "properties": {
        "@id": "node/13240420128",
        "amenity": "drinking_water"
      },
      "geometry": {
        "type": "Point",
        "coordinates": [
          72.8170614,
          19.1295711
        ]
      },
      "id": "node/13240420128"
    },
    {
      "type": "Feature",
      "properties": {
        "@id": "node/13253764443",
        "amenity": "drinking_water"
      },
      "geometry": {
        "type": "Point",
        "coordinates": [
          77.3158492,
          15.5379885
        ]
      },
      "id": "node/13253764443"
    },
    {
      "type": "Feature",
      "properties": {
        "@id": "node/13256683287",
        "amenity": "drinking_water"
      },
      "geometry": {
        "type": "Point",
        "coordinates": [
          72.8403891,
          21.2071896
        ]
      },
      "id": "node/13256683287"
    },
    {
      "type": "Feature",
      "properties": {
        "@id": "node/13256683288",
        "amenity": "drinking_water"
      },
      "geometry": {
        "type": "Point",
        "coordinates": [
          72.8405209,
          21.2061352
        ]
      },
      "id": "node/13256683288"
    },
    {
      "type": "Feature",
      "properties": {
        "@id": "node/13256737903",
        "amenity": "drinking_water"
      },
      "geometry": {
        "type": "Point",
        "coordinates": [
          73.1806686,
          22.308826
        ]
      },
      "id": "node/13256737903"
    },
    {
      "type": "Feature",
      "properties": {
        "@id": "node/13273708487",
        "amenity": "drinking_water"
      },
      "geometry": {
        "type": "Point",
        "coordinates": [
          78.355582,
          17.4583316
        ]
      },
      "id": "node/13273708487"
    },
    {
      "type": "Feature",
      "properties": {
        "@id": "node/13273721760",
        "amenity": "drinking_water"
      },
      "geometry": {
        "type": "Point",
        "coordinates": [
          78.4002306,
          17.3836029
        ]
      },
      "id": "node/13273721760"
    },
    {
      "type": "Feature",
      "properties": {
        "@id": "node/13273739707",
        "amenity": "drinking_water"
      },
      "geometry": {
        "type": "Point",
        "coordinates": [
          78.3610056,
          17.4554137
        ]
      },
      "id": "node/13273739707"
    },
    {
      "type": "Feature",
      "properties": {
        "@id": "node/13316569348",
        "amenity": "drinking_water"
      },
      "geometry": {
        "type": "Point",
        "coordinates": [
          75.6544106,
          12.6687745
        ]
      },
      "id": "node/13316569348"
    },
    {
      "type": "Feature",
      "properties": {
        "@id": "node/13316569349",
        "amenity": "drinking_water"
      },
      "geometry": {
        "type": "Point",
        "coordinates": [
          75.6217511,
          12.6596726
        ]
      },
      "id": "node/13316569349"
    },
    {
      "type": "Feature",
      "properties": {
        "@id": "node/13316569389",
        "access": "yes",
        "amenity": "drinking_water"
      },
      "geometry": {
        "type": "Point",
        "coordinates": [
          75.7046323,
          12.6610719
        ]
      },
      "id": "node/13316569389"
    },
    {
      "type": "Feature",
      "properties": {
        "@id": "node/13337607013",
        "amenity": "drinking_water",
        "name": "Rotary Water Station"
      },
      "geometry": {
        "type": "Point",
        "coordinates": [
          73.8101241,
          15.5891607
        ]
      },
      "id": "node/13337607013"
    },
    {
      "type": "Feature",
      "properties": {
        "@id": "node/13344125040",
        "amenity": "drinking_water"
      },
      "geometry": {
        "type": "Point",
        "coordinates": [
          72.8218527,
          19.0601319
        ]
      },
      "id": "node/13344125040"
    },
    {
      "type": "Feature",
      "properties": {
        "@id": "node/13355018278",
        "amenity": "drinking_water"
      },
      "geometry": {
        "type": "Point",
        "coordinates": [
          78.6810723,
          17.2603465
        ]
      },
      "id": "node/13355018278"
    },
    {
      "type": "Feature",
      "properties": {
        "@id": "node/13377499804",
        "amenity": "drinking_water"
      },
      "geometry": {
        "type": "Point",
        "coordinates": [
          72.8167657,
          19.128656
        ]
      },
      "id": "node/13377499804"
    },
    {
      "type": "Feature",
      "properties": {
        "@id": "node/13390300272",
        "access": "customers",
        "amenity": "drinking_water",
        "bottle": "yes",
        "covered": "yes",
        "dog": "no",
        "fee": "no",
        "indoor": "yes",
        "level": "-1"
      },
      "geometry": {
        "type": "Point",
        "coordinates": [
          73.9088455,
          18.5571294
        ]
      },
      "id": "node/13390300272"
    },
    {
      "type": "Feature",
      "properties": {
        "@id": "node/13392149028",
        "access": "permissive",
        "amenity": "drinking_water",
        "bottle": "yes",
        "level": "0"
      },
      "geometry": {
        "type": "Point",
        "coordinates": [
          73.2994509,
          18.7903064
        ]
      },
      "id": "node/13392149028"
    },
    {
      "type": "Feature",
      "properties": {
        "@id": "node/13401799371",
        "amenity": "drinking_water"
      },
      "geometry": {
        "type": "Point",
        "coordinates": [
          73.9108838,
          15.5012254
        ]
      },
      "id": "node/13401799371"
    },
    {
      "type": "Feature",
      "properties": {
        "@id": "node/13444651858",
        "amenity": "drinking_water"
      },
      "geometry": {
        "type": "Point",
        "coordinates": [
          73.9279752,
          15.3612852
        ]
      },
      "id": "node/13444651858"
    },
    {
      "type": "Feature",
      "properties": {
        "@id": "node/13451876422",
        "amenity": "drinking_water"
      },
      "geometry": {
        "type": "Point",
        "coordinates": [
          75.0500257,
          23.3395915
        ]
      },
      "id": "node/13451876422"
    },
    {
      "type": "Feature",
      "properties": {
        "@id": "node/13451876425",
        "amenity": "drinking_water",
        "ref": "07"
      },
      "geometry": {
        "type": "Point",
        "coordinates": [
          75.0498573,
          23.3391575
        ]
      },
      "id": "node/13451876425"
    },
    {
      "type": "Feature",
      "properties": {
        "@id": "node/13451876434",
        "amenity": "drinking_water",
        "ref": "07"
      },
      "geometry": {
        "type": "Point",
        "coordinates": [
          75.049897,
          23.3393269
        ]
      },
      "id": "node/13451876434"
    },
    {
      "type": "Feature",
      "properties": {
        "@id": "node/13451876435",
        "amenity": "drinking_water"
      },
      "geometry": {
        "type": "Point",
        "coordinates": [
          75.0500591,
          23.3396167
        ]
      },
      "id": "node/13451876435"
    },
    {
      "type": "Feature",
      "properties": {
        "@id": "node/13451876441",
        "amenity": "drinking_water",
        "ref": "07"
      },
      "geometry": {
        "type": "Point",
        "coordinates": [
          75.0497003,
          23.3388982
        ]
      },
      "id": "node/13451876441"
    },
    {
      "type": "Feature",
      "properties": {
        "@id": "node/13451876447",
        "amenity": "drinking_water"
      },
      "geometry": {
        "type": "Point",
        "coordinates": [
          75.0501981,
          23.3398771
        ]
      },
      "id": "node/13451876447"
    },
    {
      "type": "Feature",
      "properties": {
        "@id": "node/13451876449",
        "amenity": "drinking_water",
        "ref": "07"
      },
      "geometry": {
        "type": "Point",
        "coordinates": [
          75.0498043,
          23.3389962
        ]
      },
      "id": "node/13451876449"
    },
    {
      "type": "Feature",
      "properties": {
        "@id": "node/13451876451",
        "amenity": "drinking_water"
      },
      "geometry": {
        "type": "Point",
        "coordinates": [
          75.0503825,
          23.3402783
        ]
      },
      "id": "node/13451876451"
    },
    {
      "type": "Feature",
      "properties": {
        "@id": "node/13451876453",
        "amenity": "drinking_water",
        "ref": "07"
      },
      "geometry": {
        "type": "Point",
        "coordinates": [
          75.0496398,
          23.3387557
        ]
      },
      "id": "node/13451876453"
    },
    {
      "type": "Feature",
      "properties": {
        "@id": "node/13452357970",
        "amenity": "drinking_water"
      },
      "geometry": {
        "type": "Point",
        "coordinates": [
          72.8407951,
          21.2076874
        ]
      },
      "id": "node/13452357970"
    },
    {
      "type": "Feature",
      "properties": {
        "@id": "node/13452359467",
        "amenity": "drinking_water"
      },
      "geometry": {
        "type": "Point",
        "coordinates": [
          73.1808863,
          22.3092027
        ]
      },
      "id": "node/13452359467"
    },
    {
      "type": "Feature",
      "properties": {
        "@id": "node/13458734815",
        "amenity": "drinking_water",
        "indoor": "yes",
        "level": "0"
      },
      "geometry": {
        "type": "Point",
        "coordinates": [
          72.8398618,
          19.0693303
        ]
      },
      "id": "node/13458734815"
    },
    {
      "type": "Feature",
      "properties": {
        "@id": "node/13461595012",
        "amenity": "drinking_water"
      },
      "geometry": {
        "type": "Point",
        "coordinates": [
          73.924683,
          15.4923635
        ]
      },
      "id": "node/13461595012"
    },
    {
      "type": "Feature",
      "properties": {
        "@id": "node/13461595021",
        "amenity": "drinking_water"
      },
      "geometry": {
        "type": "Point",
        "coordinates": [
          73.9244076,
          15.4922589
        ]
      },
      "id": "node/13461595021"
    },
    {
      "type": "Feature",
      "properties": {
        "@id": "node/13461610843",
        "amenity": "drinking_water"
      },
      "geometry": {
        "type": "Point",
        "coordinates": [
          73.9699591,
          15.2677917
        ]
      },
      "id": "node/13461610843"
    },
    {
      "type": "Feature",
      "properties": {
        "@id": "node/13461619638",
        "amenity": "drinking_water"
      },
      "geometry": {
        "type": "Point",
        "coordinates": [
          74.1826365,
          14.8200226
        ]
      },
      "id": "node/13461619638"
    },
    {
      "type": "Feature",
      "properties": {
        "@id": "node/13461636041",
        "amenity": "drinking_water"
      },
      "geometry": {
        "type": "Point",
        "coordinates": [
          74.5656759,
          13.9893339
        ]
      },
      "id": "node/13461636041"
    },
    {
      "type": "Feature",
      "properties": {
        "@id": "node/13467922192",
        "amenity": "drinking_water",
        "level": "1"
      },
      "geometry": {
        "type": "Point",
        "coordinates": [
          74.8054086,
          12.9901172
        ]
      },
      "id": "node/13467922192"
    },
    {
      "type": "Feature",
      "properties": {
        "@id": "node/13467954597",
        "amenity": "drinking_water"
      },
      "geometry": {
        "type": "Point",
        "coordinates": [
          74.8006405,
          12.9889767
        ]
      },
      "id": "node/13467954597"
    },
    {
      "type": "Feature",
      "properties": {
        "@id": "node/13469711969",
        "amenity": "drinking_water"
      },
      "geometry": {
        "type": "Point",
        "coordinates": [
          72.8372358,
          18.9433423
        ]
      },
      "id": "node/13469711969"
    },
    {
      "type": "Feature",
      "properties": {
        "@id": "node/13469728504",
        "amenity": "drinking_water"
      },
      "geometry": {
        "type": "Point",
        "coordinates": [
          72.8372246,
          18.9433028
        ]
      },
      "id": "node/13469728504"
    },
    {
      "type": "Feature",
      "properties": {
        "@id": "node/13472599921",
        "amenity": "drinking_water"
      },
      "geometry": {
        "type": "Point",
        "coordinates": [
          74.7921347,
          13.0106902
        ]
      },
      "id": "node/13472599921"
    },
    {
      "type": "Feature",
      "properties": {
        "@id": "node/13481201803",
        "amenity": "drinking_water"
      },
      "geometry": {
        "type": "Point",
        "coordinates": [
          77.5868628,
          13.0242063
        ]
      },
      "id": "node/13481201803"
    },
    {
      "type": "Feature",
      "properties": {
        "@id": "node/13481435781",
        "amenity": "drinking_water"
      },
      "geometry": {
        "type": "Point",
        "coordinates": [
          75.7879509,
          21.0471553
        ]
      },
      "id": "node/13481435781"
    },
    {
      "type": "Feature",
      "properties": {
        "@id": "node/13483206112",
        "amenity": "drinking_water"
      },
      "geometry": {
        "type": "Point",
        "coordinates": [
          73.5305818,
          19.9318859
        ]
      },
      "id": "node/13483206112"
    },
    {
      "type": "Feature",
      "properties": {
        "@id": "node/13483737164",
        "amenity": "drinking_water",
        "fee": "yes",
        "indoor": "yes",
        "level": "0",
        "name": "Water Vending Machine",
        "opening_hours": "24/7",
        "operator": "Maa Tara Enterprises"
      },
      "geometry": {
        "type": "Point",
        "coordinates": [
          72.8431179,
          19.0169854
        ]
      },
      "id": "node/13483737164"
    },
    {
      "type": "Feature",
      "properties": {
        "@id": "node/13483798882",
        "amenity": "drinking_water"
      },
      "geometry": {
        "type": "Point",
        "coordinates": [
          73.7487851,
          19.941177
        ]
      },
      "id": "node/13483798882"
    },
    {
      "type": "Feature",
      "properties": {
        "@id": "node/13484137101",
        "amenity": "drinking_water",
        "level": "0",
        "name": "Water plant"
      },
      "geometry": {
        "type": "Point",
        "coordinates": [
          83.29683,
          17.7308222
        ]
      },
      "id": "node/13484137101"
    },
    {
      "type": "Feature",
      "properties": {
        "@id": "node/13484816619",
        "amenity": "drinking_water"
      },
      "geometry": {
        "type": "Point",
        "coordinates": [
          73.8418981,
          19.9446333
        ]
      },
      "id": "node/13484816619"
    },
    {
      "type": "Feature",
      "properties": {
        "@id": "node/13484816621",
        "amenity": "drinking_water",
        "fee": "no"
      },
      "geometry": {
        "type": "Point",
        "coordinates": [
          73.8418714,
          19.9457886
        ]
      },
      "id": "node/13484816621"
    },
    {
      "type": "Feature",
      "properties": {
        "@id": "node/13484816623",
        "amenity": "drinking_water"
      },
      "geometry": {
        "type": "Point",
        "coordinates": [
          73.8417815,
          19.9453947
        ]
      },
      "id": "node/13484816623"
    },
    {
      "type": "Feature",
      "properties": {
        "@id": "node/13484816625",
        "amenity": "drinking_water"
      },
      "geometry": {
        "type": "Point",
        "coordinates": [
          73.841988,
          19.945015
        ]
      },
      "id": "node/13484816625"
    },
    {
      "type": "Feature",
      "properties": {
        "@id": "node/13484816626",
        "amenity": "drinking_water",
        "fee": "no"
      },
      "geometry": {
        "type": "Point",
        "coordinates": [
          73.8419517,
          19.9461247
        ]
      },
      "id": "node/13484816626"
    },
    {
      "type": "Feature",
      "properties": {
        "@id": "node/13484816633",
        "amenity": "drinking_water"
      },
      "geometry": {
        "type": "Point",
        "coordinates": [
          73.8421385,
          19.9457387
        ]
      },
      "id": "node/13484816633"
    },
    {
      "type": "Feature",
      "properties": {
        "@id": "node/13484816636",
        "amenity": "drinking_water"
      },
      "geometry": {
        "type": "Point",
        "coordinates": [
          73.8416911,
          19.94499
        ]
      },
      "id": "node/13484816636"
    },
    {
      "type": "Feature",
      "properties": {
        "@id": "node/13484816639",
        "amenity": "drinking_water"
      },
      "geometry": {
        "type": "Point",
        "coordinates": [
          73.8422373,
          19.946058
        ]
      },
      "id": "node/13484816639"
    },
    {
      "type": "Feature",
      "properties": {
        "@id": "node/13484816651",
        "amenity": "drinking_water"
      },
      "geometry": {
        "type": "Point",
        "coordinates": [
          73.8420435,
          19.9453347
        ]
      },
      "id": "node/13484816651"
    },
    {
      "type": "Feature",
      "properties": {
        "@id": "node/13484816654",
        "amenity": "drinking_water"
      },
      "geometry": {
        "type": "Point",
        "coordinates": [
          73.8416199,
          19.9446609
        ]
      },
      "id": "node/13484816654"
    },
    {
      "type": "Feature",
      "properties": {
        "@id": "node/13501093227",
        "amenity": "drinking_water",
        "fountain": "bottle_refill",
        "indoor": "yes"
      },
      "geometry": {
        "type": "Point",
        "coordinates": [
          72.8652167,
          19.1253531
        ]
      },
      "id": "node/13501093227"
    },
    {
      "type": "Feature",
      "properties": {
        "@id": "node/13517342781",
        "amenity": "drinking_water",
        "fee": "no"
      },
      "geometry": {
        "type": "Point",
        "coordinates": [
          73.8420145,
          19.9463893
        ]
      },
      "id": "node/13517342781"
    },
    {
      "type": "Feature",
      "properties": {
        "@id": "node/13517342789",
        "amenity": "drinking_water",
        "fee": "no"
      },
      "geometry": {
        "type": "Point",
        "coordinates": [
          73.8421952,
          19.9469903
        ]
      },
      "id": "node/13517342789"
    },
    {
      "type": "Feature",
      "properties": {
        "@id": "node/13517529140",
        "amenity": "drinking_water",
        "fee": "no"
      },
      "geometry": {
        "type": "Point",
        "coordinates": [
          73.8423497,
          19.9479164
        ]
      },
      "id": "node/13517529140"
    },
    {
      "type": "Feature",
      "properties": {
        "@id": "node/13517529154",
        "amenity": "drinking_water",
        "fee": "no"
      },
      "geometry": {
        "type": "Point",
        "coordinates": [
          73.8424896,
          19.9492402
        ]
      },
      "id": "node/13517529154"
    },
    {
      "type": "Feature",
      "properties": {
        "@id": "node/13517529166",
        "amenity": "drinking_water",
        "fee": "no",
        "level": "0"
      },
      "geometry": {
        "type": "Point",
        "coordinates": [
          73.8424052,
          19.9489073
        ]
      },
      "id": "node/13517529166"
    },
    {
      "type": "Feature",
      "properties": {
        "@id": "node/13517529183",
        "amenity": "drinking_water",
        "fee": "no",
        "level": "0"
      },
      "geometry": {
        "type": "Point",
        "coordinates": [
          73.8425289,
          19.9487385
        ]
      },
      "id": "node/13517529183"
    },
    {
      "type": "Feature",
      "properties": {
        "@id": "node/13519678151",
        "amenity": "drinking_water"
      },
      "geometry": {
        "type": "Point",
        "coordinates": [
          73.1805853,
          22.3105719
        ]
      },
      "id": "node/13519678151"
    },
    {
      "type": "Feature",
      "properties": {
        "@id": "node/13519678161",
        "amenity": "drinking_water",
        "indoor": "yes"
      },
      "geometry": {
        "type": "Point",
        "coordinates": [
          73.1806576,
          22.3085112
        ]
      },
      "id": "node/13519678161"
    },
    {
      "type": "Feature",
      "properties": {
        "@id": "node/13597425345",
        "amenity": "drinking_water",
        "natural": "spring"
      },
      "geometry": {
        "type": "Point",
        "coordinates": [
          74.9986462,
          13.0742752
        ]
      },
      "id": "node/13597425345"
    },
    {
      "type": "Feature",
      "properties": {
        "@id": "node/13602977729",
        "amenity": "drinking_water"
      },
      "geometry": {
        "type": "Point",
        "coordinates": [
          73.8714732,
          18.5293816
        ]
      },
      "id": "node/13602977729"
    },
    {
      "type": "Feature",
      "properties": {
        "@id": "node/13602977731",
        "amenity": "drinking_water"
      },
      "geometry": {
        "type": "Point",
        "coordinates": [
          73.8719341,
          18.5294054
        ]
      },
      "id": "node/13602977731"
    },
    {
      "type": "Feature",
      "properties": {
        "@id": "node/13602977736",
        "amenity": "drinking_water"
      },
      "geometry": {
        "type": "Point",
        "coordinates": [
          73.874066,
          18.5294941
        ]
      },
      "id": "node/13602977736"
    },
    {
      "type": "Feature",
      "properties": {
        "@id": "node/13607698272",
        "amenity": "drinking_water"
      },
      "geometry": {
        "type": "Point",
        "coordinates": [
          76.4742872,
          13.2557908
        ]
      },
      "id": "node/13607698272"
    },
    {
      "type": "Feature",
      "properties": {
        "@id": "node/13607698273",
        "amenity": "drinking_water",
        "wheelchair": "designated"
      },
      "geometry": {
        "type": "Point",
        "coordinates": [
          76.4743532,
          13.2557825
        ]
      },
      "id": "node/13607698273"
    },
    {
      "type": "Feature",
      "properties": {
        "@id": "node/13617596838",
        "amenity": "drinking_water"
      },
      "geometry": {
        "type": "Point",
        "coordinates": [
          79.8452962,
          14.1483075
        ]
      },
      "id": "node/13617596838"
    },
    {
      "type": "Feature",
      "properties": {
        "@id": "node/13619401615",
        "amenity": "drinking_water"
      },
      "geometry": {
        "type": "Point",
        "coordinates": [
          80.6237155,
          16.327979
        ]
      },
      "id": "node/13619401615"
    },
    {
      "type": "Feature",
      "properties": {
        "@id": "node/13619401641",
        "amenity": "drinking_water",
        "ref": "9"
      },
      "geometry": {
        "type": "Point",
        "coordinates": [
          80.6188888,
          16.5185223
        ]
      },
      "id": "node/13619401641"
    },
    {
      "type": "Feature",
      "properties": {
        "@id": "node/13619401661",
        "amenity": "drinking_water",
        "ref": "10"
      },
      "geometry": {
        "type": "Point",
        "coordinates": [
          80.6190291,
          16.5188456
        ]
      },
      "id": "node/13619401661"
    },
    {
      "type": "Feature",
      "properties": {
        "@id": "node/13619401691",
        "amenity": "drinking_water"
      },
      "geometry": {
        "type": "Point",
        "coordinates": [
          80.6236492,
          16.3283778
        ]
      },
      "id": "node/13619401691"
    },
    {
      "type": "Feature",
      "properties": {
        "@id": "node/13621111347",
        "amenity": "drinking_water"
      },
      "geometry": {
        "type": "Point",
        "coordinates": [
          79.0883602,
          21.1497622
        ]
      },
      "id": "node/13621111347"
    },
    {
      "type": "Feature",
      "properties": {
        "@id": "node/13621111361",
        "amenity": "drinking_water"
      },
      "geometry": {
        "type": "Point",
        "coordinates": [
          79.0882779,
          21.1520243
        ]
      },
      "id": "node/13621111361"
    },
    {
      "type": "Feature",
      "properties": {
        "@id": "node/13621133752",
        "amenity": "drinking_water"
      },
      "geometry": {
        "type": "Point",
        "coordinates": [
          77.4134777,
          23.2677076
        ]
      },
      "id": "node/13621133752"
    },
    {
      "type": "Feature",
      "properties": {
        "@id": "node/13621133754",
        "amenity": "drinking_water"
      },
      "geometry": {
        "type": "Point",
        "coordinates": [
          77.4134862,
          23.2676936
        ]
      },
      "id": "node/13621133754"
    },
    {
      "type": "Feature",
      "properties": {
        "@id": "node/13621133756",
        "amenity": "drinking_water"
      },
      "geometry": {
        "type": "Point",
        "coordinates": [
          77.4134891,
          23.2677064
        ]
      },
      "id": "node/13621133756"
    },
    {
      "type": "Feature",
      "properties": {
        "@id": "node/13621133757",
        "amenity": "drinking_water",
        "fountain": "bottle_refill",
        "level": "0",
        "name": "Water Vending Machine",
        "opening_hours": "24/7",
        "operator": "Sudhir Purbey Enterprises",
        "shop": "water"
      },
      "geometry": {
        "type": "Point",
        "coordinates": [
          77.4134637,
          23.2676408
        ]
      },
      "id": "node/13621133757"
    },
    {
      "type": "Feature",
      "properties": {
        "@id": "node/13621133761",
        "amenity": "drinking_water"
      },
      "geometry": {
        "type": "Point",
        "coordinates": [
          77.4134747,
          23.2676949
        ]
      },
      "id": "node/13621133761"
    },
    {
      "type": "Feature",
      "properties": {
        "@id": "node/13648908489",
        "amenity": "drinking_water"
      },
      "geometry": {
        "type": "Point",
        "coordinates": [
          77.6065636,
          13.2817139
        ]
      },
      "id": "node/13648908489"
    },
    {
      "type": "Feature",
      "properties": {
        "@id": "node/13676301501",
        "amenity": "drinking_water",
        "name": "BBMP PARK 10th main"
      },
      "geometry": {
        "type": "Point",
        "coordinates": [
          77.6188358,
          13.0121445
        ]
      },
      "id": "node/13676301501"
    },
    {
      "type": "Feature",
      "properties": {
        "@id": "node/13682475427",
        "amenity": "drinking_water"
      },
      "geometry": {
        "type": "Point",
        "coordinates": [
          74.6018175,
          16.8455906
        ]
      },
      "id": "node/13682475427"
    },
    {
      "type": "Feature",
      "properties": {
        "@id": "node/13707153301",
        "amenity": "drinking_water",
        "check_date": "2026-04-05",
        "level": "0",
        "name": "Jala Prasadam",
        "operator": "Tirumala Tirupati Devasthanams"
      },
      "geometry": {
        "type": "Point",
        "coordinates": [
          79.3459747,
          13.6854743
        ]
      },
      "id": "node/13707153301"
    },
    {
      "type": "Feature",
      "properties": {
        "@id": "node/13730703742",
        "amenity": "drinking_water"
      },
      "geometry": {
        "type": "Point",
        "coordinates": [
          77.6466492,
          13.0493817
        ]
      },
      "id": "node/13730703742"
    },
    {
      "type": "Feature",
      "properties": {
        "@id": "node/13735360234",
        "amenity": "drinking_water"
      },
      "geometry": {
        "type": "Point",
        "coordinates": [
          77.4136248,
          23.2673631
        ]
      },
      "id": "node/13735360234"
    },
    {
      "type": "Feature",
      "properties": {
        "@id": "node/13735360241",
        "amenity": "drinking_water"
      },
      "geometry": {
        "type": "Point",
        "coordinates": [
          77.4136529,
          23.2674316
        ]
      },
      "id": "node/13735360241"
    },
    {
      "type": "Feature",
      "properties": {
        "@id": "node/13736457872",
        "amenity": "drinking_water"
      },
      "geometry": {
        "type": "Point",
        "coordinates": [
          77.7644071,
          22.607207
        ]
      },
      "id": "node/13736457872"
    },
    {
      "type": "Feature",
      "properties": {
        "@id": "node/13736735132",
        "amenity": "drinking_water",
        "man_made": "water_tap"
      },
      "geometry": {
        "type": "Point",
        "coordinates": [
          79.6043942,
          17.9733988
        ]
      },
      "id": "node/13736735132"
    },
    {
      "type": "Feature",
      "properties": {
        "@id": "node/13736735133",
        "amenity": "drinking_water"
      },
      "geometry": {
        "type": "Point",
        "coordinates": [
          79.6033416,
          17.9735608
        ]
      },
      "id": "node/13736735133"
    },
    {
      "type": "Feature",
      "properties": {
        "@id": "node/13736735134",
        "amenity": "drinking_water"
      },
      "geometry": {
        "type": "Point",
        "coordinates": [
          79.6071202,
          17.9730044
        ]
      },
      "id": "node/13736735134"
    },
    {
      "type": "Feature",
      "properties": {
        "@id": "node/13736735135",
        "amenity": "drinking_water"
      },
      "geometry": {
        "type": "Point",
        "coordinates": [
          79.6073331,
          17.9729741
        ]
      },
      "id": "node/13736735135"
    },
    {
      "type": "Feature",
      "properties": {
        "@id": "node/13737468449",
        "access": "yes",
        "amenity": "drinking_water",
        "name": "konda reddy water supplies"
      },
      "geometry": {
        "type": "Point",
        "coordinates": [
          79.8354119,
          15.7565938
        ]
      },
      "id": "node/13737468449"
    },
    {
      "type": "Feature",
      "properties": {
        "@id": "node/13737487328",
        "amenity": "drinking_water"
      },
      "geometry": {
        "type": "Point",
        "coordinates": [
          80.6175992,
          16.517164
        ]
      },
      "id": "node/13737487328"
    },
    {
      "type": "Feature",
      "properties": {
        "@id": "node/13737487336",
        "amenity": "drinking_water"
      },
      "geometry": {
        "type": "Point",
        "coordinates": [
          80.6172698,
          16.5164231
        ]
      },
      "id": "node/13737487336"
    },
    {
      "type": "Feature",
      "properties": {
        "@id": "node/13738226108",
        "amenity": "drinking_water"
      },
      "geometry": {
        "type": "Point",
        "coordinates": [
          80.2746695,
          13.0844255
        ]
      },
      "id": "node/13738226108"
    },
    {
      "type": "Feature",
      "properties": {
        "@id": "node/13738226111",
        "amenity": "drinking_water"
      },
      "geometry": {
        "type": "Point",
        "coordinates": [
          80.2747817,
          13.0839882
        ]
      },
      "id": "node/13738226111"
    },
    {
      "type": "Feature",
      "properties": {
        "@id": "node/13738226112",
        "amenity": "drinking_water",
        "wheelchair": "designated"
      },
      "geometry": {
        "type": "Point",
        "coordinates": [
          80.2749384,
          13.0833353
        ]
      },
      "id": "node/13738226112"
    },
    {
      "type": "Feature",
      "properties": {
        "@id": "node/13738226115",
        "amenity": "drinking_water"
      },
      "geometry": {
        "type": "Point",
        "coordinates": [
          80.2742767,
          13.0871665
        ]
      },
      "id": "node/13738226115"
    },
    {
      "type": "Feature",
      "properties": {
        "@id": "node/13738226126",
        "amenity": "drinking_water"
      },
      "geometry": {
        "type": "Point",
        "coordinates": [
          80.2742844,
          13.0878502
        ]
      },
      "id": "node/13738226126"
    },
    {
      "type": "Feature",
      "properties": {
        "@id": "node/13738226139",
        "amenity": "drinking_water"
      },
      "geometry": {
        "type": "Point",
        "coordinates": [
          80.2747603,
          13.0841571
        ]
      },
      "id": "node/13738226139"
    },
    {
      "type": "Feature",
      "properties": {
        "@id": "node/13738226143",
        "amenity": "drinking_water"
      },
      "geometry": {
        "type": "Point",
        "coordinates": [
          80.2745891,
          13.0849615
        ]
      },
      "id": "node/13738226143"
    },
    {
      "type": "Feature",
      "properties": {
        "@id": "node/13738226147",
        "amenity": "drinking_water",
        "wheelchair": "designated"
      },
      "geometry": {
        "type": "Point",
        "coordinates": [
          80.2749888,
          13.0833419
        ]
      },
      "id": "node/13738226147"
    },
    {
      "type": "Feature",
      "properties": {
        "@id": "node/13738226148",
        "amenity": "drinking_water"
      },
      "geometry": {
        "type": "Point",
        "coordinates": [
          80.2744494,
          13.0857831
        ]
      },
      "id": "node/13738226148"
    },
    {
      "type": "Feature",
      "properties": {
        "@id": "node/13738226154",
        "amenity": "drinking_water"
      },
      "geometry": {
        "type": "Point",
        "coordinates": [
          80.2743827,
          13.0862535
        ]
      },
      "id": "node/13738226154"
    },
    {
      "type": "Feature",
      "properties": {
        "@id": "node/13738226155",
        "amenity": "drinking_water"
      },
      "geometry": {
        "type": "Point",
        "coordinates": [
          80.2742807,
          13.0875917
        ]
      },
      "id": "node/13738226155"
    },
    {
      "type": "Feature",
      "properties": {
        "@id": "node/13747777154",
        "amenity": "drinking_water"
      },
      "geometry": {
        "type": "Point",
        "coordinates": [
          78.8284923,
          14.45159
        ]
      },
      "id": "node/13747777154"
    },
    {
      "type": "Feature",
      "properties": {
        "@id": "node/13760340684",
        "amenity": "drinking_water"
      },
      "geometry": {
        "type": "Point",
        "coordinates": [
          72.8402356,
          19.0698888
        ]
      },
      "id": "node/13760340684"
    },
    {
      "type": "Feature",
      "properties": {
        "@id": "node/13760344113",
        "amenity": "drinking_water"
      },
      "geometry": {
        "type": "Point",
        "coordinates": [
          72.8402581,
          19.0700021
        ]
      },
      "id": "node/13760344113"
    },
    {
      "type": "Feature",
      "properties": {
        "@id": "node/13798225972",
        "amenity": "drinking_water"
      },
      "geometry": {
        "type": "Point",
        "coordinates": [
          72.8334969,
          19.3798914
        ]
      },
      "id": "node/13798225972"
    },
    {
      "type": "Feature",
      "properties": {
        "@id": "node/13798225978",
        "amenity": "drinking_water"
      },
      "geometry": {
        "type": "Point",
        "coordinates": [
          72.8333015,
          19.3803332
        ]
      },
      "id": "node/13798225978"
    },
    {
      "type": "Feature",
      "properties": {
        "@id": "node/13798225983",
        "amenity": "drinking_water"
      },
      "geometry": {
        "type": "Point",
        "coordinates": [
          72.8331357,
          19.38071
        ]
      },
      "id": "node/13798225983"
    },
    {
      "type": "Feature",
      "properties": {
        "@id": "node/13800406794",
        "amenity": "drinking_water"
      },
      "geometry": {
        "type": "Point",
        "coordinates": [
          75.0499683,
          23.3402597
        ]
      },
      "id": "node/13800406794"
    },
    {
      "type": "Feature",
      "properties": {
        "@id": "node/13822217528",
        "access": "permissive",
        "amenity": "drinking_water"
      },
      "geometry": {
        "type": "Point",
        "coordinates": [
          83.3081146,
          17.7371209
        ]
      },
      "id": "node/13822217528"
    },
    {
      "type": "Feature",
      "properties": {
        "@id": "node/13839492368",
        "amenity": "drinking_water",
        "man_made": "water_tap"
      },
      "geometry": {
        "type": "Point",
        "coordinates": [
          80.2680951,
          13.0325612
        ]
      },
      "id": "node/13839492368"
    },
    {
      "type": "Feature",
      "properties": {
        "@id": "node/13913730363",
        "access": "yes",
        "amenity": "drinking_water",
        "fee": "yes"
      },
      "geometry": {
        "type": "Point",
        "coordinates": [
          77.6360745,
          12.9614796
        ]
      },
      "id": "node/13913730363"
    },
    {
      "type": "Feature",
      "properties": {
        "@id": "node/13919194798",
        "amenity": "drinking_water"
      },
      "geometry": {
        "type": "Point",
        "coordinates": [
          80.1766748,
          13.0867096
        ]
      },
      "id": "node/13919194798"
    },
    {
      "type": "Feature",
      "properties": {
        "@id": "node/13928812588",
        "amenity": "drinking_water",
        "fountain": "bottle_refill"
      },
      "geometry": {
        "type": "Point",
        "coordinates": [
          77.4008738,
          23.2365011
        ]
      },
      "id": "node/13928812588"
    },
    {
      "type": "Feature",
      "properties": {
        "@id": "node/13942813420",
        "amenity": "drinking_water"
      },
      "geometry": {
        "type": "Point",
        "coordinates": [
          77.4129747,
          23.2660858
        ]
      },
      "id": "node/13942813420"
    },
    {
      "type": "Feature",
      "properties": {
        "@id": "node/13948461569",
        "amenity": "drinking_water"
      },
      "geometry": {
        "type": "Point",
        "coordinates": [
          74.5381463,
          22.9065799
        ]
      },
      "id": "node/13948461569"
    },
    {
      "type": "Feature",
      "properties": {
        "@id": "node/13948463559",
        "amenity": "drinking_water"
      },
      "geometry": {
        "type": "Point",
        "coordinates": [
          74.3476704,
          22.8664842
        ]
      },
      "id": "node/13948463559"
    },
    {
      "type": "Feature",
      "properties": {
        "@id": "node/13948463582",
        "amenity": "drinking_water"
      },
      "geometry": {
        "type": "Point",
        "coordinates": [
          73.1809053,
          22.3094655
        ]
      },
      "id": "node/13948463582"
    },
    {
      "type": "Feature",
      "properties": {
        "@id": "node/13948463601",
        "amenity": "drinking_water",
        "ref": "11"
      },
      "geometry": {
        "type": "Point",
        "coordinates": [
          73.6467681,
          22.7886792
        ]
      },
      "id": "node/13948463601"
    },
    {
      "type": "Feature",
      "properties": {
        "@id": "node/13948463738",
        "amenity": "drinking_water"
      },
      "geometry": {
        "type": "Point",
        "coordinates": [
          74.5379989,
          22.9061947
        ]
      },
      "id": "node/13948463738"
    },
    {
      "type": "Feature",
      "properties": {
        "@id": "node/13948463745",
        "amenity": "drinking_water"
      },
      "geometry": {
        "type": "Point",
        "coordinates": [
          72.9708707,
          20.7638337
        ]
      },
      "id": "node/13948463745"
    },
    {
      "type": "Feature",
      "properties": {
        "@id": "node/13948463907",
        "amenity": "drinking_water"
      },
      "geometry": {
        "type": "Point",
        "coordinates": [
          72.9543949,
          21.4628349
        ]
      },
      "id": "node/13948463907"
    },
    {
      "type": "Feature",
      "properties": {
        "@id": "node/13948463948",
        "amenity": "drinking_water"
      },
      "geometry": {
        "type": "Point",
        "coordinates": [
          75.6437379,
          24.192626
        ]
      },
      "id": "node/13948463948"
    },
    {
      "type": "Feature",
      "properties": {
        "@id": "node/13948463963",
        "amenity": "drinking_water",
        "level": "0",
        "wheelchair": "designated"
      },
      "geometry": {
        "type": "Point",
        "coordinates": [
          72.8414974,
          19.0649102
        ]
      },
      "id": "node/13948463963"
    },
    {
      "type": "Feature",
      "properties": {
        "@id": "node/13948464039",
        "amenity": "drinking_water"
      },
      "geometry": {
        "type": "Point",
        "coordinates": [
          75.500376,
          23.5655091
        ]
      },
      "id": "node/13948464039"
    },
    {
      "type": "Feature",
      "properties": {
        "@id": "node/13948464045",
        "amenity": "drinking_water",
        "ref": "10"
      },
      "geometry": {
        "type": "Point",
        "coordinates": [
          73.6467766,
          22.7886795
        ]
      },
      "id": "node/13948464045"
    },
    {
      "type": "Feature",
      "properties": {
        "@id": "node/13948464087",
        "amenity": "drinking_water",
        "level": "0"
      },
      "geometry": {
        "type": "Point",
        "coordinates": [
          72.8414804,
          19.0648973
        ]
      },
      "id": "node/13948464087"
    },
    {
      "type": "Feature",
      "properties": {
        "@id": "node/13948464110",
        "amenity": "drinking_water",
        "level": "0"
      },
      "geometry": {
        "type": "Point",
        "coordinates": [
          72.8414207,
          19.0637153
        ]
      },
      "id": "node/13948464110"
    },
    {
      "type": "Feature",
      "properties": {
        "@id": "node/13948464185",
        "amenity": "drinking_water"
      },
      "geometry": {
        "type": "Point",
        "coordinates": [
          73.6021925,
          22.7770533
        ]
      },
      "id": "node/13948464185"
    },
    {
      "type": "Feature",
      "properties": {
        "@id": "node/13948464198",
        "amenity": "drinking_water"
      },
      "geometry": {
        "type": "Point",
        "coordinates": [
          75.6428284,
          24.1900194
        ]
      },
      "id": "node/13948464198"
    },
    {
      "type": "Feature",
      "properties": {
        "@id": "node/13948464228",
        "amenity": "drinking_water"
      },
      "geometry": {
        "type": "Point",
        "coordinates": [
          75.4111556,
          23.4564799
        ]
      },
      "id": "node/13948464228"
    },
    {
      "type": "Feature",
      "properties": {
        "@id": "node/13948464235",
        "amenity": "drinking_water"
      },
      "geometry": {
        "type": "Point",
        "coordinates": [
          75.2847979,
          23.4419801
        ]
      },
      "id": "node/13948464235"
    },
    {
      "type": "Feature",
      "properties": {
        "@id": "node/13948464274",
        "amenity": "drinking_water"
      },
      "geometry": {
        "type": "Point",
        "coordinates": [
          73.1806763,
          22.3092802
        ]
      },
      "id": "node/13948464274"
    },
    {
      "type": "Feature",
      "properties": {
        "@id": "node/13948464275",
        "amenity": "drinking_water"
      },
      "geometry": {
        "type": "Point",
        "coordinates": [
          73.0006739,
          21.6224043
        ]
      },
      "id": "node/13948464275"
    },
    {
      "type": "Feature",
      "properties": {
        "@id": "node/13948464339",
        "amenity": "drinking_water"
      },
      "geometry": {
        "type": "Point",
        "coordinates": [
          72.8412034,
          21.2040916
        ]
      },
      "id": "node/13948464339"
    },
    {
      "type": "Feature",
      "properties": {
        "@id": "node/13950621119",
        "amenity": "drinking_water"
      },
      "geometry": {
        "type": "Point",
        "coordinates": [
          72.8266285,
          19.1458589
        ]
      },
      "id": "node/13950621119"
    },
    {
      "type": "Feature",
      "properties": {
        "@id": "node/13950621191",
        "amenity": "drinking_water"
      },
      "geometry": {
        "type": "Point",
        "coordinates": [
          72.8267792,
          19.1453
        ]
      },
      "id": "node/13950621191"
    },
    {
      "type": "Feature",
      "properties": {
        "@id": "node/13950621195",
        "amenity": "drinking_water"
      },
      "geometry": {
        "type": "Point",
        "coordinates": [
          72.8266173,
          19.1458479
        ]
      },
      "id": "node/13950621195"
    },
    {
      "type": "Feature",
      "properties": {
        "@id": "node/13954126577",
        "amenity": "drinking_water"
      },
      "geometry": {
        "type": "Point",
        "coordinates": [
          73.4107584,
          18.7483286
        ]
      },
      "id": "node/13954126577"
    },
    {
      "type": "Feature",
      "properties": {
        "@id": "node/13954150732",
        "amenity": "drinking_water",
        "level": "0"
      },
      "geometry": {
        "type": "Point",
        "coordinates": [
          72.8560103,
          19.2808945
        ]
      },
      "id": "node/13954150732"
    },
    {
      "type": "Feature",
      "properties": {
        "@id": "node/13958000890",
        "amenity": "drinking_water",
        "indoor": "yes"
      },
      "geometry": {
        "type": "Point",
        "coordinates": [
          73.872684,
          18.5288931
        ]
      },
      "id": "node/13958000890"
    },
    {
      "type": "Feature",
      "properties": {
        "@id": "node/13958011010",
        "amenity": "drinking_water",
        "indoor": "yes",
        "ref": "3"
      },
      "geometry": {
        "type": "Point",
        "coordinates": [
          73.8727151,
          18.5288948
        ]
      },
      "id": "node/13958011010"
    },
    {
      "type": "Feature",
      "properties": {
        "@id": "node/13958011023",
        "amenity": "drinking_water",
        "charge:conditional": "5 INR / liter",
        "fee": "yes",
        "indoor": "yes",
        "operator": "Om Gayatri Enterprises"
      },
      "geometry": {
        "type": "Point",
        "coordinates": [
          73.8729127,
          18.5289021
        ]
      },
      "id": "node/13958011023"
    },
    {
      "type": "Feature",
      "properties": {
        "@id": "node/13958011044",
        "amenity": "drinking_water",
        "indoor": "yes",
        "ref": "1"
      },
      "geometry": {
        "type": "Point",
        "coordinates": [
          73.8727049,
          18.5288943
        ]
      },
      "id": "node/13958011044"
    },
    {
      "type": "Feature",
      "properties": {
        "@id": "node/13958011052",
        "amenity": "drinking_water",
        "indoor": "yes",
        "ref": "2"
      },
      "geometry": {
        "type": "Point",
        "coordinates": [
          73.8727098,
          18.5288945
        ]
      },
      "id": "node/13958011052"
    },
    {
      "type": "Feature",
      "properties": {
        "@id": "node/13958406201",
        "amenity": "drinking_water",
        "name": "Sadguru water purifier",
        "operator": "water purification and softners"
      },
      "geometry": {
        "type": "Point",
        "coordinates": [
          73.9280003,
          18.6043475
        ]
      },
      "id": "node/13958406201"
    },
    {
      "type": "Feature",
      "properties": {
        "@id": "node/13970519703",
        "amenity": "drinking_water"
      },
      "geometry": {
        "type": "Point",
        "coordinates": [
          74.5939993,
          13.9315453
        ]
      },
      "id": "node/13970519703"
    },
    {
      "type": "Feature",
      "properties": {
        "@id": "node/13970519709",
        "amenity": "drinking_water"
      },
      "geometry": {
        "type": "Point",
        "coordinates": [
          73.7303978,
          16.3865642
        ]
      },
      "id": "node/13970519709"
    },
    {
      "type": "Feature",
      "properties": {
        "@id": "node/13970519752",
        "amenity": "drinking_water"
      },
      "geometry": {
        "type": "Point",
        "coordinates": [
          74.8432574,
          12.8616411
        ]
      },
      "id": "node/13970519752"
    },
    {
      "type": "Feature",
      "properties": {
        "@id": "node/13970519796",
        "amenity": "drinking_water"
      },
      "geometry": {
        "type": "Point",
        "coordinates": [
          73.8183866,
          15.7075605
        ]
      },
      "id": "node/13970519796"
    },
    {
      "type": "Feature",
      "properties": {
        "@id": "node/13970519810",
        "amenity": "drinking_water"
      },
      "geometry": {
        "type": "Point",
        "coordinates": [
          74.8432343,
          12.8613772
        ]
      },
      "id": "node/13970519810"
    },
    {
      "type": "Feature",
      "properties": {
        "@id": "node/13970519813",
        "amenity": "drinking_water"
      },
      "geometry": {
        "type": "Point",
        "coordinates": [
          74.8433722,
          12.8629803
        ]
      },
      "id": "node/13970519813"
    },
    {
      "type": "Feature",
      "properties": {
        "@id": "node/13970519817",
        "amenity": "drinking_water",
        "man_made": "water_tap"
      },
      "geometry": {
        "type": "Point",
        "coordinates": [
          74.8054559,
          12.9900498
        ]
      },
      "id": "node/13970519817"
    },
    {
      "type": "Feature",
      "properties": {
        "@id": "node/13970519875",
        "amenity": "drinking_water"
      },
      "geometry": {
        "type": "Point",
        "coordinates": [
          74.8433587,
          12.8631533
        ]
      },
      "id": "node/13970519875"
    },
    {
      "type": "Feature",
      "properties": {
        "@id": "node/13970519893",
        "amenity": "drinking_water"
      },
      "geometry": {
        "type": "Point",
        "coordinates": [
          73.7437528,
          16.4442828
        ]
      },
      "id": "node/13970519893"
    },
    {
      "type": "Feature",
      "properties": {
        "@id": "node/13970519954",
        "amenity": "drinking_water"
      },
      "geometry": {
        "type": "Point",
        "coordinates": [
          73.8129392,
          15.8035104
        ]
      },
      "id": "node/13970519954"
    },
    {
      "type": "Feature",
      "properties": {
        "@id": "node/13971841508",
        "amenity": "drinking_water"
      },
      "geometry": {
        "type": "Point",
        "coordinates": [
          72.8038587,
          21.1790331
        ]
      },
      "id": "node/13971841508"
    },
    {
      "type": "Feature",
      "properties": {
        "@id": "node/13972106008",
        "amenity": "drinking_water",
        "level": "3"
      },
      "geometry": {
        "type": "Point",
        "coordinates": [
          75.1850661,
          12.7816984
        ]
      },
      "id": "node/13972106008"
    },
    {
      "type": "Feature",
      "properties": {
        "@id": "node/13972106016",
        "amenity": "drinking_water",
        "level": "2"
      },
      "geometry": {
        "type": "Point",
        "coordinates": [
          75.1850661,
          12.7816984
        ]
      },
      "id": "node/13972106016"
    },
    {
      "type": "Feature",
      "properties": {
        "@id": "node/13973937402",
        "amenity": "drinking_water",
        "name": "Water filter channappanahalli",
        "operator": "shreenibas"
      },
      "geometry": {
        "type": "Point",
        "coordinates": [
          75.9957142,
          15.491693
        ]
      },
      "id": "node/13973937402"
    },
    {
      "type": "Feature",
      "properties": {
        "@id": "node/13976609131",
        "amenity": "drinking_water"
      },
      "geometry": {
        "type": "Point",
        "coordinates": [
          74.9068502,
          12.6698783
        ]
      },
      "id": "node/13976609131"
    },
    {
      "type": "Feature",
      "properties": {
        "@id": "node/13976609133",
        "amenity": "drinking_water"
      },
      "geometry": {
        "type": "Point",
        "coordinates": [
          74.8897997,
          12.7237637
        ]
      },
      "id": "node/13976609133"
    },
    {
      "type": "Feature",
      "properties": {
        "@id": "node/13976609141",
        "amenity": "drinking_water"
      },
      "geometry": {
        "type": "Point",
        "coordinates": [
          74.9066985,
          12.6703226
        ]
      },
      "id": "node/13976609141"
    },
    {
      "type": "Feature",
      "properties": {
        "@id": "node/13976614410",
        "amenity": "drinking_water"
      },
      "geometry": {
        "type": "Point",
        "coordinates": [
          75.2045399,
          12.7606544
        ]
      },
      "id": "node/13976614410"
    },
    {
      "type": "Feature",
      "properties": {
        "@id": "node/13976614422",
        "amenity": "drinking_water"
      },
      "geometry": {
        "type": "Point",
        "coordinates": [
          75.2046575,
          12.7687244
        ]
      },
      "id": "node/13976614422"
    },
    {
      "type": "Feature",
      "properties": {
        "@id": "node/13976614432",
        "amenity": "drinking_water"
      },
      "geometry": {
        "type": "Point",
        "coordinates": [
          75.1270502,
          12.8169326
        ]
      },
      "id": "node/13976614432"
    },
    {
      "type": "Feature",
      "properties": {
        "@id": "node/13976614434",
        "amenity": "drinking_water"
      },
      "geometry": {
        "type": "Point",
        "coordinates": [
          75.0340399,
          12.878092
        ]
      },
      "id": "node/13976614434"
    },
    {
      "type": "Feature",
      "properties": {
        "@id": "node/13976614471",
        "amenity": "drinking_water"
      },
      "geometry": {
        "type": "Point",
        "coordinates": [
          75.2045903,
          12.7687795
        ]
      },
      "id": "node/13976614471"
    },
    {
      "type": "Feature",
      "properties": {
        "@id": "node/13976614493",
        "amenity": "drinking_water",
        "wheelchair": "designated"
      },
      "geometry": {
        "type": "Point",
        "coordinates": [
          75.2044872,
          12.7687806
        ]
      },
      "id": "node/13976614493"
    },
    {
      "type": "Feature",
      "properties": {
        "@id": "node/13976617115",
        "amenity": "drinking_water"
      },
      "geometry": {
        "type": "Point",
        "coordinates": [
          74.8795086,
          12.8662966
        ]
      },
      "id": "node/13976617115"
    },
    {
      "type": "Feature",
      "properties": {
        "@id": "node/13987972007",
        "access": "yes",
        "amenity": "drinking_water",
        "charge": "5rupees",
        "fee": "yes"
      },
      "geometry": {
        "type": "Point",
        "coordinates": [
          79.6037404,
          17.973488
        ]
      },
      "id": "node/13987972007"
    },
    {
      "type": "Feature",
      "properties": {
        "@id": "node/13992569501",
        "amenity": "drinking_water",
        "name": "Water filter channappanahalli",
        "operator": "gramapanchayathi"
      },
      "geometry": {
        "type": "Point",
        "coordinates": [
          76.0055403,
          15.5195728
        ]
      },
      "id": "node/13992569501"
    },
    {
      "type": "Feature",
      "properties": {
        "@id": "node/14008033590",
        "amenity": "drinking_water",
        "bottle": "yes",
        "level": "0"
      },
      "geometry": {
        "type": "Point",
        "coordinates": [
          74.8819681,
          12.8663887
        ]
      },
      "id": "node/14008033590"
    },
    {
      "type": "Feature",
      "properties": {
        "@id": "node/14008117334",
        "amenity": "drinking_water",
        "bottle": "yes",
        "level": "0"
      },
      "geometry": {
        "type": "Point",
        "coordinates": [
          74.8812321,
          12.8664268
        ]
      },
      "id": "node/14008117334"
    },
    {
      "type": "Feature",
      "properties": {
        "@id": "node/14013534118",
        "amenity": "drinking_water"
      },
      "geometry": {
        "type": "Point",
        "coordinates": [
          74.8817693,
          12.8661764
        ]
      },
      "id": "node/14013534118"
    },
    {
      "type": "Feature",
      "properties": {
        "@id": "node/14013534120",
        "amenity": "drinking_water",
        "bottle": "yes",
        "level": "0"
      },
      "geometry": {
        "type": "Point",
        "coordinates": [
          74.8809557,
          12.8662253
        ]
      },
      "id": "node/14013534120"
    },
    {
      "type": "Feature",
      "properties": {
        "@id": "node/14014723209",
        "amenity": "drinking_water"
      },
      "geometry": {
        "type": "Point",
        "coordinates": [
          73.1231874,
          18.4470131
        ]
      },
      "id": "node/14014723209"
    },
    {
      "type": "Feature",
      "properties": {
        "@id": "node/14014723247",
        "amenity": "drinking_water"
      },
      "geometry": {
        "type": "Point",
        "coordinates": [
          73.2771578,
          18.246405
        ]
      },
      "id": "node/14014723247"
    },
    {
      "type": "Feature",
      "properties": {
        "@id": "node/14014723257",
        "amenity": "drinking_water"
      },
      "geometry": {
        "type": "Point",
        "coordinates": [
          73.1228009,
          18.4471206
        ]
      },
      "id": "node/14014723257"
    },
    {
      "type": "Feature",
      "properties": {
        "@id": "node/14014723258",
        "amenity": "drinking_water"
      },
      "geometry": {
        "type": "Point",
        "coordinates": [
          73.2740164,
          18.2490282
        ]
      },
      "id": "node/14014723258"
    },
    {
      "type": "Feature",
      "properties": {
        "@id": "node/14014723263",
        "amenity": "drinking_water"
      },
      "geometry": {
        "type": "Point",
        "coordinates": [
          73.329224,
          18.1151731
        ]
      },
      "id": "node/14014723263"
    },
    {
      "type": "Feature",
      "properties": {
        "@id": "node/14014723287",
        "amenity": "drinking_water"
      },
      "geometry": {
        "type": "Point",
        "coordinates": [
          73.2745755,
          18.2488703
        ]
      },
      "id": "node/14014723287"
    },
    {
      "type": "Feature",
      "properties": {
        "@id": "node/14050781461",
        "access": "yes",
        "amenity": "drinking_water"
      },
      "geometry": {
        "type": "Point",
        "coordinates": [
          72.5981165,
          23.0987503
        ]
      },
      "id": "node/14050781461"
    },
    {
      "type": "Feature",
      "properties": {
        "@id": "node/14051343542",
        "amenity": "drinking_water"
      },
      "geometry": {
        "type": "Point",
        "coordinates": [
          77.2995998,
          24.63881
        ]
      },
      "id": "node/14051343542"
    },
    {
      "type": "Feature",
      "properties": {
        "@id": "node/14058526748",
        "amenity": "drinking_water"
      },
      "geometry": {
        "type": "Point",
        "coordinates": [
          72.8411925,
          19.0631361
        ]
      },
      "id": "node/14058526748"
    },
    {
      "type": "Feature",
      "properties": {
        "@id": "node/14058729877",
        "amenity": "drinking_water"
      },
      "geometry": {
        "type": "Point",
        "coordinates": [
          72.8403137,
          21.2076974
        ]
      },
      "id": "node/14058729877"
    },
    {
      "type": "Feature",
      "properties": {
        "@id": "node/14062424471",
        "access": "permissive",
        "amenity": "drinking_water",
        "fee": "no",
        "wheelchair": "no"
      },
      "geometry": {
        "type": "Point",
        "coordinates": [
          78.457237,
          17.3050431
        ]
      },
      "id": "node/14062424471"
    },
    {
      "type": "Feature",
      "properties": {
        "@id": "node/14065559343",
        "amenity": "drinking_water"
      },
      "geometry": {
        "type": "Point",
        "coordinates": [
          72.5796425,
          23.167004
        ]
      },
      "id": "node/14065559343"
    },
    {
      "type": "Feature",
      "properties": {
        "@id": "node/14067711781",
        "amenity": "drinking_water"
      },
      "geometry": {
        "type": "Point",
        "coordinates": [
          72.5870241,
          23.0235265
        ]
      },
      "id": "node/14067711781"
    },
    {
      "type": "Feature",
      "properties": {
        "@id": "node/14070189242",
        "amenity": "drinking_water"
      },
      "geometry": {
        "type": "Point",
        "coordinates": [
          73.9021755,
          18.5523601
        ]
      },
      "id": "node/14070189242"
    },
    {
      "type": "Feature",
      "properties": {
        "@id": "node/14079932790",
        "amenity": "drinking_water"
      },
      "geometry": {
        "type": "Point",
        "coordinates": [
          76.4698186,
          15.3535677
        ]
      },
      "id": "node/14079932790"
    },
    {
      "type": "Feature",
      "properties": {
        "@id": "node/14079933892",
        "amenity": "drinking_water"
      },
      "geometry": {
        "type": "Point",
        "coordinates": [
          76.4700354,
          15.3538064
        ]
      },
      "id": "node/14079933892"
    },
    {
      "type": "Feature",
      "properties": {
        "@id": "node/14079933895",
        "amenity": "drinking_water"
      },
      "geometry": {
        "type": "Point",
        "coordinates": [
          76.4702275,
          15.3540166
        ]
      },
      "id": "node/14079933895"
    },
    {
      "type": "Feature",
      "properties": {
        "@id": "node/14079933899",
        "amenity": "drinking_water"
      },
      "geometry": {
        "type": "Point",
        "coordinates": [
          76.469928,
          15.3539196
        ]
      },
      "id": "node/14079933899"
    },
    {
      "type": "Feature",
      "properties": {
        "@id": "node/14079933927",
        "amenity": "drinking_water"
      },
      "geometry": {
        "type": "Point",
        "coordinates": [
          76.4701158,
          15.3535153
        ]
      },
      "id": "node/14079933927"
    },
    {
      "type": "Feature",
      "properties": {
        "@id": "node/14081555738",
        "amenity": "drinking_water",
        "check_date": "2026-08-09"
      },
      "geometry": {
        "type": "Point",
        "coordinates": [
          75.7390023,
          16.9356523
        ]
      },
      "id": "node/14081555738"
    },
    {
      "type": "Feature",
      "properties": {
        "@id": "node/14083621120",
        "amenity": "drinking_water",
        "check_date": "2026-08-09"
      },
      "geometry": {
        "type": "Point",
        "coordinates": [
          75.7193442,
          19.3273469
        ]
      },
      "id": "node/14083621120"
    },
    {
      "type": "Feature",
      "properties": {
        "@id": "node/14089349463",
        "amenity": "drinking_water"
      },
      "geometry": {
        "type": "Point",
        "coordinates": [
          75.1777907,
          20.0230958
        ]
      },
      "id": "node/14089349463"
    },
    {
      "type": "Feature",
      "properties": {
        "@id": "node/14098843582",
        "amenity": "drinking_water"
      },
      "geometry": {
        "type": "Point",
        "coordinates": [
          72.8673859,
          19.2295644
        ]
      },
      "id": "node/14098843582"
    },
    {
      "type": "Feature",
      "properties": {
        "@id": "node/14132520388",
        "access": "yes",
        "amenity": "drinking_water",
        "fee": "yes",
        "wheelchair": "no"
      },
      "geometry": {
        "type": "Point",
        "coordinates": [
          77.5141113,
          12.9596565
        ]
      },
      "id": "node/14132520388"
    },
    {
      "type": "Feature",
      "properties": {
        "@id": "node/14134430267",
        "amenity": "drinking_water",
        "man_made": "water_tap"
      },
      "geometry": {
        "type": "Point",
        "coordinates": [
          77.5819857,
          13.0927092
        ]
      },
      "id": "node/14134430267"
    },
    {
      "type": "Feature",
      "properties": {
        "@id": "node/14134441904",
        "amenity": "drinking_water"
      },
      "geometry": {
        "type": "Point",
        "coordinates": [
          75.9732326,
          24.7290784
        ]
      },
      "id": "node/14134441904"
    },
    {
      "type": "Feature",
      "properties": {
        "@id": "node/14134502777",
        "amenity": "drinking_water"
      },
      "geometry": {
        "type": "Point",
        "coordinates": [
          75.6488111,
          24.0685414
        ]
      },
      "id": "node/14134502777"
    },
    {
      "type": "Feature",
      "properties": {
        "@id": "node/14136258232",
        "amenity": "drinking_water"
      },
      "geometry": {
        "type": "Point",
        "coordinates": [
          75.601605,
          23.9468523
        ]
      },
      "id": "node/14136258232"
    },
    {
      "type": "Feature",
      "properties": {
        "@id": "node/14136258234",
        "amenity": "drinking_water"
      },
      "geometry": {
        "type": "Point",
        "coordinates": [
          75.6015828,
          23.9474797
        ]
      },
      "id": "node/14136258234"
    },
    {
      "type": "Feature",
      "properties": {
        "@id": "node/14136258235",
        "amenity": "drinking_water"
      },
      "geometry": {
        "type": "Point",
        "coordinates": [
          75.6015933,
          23.9471723
        ]
      },
      "id": "node/14136258235"
    },
    {
      "type": "Feature",
      "properties": {
        "@id": "node/14136258236",
        "amenity": "drinking_water"
      },
      "geometry": {
        "type": "Point",
        "coordinates": [
          75.6016244,
          23.9465681
        ]
      },
      "id": "node/14136258236"
    },
    {
      "type": "Feature",
      "properties": {
        "@id": "node/14136535599",
        "amenity": "drinking_water"
      },
      "geometry": {
        "type": "Point",
        "coordinates": [
          75.5004471,
          23.5666174
        ]
      },
      "id": "node/14136535599"
    }
  ]
}