{
  "type": "FeatureCollection",
  "generator": "overpass-turbo",
  "copyright": "The data included in this document is from www.openstreetmap.org. The data is made available under ODbL.",
  "timestamp": "2026-09-06T09:20:36Z",
  "features": [
    {
      "type": "Feature",
      "properties": {
        "@id": "node/852873684",
        "amenity": "drinking_water",
        "name": "Sale Drinking water station"
      },
      "geometry": {
        "type": "Point",
        "coordinates": [
          84.3025271,
          28.5436135
        ]
      },
      "id": "node/852873684"
    },
    {
      "type": "Feature",
      "properties": {
        "@id": "node/852891527",
        "amenity": "drinking_water",
        "name": "ACAP Safe Drinking Water Station"
      },
      "geometry": {
        "type": "Point",
        "coordinates": [
          84.2438366,
          28.5500918
        ]
      },
      "id": "node/852891527"
    },
    {
      "type": "Feature",
      "properties": {
        "@id": "node/854332159",
        "amenity": "drinking_water",
        "check_date": "2023-03-28",
        "fixme": "badly placed",
        "indoor": "yes",
        "man_made": "water_tap",
        "name": "ACAP Safe Drinking Water Station"
      },
      "geometry": {
        "type": "Point",
        "coordinates": [
          84.0237608,
          28.6655612
        ]
      },
      "id": "node/854332159"
    },
    {
      "type": "Feature",
      "properties": {
        "@id": "node/854367554",
        "amenity": "drinking_water",
        "check_date": "2025-08-27",
        "name": "Sale Drinking water station",
        "name:en": "Safe Drinking Water Station"
      },
      "geometry": {
        "type": "Point",
        "coordinates": [
          83.9738181,
          28.7225098
        ]
      },
      "id": "node/854367554"
    },
    {
      "type": "Feature",
      "properties": {
        "@id": "node/973821289",
        "amenity": "drinking_water",
        "check_date": "2023-04-01",
        "name": "ACAP Safe Drinking Water Station"
      },
      "geometry": {
        "type": "Point",
        "coordinates": [
          83.9729371,
          28.7390361
        ]
      },
      "id": "node/973821289"
    },
    {
      "type": "Feature",
      "properties": {
        "@id": "node/995838779",
        "amenity": "drinking_water",
        "name": "ACAP Safe Drinking Water Station"
      },
      "geometry": {
        "type": "Point",
        "coordinates": [
          83.5987686,
          28.6418759
        ]
      },
      "id": "node/995838779"
    },
    {
      "type": "Feature",
      "properties": {
        "@id": "node/1329319686",
        "amenity": "drinking_water",
        "check_date": "2024-03-12"
      },
      "geometry": {
        "type": "Point",
        "coordinates": [
          84.4178506,
          27.9487607
        ]
      },
      "id": "node/1329319686"
    },
    {
      "type": "Feature",
      "properties": {
        "@id": "node/1329328793",
        "amenity": "drinking_water"
      },
      "geometry": {
        "type": "Point",
        "coordinates": [
          84.3853701,
          27.9406557
        ]
      },
      "id": "node/1329328793"
    },
    {
      "type": "Feature",
      "properties": {
        "@id": "node/1329328794",
        "amenity": "drinking_water"
      },
      "geometry": {
        "type": "Point",
        "coordinates": [
          84.3975065,
          27.9351014
        ]
      },
      "id": "node/1329328794"
    },
    {
      "type": "Feature",
      "properties": {
        "@id": "node/1329346738",
        "amenity": "drinking_water"
      },
      "geometry": {
        "type": "Point",
        "coordinates": [
          84.3946065,
          27.9326369
        ]
      },
      "id": "node/1329346738"
    },
    {
      "type": "Feature",
      "properties": {
        "@id": "node/1366516165",
        "amenity": "drinking_water"
      },
      "geometry": {
        "type": "Point",
        "coordinates": [
          83.8649777,
          28.2962632
        ]
      },
      "id": "node/1366516165"
    },
    {
      "type": "Feature",
      "properties": {
        "@id": "node/1366661731",
        "amenity": "drinking_water"
      },
      "geometry": {
        "type": "Point",
        "coordinates": [
          84.0549583,
          28.2111276
        ]
      },
      "id": "node/1366661731"
    },
    {
      "type": "Feature",
      "properties": {
        "@id": "node/1382730744",
        "amenity": "drinking_water"
      },
      "geometry": {
        "type": "Point",
        "coordinates": [
          83.8674805,
          28.2943369
        ]
      },
      "id": "node/1382730744"
    },
    {
      "type": "Feature",
      "properties": {
        "@id": "node/1382996315",
        "amenity": "drinking_water"
      },
      "geometry": {
        "type": "Point",
        "coordinates": [
          83.8002937,
          28.3802599
        ]
      },
      "id": "node/1382996315"
    },
    {
      "type": "Feature",
      "properties": {
        "@id": "node/1496676816",
        "amenity": "drinking_water",
        "check_date": "2025-06-05",
        "designation": "Kohiti",
        "fountain": "drinking",
        "source": "Traditional stone"
      },
      "geometry": {
        "type": "Point",
        "coordinates": [
          85.304527,
          27.7005563
        ]
      },
      "id": "node/1496676816"
    },
    {
      "type": "Feature",
      "properties": {
        "@id": "node/1548806727",
        "amenity": "drinking_water",
        "designation": "Safe Water Station",
        "name": "ACAP Safe Drinking Water Station"
      },
      "geometry": {
        "type": "Point",
        "coordinates": [
          83.725363,
          28.7828329
        ]
      },
      "id": "node/1548806727"
    },
    {
      "type": "Feature",
      "properties": {
        "@id": "node/1679293274",
        "amenity": "drinking_water"
      },
      "geometry": {
        "type": "Point",
        "coordinates": [
          83.9604568,
          28.3999275
        ]
      },
      "id": "node/1679293274"
    },
    {
      "type": "Feature",
      "properties": {
        "@id": "node/1742579508",
        "amenity": "drinking_water",
        "check_date": "2023-03-21",
        "name": "ACAP Safe Drinking Water Station"
      },
      "geometry": {
        "type": "Point",
        "coordinates": [
          84.3739015,
          28.4685827
        ]
      },
      "id": "node/1742579508"
    },
    {
      "type": "Feature",
      "properties": {
        "@id": "node/1743138335",
        "amenity": "drinking_water",
        "name": "ACAP Safe Drinking Water Station",
        "source": "survey"
      },
      "geometry": {
        "type": "Point",
        "coordinates": [
          84.3246442,
          28.5328772
        ]
      },
      "id": "node/1743138335"
    },
    {
      "type": "Feature",
      "properties": {
        "@id": "node/1783310493",
        "amenity": "drinking_water"
      },
      "geometry": {
        "type": "Point",
        "coordinates": [
          85.3251239,
          27.6694288
        ]
      },
      "id": "node/1783310493"
    },
    {
      "type": "Feature",
      "properties": {
        "@id": "node/1869576014",
        "amenity": "drinking_water"
      },
      "geometry": {
        "type": "Point",
        "coordinates": [
          85.1882264,
          27.8540835
        ]
      },
      "id": "node/1869576014"
    },
    {
      "type": "Feature",
      "properties": {
        "@id": "node/1875024369",
        "amenity": "drinking_water"
      },
      "geometry": {
        "type": "Point",
        "coordinates": [
          85.1918993,
          27.8487573
        ]
      },
      "id": "node/1875024369"
    },
    {
      "type": "Feature",
      "properties": {
        "@id": "node/1904110336",
        "amenity": "drinking_water",
        "check_date": "2023-11-17",
        "dhungedhara": "yes",
        "fountain": "drinking",
        "note": "water_tank",
        "type": "water tap"
      },
      "geometry": {
        "type": "Point",
        "coordinates": [
          85.3254787,
          27.6736259
        ]
      },
      "id": "node/1904110336"
    },
    {
      "type": "Feature",
      "properties": {
        "@id": "node/1916813548",
        "amenity": "drinking_water"
      },
      "geometry": {
        "type": "Point",
        "coordinates": [
          85.2750559,
          27.672549
        ]
      },
      "id": "node/1916813548"
    },
    {
      "type": "Feature",
      "properties": {
        "@id": "node/1919864448",
        "amenity": "drinking_water",
        "name": "Char Dhara"
      },
      "geometry": {
        "type": "Point",
        "coordinates": [
          85.2785463,
          27.6680557
        ]
      },
      "id": "node/1919864448"
    },
    {
      "type": "Feature",
      "properties": {
        "@id": "node/1919864481",
        "amenity": "drinking_water"
      },
      "geometry": {
        "type": "Point",
        "coordinates": [
          85.2798887,
          27.6685185
        ]
      },
      "id": "node/1919864481"
    },
    {
      "type": "Feature",
      "properties": {
        "@id": "node/1919864520",
        "amenity": "drinking_water"
      },
      "geometry": {
        "type": "Point",
        "coordinates": [
          85.2782714,
          27.6689569
        ]
      },
      "id": "node/1919864520"
    },
    {
      "type": "Feature",
      "properties": {
        "@id": "node/1919864563",
        "amenity": "drinking_water"
      },
      "geometry": {
        "type": "Point",
        "coordinates": [
          85.2776147,
          27.6694165
        ]
      },
      "id": "node/1919864563"
    },
    {
      "type": "Feature",
      "properties": {
        "@id": "node/1919864594",
        "amenity": "drinking_water"
      },
      "geometry": {
        "type": "Point",
        "coordinates": [
          85.281444,
          27.6699395
        ]
      },
      "id": "node/1919864594"
    },
    {
      "type": "Feature",
      "properties": {
        "@id": "node/1937682155",
        "amenity": "drinking_water",
        "description": "Water tap",
        "man_made": "water_tap"
      },
      "geometry": {
        "type": "Point",
        "coordinates": [
          85.3060611,
          27.6653774
        ]
      },
      "id": "node/1937682155"
    },
    {
      "type": "Feature",
      "properties": {
        "@id": "node/1959686215",
        "amenity": "drinking_water"
      },
      "geometry": {
        "type": "Point",
        "coordinates": [
          83.9606608,
          28.3601428
        ]
      },
      "id": "node/1959686215"
    },
    {
      "type": "Feature",
      "properties": {
        "@id": "node/1969477045",
        "amenity": "drinking_water"
      },
      "geometry": {
        "type": "Point",
        "coordinates": [
          85.4302981,
          27.6865177
        ]
      },
      "id": "node/1969477045"
    },
    {
      "type": "Feature",
      "properties": {
        "@id": "node/1981963270",
        "amenity": "drinking_water"
      },
      "geometry": {
        "type": "Point",
        "coordinates": [
          84.0824009,
          28.2216535
        ]
      },
      "id": "node/1981963270"
    },
    {
      "type": "Feature",
      "properties": {
        "@id": "node/1990817863",
        "amenity": "drinking_water"
      },
      "geometry": {
        "type": "Point",
        "coordinates": [
          84.4183589,
          27.7223671
        ]
      },
      "id": "node/1990817863"
    },
    {
      "type": "Feature",
      "properties": {
        "@id": "node/2006144742",
        "amenity": "drinking_water",
        "name": "ढुंगेधारा",
        "name:en": "Dhungedhara",
        "name:ne": "ढुंगेधारा"
      },
      "geometry": {
        "type": "Point",
        "coordinates": [
          85.3313629,
          27.720255
        ]
      },
      "id": "node/2006144742"
    },
    {
      "type": "Feature",
      "properties": {
        "@id": "node/2017907831",
        "amenity": "drinking_water",
        "name": "Community Water Tank"
      },
      "geometry": {
        "type": "Point",
        "coordinates": [
          85.3355384,
          27.7268722
        ]
      },
      "id": "node/2017907831"
    },
    {
      "type": "Feature",
      "properties": {
        "@id": "node/2021110615",
        "amenity": "drinking_water",
        "man_made": "water_well"
      },
      "geometry": {
        "type": "Point",
        "coordinates": [
          85.332508,
          27.7278989
        ]
      },
      "id": "node/2021110615"
    },
    {
      "type": "Feature",
      "properties": {
        "@id": "node/2029937607",
        "amenity": "drinking_water",
        "designation": "Water Tank plant"
      },
      "geometry": {
        "type": "Point",
        "coordinates": [
          87.2846186,
          26.4727328
        ]
      },
      "id": "node/2029937607"
    },
    {
      "type": "Feature",
      "properties": {
        "@id": "node/2052477551",
        "amenity": "drinking_water"
      },
      "geometry": {
        "type": "Point",
        "coordinates": [
          85.2756644,
          27.6682251
        ]
      },
      "id": "node/2052477551"
    },
    {
      "type": "Feature",
      "properties": {
        "@id": "node/2052477553",
        "amenity": "drinking_water"
      },
      "geometry": {
        "type": "Point",
        "coordinates": [
          85.2764277,
          27.6686324
        ]
      },
      "id": "node/2052477553"
    },
    {
      "type": "Feature",
      "properties": {
        "@id": "node/2052477555",
        "amenity": "drinking_water"
      },
      "geometry": {
        "type": "Point",
        "coordinates": [
          85.2768768,
          27.6688269
        ]
      },
      "id": "node/2052477555"
    },
    {
      "type": "Feature",
      "properties": {
        "@id": "node/2052477556",
        "amenity": "drinking_water"
      },
      "geometry": {
        "type": "Point",
        "coordinates": [
          85.2764787,
          27.6688577
        ]
      },
      "id": "node/2052477556"
    },
    {
      "type": "Feature",
      "properties": {
        "@id": "node/2052477557",
        "amenity": "drinking_water"
      },
      "geometry": {
        "type": "Point",
        "coordinates": [
          85.2778429,
          27.670157
        ]
      },
      "id": "node/2052477557"
    },
    {
      "type": "Feature",
      "properties": {
        "@id": "node/2052477559",
        "amenity": "drinking_water"
      },
      "geometry": {
        "type": "Point",
        "coordinates": [
          85.2784804,
          27.6702482
        ]
      },
      "id": "node/2052477559"
    },
    {
      "type": "Feature",
      "properties": {
        "@id": "node/2052477561",
        "amenity": "drinking_water"
      },
      "geometry": {
        "type": "Point",
        "coordinates": [
          85.2785693,
          27.6704348
        ]
      },
      "id": "node/2052477561"
    },
    {
      "type": "Feature",
      "properties": {
        "@id": "node/2052477566",
        "amenity": "drinking_water"
      },
      "geometry": {
        "type": "Point",
        "coordinates": [
          85.2789827,
          27.6704632
        ]
      },
      "id": "node/2052477566"
    },
    {
      "type": "Feature",
      "properties": {
        "@id": "node/2052477568",
        "amenity": "drinking_water"
      },
      "geometry": {
        "type": "Point",
        "coordinates": [
          85.278218,
          27.6705629
        ]
      },
      "id": "node/2052477568"
    },
    {
      "type": "Feature",
      "properties": {
        "@id": "node/2081857808",
        "amenity": "drinking_water"
      },
      "geometry": {
        "type": "Point",
        "coordinates": [
          85.390704,
          27.6328559
        ]
      },
      "id": "node/2081857808"
    },
    {
      "type": "Feature",
      "properties": {
        "@id": "node/2081857809",
        "amenity": "drinking_water"
      },
      "geometry": {
        "type": "Point",
        "coordinates": [
          85.3902371,
          27.6329961
        ]
      },
      "id": "node/2081857809"
    },
    {
      "type": "Feature",
      "properties": {
        "@id": "node/2081858140",
        "amenity": "drinking_water",
        "designation": "public water tap"
      },
      "geometry": {
        "type": "Point",
        "coordinates": [
          85.3898375,
          27.6326468
        ]
      },
      "id": "node/2081858140"
    },
    {
      "type": "Feature",
      "properties": {
        "@id": "node/2081859090",
        "amenity": "drinking_water"
      },
      "geometry": {
        "type": "Point",
        "coordinates": [
          85.3897141,
          27.6321217
        ]
      },
      "id": "node/2081859090"
    },
    {
      "type": "Feature",
      "properties": {
        "@id": "node/2081859259",
        "amenity": "drinking_water"
      },
      "geometry": {
        "type": "Point",
        "coordinates": [
          85.3893332,
          27.6325993
        ]
      },
      "id": "node/2081859259"
    },
    {
      "type": "Feature",
      "properties": {
        "@id": "node/2081859485",
        "amenity": "drinking_water"
      },
      "geometry": {
        "type": "Point",
        "coordinates": [
          85.3888429,
          27.6332532
        ]
      },
      "id": "node/2081859485"
    },
    {
      "type": "Feature",
      "properties": {
        "@id": "node/2081859740",
        "amenity": "drinking_water"
      },
      "geometry": {
        "type": "Point",
        "coordinates": [
          85.3886417,
          27.6334053
        ]
      },
      "id": "node/2081859740"
    },
    {
      "type": "Feature",
      "properties": {
        "@id": "node/2081859743",
        "amenity": "drinking_water"
      },
      "geometry": {
        "type": "Point",
        "coordinates": [
          85.3891439,
          27.6335451
        ]
      },
      "id": "node/2081859743"
    },
    {
      "type": "Feature",
      "properties": {
        "@id": "node/2081859852",
        "amenity": "drinking_water"
      },
      "geometry": {
        "type": "Point",
        "coordinates": [
          85.3884025,
          27.6340868
        ]
      },
      "id": "node/2081859852"
    },
    {
      "type": "Feature",
      "properties": {
        "@id": "node/2081859958",
        "amenity": "drinking_water"
      },
      "geometry": {
        "type": "Point",
        "coordinates": [
          85.388027,
          27.6346476
        ]
      },
      "id": "node/2081859958"
    },
    {
      "type": "Feature",
      "properties": {
        "@id": "node/2081883172",
        "amenity": "drinking_water"
      },
      "geometry": {
        "type": "Point",
        "coordinates": [
          85.3899769,
          27.6323498
        ]
      },
      "id": "node/2081883172"
    },
    {
      "type": "Feature",
      "properties": {
        "@id": "node/2082971965",
        "amenity": "drinking_water",
        "dhungedhara": "yes"
      },
      "geometry": {
        "type": "Point",
        "coordinates": [
          85.3368995,
          27.7187024
        ]
      },
      "id": "node/2082971965"
    },
    {
      "type": "Feature",
      "properties": {
        "@id": "node/2084242176",
        "amenity": "drinking_water",
        "dhungedhara": "yes"
      },
      "geometry": {
        "type": "Point",
        "coordinates": [
          85.3034108,
          27.702222
        ]
      },
      "id": "node/2084242176"
    },
    {
      "type": "Feature",
      "properties": {
        "@id": "node/2099322422",
        "amenity": "drinking_water"
      },
      "geometry": {
        "type": "Point",
        "coordinates": [
          85.27608,
          27.6685232
        ]
      },
      "id": "node/2099322422"
    },
    {
      "type": "Feature",
      "properties": {
        "@id": "node/2104119915",
        "amenity": "drinking_water"
      },
      "geometry": {
        "type": "Point",
        "coordinates": [
          85.2756267,
          27.6689955
        ]
      },
      "id": "node/2104119915"
    },
    {
      "type": "Feature",
      "properties": {
        "@id": "node/2106838617",
        "amenity": "drinking_water",
        "name": "Dhunge Dhara"
      },
      "geometry": {
        "type": "Point",
        "coordinates": [
          85.3311257,
          27.7072343
        ]
      },
      "id": "node/2106838617"
    },
    {
      "type": "Feature",
      "properties": {
        "@id": "node/2110225743",
        "amenity": "drinking_water"
      },
      "geometry": {
        "type": "Point",
        "coordinates": [
          85.2768761,
          27.6690485
        ]
      },
      "id": "node/2110225743"
    },
    {
      "type": "Feature",
      "properties": {
        "@id": "node/2110225746",
        "amenity": "drinking_water"
      },
      "geometry": {
        "type": "Point",
        "coordinates": [
          85.2764807,
          27.6695055
        ]
      },
      "id": "node/2110225746"
    },
    {
      "type": "Feature",
      "properties": {
        "@id": "node/2110364485",
        "amenity": "drinking_water"
      },
      "geometry": {
        "type": "Point",
        "coordinates": [
          85.2760554,
          27.6694735
        ]
      },
      "id": "node/2110364485"
    },
    {
      "type": "Feature",
      "properties": {
        "@id": "node/2127188961",
        "amenity": "drinking_water",
        "dhungedhara": "yes",
        "man_made": "water_tap",
        "name": "गल्कोपाखा गैरीधारा",
        "name:en": "Galkopakha Gairidhara",
        "name:ne": "गल्कोपाखा गैरीधारा"
      },
      "geometry": {
        "type": "Point",
        "coordinates": [
          85.3127326,
          27.7196638
        ]
      },
      "id": "node/2127188961"
    },
    {
      "type": "Feature",
      "properties": {
        "@id": "node/2152925199",
        "amenity": "drinking_water"
      },
      "geometry": {
        "type": "Point",
        "coordinates": [
          85.4151387,
          27.7099653
        ]
      },
      "id": "node/2152925199"
    },
    {
      "type": "Feature",
      "properties": {
        "@id": "node/2166402971",
        "access": "permissive",
        "amenity": "drinking_water",
        "fee": "yes",
        "payment:cash": "yes",
        "wheelchair": "limited"
      },
      "geometry": {
        "type": "Point",
        "coordinates": [
          85.3225825,
          27.6737604
        ]
      },
      "id": "node/2166402971"
    },
    {
      "type": "Feature",
      "properties": {
        "@id": "node/2174589425",
        "amenity": "drinking_water",
        "dhungedhara": "yes",
        "name": "dhungedhara"
      },
      "geometry": {
        "type": "Point",
        "coordinates": [
          85.3378649,
          27.6956713
        ]
      },
      "id": "node/2174589425"
    },
    {
      "type": "Feature",
      "properties": {
        "@id": "node/2183342305",
        "amenity": "drinking_water",
        "designation": "Siwa Hiti"
      },
      "geometry": {
        "type": "Point",
        "coordinates": [
          85.3868848,
          27.6777586
        ]
      },
      "id": "node/2183342305"
    },
    {
      "type": "Feature",
      "properties": {
        "@id": "node/2183357214",
        "amenity": "drinking_water",
        "designation": "Labado Hiti"
      },
      "geometry": {
        "type": "Point",
        "coordinates": [
          85.3884566,
          27.6774475
        ]
      },
      "id": "node/2183357214"
    },
    {
      "type": "Feature",
      "properties": {
        "@id": "node/2190938405",
        "amenity": "drinking_water"
      },
      "geometry": {
        "type": "Point",
        "coordinates": [
          85.3304625,
          27.6729426
        ]
      },
      "id": "node/2190938405"
    },
    {
      "type": "Feature",
      "properties": {
        "@id": "node/2212691681",
        "amenity": "drinking_water",
        "designation": "Sauga Hiti",
        "name": "सौग: हिटि गा:",
        "name:ne": "सौग: हिटि गा:"
      },
      "geometry": {
        "type": "Point",
        "coordinates": [
          85.3268223,
          27.6706309
        ]
      },
      "id": "node/2212691681"
    },
    {
      "type": "Feature",
      "properties": {
        "@id": "node/2224243809",
        "amenity": "drinking_water"
      },
      "geometry": {
        "type": "Point",
        "coordinates": [
          85.3282599,
          27.6747091
        ]
      },
      "id": "node/2224243809"
    },
    {
      "type": "Feature",
      "properties": {
        "@id": "node/2224243817",
        "amenity": "drinking_water"
      },
      "geometry": {
        "type": "Point",
        "coordinates": [
          85.328107,
          27.6743981
        ]
      },
      "id": "node/2224243817"
    },
    {
      "type": "Feature",
      "properties": {
        "@id": "node/2224512178",
        "amenity": "drinking_water",
        "name": "Subahal Drinking Water",
        "name:en": "Subahal Drinking Water"
      },
      "geometry": {
        "type": "Point",
        "coordinates": [
          85.3306279,
          27.6706754
        ]
      },
      "id": "node/2224512178"
    },
    {
      "type": "Feature",
      "properties": {
        "@id": "node/2245156052",
        "amenity": "drinking_water"
      },
      "geometry": {
        "type": "Point",
        "coordinates": [
          85.3739404,
          27.6826825
        ]
      },
      "id": "node/2245156052"
    },
    {
      "type": "Feature",
      "properties": {
        "@id": "node/2245160302",
        "amenity": "drinking_water",
        "designation": "Pakha Dhara"
      },
      "geometry": {
        "type": "Point",
        "coordinates": [
          85.3672215,
          27.6831718
        ]
      },
      "id": "node/2245160302"
    },
    {
      "type": "Feature",
      "properties": {
        "@id": "node/2245160453",
        "amenity": "drinking_water",
        "designation": "Well"
      },
      "geometry": {
        "type": "Point",
        "coordinates": [
          85.3713655,
          27.6827965
        ]
      },
      "id": "node/2245160453"
    },
    {
      "type": "Feature",
      "properties": {
        "@id": "node/2245163218",
        "amenity": "drinking_water",
        "man_made": "water_tap",
        "name": "Dhunge Dhara",
        "name:ne": "dhunge dhara"
      },
      "geometry": {
        "type": "Point",
        "coordinates": [
          85.3600332,
          27.678495
        ]
      },
      "id": "node/2245163218"
    },
    {
      "type": "Feature",
      "properties": {
        "@id": "node/2274069028",
        "amenity": "drinking_water"
      },
      "geometry": {
        "type": "Point",
        "coordinates": [
          88.3884713,
          23.4231767
        ]
      },
      "id": "node/2274069028"
    },
    {
      "type": "Feature",
      "properties": {
        "@id": "node/2293958126",
        "amenity": "drinking_water"
      },
      "geometry": {
        "type": "Point",
        "coordinates": [
          85.4499714,
          27.6988971
        ]
      },
      "id": "node/2293958126"
    },
    {
      "type": "Feature",
      "properties": {
        "@id": "node/2304612463",
        "amenity": "drinking_water"
      },
      "geometry": {
        "type": "Point",
        "coordinates": [
          89.722569,
          25.011016
        ]
      },
      "id": "node/2304612463"
    },
    {
      "type": "Feature",
      "properties": {
        "@id": "node/2305014260",
        "amenity": "drinking_water"
      },
      "geometry": {
        "type": "Point",
        "coordinates": [
          89.784016,
          25.090171
        ]
      },
      "id": "node/2305014260"
    },
    {
      "type": "Feature",
      "properties": {
        "@id": "node/2342196221",
        "amenity": "drinking_water",
        "historic": "stone_tap",
        "name": "धुसलधारा",
        "name:en": "Dhusaldhara",
        "name:ne": "धुसलधारा",
        "place": "locality"
      },
      "geometry": {
        "type": "Point",
        "coordinates": [
          85.3446405,
          27.6305566
        ]
      },
      "id": "node/2342196221"
    },
    {
      "type": "Feature",
      "properties": {
        "@id": "node/2342876332",
        "amenity": "drinking_water"
      },
      "geometry": {
        "type": "Point",
        "coordinates": [
          85.3399945,
          27.6207623
        ]
      },
      "id": "node/2342876332"
    },
    {
      "type": "Feature",
      "properties": {
        "@id": "node/2434925637",
        "amenity": "drinking_water",
        "dhungedhara": "yes"
      },
      "geometry": {
        "type": "Point",
        "coordinates": [
          85.359633,
          27.7179213
        ]
      },
      "id": "node/2434925637"
    },
    {
      "type": "Feature",
      "properties": {
        "@id": "node/2478753441",
        "amenity": "drinking_water",
        "description": "coverd",
        "man_made": "water_well",
        "name": "Well",
        "seasonal": "all",
        "type": "private"
      },
      "geometry": {
        "type": "Point",
        "coordinates": [
          85.4297949,
          27.6959758
        ]
      },
      "id": "node/2478753441"
    },
    {
      "type": "Feature",
      "properties": {
        "@id": "node/2478791628",
        "amenity": "drinking_water",
        "name": "water tap",
        "type": "public"
      },
      "geometry": {
        "type": "Point",
        "coordinates": [
          85.427215,
          27.690408
        ]
      },
      "id": "node/2478791628"
    },
    {
      "type": "Feature",
      "properties": {
        "@id": "node/2526449042",
        "amenity": "drinking_water"
      },
      "geometry": {
        "type": "Point",
        "coordinates": [
          85.3457351,
          27.737949
        ]
      },
      "id": "node/2526449042"
    },
    {
      "type": "Feature",
      "properties": {
        "@id": "node/2553981802",
        "amenity": "drinking_water"
      },
      "geometry": {
        "type": "Point",
        "coordinates": [
          85.2984717,
          28.2206466
        ]
      },
      "id": "node/2553981802"
    },
    {
      "type": "Feature",
      "properties": {
        "@id": "node/2592436705",
        "amenity": "drinking_water"
      },
      "geometry": {
        "type": "Point",
        "coordinates": [
          85.3480076,
          27.7106831
        ]
      },
      "id": "node/2592436705"
    },
    {
      "type": "Feature",
      "properties": {
        "@id": "node/2592436717",
        "amenity": "drinking_water"
      },
      "geometry": {
        "type": "Point",
        "coordinates": [
          85.3481555,
          27.7108866
        ]
      },
      "id": "node/2592436717"
    },
    {
      "type": "Feature",
      "properties": {
        "@id": "node/2628088727",
        "amenity": "drinking_water"
      },
      "geometry": {
        "type": "Point",
        "coordinates": [
          85.2501292,
          27.6844694
        ]
      },
      "id": "node/2628088727"
    },
    {
      "type": "Feature",
      "properties": {
        "@id": "node/2635360907",
        "amenity": "drinking_water"
      },
      "geometry": {
        "type": "Point",
        "coordinates": [
          85.1477294,
          27.8939277
        ]
      },
      "id": "node/2635360907"
    },
    {
      "type": "Feature",
      "properties": {
        "@id": "node/2635360935",
        "amenity": "drinking_water"
      },
      "geometry": {
        "type": "Point",
        "coordinates": [
          85.1477135,
          27.8939155
        ]
      },
      "id": "node/2635360935"
    },
    {
      "type": "Feature",
      "properties": {
        "@id": "node/2635369652",
        "amenity": "drinking_water",
        "name": "Public Water Tap"
      },
      "geometry": {
        "type": "Point",
        "coordinates": [
          85.1483818,
          27.8941258
        ]
      },
      "id": "node/2635369652"
    },
    {
      "type": "Feature",
      "properties": {
        "@id": "node/2635435591",
        "amenity": "drinking_water",
        "name": "water tank"
      },
      "geometry": {
        "type": "Point",
        "coordinates": [
          85.3129529,
          28.1680564
        ]
      },
      "id": "node/2635435591"
    },
    {
      "type": "Feature",
      "properties": {
        "@id": "node/2635436594",
        "amenity": "drinking_water",
        "name": "tap"
      },
      "geometry": {
        "type": "Point",
        "coordinates": [
          85.3136368,
          28.1681037
        ]
      },
      "id": "node/2635436594"
    },
    {
      "type": "Feature",
      "properties": {
        "@id": "node/2635441906",
        "amenity": "drinking_water",
        "name": "tap"
      },
      "geometry": {
        "type": "Point",
        "coordinates": [
          85.3128778,
          28.1681983
        ]
      },
      "id": "node/2635441906"
    },
    {
      "type": "Feature",
      "properties": {
        "@id": "node/2641760881",
        "amenity": "drinking_water",
        "name": "Tap"
      },
      "geometry": {
        "type": "Point",
        "coordinates": [
          85.2993808,
          28.1109741
        ]
      },
      "id": "node/2641760881"
    },
    {
      "type": "Feature",
      "properties": {
        "@id": "node/2641844035",
        "amenity": "drinking_water",
        "name": "Tap"
      },
      "geometry": {
        "type": "Point",
        "coordinates": [
          85.2058823,
          27.9975137
        ]
      },
      "id": "node/2641844035"
    },
    {
      "type": "Feature",
      "properties": {
        "@id": "node/2641883900",
        "amenity": "drinking_water",
        "name": "Water pipe line"
      },
      "geometry": {
        "type": "Point",
        "coordinates": [
          85.3145763,
          28.1682445
        ]
      },
      "id": "node/2641883900"
    },
    {
      "type": "Feature",
      "properties": {
        "@id": "node/2643252003",
        "amenity": "drinking_water",
        "name": "Swarsoti Kuwa"
      },
      "geometry": {
        "type": "Point",
        "coordinates": [
          87.3193676,
          27.2944777
        ]
      },
      "id": "node/2643252003"
    },
    {
      "type": "Feature",
      "properties": {
        "@id": "node/2643275711",
        "amenity": "drinking_water",
        "name": "Chainpur Khanipani Ayoog"
      },
      "geometry": {
        "type": "Point",
        "coordinates": [
          87.3456351,
          27.3045614
        ]
      },
      "id": "node/2643275711"
    },
    {
      "type": "Feature",
      "properties": {
        "@id": "node/2655392252",
        "amenity": "drinking_water",
        "note": "Tap"
      },
      "geometry": {
        "type": "Point",
        "coordinates": [
          85.189097,
          27.904278
        ]
      },
      "id": "node/2655392252"
    },
    {
      "type": "Feature",
      "properties": {
        "@id": "node/2655426781",
        "amenity": "drinking_water",
        "name": "Tap"
      },
      "geometry": {
        "type": "Point",
        "coordinates": [
          85.1464338,
          27.9583292
        ]
      },
      "id": "node/2655426781"
    },
    {
      "type": "Feature",
      "properties": {
        "@id": "node/2662582245",
        "amenity": "drinking_water",
        "name": "Baghdwar",
        "place": "locality"
      },
      "geometry": {
        "type": "Point",
        "coordinates": [
          85.3907371,
          27.8108112
        ]
      },
      "id": "node/2662582245"
    },
    {
      "type": "Feature",
      "properties": {
        "@id": "node/2662582326",
        "amenity": "drinking_water"
      },
      "geometry": {
        "type": "Point",
        "coordinates": [
          85.3821868,
          27.7831995
        ]
      },
      "id": "node/2662582326"
    },
    {
      "type": "Feature",
      "properties": {
        "@id": "node/2684769625",
        "amenity": "drinking_water",
        "name": "Khanepani Upateka Ltd."
      },
      "geometry": {
        "type": "Point",
        "coordinates": [
          85.3130614,
          27.6735317
        ]
      },
      "id": "node/2684769625"
    },
    {
      "type": "Feature",
      "properties": {
        "@id": "node/2684835267",
        "amenity": "drinking_water"
      },
      "geometry": {
        "type": "Point",
        "coordinates": [
          85.3201914,
          27.7487417
        ]
      },
      "id": "node/2684835267"
    },
    {
      "type": "Feature",
      "properties": {
        "@id": "node/2769831849",
        "amenity": "drinking_water"
      },
      "geometry": {
        "type": "Point",
        "coordinates": [
          83.9881574,
          28.2600448
        ]
      },
      "id": "node/2769831849"
    },
    {
      "type": "Feature",
      "properties": {
        "@id": "node/2772174393",
        "amenity": "drinking_water"
      },
      "geometry": {
        "type": "Point",
        "coordinates": [
          85.2990925,
          28.1968447
        ]
      },
      "id": "node/2772174393"
    },
    {
      "type": "Feature",
      "properties": {
        "@id": "node/2798508031",
        "amenity": "drinking_water",
        "man_made": "water_well",
        "note": "tube well"
      },
      "geometry": {
        "type": "Point",
        "coordinates": [
          86.8333755,
          26.4830321
        ]
      },
      "id": "node/2798508031"
    },
    {
      "type": "Feature",
      "properties": {
        "@id": "node/2798508032",
        "amenity": "drinking_water",
        "man_made": "water_well",
        "note": "tube well"
      },
      "geometry": {
        "type": "Point",
        "coordinates": [
          86.8332887,
          26.4831692
        ]
      },
      "id": "node/2798508032"
    },
    {
      "type": "Feature",
      "properties": {
        "@id": "node/2798546001",
        "amenity": "drinking_water"
      },
      "geometry": {
        "type": "Point",
        "coordinates": [
          86.8308112,
          26.4794558
        ]
      },
      "id": "node/2798546001"
    },
    {
      "type": "Feature",
      "properties": {
        "@id": "node/2798550753",
        "amenity": "drinking_water"
      },
      "geometry": {
        "type": "Point",
        "coordinates": [
          86.8316884,
          26.479902
        ]
      },
      "id": "node/2798550753"
    },
    {
      "type": "Feature",
      "properties": {
        "@id": "node/2798555389",
        "amenity": "drinking_water",
        "man_made": "water_well"
      },
      "geometry": {
        "type": "Point",
        "coordinates": [
          86.8335071,
          26.4828283
        ]
      },
      "id": "node/2798555389"
    },
    {
      "type": "Feature",
      "properties": {
        "@id": "node/2798555393",
        "amenity": "drinking_water",
        "man_made": "water_well"
      },
      "geometry": {
        "type": "Point",
        "coordinates": [
          86.8340706,
          26.4831583
        ]
      },
      "id": "node/2798555393"
    },
    {
      "type": "Feature",
      "properties": {
        "@id": "node/2798555394",
        "amenity": "drinking_water",
        "man_made": "water_well"
      },
      "geometry": {
        "type": "Point",
        "coordinates": [
          86.8332192,
          26.4834197
        ]
      },
      "id": "node/2798555394"
    },
    {
      "type": "Feature",
      "properties": {
        "@id": "node/2798555396",
        "amenity": "drinking_water",
        "man_made": "water_well"
      },
      "geometry": {
        "type": "Point",
        "coordinates": [
          86.8338785,
          26.4834651
        ]
      },
      "id": "node/2798555396"
    },
    {
      "type": "Feature",
      "properties": {
        "@id": "node/2802931736",
        "amenity": "drinking_water"
      },
      "geometry": {
        "type": "Point",
        "coordinates": [
          86.7462984,
          26.5398861
        ]
      },
      "id": "node/2802931736"
    },
    {
      "type": "Feature",
      "properties": {
        "@id": "node/2802931751",
        "amenity": "drinking_water",
        "man_made": "water_well"
      },
      "geometry": {
        "type": "Point",
        "coordinates": [
          86.7463242,
          26.5403667
        ]
      },
      "id": "node/2802931751"
    },
    {
      "type": "Feature",
      "properties": {
        "@id": "node/2803240238",
        "amenity": "drinking_water",
        "water_source": "tube_well"
      },
      "geometry": {
        "type": "Point",
        "coordinates": [
          86.919318,
          26.5314341
        ]
      },
      "id": "node/2803240238"
    },
    {
      "type": "Feature",
      "properties": {
        "@id": "node/2803240241",
        "amenity": "drinking_water",
        "water_source": "tube_well"
      },
      "geometry": {
        "type": "Point",
        "coordinates": [
          86.919191,
          26.5314521
        ]
      },
      "id": "node/2803240241"
    },
    {
      "type": "Feature",
      "properties": {
        "@id": "node/2803240273",
        "amenity": "drinking_water",
        "water_source": "tube_well"
      },
      "geometry": {
        "type": "Point",
        "coordinates": [
          86.917625,
          26.5332311
        ]
      },
      "id": "node/2803240273"
    },
    {
      "type": "Feature",
      "properties": {
        "@id": "node/2803293432",
        "amenity": "drinking_water"
      },
      "geometry": {
        "type": "Point",
        "coordinates": [
          86.890268,
          26.5514002
        ]
      },
      "id": "node/2803293432"
    },
    {
      "type": "Feature",
      "properties": {
        "@id": "node/2803293441",
        "amenity": "drinking_water"
      },
      "geometry": {
        "type": "Point",
        "coordinates": [
          86.8900867,
          26.5515838
        ]
      },
      "id": "node/2803293441"
    },
    {
      "type": "Feature",
      "properties": {
        "@id": "node/2803293454",
        "amenity": "drinking_water"
      },
      "geometry": {
        "type": "Point",
        "coordinates": [
          86.8894896,
          26.551616
        ]
      },
      "id": "node/2803293454"
    },
    {
      "type": "Feature",
      "properties": {
        "@id": "node/2803293475",
        "amenity": "drinking_water"
      },
      "geometry": {
        "type": "Point",
        "coordinates": [
          86.8902476,
          26.5517368
        ]
      },
      "id": "node/2803293475"
    },
    {
      "type": "Feature",
      "properties": {
        "@id": "node/2901364746",
        "amenity": "drinking_water",
        "name": "Chhopati"
      },
      "geometry": {
        "type": "Point",
        "coordinates": [
          86.0748615,
          27.6759423
        ]
      },
      "id": "node/2901364746"
    },
    {
      "type": "Feature",
      "properties": {
        "@id": "node/2901364789",
        "amenity": "drinking_water",
        "name": "Ochcha"
      },
      "geometry": {
        "type": "Point",
        "coordinates": [
          86.076035,
          27.6763106
        ]
      },
      "id": "node/2901364789"
    },
    {
      "type": "Feature",
      "properties": {
        "@id": "node/2901364794",
        "amenity": "drinking_water",
        "name": "Raiti Teendhara",
        "name:ne": "राईटी तिनधारा"
      },
      "geometry": {
        "type": "Point",
        "coordinates": [
          86.0723866,
          27.676418
        ]
      },
      "id": "node/2901364794"
    },
    {
      "type": "Feature",
      "properties": {
        "@id": "node/2901365408",
        "amenity": "drinking_water"
      },
      "geometry": {
        "type": "Point",
        "coordinates": [
          86.0746469,
          27.6760331
        ]
      },
      "id": "node/2901365408"
    },
    {
      "type": "Feature",
      "properties": {
        "@id": "node/2901365409",
        "amenity": "drinking_water"
      },
      "geometry": {
        "type": "Point",
        "coordinates": [
          86.0730582,
          27.6762893
        ]
      },
      "id": "node/2901365409"
    },
    {
      "type": "Feature",
      "properties": {
        "@id": "node/2901365410",
        "amenity": "drinking_water",
        "name:en": "Nasu",
        "tourism": "viewpoint"
      },
      "geometry": {
        "type": "Point",
        "coordinates": [
          86.0758862,
          27.6768205
        ]
      },
      "id": "node/2901365410"
    },
    {
      "type": "Feature",
      "properties": {
        "@id": "node/2901365411",
        "amenity": "drinking_water"
      },
      "geometry": {
        "type": "Point",
        "coordinates": [
          86.0764389,
          27.6769521
        ]
      },
      "id": "node/2901365411"
    },
    {
      "type": "Feature",
      "properties": {
        "@id": "node/2901365412",
        "amenity": "drinking_water"
      },
      "geometry": {
        "type": "Point",
        "coordinates": [
          86.0770242,
          27.6771963
        ]
      },
      "id": "node/2901365412"
    },
    {
      "type": "Feature",
      "properties": {
        "@id": "node/2905131438",
        "amenity": "drinking_water",
        "name": "Bajrawoti"
      },
      "geometry": {
        "type": "Point",
        "coordinates": [
          86.0720234,
          27.6761091
        ]
      },
      "id": "node/2905131438"
    },
    {
      "type": "Feature",
      "properties": {
        "@id": "node/2905131440",
        "amenity": "drinking_water",
        "name": "Godawari Dhara"
      },
      "geometry": {
        "type": "Point",
        "coordinates": [
          86.0714068,
          27.6788893
        ]
      },
      "id": "node/2905131440"
    },
    {
      "type": "Feature",
      "properties": {
        "@id": "node/2905131442",
        "amenity": "drinking_water",
        "name": "Kaachiduduwoti"
      },
      "geometry": {
        "type": "Point",
        "coordinates": [
          86.0720654,
          27.6759802
        ]
      },
      "id": "node/2905131442"
    },
    {
      "type": "Feature",
      "properties": {
        "@id": "node/2905131443",
        "amenity": "drinking_water",
        "name": "Kaachiduduwoti"
      },
      "geometry": {
        "type": "Point",
        "coordinates": [
          86.0757652,
          27.677315
        ]
      },
      "id": "node/2905131443"
    },
    {
      "type": "Feature",
      "properties": {
        "@id": "node/2905131450",
        "amenity": "drinking_water",
        "name": "Pwatanga Oti"
      },
      "geometry": {
        "type": "Point",
        "coordinates": [
          86.0763536,
          27.6759919
        ]
      },
      "id": "node/2905131450"
    },
    {
      "type": "Feature",
      "properties": {
        "@id": "node/2905131453",
        "amenity": "drinking_water"
      },
      "geometry": {
        "type": "Point",
        "coordinates": [
          86.07623,
          27.6760365
        ]
      },
      "id": "node/2905131453"
    },
    {
      "type": "Feature",
      "properties": {
        "@id": "node/2922976855",
        "amenity": "drinking_water"
      },
      "geometry": {
        "type": "Point",
        "coordinates": [
          84.1901067,
          28.5729843
        ]
      },
      "id": "node/2922976855"
    },
    {
      "type": "Feature",
      "properties": {
        "@id": "node/2923312319",
        "amenity": "drinking_water",
        "name": "Bannukuna Pandero"
      },
      "geometry": {
        "type": "Point",
        "coordinates": [
          83.9128001,
          28.1300742
        ]
      },
      "id": "node/2923312319"
    },
    {
      "type": "Feature",
      "properties": {
        "@id": "node/3015960928",
        "amenity": "drinking_water",
        "designation": "tubewell"
      },
      "geometry": {
        "type": "Point",
        "coordinates": [
          86.7933581,
          23.1689675
        ]
      },
      "id": "node/3015960928"
    },
    {
      "type": "Feature",
      "properties": {
        "@id": "node/3043772787",
        "amenity": "drinking_water",
        "name": "Tap"
      },
      "geometry": {
        "type": "Point",
        "coordinates": [
          85.5230714,
          27.6278923
        ]
      },
      "id": "node/3043772787"
    },
    {
      "type": "Feature",
      "properties": {
        "@id": "node/3074566744",
        "amenity": "drinking_water",
        "dhungedhara": "yes",
        "historic": "stone_tap"
      },
      "geometry": {
        "type": "Point",
        "coordinates": [
          85.3462019,
          27.7183951
        ]
      },
      "id": "node/3074566744"
    },
    {
      "type": "Feature",
      "properties": {
        "@id": "node/3074599691",
        "amenity": "drinking_water",
        "dhungedhara": "yes",
        "historic": "stone_tap"
      },
      "geometry": {
        "type": "Point",
        "coordinates": [
          85.3468467,
          27.7188785
        ]
      },
      "id": "node/3074599691"
    },
    {
      "type": "Feature",
      "properties": {
        "@id": "node/3076398942",
        "amenity": "drinking_water",
        "dhungedhara": "yes",
        "historic": "stone_tap"
      },
      "geometry": {
        "type": "Point",
        "coordinates": [
          85.3448796,
          27.7167278
        ]
      },
      "id": "node/3076398942"
    },
    {
      "type": "Feature",
      "properties": {
        "@id": "node/3081211151",
        "amenity": "drinking_water",
        "dhungedhara": "yes",
        "historic": "stone_tap"
      },
      "geometry": {
        "type": "Point",
        "coordinates": [
          85.3916855,
          27.6915483
        ]
      },
      "id": "node/3081211151"
    },
    {
      "type": "Feature",
      "properties": {
        "@id": "node/3085549384",
        "amenity": "drinking_water",
        "content": "water",
        "man_made": "storage_tank"
      },
      "geometry": {
        "type": "Point",
        "coordinates": [
          85.0404379,
          27.3965091
        ]
      },
      "id": "node/3085549384"
    },
    {
      "type": "Feature",
      "properties": {
        "@id": "node/3085575380",
        "amenity": "drinking_water",
        "man_made": "water_deep bording"
      },
      "geometry": {
        "type": "Point",
        "coordinates": [
          85.0363285,
          27.4013151
        ]
      },
      "id": "node/3085575380"
    },
    {
      "type": "Feature",
      "properties": {
        "@id": "node/3097305058",
        "amenity": "drinking_water",
        "name": "Tap"
      },
      "geometry": {
        "type": "Point",
        "coordinates": [
          85.039643,
          27.403877
        ]
      },
      "id": "node/3097305058"
    },
    {
      "type": "Feature",
      "properties": {
        "@id": "node/3097306991",
        "amenity": "drinking_water",
        "name": "Tap"
      },
      "geometry": {
        "type": "Point",
        "coordinates": [
          85.0380169,
          27.4040882
        ]
      },
      "id": "node/3097306991"
    },
    {
      "type": "Feature",
      "properties": {
        "@id": "node/3143329596",
        "addr:city": "Madhyapur Thimi",
        "addr:place": "Nachhu Tole-8",
        "amenity": "drinking_water",
        "drinking_water": "yes",
        "man_made": "water_tap"
      },
      "geometry": {
        "type": "Point",
        "coordinates": [
          85.3887296,
          27.6908691
        ]
      },
      "id": "node/3143329596"
    },
    {
      "type": "Feature",
      "properties": {
        "@id": "node/3143332269",
        "amenity": "drinking_water"
      },
      "geometry": {
        "type": "Point",
        "coordinates": [
          85.3891324,
          27.6906973
        ]
      },
      "id": "node/3143332269"
    },
    {
      "type": "Feature",
      "properties": {
        "@id": "node/3143339050",
        "amenity": "drinking_water"
      },
      "geometry": {
        "type": "Point",
        "coordinates": [
          85.3896708,
          27.6918761
        ]
      },
      "id": "node/3143339050"
    },
    {
      "type": "Feature",
      "properties": {
        "@id": "node/3151907536",
        "amenity": "drinking_water",
        "name": "dhungedhara"
      },
      "geometry": {
        "type": "Point",
        "coordinates": [
          85.3855011,
          27.6916073
        ]
      },
      "id": "node/3151907536"
    },
    {
      "type": "Feature",
      "properties": {
        "@id": "node/3161061090",
        "amenity": "drinking_water",
        "name": "peepal dada water tank"
      },
      "geometry": {
        "type": "Point",
        "coordinates": [
          85.4034789,
          27.6652533
        ]
      },
      "id": "node/3161061090"
    },
    {
      "type": "Feature",
      "properties": {
        "@id": "node/3174073677",
        "addr:city": "Halesi Tuwachung Municipality",
        "amenity": "drinking_water",
        "drinking_water": "yes",
        "man_made": "water_tap",
        "operator:type": "public"
      },
      "geometry": {
        "type": "Point",
        "coordinates": [
          86.5597072,
          27.2035718
        ]
      },
      "id": "node/3174073677"
    },
    {
      "type": "Feature",
      "properties": {
        "@id": "node/3174073686",
        "amenity": "drinking_water",
        "water_source": "tap"
      },
      "geometry": {
        "type": "Point",
        "coordinates": [
          86.5643994,
          27.2038429
        ]
      },
      "id": "node/3174073686"
    },
    {
      "type": "Feature",
      "properties": {
        "@id": "node/3174073695",
        "amenity": "drinking_water",
        "water_source": "tap"
      },
      "geometry": {
        "type": "Point",
        "coordinates": [
          86.5596636,
          27.2044558
        ]
      },
      "id": "node/3174073695"
    },
    {
      "type": "Feature",
      "properties": {
        "@id": "node/3174073713",
        "amenity": "drinking_water",
        "water": "yes"
      },
      "geometry": {
        "type": "Point",
        "coordinates": [
          86.5645024,
          27.2056353
        ]
      },
      "id": "node/3174073713"
    },
    {
      "type": "Feature",
      "properties": {
        "@id": "node/3174073714",
        "amenity": "drinking_water",
        "water_source": "tap"
      },
      "geometry": {
        "type": "Point",
        "coordinates": [
          86.5613997,
          27.2057075
        ]
      },
      "id": "node/3174073714"
    },
    {
      "type": "Feature",
      "properties": {
        "@id": "node/3174073751",
        "amenity": "drinking_water",
        "water_source": "tap"
      },
      "geometry": {
        "type": "Point",
        "coordinates": [
          86.5609662,
          27.2065371
        ]
      },
      "id": "node/3174073751"
    },
    {
      "type": "Feature",
      "properties": {
        "@id": "node/3174073811",
        "amenity": "drinking_water",
        "water_source": "tap"
      },
      "geometry": {
        "type": "Point",
        "coordinates": [
          86.5591931,
          27.2084821
        ]
      },
      "id": "node/3174073811"
    },
    {
      "type": "Feature",
      "properties": {
        "@id": "node/3174073836",
        "amenity": "drinking_water",
        "water_source": "tap"
      },
      "geometry": {
        "type": "Point",
        "coordinates": [
          86.5579036,
          27.2093903
        ]
      },
      "id": "node/3174073836"
    },
    {
      "type": "Feature",
      "properties": {
        "@id": "node/3174073865",
        "amenity": "drinking_water",
        "water_source": "tap"
      },
      "geometry": {
        "type": "Point",
        "coordinates": [
          86.5566892,
          27.2120721
        ]
      },
      "id": "node/3174073865"
    },
    {
      "type": "Feature",
      "properties": {
        "@id": "node/3174305261",
        "amenity": "drinking_water"
      },
      "geometry": {
        "type": "Point",
        "coordinates": [
          86.5463399,
          27.2022421
        ]
      },
      "id": "node/3174305261"
    },
    {
      "type": "Feature",
      "properties": {
        "@id": "node/3199698514",
        "amenity": "drinking_water",
        "name": "Dhara"
      },
      "geometry": {
        "type": "Point",
        "coordinates": [
          85.1247884,
          27.6494714
        ]
      },
      "id": "node/3199698514"
    },
    {
      "type": "Feature",
      "properties": {
        "@id": "node/3199717142",
        "amenity": "drinking_water"
      },
      "geometry": {
        "type": "Point",
        "coordinates": [
          85.1199267,
          27.6421464
        ]
      },
      "id": "node/3199717142"
    },
    {
      "type": "Feature",
      "properties": {
        "@id": "node/3199721159",
        "amenity": "drinking_water"
      },
      "geometry": {
        "type": "Point",
        "coordinates": [
          85.1212189,
          27.650623
        ]
      },
      "id": "node/3199721159"
    },
    {
      "type": "Feature",
      "properties": {
        "@id": "node/3199721162",
        "amenity": "drinking_water"
      },
      "geometry": {
        "type": "Point",
        "coordinates": [
          85.1208519,
          27.6509499
        ]
      },
      "id": "node/3199721162"
    },
    {
      "type": "Feature",
      "properties": {
        "@id": "node/3199721191",
        "amenity": "drinking_water"
      },
      "geometry": {
        "type": "Point",
        "coordinates": [
          85.1160497,
          27.6584258
        ]
      },
      "id": "node/3199721191"
    },
    {
      "type": "Feature",
      "properties": {
        "@id": "node/3201070852",
        "amenity": "drinking_water"
      },
      "geometry": {
        "type": "Point",
        "coordinates": [
          85.1218527,
          27.6518924
        ]
      },
      "id": "node/3201070852"
    },
    {
      "type": "Feature",
      "properties": {
        "@id": "node/3201076548",
        "amenity": "drinking_water"
      },
      "geometry": {
        "type": "Point",
        "coordinates": [
          85.1212129,
          27.6521885
        ]
      },
      "id": "node/3201076548"
    },
    {
      "type": "Feature",
      "properties": {
        "@id": "node/3201155703",
        "amenity": "drinking_water"
      },
      "geometry": {
        "type": "Point",
        "coordinates": [
          85.1292811,
          27.6561195
        ]
      },
      "id": "node/3201155703"
    },
    {
      "type": "Feature",
      "properties": {
        "@id": "node/3201177959",
        "amenity": "drinking_water"
      },
      "geometry": {
        "type": "Point",
        "coordinates": [
          85.128829,
          27.6493809
        ]
      },
      "id": "node/3201177959"
    },
    {
      "type": "Feature",
      "properties": {
        "@id": "node/3202643715",
        "amenity": "drinking_water"
      },
      "geometry": {
        "type": "Point",
        "coordinates": [
          85.1216669,
          27.6735999
        ]
      },
      "id": "node/3202643715"
    },
    {
      "type": "Feature",
      "properties": {
        "@id": "node/3202666898",
        "amenity": "drinking_water"
      },
      "geometry": {
        "type": "Point",
        "coordinates": [
          85.1262197,
          27.6617006
        ]
      },
      "id": "node/3202666898"
    },
    {
      "type": "Feature",
      "properties": {
        "@id": "node/3202705070",
        "amenity": "drinking_water",
        "name": "Tanang Dhara"
      },
      "geometry": {
        "type": "Point",
        "coordinates": [
          85.1237538,
          27.6614806
        ]
      },
      "id": "node/3202705070"
    },
    {
      "type": "Feature",
      "properties": {
        "@id": "node/3202705071",
        "amenity": "drinking_water"
      },
      "geometry": {
        "type": "Point",
        "coordinates": [
          85.124574,
          27.6577937
        ]
      },
      "id": "node/3202705071"
    },
    {
      "type": "Feature",
      "properties": {
        "@id": "node/3202705073",
        "amenity": "drinking_water"
      },
      "geometry": {
        "type": "Point",
        "coordinates": [
          85.1252949,
          27.6595888
        ]
      },
      "id": "node/3202705073"
    },
    {
      "type": "Feature",
      "properties": {
        "@id": "node/3202705074",
        "amenity": "drinking_water"
      },
      "geometry": {
        "type": "Point",
        "coordinates": [
          85.1243684,
          27.6620047
        ]
      },
      "id": "node/3202705074"
    },
    {
      "type": "Feature",
      "properties": {
        "@id": "node/3202705075",
        "amenity": "drinking_water"
      },
      "geometry": {
        "type": "Point",
        "coordinates": [
          85.1258132,
          27.6620886
        ]
      },
      "id": "node/3202705075"
    },
    {
      "type": "Feature",
      "properties": {
        "@id": "node/3202705076",
        "amenity": "drinking_water"
      },
      "geometry": {
        "type": "Point",
        "coordinates": [
          85.1258516,
          27.6625363
        ]
      },
      "id": "node/3202705076"
    },
    {
      "type": "Feature",
      "properties": {
        "@id": "node/3202705078",
        "amenity": "drinking_water"
      },
      "geometry": {
        "type": "Point",
        "coordinates": [
          85.1254212,
          27.6632146
        ]
      },
      "id": "node/3202705078"
    },
    {
      "type": "Feature",
      "properties": {
        "@id": "node/3202705079",
        "amenity": "drinking_water"
      },
      "geometry": {
        "type": "Point",
        "coordinates": [
          85.1260918,
          27.6641868
        ]
      },
      "id": "node/3202705079"
    },
    {
      "type": "Feature",
      "properties": {
        "@id": "node/3202761781",
        "amenity": "drinking_water"
      },
      "geometry": {
        "type": "Point",
        "coordinates": [
          85.1228975,
          27.6596324
        ]
      },
      "id": "node/3202761781"
    },
    {
      "type": "Feature",
      "properties": {
        "@id": "node/3202761825",
        "amenity": "drinking_water"
      },
      "geometry": {
        "type": "Point",
        "coordinates": [
          85.1230906,
          27.6607764
        ]
      },
      "id": "node/3202761825"
    },
    {
      "type": "Feature",
      "properties": {
        "@id": "node/3202761845",
        "amenity": "drinking_water"
      },
      "geometry": {
        "type": "Point",
        "coordinates": [
          85.1222958,
          27.6610208
        ]
      },
      "id": "node/3202761845"
    },
    {
      "type": "Feature",
      "properties": {
        "@id": "node/3202946397",
        "amenity": "drinking_water",
        "description": "Water Tank"
      },
      "geometry": {
        "type": "Point",
        "coordinates": [
          85.1214584,
          27.6502614
        ]
      },
      "id": "node/3202946397"
    },
    {
      "type": "Feature",
      "properties": {
        "@id": "node/3204172001",
        "amenity": "drinking_water"
      },
      "geometry": {
        "type": "Point",
        "coordinates": [
          85.1284547,
          27.663633
        ]
      },
      "id": "node/3204172001"
    },
    {
      "type": "Feature",
      "properties": {
        "@id": "node/3204174459",
        "amenity": "drinking_water"
      },
      "geometry": {
        "type": "Point",
        "coordinates": [
          85.1181102,
          27.6432456
        ]
      },
      "id": "node/3204174459"
    },
    {
      "type": "Feature",
      "properties": {
        "@id": "node/3204190191",
        "amenity": "drinking_water",
        "name": "Banpale Dhara"
      },
      "geometry": {
        "type": "Point",
        "coordinates": [
          85.1217202,
          27.6604165
        ]
      },
      "id": "node/3204190191"
    },
    {
      "type": "Feature",
      "properties": {
        "@id": "node/3204217263",
        "amenity": "drinking_water"
      },
      "geometry": {
        "type": "Point",
        "coordinates": [
          85.1356837,
          27.6574697
        ]
      },
      "id": "node/3204217263"
    },
    {
      "type": "Feature",
      "properties": {
        "@id": "node/3205775468",
        "amenity": "drinking_water"
      },
      "geometry": {
        "type": "Point",
        "coordinates": [
          85.1297464,
          27.6341604
        ]
      },
      "id": "node/3205775468"
    },
    {
      "type": "Feature",
      "properties": {
        "@id": "node/3206040862",
        "amenity": "drinking_water"
      },
      "geometry": {
        "type": "Point",
        "coordinates": [
          85.1282251,
          27.6494394
        ]
      },
      "id": "node/3206040862"
    },
    {
      "type": "Feature",
      "properties": {
        "@id": "node/3210341990",
        "amenity": "drinking_water",
        "name": "Purano Dhungedhara"
      },
      "geometry": {
        "type": "Point",
        "coordinates": [
          85.13265,
          27.6492613
        ]
      },
      "id": "node/3210341990"
    },
    {
      "type": "Feature",
      "properties": {
        "@id": "node/3215441676",
        "amenity": "drinking_water",
        "description": "jarayotar 3",
        "name": "public tap"
      },
      "geometry": {
        "type": "Point",
        "coordinates": [
          87.2439273,
          27.1509705
        ]
      },
      "id": "node/3215441676"
    },
    {
      "type": "Feature",
      "properties": {
        "@id": "node/3215815061",
        "amenity": "drinking_water",
        "description": "jarayotar 3",
        "name": "18 water tap"
      },
      "geometry": {
        "type": "Point",
        "coordinates": [
          87.2401238,
          27.152637
        ]
      },
      "id": "node/3215815061"
    },
    {
      "type": "Feature",
      "properties": {
        "@id": "node/3222956215",
        "amenity": "drinking_water",
        "water_source": "tap"
      },
      "geometry": {
        "type": "Point",
        "coordinates": [
          86.497488,
          27.1683756
        ]
      },
      "id": "node/3222956215"
    },
    {
      "type": "Feature",
      "properties": {
        "@id": "node/3222956244",
        "amenity": "drinking_water",
        "water_source": "tap"
      },
      "geometry": {
        "type": "Point",
        "coordinates": [
          86.4965503,
          27.1690426
        ]
      },
      "id": "node/3222956244"
    },
    {
      "type": "Feature",
      "properties": {
        "@id": "node/3222956481",
        "amenity": "drinking_water",
        "water_source": "tap"
      },
      "geometry": {
        "type": "Point",
        "coordinates": [
          86.4954283,
          27.1694665
        ]
      },
      "id": "node/3222956481"
    },
    {
      "type": "Feature",
      "properties": {
        "@id": "node/3238945095",
        "amenity": "drinking_water",
        "water_source": "tap"
      },
      "geometry": {
        "type": "Point",
        "coordinates": [
          86.4864958,
          27.1661385
        ]
      },
      "id": "node/3238945095"
    },
    {
      "type": "Feature",
      "properties": {
        "@id": "node/3238945096",
        "amenity": "drinking_water",
        "water_source": "tap"
      },
      "geometry": {
        "type": "Point",
        "coordinates": [
          86.4849686,
          27.1663137
        ]
      },
      "id": "node/3238945096"
    },
    {
      "type": "Feature",
      "properties": {
        "@id": "node/3238945097",
        "amenity": "drinking_water",
        "water_source": "tap"
      },
      "geometry": {
        "type": "Point",
        "coordinates": [
          86.4853892,
          27.1666466
        ]
      },
      "id": "node/3238945097"
    },
    {
      "type": "Feature",
      "properties": {
        "@id": "node/3238945098",
        "amenity": "drinking_water",
        "water_source": "tap"
      },
      "geometry": {
        "type": "Point",
        "coordinates": [
          86.4851259,
          27.167665
        ]
      },
      "id": "node/3238945098"
    },
    {
      "type": "Feature",
      "properties": {
        "@id": "node/3246275440",
        "amenity": "drinking_water",
        "name": "Public Tap"
      },
      "geometry": {
        "type": "Point",
        "coordinates": [
          88.1063224,
          26.6241598
        ]
      },
      "id": "node/3246275440"
    },
    {
      "type": "Feature",
      "properties": {
        "@id": "node/3254986163",
        "amenity": "drinking_water",
        "name": "Public water tank"
      },
      "geometry": {
        "type": "Point",
        "coordinates": [
          85.2757275,
          27.6730957
        ]
      },
      "id": "node/3254986163"
    },
    {
      "type": "Feature",
      "properties": {
        "@id": "node/3254999496",
        "amenity": "drinking_water",
        "name": "chikhu"
      },
      "geometry": {
        "type": "Point",
        "coordinates": [
          85.2762875,
          27.6707489
        ]
      },
      "id": "node/3254999496"
    },
    {
      "type": "Feature",
      "properties": {
        "@id": "node/3262988188",
        "amenity": "drinking_water",
        "drinking_water": "yes"
      },
      "geometry": {
        "type": "Point",
        "coordinates": [
          85.3849197,
          27.6464414
        ]
      },
      "id": "node/3262988188"
    },
    {
      "type": "Feature",
      "properties": {
        "@id": "node/3294165867",
        "amenity": "drinking_water",
        "name": "Local Water Tap"
      },
      "geometry": {
        "type": "Point",
        "coordinates": [
          85.2790961,
          27.6686264
        ]
      },
      "id": "node/3294165867"
    },
    {
      "type": "Feature",
      "properties": {
        "@id": "node/3296137590",
        "amenity": "drinking_water"
      },
      "geometry": {
        "type": "Point",
        "coordinates": [
          85.277282,
          27.673079
        ]
      },
      "id": "node/3296137590"
    },
    {
      "type": "Feature",
      "properties": {
        "@id": "node/3298336206",
        "amenity": "drinking_water"
      },
      "geometry": {
        "type": "Point",
        "coordinates": [
          85.4784506,
          27.5241944
        ]
      },
      "id": "node/3298336206"
    },
    {
      "type": "Feature",
      "properties": {
        "@id": "node/3298336260",
        "amenity": "drinking_water"
      },
      "geometry": {
        "type": "Point",
        "coordinates": [
          85.498458,
          27.5249656
        ]
      },
      "id": "node/3298336260"
    },
    {
      "type": "Feature",
      "properties": {
        "@id": "node/3298336750",
        "amenity": "drinking_water"
      },
      "geometry": {
        "type": "Point",
        "coordinates": [
          85.4830194,
          27.5242048
        ]
      },
      "id": "node/3298336750"
    },
    {
      "type": "Feature",
      "properties": {
        "@id": "node/3304282390",
        "amenity": "drinking_water"
      },
      "geometry": {
        "type": "Point",
        "coordinates": [
          85.278558,
          27.6767869
        ]
      },
      "id": "node/3304282390"
    },
    {
      "type": "Feature",
      "properties": {
        "@id": "node/3307390721",
        "amenity": "drinking_water"
      },
      "geometry": {
        "type": "Point",
        "coordinates": [
          85.2788556,
          27.677111
        ]
      },
      "id": "node/3307390721"
    },
    {
      "type": "Feature",
      "properties": {
        "@id": "node/3307481395",
        "amenity": "drinking_water"
      },
      "geometry": {
        "type": "Point",
        "coordinates": [
          85.278808,
          27.6771785
        ]
      },
      "id": "node/3307481395"
    },
    {
      "type": "Feature",
      "properties": {
        "@id": "node/3307481410",
        "amenity": "drinking_water"
      },
      "geometry": {
        "type": "Point",
        "coordinates": [
          85.2784975,
          27.6775799
        ]
      },
      "id": "node/3307481410"
    },
    {
      "type": "Feature",
      "properties": {
        "@id": "node/3307484366",
        "amenity": "drinking_water"
      },
      "geometry": {
        "type": "Point",
        "coordinates": [
          85.2730722,
          27.6811881
        ]
      },
      "id": "node/3307484366"
    },
    {
      "type": "Feature",
      "properties": {
        "@id": "node/3307485464",
        "amenity": "drinking_water"
      },
      "geometry": {
        "type": "Point",
        "coordinates": [
          85.2784009,
          27.6777845
        ]
      },
      "id": "node/3307485464"
    },
    {
      "type": "Feature",
      "properties": {
        "@id": "node/3307556018",
        "amenity": "drinking_water"
      },
      "geometry": {
        "type": "Point",
        "coordinates": [
          85.2760764,
          27.6796963
        ]
      },
      "id": "node/3307556018"
    },
    {
      "type": "Feature",
      "properties": {
        "@id": "node/3312009093",
        "amenity": "drinking_water"
      },
      "geometry": {
        "type": "Point",
        "coordinates": [
          85.2782378,
          27.6768637
        ]
      },
      "id": "node/3312009093"
    },
    {
      "type": "Feature",
      "properties": {
        "@id": "node/3312038450",
        "amenity": "drinking_water"
      },
      "geometry": {
        "type": "Point",
        "coordinates": [
          85.2774417,
          27.6767999
        ]
      },
      "id": "node/3312038450"
    },
    {
      "type": "Feature",
      "properties": {
        "@id": "node/3312049005",
        "amenity": "drinking_water"
      },
      "geometry": {
        "type": "Point",
        "coordinates": [
          85.2772255,
          27.677262
        ]
      },
      "id": "node/3312049005"
    },
    {
      "type": "Feature",
      "properties": {
        "@id": "node/3312084350",
        "amenity": "drinking_water"
      },
      "geometry": {
        "type": "Point",
        "coordinates": [
          85.276937,
          27.6780306
        ]
      },
      "id": "node/3312084350"
    },
    {
      "type": "Feature",
      "properties": {
        "@id": "node/3314396298",
        "amenity": "drinking_water"
      },
      "geometry": {
        "type": "Point",
        "coordinates": [
          85.275403,
          27.6792821
        ]
      },
      "id": "node/3314396298"
    },
    {
      "type": "Feature",
      "properties": {
        "@id": "node/3345463464",
        "amenity": "drinking_water"
      },
      "geometry": {
        "type": "Point",
        "coordinates": [
          84.4256426,
          27.6962496
        ]
      },
      "id": "node/3345463464"
    },
    {
      "type": "Feature",
      "properties": {
        "@id": "node/3347242926",
        "amenity": "drinking_water"
      },
      "geometry": {
        "type": "Point",
        "coordinates": [
          84.4090089,
          27.727471
        ]
      },
      "id": "node/3347242926"
    },
    {
      "type": "Feature",
      "properties": {
        "@id": "node/3347244248",
        "amenity": "drinking_water"
      },
      "geometry": {
        "type": "Point",
        "coordinates": [
          84.4086473,
          27.7275984
        ]
      },
      "id": "node/3347244248"
    },
    {
      "type": "Feature",
      "properties": {
        "@id": "node/3347244249",
        "amenity": "drinking_water"
      },
      "geometry": {
        "type": "Point",
        "coordinates": [
          84.4085078,
          27.7278293
        ]
      },
      "id": "node/3347244249"
    },
    {
      "type": "Feature",
      "properties": {
        "@id": "node/3347244250",
        "amenity": "drinking_water"
      },
      "geometry": {
        "type": "Point",
        "coordinates": [
          84.4089639,
          27.7273877
        ]
      },
      "id": "node/3347244250"
    },
    {
      "type": "Feature",
      "properties": {
        "@id": "node/3347244251",
        "amenity": "drinking_water"
      },
      "geometry": {
        "type": "Point",
        "coordinates": [
          84.4153413,
          27.724991
        ]
      },
      "id": "node/3347244251"
    },
    {
      "type": "Feature",
      "properties": {
        "@id": "node/3347244714",
        "amenity": "drinking_water"
      },
      "geometry": {
        "type": "Point",
        "coordinates": [
          84.4185072,
          27.7224009
        ]
      },
      "id": "node/3347244714"
    },
    {
      "type": "Feature",
      "properties": {
        "@id": "node/3347244715",
        "amenity": "drinking_water"
      },
      "geometry": {
        "type": "Point",
        "coordinates": [
          84.4112581,
          27.7270003
        ]
      },
      "id": "node/3347244715"
    },
    {
      "type": "Feature",
      "properties": {
        "@id": "node/3347244897",
        "amenity": "drinking_water"
      },
      "geometry": {
        "type": "Point",
        "coordinates": [
          84.4184554,
          27.7213495
        ]
      },
      "id": "node/3347244897"
    },
    {
      "type": "Feature",
      "properties": {
        "@id": "node/3347244898",
        "amenity": "drinking_water"
      },
      "geometry": {
        "type": "Point",
        "coordinates": [
          84.4165684,
          27.7237372
        ]
      },
      "id": "node/3347244898"
    },
    {
      "type": "Feature",
      "properties": {
        "@id": "node/3347244919",
        "amenity": "drinking_water"
      },
      "geometry": {
        "type": "Point",
        "coordinates": [
          84.4158203,
          27.724726
        ]
      },
      "id": "node/3347244919"
    },
    {
      "type": "Feature",
      "properties": {
        "@id": "node/3349596264",
        "amenity": "drinking_water",
        "name": "धारा"
      },
      "geometry": {
        "type": "Point",
        "coordinates": [
          83.6159419,
          27.9989335
        ]
      },
      "id": "node/3349596264"
    },
    {
      "type": "Feature",
      "properties": {
        "@id": "node/3363039503",
        "amenity": "drinking_water",
        "historic": "stone_tap",
        "name": "Dhunghedhara",
        "name:en": "Dhungedhara",
        "name:ko": "둥게다라"
      },
      "geometry": {
        "type": "Point",
        "coordinates": [
          85.3439812,
          27.7105719
        ]
      },
      "id": "node/3363039503"
    },
    {
      "type": "Feature",
      "properties": {
        "@id": "node/3402025233",
        "amenity": "drinking_water"
      },
      "geometry": {
        "type": "Point",
        "coordinates": [
          85.3405379,
          27.6762594
        ]
      },
      "id": "node/3402025233"
    },
    {
      "type": "Feature",
      "properties": {
        "@id": "node/3403997273",
        "amenity": "drinking_water"
      },
      "geometry": {
        "type": "Point",
        "coordinates": [
          85.2785577,
          27.6688089
        ]
      },
      "id": "node/3403997273"
    },
    {
      "type": "Feature",
      "properties": {
        "@id": "node/3404001956",
        "amenity": "drinking_water"
      },
      "geometry": {
        "type": "Point",
        "coordinates": [
          85.2770197,
          27.6675971
        ]
      },
      "id": "node/3404001956"
    },
    {
      "type": "Feature",
      "properties": {
        "@id": "node/3405337063",
        "amenity": "drinking_water"
      },
      "geometry": {
        "type": "Point",
        "coordinates": [
          85.2812735,
          27.6710473
        ]
      },
      "id": "node/3405337063"
    },
    {
      "type": "Feature",
      "properties": {
        "@id": "node/3405340420",
        "amenity": "drinking_water"
      },
      "geometry": {
        "type": "Point",
        "coordinates": [
          85.2806512,
          27.6711455
        ]
      },
      "id": "node/3405340420"
    },
    {
      "type": "Feature",
      "properties": {
        "@id": "node/3405346775",
        "amenity": "drinking_water"
      },
      "geometry": {
        "type": "Point",
        "coordinates": [
          85.278603,
          27.6691914
        ]
      },
      "id": "node/3405346775"
    },
    {
      "type": "Feature",
      "properties": {
        "@id": "node/3410330922",
        "amenity": "drinking_water"
      },
      "geometry": {
        "type": "Point",
        "coordinates": [
          85.2752239,
          27.6729283
        ]
      },
      "id": "node/3410330922"
    },
    {
      "type": "Feature",
      "properties": {
        "@id": "node/3410362086",
        "amenity": "drinking_water"
      },
      "geometry": {
        "type": "Point",
        "coordinates": [
          85.2765395,
          27.673196
        ]
      },
      "id": "node/3410362086"
    },
    {
      "type": "Feature",
      "properties": {
        "@id": "node/3410364595",
        "amenity": "drinking_water"
      },
      "geometry": {
        "type": "Point",
        "coordinates": [
          85.2744873,
          27.6730712
        ]
      },
      "id": "node/3410364595"
    },
    {
      "type": "Feature",
      "properties": {
        "@id": "node/3428209883",
        "amenity": "drinking_water"
      },
      "geometry": {
        "type": "Point",
        "coordinates": [
          85.27954,
          27.676004
        ]
      },
      "id": "node/3428209883"
    },
    {
      "type": "Feature",
      "properties": {
        "@id": "node/3433472723",
        "amenity": "drinking_water",
        "description": "непитьевая"
      },
      "geometry": {
        "type": "Point",
        "coordinates": [
          88.3902431,
          23.4243018
        ]
      },
      "id": "node/3433472723"
    },
    {
      "type": "Feature",
      "properties": {
        "@id": "node/3433538695",
        "amenity": "drinking_water"
      },
      "geometry": {
        "type": "Point",
        "coordinates": [
          88.391608,
          23.4268659
        ]
      },
      "id": "node/3433538695"
    },
    {
      "type": "Feature",
      "properties": {
        "@id": "node/3434412313",
        "amenity": "drinking_water",
        "name": "Padhera"
      },
      "geometry": {
        "type": "Point",
        "coordinates": [
          84.3759524,
          28.2306719
        ]
      },
      "id": "node/3434412313"
    },
    {
      "type": "Feature",
      "properties": {
        "@id": "node/3438531993",
        "amenity": "drinking_water"
      },
      "geometry": {
        "type": "Point",
        "coordinates": [
          88.3892842,
          23.4254098
        ]
      },
      "id": "node/3438531993"
    },
    {
      "type": "Feature",
      "properties": {
        "@id": "node/3438726846",
        "amenity": "drinking_water"
      },
      "geometry": {
        "type": "Point",
        "coordinates": [
          84.8146541,
          27.5236704
        ]
      },
      "id": "node/3438726846"
    },
    {
      "type": "Feature",
      "properties": {
        "@id": "node/3438794393",
        "amenity": "drinking_water",
        "man_made": "water_well",
        "source": "BajrabarahiFieldVisit"
      },
      "geometry": {
        "type": "Point",
        "coordinates": [
          84.814505,
          27.526497
        ]
      },
      "id": "node/3438794393"
    },
    {
      "type": "Feature",
      "properties": {
        "@id": "node/3438794395",
        "amenity": "drinking_water",
        "man_made": "water_well",
        "source": "BajrabarahiFieldVisit"
      },
      "geometry": {
        "type": "Point",
        "coordinates": [
          84.8092133,
          27.5282553
        ]
      },
      "id": "node/3438794395"
    },
    {
      "type": "Feature",
      "properties": {
        "@id": "node/3438859006",
        "amenity": "drinking_water"
      },
      "geometry": {
        "type": "Point",
        "coordinates": [
          88.3915463,
          23.4211868
        ]
      },
      "id": "node/3438859006"
    },
    {
      "type": "Feature",
      "properties": {
        "@id": "node/3440440600",
        "amenity": "drinking_water",
        "man_made": "water_well",
        "source": "BajrabarahiFieldVisit"
      },
      "geometry": {
        "type": "Point",
        "coordinates": [
          84.8158003,
          27.5262039
        ]
      },
      "id": "node/3440440600"
    },
    {
      "type": "Feature",
      "properties": {
        "@id": "node/3444631324",
        "amenity": "drinking_water",
        "name": "Pani Tanki"
      },
      "geometry": {
        "type": "Point",
        "coordinates": [
          84.7348818,
          27.5847817
        ]
      },
      "id": "node/3444631324"
    },
    {
      "type": "Feature",
      "properties": {
        "@id": "node/3446068865",
        "amenity": "drinking_water"
      },
      "geometry": {
        "type": "Point",
        "coordinates": [
          84.8806102,
          27.4742782
        ]
      },
      "id": "node/3446068865"
    },
    {
      "type": "Feature",
      "properties": {
        "@id": "node/3448171260",
        "amenity": "drinking_water"
      },
      "geometry": {
        "type": "Point",
        "coordinates": [
          84.7651867,
          27.5790159
        ]
      },
      "id": "node/3448171260"
    },
    {
      "type": "Feature",
      "properties": {
        "@id": "node/3453304149",
        "amenity": "drinking_water"
      },
      "geometry": {
        "type": "Point",
        "coordinates": [
          85.2765036,
          27.6775974
        ]
      },
      "id": "node/3453304149"
    },
    {
      "type": "Feature",
      "properties": {
        "@id": "node/3456943998",
        "amenity": "drinking_water"
      },
      "geometry": {
        "type": "Point",
        "coordinates": [
          84.4874086,
          27.6917407
        ]
      },
      "id": "node/3456943998"
    },
    {
      "type": "Feature",
      "properties": {
        "@id": "node/3457053966",
        "amenity": "drinking_water"
      },
      "geometry": {
        "type": "Point",
        "coordinates": [
          84.4999859,
          27.6926169
        ]
      },
      "id": "node/3457053966"
    },
    {
      "type": "Feature",
      "properties": {
        "@id": "node/3458741127",
        "amenity": "drinking_water"
      },
      "geometry": {
        "type": "Point",
        "coordinates": [
          85.2760187,
          27.6779512
        ]
      },
      "id": "node/3458741127"
    },
    {
      "type": "Feature",
      "properties": {
        "@id": "node/3458757394",
        "amenity": "drinking_water"
      },
      "geometry": {
        "type": "Point",
        "coordinates": [
          85.2733151,
          27.6795901
        ]
      },
      "id": "node/3458757394"
    },
    {
      "type": "Feature",
      "properties": {
        "@id": "node/3462850859",
        "amenity": "drinking_water",
        "dhungedhara": "yes",
        "historic": "stone_tap"
      },
      "geometry": {
        "type": "Point",
        "coordinates": [
          85.2801977,
          27.6777873
        ]
      },
      "id": "node/3462850859"
    },
    {
      "type": "Feature",
      "properties": {
        "@id": "node/3462851235",
        "amenity": "drinking_water"
      },
      "geometry": {
        "type": "Point",
        "coordinates": [
          85.2730765,
          27.6806516
        ]
      },
      "id": "node/3462851235"
    },
    {
      "type": "Feature",
      "properties": {
        "@id": "node/3465533654",
        "amenity": "drinking_water"
      },
      "geometry": {
        "type": "Point",
        "coordinates": [
          85.3186371,
          27.7486651
        ]
      },
      "id": "node/3465533654"
    },
    {
      "type": "Feature",
      "properties": {
        "@id": "node/3476012629",
        "amenity": "drinking_water"
      },
      "geometry": {
        "type": "Point",
        "coordinates": [
          83.8498288,
          28.2271372
        ]
      },
      "id": "node/3476012629"
    },
    {
      "type": "Feature",
      "properties": {
        "@id": "node/3476013159",
        "amenity": "drinking_water"
      },
      "geometry": {
        "type": "Point",
        "coordinates": [
          83.8804775,
          28.2462243
        ]
      },
      "id": "node/3476013159"
    },
    {
      "type": "Feature",
      "properties": {
        "@id": "node/3476013208",
        "amenity": "drinking_water"
      },
      "geometry": {
        "type": "Point",
        "coordinates": [
          83.797806,
          28.2288499
        ]
      },
      "id": "node/3476013208"
    },
    {
      "type": "Feature",
      "properties": {
        "@id": "node/3476013210",
        "amenity": "drinking_water"
      },
      "geometry": {
        "type": "Point",
        "coordinates": [
          83.8108749,
          28.2184509
        ]
      },
      "id": "node/3476013210"
    },
    {
      "type": "Feature",
      "properties": {
        "@id": "node/3476013216",
        "amenity": "drinking_water"
      },
      "geometry": {
        "type": "Point",
        "coordinates": [
          83.8207932,
          28.2596818
        ]
      },
      "id": "node/3476013216"
    },
    {
      "type": "Feature",
      "properties": {
        "@id": "node/3476013304",
        "amenity": "drinking_water"
      },
      "geometry": {
        "type": "Point",
        "coordinates": [
          83.8772077,
          28.2461859
        ]
      },
      "id": "node/3476013304"
    },
    {
      "type": "Feature",
      "properties": {
        "@id": "node/3478780745",
        "amenity": "drinking_water",
        "description": "supproted by NRCS"
      },
      "geometry": {
        "type": "Point",
        "coordinates": [
          85.6912667,
          27.6608833
        ]
      },
      "id": "node/3478780745"
    },
    {
      "type": "Feature",
      "properties": {
        "@id": "node/3483520340",
        "amenity": "drinking_water"
      },
      "geometry": {
        "type": "Point",
        "coordinates": [
          83.9488681,
          28.2356396
        ]
      },
      "id": "node/3483520340"
    },
    {
      "type": "Feature",
      "properties": {
        "@id": "node/3485754306",
        "amenity": "drinking_water"
      },
      "geometry": {
        "type": "Point",
        "coordinates": [
          83.9484248,
          28.2435647
        ]
      },
      "id": "node/3485754306"
    },
    {
      "type": "Feature",
      "properties": {
        "@id": "node/3487654184",
        "amenity": "drinking_water",
        "name": "Dharo"
      },
      "geometry": {
        "type": "Point",
        "coordinates": [
          85.2795079,
          27.7729461
        ]
      },
      "id": "node/3487654184"
    },
    {
      "type": "Feature",
      "properties": {
        "@id": "node/3487654185",
        "amenity": "drinking_water",
        "name": "Dharo"
      },
      "geometry": {
        "type": "Point",
        "coordinates": [
          85.2801369,
          27.7730351
        ]
      },
      "id": "node/3487654185"
    },
    {
      "type": "Feature",
      "properties": {
        "@id": "node/3487654186",
        "amenity": "drinking_water",
        "name": "Dharo"
      },
      "geometry": {
        "type": "Point",
        "coordinates": [
          85.2805875,
          27.7733353
        ]
      },
      "id": "node/3487654186"
    },
    {
      "type": "Feature",
      "properties": {
        "@id": "node/3487654187",
        "amenity": "drinking_water",
        "name": "Dharo"
      },
      "geometry": {
        "type": "Point",
        "coordinates": [
          85.2804413,
          27.7729484
        ]
      },
      "id": "node/3487654187"
    },
    {
      "type": "Feature",
      "properties": {
        "@id": "node/3487658493",
        "amenity": "drinking_water",
        "name": "Padhero"
      },
      "geometry": {
        "type": "Point",
        "coordinates": [
          85.2793774,
          27.7732042
        ]
      },
      "id": "node/3487658493"
    },
    {
      "type": "Feature",
      "properties": {
        "@id": "node/3488092427",
        "amenity": "drinking_water",
        "check_date": "2023-03-16"
      },
      "geometry": {
        "type": "Point",
        "coordinates": [
          83.956204,
          28.2145378
        ]
      },
      "id": "node/3488092427"
    },
    {
      "type": "Feature",
      "properties": {
        "@id": "node/3488146350",
        "amenity": "drinking_water",
        "name": "Padhero"
      },
      "geometry": {
        "type": "Point",
        "coordinates": [
          85.2810126,
          27.7729912
        ]
      },
      "id": "node/3488146350"
    },
    {
      "type": "Feature",
      "properties": {
        "@id": "node/3491390955",
        "addr:city": "Madhyapur Thimi Municipality",
        "addr:place": "Duwa Phalcha - 6",
        "addr:street": "Duwa Phalcha Marga",
        "amenity": "drinking_water",
        "drinking_water": "yes",
        "man_made": "water_tap",
        "name": "Duwa Phalcha Tap",
        "operator": "Public"
      },
      "geometry": {
        "type": "Point",
        "coordinates": [
          85.3872769,
          27.6819602
        ]
      },
      "id": "node/3491390955"
    },
    {
      "type": "Feature",
      "properties": {
        "@id": "node/3492508959",
        "amenity": "drinking_water",
        "name": "Kanepani Tank"
      },
      "geometry": {
        "type": "Point",
        "coordinates": [
          84.2677885,
          27.9799806
        ]
      },
      "id": "node/3492508959"
    },
    {
      "type": "Feature",
      "properties": {
        "@id": "node/3494420537",
        "amenity": "drinking_water"
      },
      "geometry": {
        "type": "Point",
        "coordinates": [
          83.2753944,
          27.4747136
        ]
      },
      "id": "node/3494420537"
    },
    {
      "type": "Feature",
      "properties": {
        "@id": "node/3494420544",
        "amenity": "drinking_water"
      },
      "geometry": {
        "type": "Point",
        "coordinates": [
          83.2755888,
          27.4704429
        ]
      },
      "id": "node/3494420544"
    },
    {
      "type": "Feature",
      "properties": {
        "@id": "node/3510177968",
        "amenity": "drinking_water",
        "name": "Dhunge dhara"
      },
      "geometry": {
        "type": "Point",
        "coordinates": [
          85.360237,
          27.6812543
        ]
      },
      "id": "node/3510177968"
    },
    {
      "type": "Feature",
      "properties": {
        "@id": "node/3518340840",
        "amenity": "drinking_water",
        "name": "Sundhara Stone Water Spout",
        "name:ne": "सुन्धारा"
      },
      "geometry": {
        "type": "Point",
        "coordinates": [
          85.3281478,
          27.6696708
        ]
      },
      "id": "node/3518340840"
    },
    {
      "type": "Feature",
      "properties": {
        "@id": "node/3522912954",
        "amenity": "drinking_water",
        "historic": "stone_tap",
        "name": "Dhungedhara",
        "name:new": "dhungedhara"
      },
      "geometry": {
        "type": "Point",
        "coordinates": [
          85.3012538,
          27.6543376
        ]
      },
      "id": "node/3522912954"
    },
    {
      "type": "Feature",
      "properties": {
        "@id": "node/3611340415",
        "amenity": "drinking_water",
        "drinking_water": "yes",
        "man_made": "water_tap",
        "operator:type": "public",
        "source": "Yoyo preset"
      },
      "geometry": {
        "type": "Point",
        "coordinates": [
          83.7560437,
          28.2319352
        ]
      },
      "id": "node/3611340415"
    },
    {
      "type": "Feature",
      "properties": {
        "@id": "node/3642422770",
        "amenity": "drinking_water",
        "dhungedhara": "yes"
      },
      "geometry": {
        "type": "Point",
        "coordinates": [
          85.3828199,
          27.6329755
        ]
      },
      "id": "node/3642422770"
    },
    {
      "type": "Feature",
      "properties": {
        "@id": "node/3675308573",
        "FIXME": "position",
        "amenity": "drinking_water",
        "check_date": "2023-03-24",
        "name": "ACAP Safe Drinking Water Station",
        "source": "ACAP Flyer"
      },
      "geometry": {
        "type": "Point",
        "coordinates": [
          84.1478875,
          28.6142026
        ]
      },
      "id": "node/3675308573"
    },
    {
      "type": "Feature",
      "properties": {
        "@id": "node/3675308574",
        "FIXME": "position",
        "amenity": "drinking_water",
        "name": "ACAP Safe Drinking Water Station",
        "source": "ACAP Flyer"
      },
      "geometry": {
        "type": "Point",
        "coordinates": [
          84.0906643,
          28.6381538
        ]
      },
      "id": "node/3675308574"
    },
    {
      "type": "Feature",
      "properties": {
        "@id": "node/3675322719",
        "FIXME": "position",
        "amenity": "drinking_water",
        "name": "ACAP Safe Drinking Water Station",
        "source": "ACAP Flyer"
      },
      "geometry": {
        "type": "Point",
        "coordinates": [
          83.6453234,
          28.7105475
        ]
      },
      "id": "node/3675322719"
    },
    {
      "type": "Feature",
      "properties": {
        "@id": "node/3675322720",
        "FIXME": "position",
        "amenity": "drinking_water",
        "name": "ACAP Safe Drinking Water Station",
        "source": "ACAP Flyer"
      },
      "geometry": {
        "type": "Point",
        "coordinates": [
          83.6143691,
          28.6858096
        ]
      },
      "id": "node/3675322720"
    },
    {
      "type": "Feature",
      "properties": {
        "@id": "node/3675322721",
        "FIXME": "position",
        "amenity": "drinking_water",
        "name": "ACAP Safe Drinking Water Station",
        "source": "ACAP Flyer"
      },
      "geometry": {
        "type": "Point",
        "coordinates": [
          83.6440689,
          28.6081261
        ]
      },
      "id": "node/3675322721"
    },
    {
      "type": "Feature",
      "properties": {
        "@id": "node/3762170525",
        "amenity": "drinking_water"
      },
      "geometry": {
        "type": "Point",
        "coordinates": [
          85.379372,
          27.5881355
        ]
      },
      "id": "node/3762170525"
    },
    {
      "type": "Feature",
      "properties": {
        "@id": "node/3796364110",
        "amenity": "drinking_water",
        "check_date": "2025-04-01"
      },
      "geometry": {
        "type": "Point",
        "coordinates": [
          89.635919,
          23.0407808
        ]
      },
      "id": "node/3796364110"
    },
    {
      "type": "Feature",
      "properties": {
        "@id": "node/3953457273",
        "amenity": "drinking_water",
        "designation": "Da;acjo",
        "source": "Tank"
      },
      "geometry": {
        "type": "Point",
        "coordinates": [
          85.3055669,
          27.6996944
        ]
      },
      "id": "node/3953457273"
    },
    {
      "type": "Feature",
      "properties": {
        "@id": "node/4029793757",
        "addr:city": "Kaule, Nuwakot",
        "amenity": "drinking_water",
        "name": "Water Source",
        "ward": "9"
      },
      "geometry": {
        "type": "Point",
        "coordinates": [
          85.1395858,
          28.0104171
        ]
      },
      "id": "node/4029793757"
    },
    {
      "type": "Feature",
      "properties": {
        "@id": "node/4041390534",
        "amenity": "drinking_water",
        "name": "Tap (DESS)"
      },
      "geometry": {
        "type": "Point",
        "coordinates": [
          83.976991,
          28.2545107
        ]
      },
      "id": "node/4041390534"
    },
    {
      "type": "Feature",
      "properties": {
        "@id": "node/4061845199",
        "amenity": "drinking_water",
        "description": "it is a water source for drinking for the people who pass by for free",
        "name": "Ammat Public Tap",
        "name:ne": "पानी धारा"
      },
      "geometry": {
        "type": "Point",
        "coordinates": [
          83.9651662,
          28.2039815
        ]
      },
      "id": "node/4061845199"
    },
    {
      "type": "Feature",
      "properties": {
        "@id": "node/4073369625",
        "amenity": "drinking_water",
        "name": "tap"
      },
      "geometry": {
        "type": "Point",
        "coordinates": [
          84.2855129,
          27.9642597
        ]
      },
      "id": "node/4073369625"
    },
    {
      "type": "Feature",
      "properties": {
        "@id": "node/4076261489",
        "amenity": "drinking_water",
        "name": "Bhadrabas water tank"
      },
      "geometry": {
        "type": "Point",
        "coordinates": [
          85.421263,
          27.7412966
        ]
      },
      "id": "node/4076261489"
    },
    {
      "type": "Feature",
      "properties": {
        "@id": "node/4109418799",
        "amenity": "drinking_water"
      },
      "geometry": {
        "type": "Point",
        "coordinates": [
          83.9111595,
          28.3177536
        ]
      },
      "id": "node/4109418799"
    },
    {
      "type": "Feature",
      "properties": {
        "@id": "node/4110039689",
        "amenity": "drinking_water"
      },
      "geometry": {
        "type": "Point",
        "coordinates": [
          83.9136947,
          28.3182174
        ]
      },
      "id": "node/4110039689"
    },
    {
      "type": "Feature",
      "properties": {
        "@id": "node/4144085649",
        "amenity": "drinking_water"
      },
      "geometry": {
        "type": "Point",
        "coordinates": [
          84.0069921,
          28.2125532
        ]
      },
      "id": "node/4144085649"
    },
    {
      "type": "Feature",
      "properties": {
        "@id": "node/4160825732",
        "amenity": "drinking_water"
      },
      "geometry": {
        "type": "Point",
        "coordinates": [
          83.9844277,
          28.2377706
        ]
      },
      "id": "node/4160825732"
    },
    {
      "type": "Feature",
      "properties": {
        "@id": "node/4167742386",
        "amenity": "drinking_water",
        "man_made": "water_tap"
      },
      "geometry": {
        "type": "Point",
        "coordinates": [
          83.9774213,
          28.2569237
        ]
      },
      "id": "node/4167742386"
    },
    {
      "type": "Feature",
      "properties": {
        "@id": "node/4175481728",
        "addr:city": "Pokhara Lekhanath Metropolitan City",
        "addr:place": "Masbar Pokharipatan",
        "addr:street": "Sugam Marga",
        "amenity": "drinking_water",
        "drinking_water": "yes",
        "man_made": "storage_tank"
      },
      "geometry": {
        "type": "Point",
        "coordinates": [
          83.973084,
          28.2102243
        ]
      },
      "id": "node/4175481728"
    },
    {
      "type": "Feature",
      "properties": {
        "@id": "node/4181781081",
        "amenity": "drinking_water"
      },
      "geometry": {
        "type": "Point",
        "coordinates": [
          83.9697444,
          28.2191228
        ]
      },
      "id": "node/4181781081"
    },
    {
      "type": "Feature",
      "properties": {
        "@id": "node/4225192812",
        "amenity": "drinking_water",
        "name:ne": "खाने पानि"
      },
      "geometry": {
        "type": "Point",
        "coordinates": [
          83.9994515,
          28.2069753
        ]
      },
      "id": "node/4225192812"
    },
    {
      "type": "Feature",
      "properties": {
        "@id": "node/4230764019",
        "amenity": "drinking_water",
        "name": "New Kiran Store"
      },
      "geometry": {
        "type": "Point",
        "coordinates": [
          85.2739083,
          27.6779363
        ]
      },
      "id": "node/4230764019"
    },
    {
      "type": "Feature",
      "properties": {
        "@id": "node/4284128136",
        "amenity": "drinking_water",
        "name": "Stone Tap"
      },
      "geometry": {
        "type": "Point",
        "coordinates": [
          85.2984629,
          27.7312055
        ]
      },
      "id": "node/4284128136"
    },
    {
      "type": "Feature",
      "properties": {
        "@id": "node/4296621877",
        "amenity": "drinking_water",
        "drinking_water": "yes",
        "source": "survey"
      },
      "geometry": {
        "type": "Point",
        "coordinates": [
          88.1860577,
          26.6595435
        ]
      },
      "id": "node/4296621877"
    },
    {
      "type": "Feature",
      "properties": {
        "@id": "node/4305384190",
        "amenity": "drinking_water"
      },
      "geometry": {
        "type": "Point",
        "coordinates": [
          84.6763105,
          27.9599296
        ]
      },
      "id": "node/4305384190"
    },
    {
      "type": "Feature",
      "properties": {
        "@id": "node/4305409689",
        "amenity": "drinking_water"
      },
      "geometry": {
        "type": "Point",
        "coordinates": [
          84.6784561,
          27.9612025
        ]
      },
      "id": "node/4305409689"
    },
    {
      "type": "Feature",
      "properties": {
        "@id": "node/4305409792",
        "amenity": "drinking_water"
      },
      "geometry": {
        "type": "Point",
        "coordinates": [
          84.6761804,
          27.9572524
        ]
      },
      "id": "node/4305409792"
    },
    {
      "type": "Feature",
      "properties": {
        "@id": "node/4342388689",
        "addr:city": "Madhyapur Thimi",
        "addr:place": "Bahakha bazar - 6",
        "addr:street": "Madhyapur thimi marga",
        "amenity": "drinking_water",
        "drinking_water": "no",
        "name": "Stone tap",
        "operator:type": "public"
      },
      "geometry": {
        "type": "Point",
        "coordinates": [
          85.3862657,
          27.6830137
        ]
      },
      "id": "node/4342388689"
    },
    {
      "type": "Feature",
      "properties": {
        "@id": "node/4353426217",
        "amenity": "drinking_water"
      },
      "geometry": {
        "type": "Point",
        "coordinates": [
          84.0148739,
          28.237864
        ]
      },
      "id": "node/4353426217"
    },
    {
      "type": "Feature",
      "properties": {
        "@id": "node/4365069049",
        "access": "yes",
        "amenity": "drinking_water",
        "fixme": "draft",
        "wheelchair": "limited"
      },
      "geometry": {
        "type": "Point",
        "coordinates": [
          85.3238478,
          27.6772789
        ]
      },
      "id": "node/4365069049"
    },
    {
      "type": "Feature",
      "properties": {
        "@id": "node/4370642140",
        "amenity": "drinking_water",
        "fixme": "a environ 50m de l'arbre coté sud de la route (track grade 2)"
      },
      "geometry": {
        "type": "Point",
        "coordinates": [
          84.4065118,
          28.3427616
        ]
      },
      "id": "node/4370642140"
    },
    {
      "type": "Feature",
      "properties": {
        "@id": "node/4375585741",
        "amenity": "drinking_water",
        "check_date": "2023-03-23",
        "fixme": "position"
      },
      "geometry": {
        "type": "Point",
        "coordinates": [
          84.1530378,
          28.6161757
        ]
      },
      "id": "node/4375585741"
    },
    {
      "type": "Feature",
      "properties": {
        "@id": "node/4375585763",
        "amenity": "drinking_water",
        "note": "marque blanc rouge NATT"
      },
      "geometry": {
        "type": "Point",
        "coordinates": [
          84.1526628,
          28.6153875
        ]
      },
      "id": "node/4375585763"
    },
    {
      "type": "Feature",
      "properties": {
        "@id": "node/4375585776",
        "amenity": "drinking_water",
        "check_date": "2023-03-23"
      },
      "geometry": {
        "type": "Point",
        "coordinates": [
          84.1536859,
          28.6159035
        ]
      },
      "id": "node/4375585776"
    },
    {
      "type": "Feature",
      "properties": {
        "@id": "node/4379303545",
        "amenity": "drinking_water",
        "check_date": "2023-03-28",
        "indoor": "yes",
        "man_made": "water_tap",
        "name": "Safe Drinking Water Station",
        "name:ne": "साफा पिउनी पानी"
      },
      "geometry": {
        "type": "Point",
        "coordinates": [
          84.0241923,
          28.6653032
        ]
      },
      "id": "node/4379303545"
    },
    {
      "type": "Feature",
      "properties": {
        "@id": "node/4382991794",
        "amenity": "drinking_water"
      },
      "geometry": {
        "type": "Point",
        "coordinates": [
          84.1276814,
          28.1774784
        ]
      },
      "id": "node/4382991794"
    },
    {
      "type": "Feature",
      "properties": {
        "@id": "node/4392960490",
        "access": "permissive",
        "amenity": "drinking_water",
        "name": "Radha Krishna Khanepani Tank, Tikathali",
        "name:en": "Radha Krishna Mandir Khanepani Tank, Tikathali",
        "wheelchair": "no"
      },
      "geometry": {
        "type": "Point",
        "coordinates": [
          85.3552739,
          27.6650283
        ]
      },
      "id": "node/4392960490"
    },
    {
      "type": "Feature",
      "properties": {
        "@id": "node/4401197831",
        "amenity": "drinking_water",
        "source": "2cpokhara"
      },
      "geometry": {
        "type": "Point",
        "coordinates": [
          84.0107736,
          28.2222061
        ]
      },
      "id": "node/4401197831"
    },
    {
      "type": "Feature",
      "properties": {
        "@id": "node/4402114489",
        "amenity": "drinking_water",
        "name": "at Benga"
      },
      "geometry": {
        "type": "Point",
        "coordinates": [
          85.9460201,
          26.7602905
        ]
      },
      "id": "node/4402114489"
    },
    {
      "type": "Feature",
      "properties": {
        "@id": "node/4406860288",
        "amenity": "drinking_water"
      },
      "geometry": {
        "type": "Point",
        "coordinates": [
          83.6439787,
          28.6081179
        ]
      },
      "id": "node/4406860288"
    },
    {
      "type": "Feature",
      "properties": {
        "@id": "node/4406864302",
        "amenity": "drinking_water"
      },
      "geometry": {
        "type": "Point",
        "coordinates": [
          83.6431491,
          28.6094784
        ]
      },
      "id": "node/4406864302"
    },
    {
      "type": "Feature",
      "properties": {
        "@id": "node/4406864305",
        "amenity": "drinking_water",
        "fixme": "draft"
      },
      "geometry": {
        "type": "Point",
        "coordinates": [
          83.6716177,
          28.4445232
        ]
      },
      "id": "node/4406864305"
    },
    {
      "type": "Feature",
      "properties": {
        "@id": "node/4406864310",
        "amenity": "drinking_water",
        "check_date": "2023-04-05",
        "man_made": "water_tap"
      },
      "geometry": {
        "type": "Point",
        "coordinates": [
          83.6542422,
          28.4989351
        ]
      },
      "id": "node/4406864310"
    },
    {
      "type": "Feature",
      "properties": {
        "@id": "node/4406864342",
        "amenity": "drinking_water"
      },
      "geometry": {
        "type": "Point",
        "coordinates": [
          83.6438748,
          28.6085184
        ]
      },
      "id": "node/4406864342"
    },
    {
      "type": "Feature",
      "properties": {
        "@id": "node/4406864351",
        "amenity": "drinking_water",
        "man_made": "water_tap"
      },
      "geometry": {
        "type": "Point",
        "coordinates": [
          83.8003429,
          28.3744264
        ]
      },
      "id": "node/4406864351"
    },
    {
      "type": "Feature",
      "properties": {
        "@id": "node/4406864368",
        "amenity": "drinking_water"
      },
      "geometry": {
        "type": "Point",
        "coordinates": [
          83.6433056,
          28.6092163
        ]
      },
      "id": "node/4406864368"
    },
    {
      "type": "Feature",
      "properties": {
        "@id": "node/4426115093",
        "amenity": "drinking_water",
        "name:en": "khani pani office"
      },
      "geometry": {
        "type": "Point",
        "coordinates": [
          84.1906972,
          27.6788758
        ]
      },
      "id": "node/4426115093"
    },
    {
      "type": "Feature",
      "properties": {
        "@id": "node/4426116993",
        "amenity": "drinking_water",
        "name:en": "khani pani office 🌧"
      },
      "geometry": {
        "type": "Point",
        "coordinates": [
          84.1884196,
          27.6824214
        ]
      },
      "id": "node/4426116993"
    },
    {
      "type": "Feature",
      "properties": {
        "@id": "node/4426122291",
        "amenity": "drinking_water",
        "name:en": "shiva mandir tanki"
      },
      "geometry": {
        "type": "Point",
        "coordinates": [
          84.1838773,
          27.688602
        ]
      },
      "id": "node/4426122291"
    },
    {
      "type": "Feature",
      "properties": {
        "@id": "node/4426574491",
        "amenity": "drinking_water",
        "name:en": "pani tanki"
      },
      "geometry": {
        "type": "Point",
        "coordinates": [
          84.1797985,
          27.667056
        ]
      },
      "id": "node/4426574491"
    },
    {
      "type": "Feature",
      "properties": {
        "@id": "node/4428909389",
        "amenity": "drinking_water"
      },
      "geometry": {
        "type": "Point",
        "coordinates": [
          85.2625309,
          27.6972182
        ]
      },
      "id": "node/4428909389"
    },
    {
      "type": "Feature",
      "properties": {
        "@id": "node/4432213381",
        "amenity": "drinking_water",
        "description": "public tap"
      },
      "geometry": {
        "type": "Point",
        "coordinates": [
          84.0316273,
          28.1897289
        ]
      },
      "id": "node/4432213381"
    },
    {
      "type": "Feature",
      "properties": {
        "@id": "node/4432220752",
        "amenity": "drinking_water",
        "description": "drinking water"
      },
      "geometry": {
        "type": "Point",
        "coordinates": [
          84.0334368,
          28.1878748
        ]
      },
      "id": "node/4432220752"
    },
    {
      "type": "Feature",
      "properties": {
        "@id": "node/4432220766",
        "amenity": "drinking_water",
        "description": "water"
      },
      "geometry": {
        "type": "Point",
        "coordinates": [
          84.0325436,
          28.1888417
        ]
      },
      "id": "node/4432220766"
    },
    {
      "type": "Feature",
      "properties": {
        "@id": "node/4432220767",
        "amenity": "drinking_water",
        "description": "drinking water"
      },
      "geometry": {
        "type": "Point",
        "coordinates": [
          84.0304756,
          28.1905604
        ]
      },
      "id": "node/4432220767"
    },
    {
      "type": "Feature",
      "properties": {
        "@id": "node/4440054990",
        "amenity": "drinking_water",
        "name:en": "Simkako Tsho"
      },
      "geometry": {
        "type": "Point",
        "coordinates": [
          89.5354755,
          27.5170068
        ]
      },
      "id": "node/4440054990"
    },
    {
      "type": "Feature",
      "properties": {
        "@id": "node/4445207090",
        "amenity": "drinking_water",
        "name:en": "Dhakal Kuwa"
      },
      "geometry": {
        "type": "Point",
        "coordinates": [
          83.6747969,
          27.9382321
        ]
      },
      "id": "node/4445207090"
    },
    {
      "type": "Feature",
      "properties": {
        "@id": "node/4445210889",
        "amenity": "drinking_water"
      },
      "geometry": {
        "type": "Point",
        "coordinates": [
          85.2623788,
          27.6973551
        ]
      },
      "id": "node/4445210889"
    },
    {
      "type": "Feature",
      "properties": {
        "@id": "node/4454327092",
        "amenity": "drinking_water",
        "name:en": "Water Tank, Beldangi Ii"
      },
      "geometry": {
        "type": "Point",
        "coordinates": [
          87.685331,
          26.7181538
        ]
      },
      "id": "node/4454327092"
    },
    {
      "type": "Feature",
      "properties": {
        "@id": "node/4457839908",
        "amenity": "drinking_water",
        "name": "Barbhanyang Drinking Water Supply Tank"
      },
      "geometry": {
        "type": "Point",
        "coordinates": [
          84.9603736,
          27.8372646
        ]
      },
      "id": "node/4457839908"
    },
    {
      "type": "Feature",
      "properties": {
        "@id": "node/4457860748",
        "amenity": "drinking_water",
        "name": "Drinking Water Tap"
      },
      "geometry": {
        "type": "Point",
        "coordinates": [
          84.9617401,
          27.8357503
        ]
      },
      "id": "node/4457860748"
    },
    {
      "type": "Feature",
      "properties": {
        "@id": "node/4484608267",
        "amenity": "drinking_water"
      },
      "geometry": {
        "type": "Point",
        "coordinates": [
          86.0601654,
          27.7582154
        ]
      },
      "id": "node/4484608267"
    },
    {
      "type": "Feature",
      "properties": {
        "@id": "node/4496257633",
        "amenity": "drinking_water",
        "name": "Karsyangdi River"
      },
      "geometry": {
        "type": "Point",
        "coordinates": [
          84.370374,
          28.0737537
        ]
      },
      "id": "node/4496257633"
    },
    {
      "type": "Feature",
      "properties": {
        "@id": "node/4496257634",
        "amenity": "drinking_water",
        "name": "Naspati Khola"
      },
      "geometry": {
        "type": "Point",
        "coordinates": [
          84.3764743,
          28.0718581
        ]
      },
      "id": "node/4496257634"
    },
    {
      "type": "Feature",
      "properties": {
        "@id": "node/4496797789",
        "access": "permit",
        "amenity": "drinking_water",
        "charge": "NRs. 150 per 7000 liters",
        "fee": "yes",
        "name": "Siddhipur Khanipani Tatha Sarsafai Upabhokta Samiti",
        "name:en": "Shiddhipur Drinking Water Reserve & Filtration Plant",
        "name:ne": "सिद्धिपुर खानिपानी तथा सरसफाई उपभोक्ता समिति",
        "operator": "Siddhipur Khanipani Tatha Upabhokta Samiti",
        "payment:cash": "yes",
        "wheelchair": "no"
      },
      "geometry": {
        "type": "Point",
        "coordinates": [
          85.3527379,
          27.6397517
        ]
      },
      "id": "node/4496797789"
    },
    {
      "type": "Feature",
      "properties": {
        "@id": "node/4508359274",
        "amenity": "drinking_water"
      },
      "geometry": {
        "type": "Point",
        "coordinates": [
          84.0102762,
          28.2291598
        ]
      },
      "id": "node/4508359274"
    },
    {
      "type": "Feature",
      "properties": {
        "@id": "node/4519931694",
        "amenity": "drinking_water",
        "name:en": "Dhunge Dhara"
      },
      "geometry": {
        "type": "Point",
        "coordinates": [
          85.5113103,
          27.632652
        ]
      },
      "id": "node/4519931694"
    },
    {
      "type": "Feature",
      "properties": {
        "@id": "node/4520340222",
        "amenity": "drinking_water",
        "dhungedhara": "yes",
        "name": "मारु हिटी",
        "name:en": "Maru Hiti",
        "name:ne": "मारु हिटी"
      },
      "geometry": {
        "type": "Point",
        "coordinates": [
          85.3054769,
          27.7045142
        ]
      },
      "id": "node/4520340222"
    },
    {
      "type": "Feature",
      "properties": {
        "@id": "node/4537014391",
        "amenity": "drinking_water"
      },
      "geometry": {
        "type": "Point",
        "coordinates": [
          85.5330937,
          27.6282929
        ]
      },
      "id": "node/4537014391"
    },
    {
      "type": "Feature",
      "properties": {
        "@id": "node/4537053289",
        "amenity": "drinking_water"
      },
      "geometry": {
        "type": "Point",
        "coordinates": [
          85.5320706,
          27.6266478
        ]
      },
      "id": "node/4537053289"
    },
    {
      "type": "Feature",
      "properties": {
        "@id": "node/4537066689",
        "amenity": "drinking_water"
      },
      "geometry": {
        "type": "Point",
        "coordinates": [
          85.5344169,
          27.6278514
        ]
      },
      "id": "node/4537066689"
    },
    {
      "type": "Feature",
      "properties": {
        "@id": "node/4537066797",
        "amenity": "drinking_water"
      },
      "geometry": {
        "type": "Point",
        "coordinates": [
          85.5718239,
          27.6066959
        ]
      },
      "id": "node/4537066797"
    },
    {
      "type": "Feature",
      "properties": {
        "@id": "node/4537066998",
        "amenity": "drinking_water"
      },
      "geometry": {
        "type": "Point",
        "coordinates": [
          85.5747077,
          27.601467
        ]
      },
      "id": "node/4537066998"
    },
    {
      "type": "Feature",
      "properties": {
        "@id": "node/4544885593",
        "amenity": "drinking_water",
        "name:en": "dhunge dhara",
        "name:hi": "english"
      },
      "geometry": {
        "type": "Point",
        "coordinates": [
          85.0565438,
          27.8530014
        ]
      },
      "id": "node/4544885593"
    },
    {
      "type": "Feature",
      "properties": {
        "@id": "node/4555148589",
        "amenity": "drinking_water",
        "name:en": "Parbati Tol Bikash Khane Pani Aayojana"
      },
      "geometry": {
        "type": "Point",
        "coordinates": [
          83.9887592,
          28.2063145
        ]
      },
      "id": "node/4555148589"
    },
    {
      "type": "Feature",
      "properties": {
        "@id": "node/4563100692",
        "amenity": "drinking_water",
        "name:en": "Drinking Water Tap"
      },
      "geometry": {
        "type": "Point",
        "coordinates": [
          85.1448269,
          27.9172212
        ]
      },
      "id": "node/4563100692"
    },
    {
      "type": "Feature",
      "properties": {
        "@id": "node/4566479590",
        "amenity": "drinking_water",
        "name:en": "Gahawa-10,Birgunj"
      },
      "geometry": {
        "type": "Point",
        "coordinates": [
          84.881875,
          27.0114717
        ]
      },
      "id": "node/4566479590"
    },
    {
      "type": "Feature",
      "properties": {
        "@id": "node/4568931489",
        "amenity": "drinking_water",
        "name:en": "Welcome water factory"
      },
      "geometry": {
        "type": "Point",
        "coordinates": [
          85.4053942,
          27.7032927
        ]
      },
      "id": "node/4568931489"
    },
    {
      "type": "Feature",
      "properties": {
        "@id": "node/4576910990",
        "amenity": "drinking_water"
      },
      "geometry": {
        "type": "Point",
        "coordinates": [
          85.2747394,
          27.3602399
        ]
      },
      "id": "node/4576910990"
    },
    {
      "type": "Feature",
      "properties": {
        "@id": "node/4589085911",
        "amenity": "drinking_water"
      },
      "geometry": {
        "type": "Point",
        "coordinates": [
          84.3670556,
          28.2872917
        ]
      },
      "id": "node/4589085911"
    },
    {
      "type": "Feature",
      "properties": {
        "@id": "node/4589134393",
        "amenity": "drinking_water"
      },
      "geometry": {
        "type": "Point",
        "coordinates": [
          84.4054489,
          28.3712383
        ]
      },
      "id": "node/4589134393"
    },
    {
      "type": "Feature",
      "properties": {
        "@id": "node/4594289492",
        "amenity": "drinking_water",
        "name:en": "Khane pani"
      },
      "geometry": {
        "type": "Point",
        "coordinates": [
          83.7620109,
          27.5695395
        ]
      },
      "id": "node/4594289492"
    },
    {
      "type": "Feature",
      "properties": {
        "@id": "node/4594568703",
        "amenity": "drinking_water",
        "name:en": "Ambod Dhara"
      },
      "geometry": {
        "type": "Point",
        "coordinates": [
          83.9639084,
          28.2042431
        ]
      },
      "id": "node/4594568703"
    },
    {
      "type": "Feature",
      "properties": {
        "@id": "node/4598122797",
        "amenity": "drinking_water",
        "name:en": "bardaghat khane pani"
      },
      "geometry": {
        "type": "Point",
        "coordinates": [
          83.7925964,
          27.5567297
        ]
      },
      "id": "node/4598122797"
    },
    {
      "type": "Feature",
      "properties": {
        "@id": "node/4633937991",
        "amenity": "drinking_water",
        "name:en": "KawasotI Drinking Water"
      },
      "geometry": {
        "type": "Point",
        "coordinates": [
          84.1264512,
          27.6455388
        ]
      },
      "id": "node/4633937991"
    },
    {
      "type": "Feature",
      "properties": {
        "@id": "node/4646421989",
        "amenity": "drinking_water"
      },
      "geometry": {
        "type": "Point",
        "coordinates": [
          85.1296204,
          25.621471
        ]
      },
      "id": "node/4646421989"
    },
    {
      "type": "Feature",
      "properties": {
        "@id": "node/4658252392",
        "amenity": "drinking_water"
      },
      "geometry": {
        "type": "Point",
        "coordinates": [
          84.312402,
          28.015265
        ]
      },
      "id": "node/4658252392"
    },
    {
      "type": "Feature",
      "properties": {
        "@id": "node/4663113289",
        "amenity": "drinking_water",
        "name:en": "Jamun-dhara"
      },
      "geometry": {
        "type": "Point",
        "coordinates": [
          85.3652961,
          27.7795082
        ]
      },
      "id": "node/4663113289"
    },
    {
      "type": "Feature",
      "properties": {
        "@id": "node/4663113891",
        "amenity": "drinking_water",
        "name:en": "Tallo Kuwa"
      },
      "geometry": {
        "type": "Point",
        "coordinates": [
          85.5317157,
          27.7690397
        ]
      },
      "id": "node/4663113891"
    },
    {
      "type": "Feature",
      "properties": {
        "@id": "node/4665030589",
        "amenity": "drinking_water",
        "name:en": "Dhara"
      },
      "geometry": {
        "type": "Point",
        "coordinates": [
          85.5810291,
          27.6277219
        ]
      },
      "id": "node/4665030589"
    },
    {
      "type": "Feature",
      "properties": {
        "@id": "node/4691004889",
        "amenity": "drinking_water",
        "name": "संजय कोल्डड्रिंक्स स्टोर",
        "name:en": "Sanjay Colddrinks Store",
        "name:hi": "संजय कोल्डड्रिंक्स स्टोर"
      },
      "geometry": {
        "type": "Point",
        "coordinates": [
          83.783814,
          26.5061506
        ]
      },
      "id": "node/4691004889"
    },
    {
      "type": "Feature",
      "properties": {
        "@id": "node/4706380289",
        "amenity": "drinking_water",
        "name:en": "Neupane Thok",
        "name:hi": "न्यैपाने थोक"
      },
      "geometry": {
        "type": "Point",
        "coordinates": [
          85.2857006,
          27.761716
        ]
      },
      "id": "node/4706380289"
    },
    {
      "type": "Feature",
      "properties": {
        "@id": "node/4708317789",
        "amenity": "drinking_water",
        "name:en": "aryal niwash"
      },
      "geometry": {
        "type": "Point",
        "coordinates": [
          84.1112921,
          27.6374301
        ]
      },
      "id": "node/4708317789"
    },
    {
      "type": "Feature",
      "properties": {
        "@id": "node/4711018895",
        "amenity": "drinking_water",
        "name": "उद्धव हाउस",
        "name:en": "Uddhav house",
        "name:ne": "उद्धव हाउस"
      },
      "geometry": {
        "type": "Point",
        "coordinates": [
          85.3333821,
          27.7127443
        ]
      },
      "id": "node/4711018895"
    },
    {
      "type": "Feature",
      "properties": {
        "@id": "node/4711638790",
        "amenity": "drinking_water",
        "check_date": "2023-03-23",
        "name:en": "ACAP Safe Drinking Water Station"
      },
      "geometry": {
        "type": "Point",
        "coordinates": [
          84.1473396,
          28.615668
        ]
      },
      "id": "node/4711638790"
    },
    {
      "type": "Feature",
      "properties": {
        "@id": "node/4711663293",
        "amenity": "drinking_water",
        "name:en": "ACAP Safe Drinking Water Station"
      },
      "geometry": {
        "type": "Point",
        "coordinates": [
          84.2437893,
          28.5499694
        ]
      },
      "id": "node/4711663293"
    },
    {
      "type": "Feature",
      "properties": {
        "@id": "node/4711668393",
        "addr:city": "Annapurna Rural Municipality, Ward No.10",
        "addr:country": "NP",
        "addr:district": "Kaski",
        "addr:hamlet": "Ghandruk",
        "amenity": "drinking_water",
        "name:en": "ACAP Safe Drinking Water Station"
      },
      "geometry": {
        "type": "Point",
        "coordinates": [
          83.8083953,
          28.3749453
        ]
      },
      "id": "node/4711668393"
    },
    {
      "type": "Feature",
      "properties": {
        "@id": "node/4716543096",
        "amenity": "drinking_water"
      },
      "geometry": {
        "type": "Point",
        "coordinates": [
          83.9706142,
          28.2203996
        ]
      },
      "id": "node/4716543096"
    },
    {
      "type": "Feature",
      "properties": {
        "@id": "node/4716547894",
        "amenity": "drinking_water"
      },
      "geometry": {
        "type": "Point",
        "coordinates": [
          83.97314,
          28.2583525
        ]
      },
      "id": "node/4716547894"
    },
    {
      "type": "Feature",
      "properties": {
        "@id": "node/4716599889",
        "amenity": "drinking_water"
      },
      "geometry": {
        "type": "Point",
        "coordinates": [
          83.9733037,
          28.219265
        ]
      },
      "id": "node/4716599889"
    },
    {
      "type": "Feature",
      "properties": {
        "@id": "node/4726058931",
        "amenity": "drinking_water",
        "man_made": "water_tap"
      },
      "geometry": {
        "type": "Point",
        "coordinates": [
          83.7825919,
          28.2742302
        ]
      },
      "id": "node/4726058931"
    },
    {
      "type": "Feature",
      "properties": {
        "@id": "node/4761179222",
        "amenity": "drinking_water",
        "name:en": "foot trail side"
      },
      "geometry": {
        "type": "Point",
        "coordinates": [
          85.1898917,
          27.699537
        ]
      },
      "id": "node/4761179222"
    },
    {
      "type": "Feature",
      "properties": {
        "@id": "node/4761179223",
        "amenity": "drinking_water",
        "name:en": "local tap from water tank above"
      },
      "geometry": {
        "type": "Point",
        "coordinates": [
          85.1897441,
          27.6996316
        ]
      },
      "id": "node/4761179223"
    },
    {
      "type": "Feature",
      "properties": {
        "@id": "node/4766042323",
        "amenity": "drinking_water"
      },
      "geometry": {
        "type": "Point",
        "coordinates": [
          84.123191,
          28.185429
        ]
      },
      "id": "node/4766042323"
    },
    {
      "type": "Feature",
      "properties": {
        "@id": "node/4774373192",
        "amenity": "drinking_water",
        "name": "simle khane pani",
        "place": "riyale"
      },
      "geometry": {
        "type": "Point",
        "coordinates": [
          84.0851676,
          28.1670887
        ]
      },
      "id": "node/4774373192"
    },
    {
      "type": "Feature",
      "properties": {
        "@id": "node/4785996422",
        "amenity": "drinking_water"
      },
      "geometry": {
        "type": "Point",
        "coordinates": [
          83.9288899,
          28.2580141
        ]
      },
      "id": "node/4785996422"
    },
    {
      "type": "Feature",
      "properties": {
        "@id": "node/4786024922",
        "amenity": "drinking_water",
        "name": "Dhara"
      },
      "geometry": {
        "type": "Point",
        "coordinates": [
          83.9660371,
          28.2991521
        ]
      },
      "id": "node/4786024922"
    },
    {
      "type": "Feature",
      "properties": {
        "@id": "node/4788226025",
        "amenity": "drinking_water"
      },
      "geometry": {
        "type": "Point",
        "coordinates": [
          84.0554287,
          28.1700211
        ]
      },
      "id": "node/4788226025"
    },
    {
      "type": "Feature",
      "properties": {
        "@id": "node/4789384826",
        "amenity": "drinking_water",
        "name:en": "nepal japan khanepani"
      },
      "geometry": {
        "type": "Point",
        "coordinates": [
          88.0714038,
          26.751314
        ]
      },
      "id": "node/4789384826"
    },
    {
      "type": "Feature",
      "properties": {
        "@id": "node/4795961221",
        "amenity": "drinking_water",
        "name": "Dhara"
      },
      "geometry": {
        "type": "Point",
        "coordinates": [
          83.8098878,
          28.3760899
        ]
      },
      "id": "node/4795961221"
    },
    {
      "type": "Feature",
      "properties": {
        "@id": "node/4796072822",
        "amenity": "drinking_water",
        "name": "Dhara"
      },
      "geometry": {
        "type": "Point",
        "coordinates": [
          83.7701465,
          28.3003258
        ]
      },
      "id": "node/4796072822"
    },
    {
      "type": "Feature",
      "properties": {
        "@id": "node/4796345917",
        "amenity": "drinking_water",
        "man_made": "water_tap"
      },
      "geometry": {
        "type": "Point",
        "coordinates": [
          84.0424072,
          28.2050556
        ]
      },
      "id": "node/4796345917"
    },
    {
      "type": "Feature",
      "properties": {
        "@id": "node/4796350028",
        "amenity": "drinking_water",
        "man_made": "water_tap"
      },
      "geometry": {
        "type": "Point",
        "coordinates": [
          84.0411341,
          28.2065561
        ]
      },
      "id": "node/4796350028"
    },
    {
      "type": "Feature",
      "properties": {
        "@id": "node/4806926622",
        "amenity": "drinking_water"
      },
      "geometry": {
        "type": "Point",
        "coordinates": [
          85.5597302,
          27.6169437
        ]
      },
      "id": "node/4806926622"
    },
    {
      "type": "Feature",
      "properties": {
        "@id": "node/4814769493",
        "amenity": "drinking_water"
      },
      "geometry": {
        "type": "Point",
        "coordinates": [
          84.0859588,
          28.1907883
        ]
      },
      "id": "node/4814769493"
    },
    {
      "type": "Feature",
      "properties": {
        "@id": "node/4814828907",
        "amenity": "drinking_water"
      },
      "geometry": {
        "type": "Point",
        "coordinates": [
          84.0891352,
          28.1864319
        ]
      },
      "id": "node/4814828907"
    },
    {
      "type": "Feature",
      "properties": {
        "@id": "node/4814828911",
        "amenity": "drinking_water",
        "description": "Golthe Pani Padhera"
      },
      "geometry": {
        "type": "Point",
        "coordinates": [
          84.1155987,
          28.1881351
        ]
      },
      "id": "node/4814828911"
    },
    {
      "type": "Feature",
      "properties": {
        "@id": "node/4814829038",
        "amenity": "drinking_water"
      },
      "geometry": {
        "type": "Point",
        "coordinates": [
          84.1037165,
          28.1889655
        ]
      },
      "id": "node/4814829038"
    },
    {
      "type": "Feature",
      "properties": {
        "@id": "node/4814829043",
        "amenity": "drinking_water"
      },
      "geometry": {
        "type": "Point",
        "coordinates": [
          84.1122352,
          28.1893833
        ]
      },
      "id": "node/4814829043"
    },
    {
      "type": "Feature",
      "properties": {
        "@id": "node/4814829044",
        "amenity": "drinking_water"
      },
      "geometry": {
        "type": "Point",
        "coordinates": [
          84.1073844,
          28.1905902
        ]
      },
      "id": "node/4814829044"
    },
    {
      "type": "Feature",
      "properties": {
        "@id": "node/4818236223",
        "amenity": "drinking_water"
      },
      "geometry": {
        "type": "Point",
        "coordinates": [
          84.4076176,
          28.349167
        ]
      },
      "id": "node/4818236223"
    },
    {
      "type": "Feature",
      "properties": {
        "@id": "node/4864272922",
        "amenity": "drinking_water",
        "name": "जोर धरा",
        "name:en": "Jor dhara",
        "name:ne": "जोर धरा"
      },
      "geometry": {
        "type": "Point",
        "coordinates": [
          85.3578028,
          27.7337429
        ]
      },
      "id": "node/4864272922"
    },
    {
      "type": "Feature",
      "properties": {
        "@id": "node/4893741522",
        "amenity": "drinking_water",
        "name:en": "OHT"
      },
      "geometry": {
        "type": "Point",
        "coordinates": [
          84.4806116,
          28.0691875
        ]
      },
      "id": "node/4893741522"
    },
    {
      "type": "Feature",
      "properties": {
        "@id": "node/4899530323",
        "amenity": "drinking_water",
        "name": "Drinking Water Station",
        "name:en": "Drinking Water Station"
      },
      "geometry": {
        "type": "Point",
        "coordinates": [
          84.9921404,
          24.6958546
        ]
      },
      "id": "node/4899530323"
    },
    {
      "type": "Feature",
      "properties": {
        "@id": "node/4899554621",
        "amenity": "drinking_water",
        "name": "Drinking Water Station",
        "name:en": "Drinking Water Station"
      },
      "geometry": {
        "type": "Point",
        "coordinates": [
          84.9907522,
          24.6966163
        ]
      },
      "id": "node/4899554621"
    },
    {
      "type": "Feature",
      "properties": {
        "@id": "node/4901605622",
        "amenity": "drinking_water",
        "name": "Drinking Water Station",
        "name:en": "Drinking Water Station"
      },
      "geometry": {
        "type": "Point",
        "coordinates": [
          84.9884336,
          24.6976883
        ]
      },
      "id": "node/4901605622"
    },
    {
      "type": "Feature",
      "properties": {
        "@id": "node/4901607421",
        "amenity": "drinking_water",
        "name": "Drinking Water Station",
        "name:en": "Drinking Water Station"
      },
      "geometry": {
        "type": "Point",
        "coordinates": [
          84.9846357,
          24.6920781
        ]
      },
      "id": "node/4901607421"
    },
    {
      "type": "Feature",
      "properties": {
        "@id": "node/4905488714",
        "amenity": "drinking_water",
        "drinking_water": "yes",
        "godwarimuncipality": "bistachhap 2",
        "man_made": "water_well",
        "operator": "privatei"
      },
      "geometry": {
        "type": "Point",
        "coordinates": [
          85.3723093,
          27.6058084
        ]
      },
      "id": "node/4905488714"
    },
    {
      "type": "Feature",
      "properties": {
        "@id": "node/4905573966",
        "amenity": "drinking_water",
        "public_tap": "yes"
      },
      "geometry": {
        "type": "Point",
        "coordinates": [
          85.3463419,
          27.6270927
        ]
      },
      "id": "node/4905573966"
    },
    {
      "type": "Feature",
      "properties": {
        "@id": "node/4905614713",
        "amenity": "drinking_water",
        "drinking_water": "yes",
        "godawari municipality": "rachantar",
        "man_made": "storage_tank",
        "operator:type": "public"
      },
      "geometry": {
        "type": "Point",
        "coordinates": [
          85.373209,
          27.6037825
        ]
      },
      "id": "node/4905614713"
    },
    {
      "type": "Feature",
      "properties": {
        "@id": "node/4908201926",
        "amenity": "drinking_water",
        "name": "एस. एस. पानी आपूर्ति",
        "name:en": "S.S. Water Supply",
        "name:ne": "एस. एस. पानी आपूर्ति"
      },
      "geometry": {
        "type": "Point",
        "coordinates": [
          85.3082523,
          27.7007034
        ]
      },
      "id": "node/4908201926"
    },
    {
      "type": "Feature",
      "properties": {
        "@id": "node/4908511882",
        "amenity": "drinking_water",
        "drinking_water": "yes",
        "godawari municipality": "bistachhap 2",
        "operator:type": "public"
      },
      "geometry": {
        "type": "Point",
        "coordinates": [
          85.3739196,
          27.6091084
        ]
      },
      "id": "node/4908511882"
    },
    {
      "type": "Feature",
      "properties": {
        "@id": "node/4909216226",
        "amenity": "drinking_water",
        "name:en": "public tap"
      },
      "geometry": {
        "type": "Point",
        "coordinates": [
          85.3110125,
          27.7612743
        ]
      },
      "id": "node/4909216226"
    },
    {
      "type": "Feature",
      "properties": {
        "@id": "node/4921704700",
        "addr:place": "dhobidhara 28",
        "addr:street": "putalisadak",
        "amenity": "drinking_water",
        "drinking_water": "yes",
        "man_made": "storage_tank"
      },
      "geometry": {
        "type": "Point",
        "coordinates": [
          85.3233818,
          27.7079053
        ]
      },
      "id": "node/4921704700"
    },
    {
      "type": "Feature",
      "properties": {
        "@id": "node/4921707961",
        "addr:city": "municipality",
        "addr:street": "yangal",
        "addr:tole": "yangal",
        "addr:ward": "21",
        "amenity": "drinking_water",
        "man_made": "storage_tank"
      },
      "geometry": {
        "type": "Point",
        "coordinates": [
          85.3678362,
          27.7223386
        ]
      },
      "id": "node/4921707961"
    },
    {
      "type": "Feature",
      "properties": {
        "@id": "node/4921963497",
        "addr:place": "kuleshwor 14",
        "addr:street": "bazar margh",
        "amenity": "drinking_water",
        "drinking_water": "yes",
        "man_made": "water_well",
        "operator:type": "public"
      },
      "geometry": {
        "type": "Point",
        "coordinates": [
          85.2958347,
          27.6893938
        ]
      },
      "id": "node/4921963497"
    },
    {
      "type": "Feature",
      "properties": {
        "@id": "node/4921963498",
        "addr:place": "kuleshwor 14",
        "amenity": "drinking_water",
        "drinking_water": "yes",
        "man_made": "storage_tank",
        "name:en": "Ramesh daiko kotha"
      },
      "geometry": {
        "type": "Point",
        "coordinates": [
          85.295115,
          27.6903131
        ]
      },
      "id": "node/4921963498"
    },
    {
      "type": "Feature",
      "properties": {
        "@id": "node/4923669288",
        "addr:place": "ranibari-3",
        "addr:street": "Puranodhunge Dhara Marga",
        "amenity": "drinking_water",
        "name": "Purano Dhunge Dhara",
        "opening_hours": "24 hours",
        "operator": "publice"
      },
      "geometry": {
        "type": "Point",
        "coordinates": [
          85.3230297,
          27.7290091
        ]
      },
      "id": "node/4923669288"
    },
    {
      "type": "Feature",
      "properties": {
        "@id": "node/4925784949",
        "addr:city": "kathmandu municipality",
        "addr:place": "ranibari-3",
        "addr:street": "dhunge dhara marga",
        "amenity": "drinking_water",
        "name": "Public Tap"
      },
      "geometry": {
        "type": "Point",
        "coordinates": [
          85.3212747,
          27.7274496
        ]
      },
      "id": "node/4925784949"
    },
    {
      "type": "Feature",
      "properties": {
        "@id": "node/4928485625",
        "addr:city": "kathmandu municipality",
        "addr:place": "pepsicola-32",
        "addr:street": "Sinamangal Marga",
        "amenity": "drinking_water",
        "name": "public tap"
      },
      "geometry": {
        "type": "Point",
        "coordinates": [
          85.3612574,
          27.6907015
        ]
      },
      "id": "node/4928485625"
    },
    {
      "type": "Feature",
      "properties": {
        "@id": "node/4928590547",
        "addr:city": "kathmandu municipality",
        "addr:place": "jadibuti 32",
        "addr:street": "kalo op marga",
        "amenity": "drinking_water",
        "name": "public tap"
      },
      "geometry": {
        "type": "Point",
        "coordinates": [
          85.3501651,
          27.6737521
        ]
      },
      "id": "node/4928590547"
    },
    {
      "type": "Feature",
      "properties": {
        "@id": "node/4933478821",
        "amenity": "drinking_water",
        "name:en": "khanepani office"
      },
      "geometry": {
        "type": "Point",
        "coordinates": [
          84.5627145,
          27.8547791
        ]
      },
      "id": "node/4933478821"
    },
    {
      "type": "Feature",
      "properties": {
        "@id": "node/4935282524",
        "amenity": "drinking_water",
        "name:en": "Dhara Pakha"
      },
      "geometry": {
        "type": "Point",
        "coordinates": [
          85.3155335,
          27.6485094
        ]
      },
      "id": "node/4935282524"
    },
    {
      "type": "Feature",
      "properties": {
        "@id": "node/4964144321",
        "amenity": "drinking_water",
        "name": "himalaya processed drinking water",
        "name:en": "himalaya processed drinking water"
      },
      "geometry": {
        "type": "Point",
        "coordinates": [
          87.2588117,
          26.4435728
        ]
      },
      "id": "node/4964144321"
    },
    {
      "type": "Feature",
      "properties": {
        "@id": "node/4987805114",
        "addr:city": "Madhyapur Thimi Municipality",
        "addr:place": "Pacho - 6",
        "addr:street": "Pacho Marga",
        "amenity": "drinking_water",
        "drinking_water": "yes",
        "man_made": "water_tap",
        "name": "Pacho Tap",
        "operator": "Public"
      },
      "geometry": {
        "type": "Point",
        "coordinates": [
          85.3876269,
          27.6822222
        ]
      },
      "id": "node/4987805114"
    },
    {
      "type": "Feature",
      "properties": {
        "@id": "node/4989602582",
        "addr:place": "Yama tole",
        "addr:street": "purano thimi",
        "amenity": "drinking_water",
        "drinking_water": "yes",
        "man_made": "yes"
      },
      "geometry": {
        "type": "Point",
        "coordinates": [
          85.3847018,
          27.6765084
        ]
      },
      "id": "node/4989602582"
    },
    {
      "type": "Feature",
      "properties": {
        "@id": "node/4989602585",
        "addr:place": "Po tole",
        "addr:street": "purano thimi",
        "amenity": "drinking_water",
        "drinking_water": "yes",
        "man_made": "yes"
      },
      "geometry": {
        "type": "Point",
        "coordinates": [
          85.3844996,
          27.6763416
        ]
      },
      "id": "node/4989602585"
    },
    {
      "type": "Feature",
      "properties": {
        "@id": "node/4989602587",
        "addr:place": "Bishunu bir marg",
        "addr:street": "purano thimi",
        "amenity": "drinking_water",
        "drinking_water": "yes",
        "man_made": "yes"
      },
      "geometry": {
        "type": "Point",
        "coordinates": [
          85.3844799,
          27.6759615
        ]
      },
      "id": "node/4989602587"
    },
    {
      "type": "Feature",
      "properties": {
        "@id": "node/4989602588",
        "addr:place": "Bishunu bir marg",
        "addr:street": "purano thimi",
        "amenity": "drinking_water",
        "drinking_water": "yes",
        "man_made": "yes"
      },
      "geometry": {
        "type": "Point",
        "coordinates": [
          85.3840366,
          27.6758083
        ]
      },
      "id": "node/4989602588"
    },
    {
      "type": "Feature",
      "properties": {
        "@id": "node/4989602589",
        "addr:street": "purano thimi",
        "amenity": "drinking_water",
        "drinking_water": "yes",
        "man_made": "yes"
      },
      "geometry": {
        "type": "Point",
        "coordinates": [
          85.3846671,
          27.6751128
        ]
      },
      "id": "node/4989602589"
    },
    {
      "type": "Feature",
      "properties": {
        "@id": "node/5002532983",
        "addr:city": "bhaktapur municipality",
        "addr:place": "lilbali-8",
        "amenity": "drinking_water",
        "drinking_water": "yes",
        "man_made": "storage_tank",
        "name": "Nepal red cross society"
      },
      "geometry": {
        "type": "Point",
        "coordinates": [
          85.4400113,
          27.6683877
        ]
      },
      "id": "node/5002532983"
    },
    {
      "type": "Feature",
      "properties": {
        "@id": "node/5021937089",
        "addr:place": "Gude tal",
        "amenity": "drinking_water",
        "drinking_water": "yes",
        "man_made": "storage_tank"
      },
      "geometry": {
        "type": "Point",
        "coordinates": [
          84.0437418,
          28.1895061
        ]
      },
      "id": "node/5021937089"
    },
    {
      "type": "Feature",
      "properties": {
        "@id": "node/5023743189",
        "addr:city": "pokhara lekthnath municipility",
        "amenity": "drinking_water",
        "drinking_water": "yes",
        "man_made": "water_tap",
        "operator:type": "public"
      },
      "geometry": {
        "type": "Point",
        "coordinates": [
          83.9840479,
          28.2423194
        ]
      },
      "id": "node/5023743189"
    },
    {
      "type": "Feature",
      "properties": {
        "@id": "node/5025460596",
        "addr:city": "P.L.M",
        "addr:place": "Daurali Tole - 14",
        "amenity": "drinking_water",
        "content": "water",
        "drinking_water": "yes",
        "man_made": "storage_tank",
        "opening_hours": "Su-Sa 1:00-24:00",
        "operator:type": "public"
      },
      "geometry": {
        "type": "Point",
        "coordinates": [
          84.0129206,
          28.1810802
        ]
      },
      "id": "node/5025460596"
    },
    {
      "type": "Feature",
      "properties": {
        "@id": "node/5025739694",
        "addr:city": "Pokhara Lekhanath Metropolitan City",
        "amenity": "drinking_water",
        "man_made": "yes",
        "name": "Devisthan Public Tap",
        "operator": "Public"
      },
      "geometry": {
        "type": "Point",
        "coordinates": [
          83.9557426,
          28.2109874
        ]
      },
      "id": "node/5025739694"
    },
    {
      "type": "Feature",
      "properties": {
        "@id": "node/5025739695",
        "addr:city": "Pokhara Lekhanath Metropolitan City",
        "amenity": "drinking_water",
        "man_made": "yes",
        "operator": "Public"
      },
      "geometry": {
        "type": "Point",
        "coordinates": [
          83.9552574,
          28.2124168
        ]
      },
      "id": "node/5025739695"
    },
    {
      "type": "Feature",
      "properties": {
        "@id": "node/5025792745",
        "amenity": "drinking_water"
      },
      "geometry": {
        "type": "Point",
        "coordinates": [
          83.9665988,
          28.2092513
        ]
      },
      "id": "node/5025792745"
    },
    {
      "type": "Feature",
      "properties": {
        "@id": "node/5026186316",
        "amenity": "drinking_water",
        "drinking_water": "yes",
        "man_made": "water_tap",
        "operator:type": "public"
      },
      "geometry": {
        "type": "Point",
        "coordinates": [
          83.9723682,
          28.2087786
        ]
      },
      "id": "node/5026186316"
    },
    {
      "type": "Feature",
      "properties": {
        "@id": "node/5026233862",
        "amenity": "drinking_water",
        "name": "Well",
        "operator": "Public"
      },
      "geometry": {
        "type": "Point",
        "coordinates": [
          83.9809361,
          28.2449793
        ]
      },
      "id": "node/5026233862"
    },
    {
      "type": "Feature",
      "properties": {
        "@id": "node/5026267422",
        "addr:city": "Pokhara Lekhnath Metropolitan City",
        "addr:place": "Sarangkot",
        "amenity": "drinking_water",
        "name": "Public Tap"
      },
      "geometry": {
        "type": "Point",
        "coordinates": [
          83.957309,
          28.242864
        ]
      },
      "id": "node/5026267422"
    },
    {
      "type": "Feature",
      "properties": {
        "@id": "node/5027683944",
        "amenity": "drinking_water"
      },
      "geometry": {
        "type": "Point",
        "coordinates": [
          83.9371274,
          28.2789599
        ]
      },
      "id": "node/5027683944"
    },
    {
      "type": "Feature",
      "properties": {
        "@id": "node/5027683945",
        "amenity": "drinking_water"
      },
      "geometry": {
        "type": "Point",
        "coordinates": [
          83.9375411,
          28.2791259
        ]
      },
      "id": "node/5027683945"
    },
    {
      "type": "Feature",
      "properties": {
        "@id": "node/5027693378",
        "amenity": "drinking_water"
      },
      "geometry": {
        "type": "Point",
        "coordinates": [
          83.9397794,
          28.275141
        ]
      },
      "id": "node/5027693378"
    },
    {
      "type": "Feature",
      "properties": {
        "@id": "node/5027693379",
        "amenity": "drinking_water"
      },
      "geometry": {
        "type": "Point",
        "coordinates": [
          83.9640239,
          28.256868
        ]
      },
      "id": "node/5027693379"
    },
    {
      "type": "Feature",
      "properties": {
        "@id": "node/5027707572",
        "addr:city": "Pokhara Lekhnath M.City",
        "addr:place": "Lamachaur",
        "addr:street": "Sahardahar",
        "amenity": "drinking_water",
        "drinking_water": "yes",
        "man_made": "water_tap",
        "name": "Sahardahar Dhara",
        "operator": "community"
      },
      "geometry": {
        "type": "Point",
        "coordinates": [
          83.9692006,
          28.2675617
        ]
      },
      "id": "node/5027707572"
    },
    {
      "type": "Feature",
      "properties": {
        "@id": "node/5027723139",
        "addr:city": "Pokhara Lekhnath Metropolitan City",
        "addr:place": "Chhimeki Tole",
        "addr:street": "lekhnath Reathepani",
        "amenity": "drinking_water",
        "drinking_water": "yes",
        "man_made": "water_tap",
        "name": "Redcross Dhara"
      },
      "geometry": {
        "type": "Point",
        "coordinates": [
          84.0476418,
          28.1652952
        ]
      },
      "id": "node/5027723139"
    },
    {
      "type": "Feature",
      "properties": {
        "@id": "node/5027723140",
        "addr:place": "Buddha Tole",
        "addr:street": "lekhnath Reathepani",
        "amenity": "drinking_water",
        "drinking_water": "yes",
        "man_made": "water_tap",
        "name": "Redcross Dhara",
        "operator": "community"
      },
      "geometry": {
        "type": "Point",
        "coordinates": [
          84.0460713,
          28.1696744
        ]
      },
      "id": "node/5027723140"
    },
    {
      "type": "Feature",
      "properties": {
        "@id": "node/5027723141",
        "addr:city": "Pokhara Lekhnath Metropolitan City",
        "addr:place": "Buddha Tole",
        "addr:street": "lekhnath Reathepani",
        "amenity": "drinking_water",
        "drinking_water": "yes",
        "man_made": "water_tap",
        "name": "Redcross Dhara",
        "operator": "community"
      },
      "geometry": {
        "type": "Point",
        "coordinates": [
          84.0457951,
          28.1721388
        ]
      },
      "id": "node/5027723141"
    },
    {
      "type": "Feature",
      "properties": {
        "@id": "node/5027744706",
        "addr:place": "bhawani chowk",
        "amenity": "drinking_water",
        "drinking_water": "yes",
        "man_made": "water_tap",
        "operator": "Public"
      },
      "geometry": {
        "type": "Point",
        "coordinates": [
          84.0311051,
          28.1951547
        ]
      },
      "id": "node/5027744706"
    },
    {
      "type": "Feature",
      "properties": {
        "@id": "node/5027767973",
        "amenity": "drinking_water",
        "drinking_water": "yes",
        "man_made": "water_tap",
        "operator:type": "public"
      },
      "geometry": {
        "type": "Point",
        "coordinates": [
          84.0436637,
          28.1992716
        ]
      },
      "id": "node/5027767973"
    },
    {
      "type": "Feature",
      "properties": {
        "@id": "node/5027769325",
        "addr:city": "Pokhara Lekhnath M.City",
        "addr:place": "Chrunga",
        "addr:street": "patlechaur ,Chrunga",
        "amenity": "drinking_water",
        "man_made": "water_tap",
        "name": "patlechaur Public Water Tap",
        "operator": "Community"
      },
      "geometry": {
        "type": "Point",
        "coordinates": [
          83.9571474,
          28.3005484
        ]
      },
      "id": "node/5027769325"
    },
    {
      "type": "Feature",
      "properties": {
        "@id": "node/5027794468",
        "addr:city": "Pokhara Lekhnath M.City",
        "addr:place": "Puranchaur",
        "amenity": "drinking_water",
        "man_made": "water_tap",
        "name": "Puranchaur Public Tap"
      },
      "geometry": {
        "type": "Point",
        "coordinates": [
          83.9476296,
          28.2916725
        ]
      },
      "id": "node/5027794468"
    },
    {
      "type": "Feature",
      "properties": {
        "@id": "node/5027803893",
        "amenity": "drinking_water",
        "name": "Sanglepani Public Tap"
      },
      "geometry": {
        "type": "Point",
        "coordinates": [
          83.9621839,
          28.2816367
        ]
      },
      "id": "node/5027803893"
    },
    {
      "type": "Feature",
      "properties": {
        "@id": "node/5027809202",
        "amenity": "drinking_water",
        "name": "Gharmi Public Tap"
      },
      "geometry": {
        "type": "Point",
        "coordinates": [
          83.9643002,
          28.2785543
        ]
      },
      "id": "node/5027809202"
    },
    {
      "type": "Feature",
      "properties": {
        "@id": "node/5027817531",
        "amenity": "drinking_water",
        "name": "Gharmi Pond and Pubic Tap"
      },
      "geometry": {
        "type": "Point",
        "coordinates": [
          83.9709547,
          28.2736622
        ]
      },
      "id": "node/5027817531"
    },
    {
      "type": "Feature",
      "properties": {
        "@id": "node/5027817546",
        "addr:city": "Pokhara Lekhnath Metropolitan City",
        "addr:place": "Deurali",
        "addr:street": "Begnastal Taalbesi",
        "amenity": "drinking_water",
        "man_made": "storage_tank",
        "name": "Kurlung Khola Khane Pani Yojana "
      },
      "geometry": {
        "type": "Point",
        "coordinates": [
          84.105505,
          28.1600244
        ]
      },
      "id": "node/5027817546"
    },
    {
      "type": "Feature",
      "properties": {
        "@id": "node/5027994903",
        "addr:place": "Majheri patan-14",
        "addr:street": "Radha Krishna Tole",
        "amenity": "drinking_water",
        "drinking_water": "yes",
        "man_made": "water_tap",
        "operator:type": "public"
      },
      "geometry": {
        "type": "Point",
        "coordinates": [
          84.026976,
          28.1827003
        ]
      },
      "id": "node/5027994903"
    },
    {
      "type": "Feature",
      "properties": {
        "@id": "node/5028164635",
        "addr:city": "Pokhara Lekhnath Metropolitian City",
        "addr:place": "Parajuli Gau",
        "amenity": "drinking_water",
        "drinking_water": "yes",
        "man_made": "water_tap",
        "name": "Parajuligaun public Tap"
      },
      "geometry": {
        "type": "Point",
        "coordinates": [
          83.9873356,
          28.1568793
        ]
      },
      "id": "node/5028164635"
    },
    {
      "type": "Feature",
      "properties": {
        "@id": "node/5028164637",
        "addr:city": "Pokhara Lekhnath Metropolitian City",
        "addr:place": "Parajuli Gau",
        "amenity": "drinking_water",
        "drinking_water": "yes",
        "man_made": "water_tap",
        "name": "Parajuligaun public Tap"
      },
      "geometry": {
        "type": "Point",
        "coordinates": [
          83.9889894,
          28.15563
        ]
      },
      "id": "node/5028164637"
    },
    {
      "type": "Feature",
      "properties": {
        "@id": "node/5028164642",
        "addr:city": "Pokhara Lekhnath Metropolitian City",
        "addr:place": "Sunar Gau",
        "amenity": "drinking_water",
        "drinking_water": "yes",
        "man_made": "water_tap",
        "name": "Sunar Gau Public Tap"
      },
      "geometry": {
        "type": "Point",
        "coordinates": [
          83.991369,
          28.1540296
        ]
      },
      "id": "node/5028164642"
    },
    {
      "type": "Feature",
      "properties": {
        "@id": "node/5028164644",
        "amenity": "drinking_water",
        "drinking_water": "yes",
        "man_made": "water_tap",
        "operator:type": "public"
      },
      "geometry": {
        "type": "Point",
        "coordinates": [
          83.9876729,
          28.1582106
        ]
      },
      "id": "node/5028164644"
    },
    {
      "type": "Feature",
      "properties": {
        "@id": "node/5031517907",
        "addr:place": "Ram Bazzar-30",
        "addr:street": "Dahar No. 2",
        "amenity": "drinking_water",
        "drinking_water": "yes",
        "man_made": "water_tap",
        "name": "Rambazzar Dhunge Dharo",
        "operator:type": "public"
      },
      "geometry": {
        "type": "Point",
        "coordinates": [
          84.0831119,
          28.1378345
        ]
      },
      "id": "node/5031517907"
    },
    {
      "type": "Feature",
      "properties": {
        "@id": "node/5031542915",
        "addr:city": "Pokhara-lekhnath Metropolitian City",
        "addr:place": "Thuldhunga-33",
        "addr:street": "Bagmara Road",
        "amenity": "drinking_water",
        "drinking_water": "yes",
        "name": "Public Tap"
      },
      "geometry": {
        "type": "Point",
        "coordinates": [
          84.0233704,
          28.1558671
        ]
      },
      "id": "node/5031542915"
    },
    {
      "type": "Feature",
      "properties": {
        "@id": "node/5031542917",
        "addr:city": "Pokhara-lekhnath Metropolitian City",
        "addr:place": "Thuldhunga-33",
        "addr:street": "Bagmara Road",
        "amenity": "drinking_water",
        "drinking_water": "yes",
        "estd": "2058/6/16 B.S.",
        "name": "Public Tap"
      },
      "geometry": {
        "type": "Point",
        "coordinates": [
          84.0229493,
          28.1558458
        ]
      },
      "id": "node/5031542917"
    },
    {
      "type": "Feature",
      "properties": {
        "@id": "node/5031561440",
        "amenity": "drinking_water"
      },
      "geometry": {
        "type": "Point",
        "coordinates": [
          84.0911606,
          28.1097019
        ]
      },
      "id": "node/5031561440"
    },
    {
      "type": "Feature",
      "properties": {
        "@id": "node/5031561451",
        "amenity": "drinking_water"
      },
      "geometry": {
        "type": "Point",
        "coordinates": [
          84.0912196,
          28.1224613
        ]
      },
      "id": "node/5031561451"
    },
    {
      "type": "Feature",
      "properties": {
        "@id": "node/5031575686",
        "amenity": "drinking_water",
        "description": "for drinking water purpose",
        "name": "Shanti_Drinking_Water"
      },
      "geometry": {
        "type": "Point",
        "coordinates": [
          84.0377229,
          28.1487133
        ]
      },
      "id": "node/5031575686"
    },
    {
      "type": "Feature",
      "properties": {
        "@id": "node/5031622263",
        "addr:city": "Pokhara Lekhnath Municipality",
        "addr:place": "Thulakhet 23",
        "addr:street": "Harpankot Marga",
        "amenity": "drinking_water",
        "name": "Thulakhet Public Tap",
        "start_date": "2045"
      },
      "geometry": {
        "type": "Point",
        "coordinates": [
          83.8736549,
          28.2467249
        ]
      },
      "id": "node/5031622263"
    },
    {
      "type": "Feature",
      "properties": {
        "@id": "node/5031635802",
        "amenity": "drinking_water"
      },
      "geometry": {
        "type": "Point",
        "coordinates": [
          83.8969492,
          28.2736067
        ]
      },
      "id": "node/5031635802"
    },
    {
      "type": "Feature",
      "properties": {
        "@id": "node/5031646228",
        "amenity": "drinking_water"
      },
      "geometry": {
        "type": "Point",
        "coordinates": [
          83.8932223,
          28.275141
        ]
      },
      "id": "node/5031646228"
    },
    {
      "type": "Feature",
      "properties": {
        "@id": "node/5031860194",
        "amenity": "drinking_water",
        "drinking_water": "yes",
        "man_made": "storage_tank",
        "name": "Khume Water Tank",
        "source": "2cpokhara"
      },
      "geometry": {
        "type": "Point",
        "coordinates": [
          84.0344104,
          28.2651355
        ]
      },
      "id": "node/5031860194"
    },
    {
      "type": "Feature",
      "properties": {
        "@id": "node/5031860200",
        "access": "yes",
        "amenity": "drinking_water",
        "drinking_water": "yes",
        "name": "Musurabari Water Tank",
        "source": "2cpokhara"
      },
      "geometry": {
        "type": "Point",
        "coordinates": [
          84.0312763,
          28.261997
        ]
      },
      "id": "node/5031860200"
    },
    {
      "type": "Feature",
      "properties": {
        "@id": "node/5044963768",
        "amenity": "drinking_water"
      },
      "geometry": {
        "type": "Point",
        "coordinates": [
          85.3640002,
          27.7641733
        ]
      },
      "id": "node/5044963768"
    },
    {
      "type": "Feature",
      "properties": {
        "@id": "node/5044963769",
        "amenity": "drinking_water"
      },
      "geometry": {
        "type": "Point",
        "coordinates": [
          85.3636931,
          27.7643797
        ]
      },
      "id": "node/5044963769"
    },
    {
      "type": "Feature",
      "properties": {
        "@id": "node/5044963775",
        "amenity": "drinking_water"
      },
      "geometry": {
        "type": "Point",
        "coordinates": [
          85.3576957,
          27.7646349
        ]
      },
      "id": "node/5044963775"
    },
    {
      "type": "Feature",
      "properties": {
        "@id": "node/5044963776",
        "amenity": "drinking_water"
      },
      "geometry": {
        "type": "Point",
        "coordinates": [
          85.3575059,
          27.7641276
        ]
      },
      "id": "node/5044963776"
    },
    {
      "type": "Feature",
      "properties": {
        "@id": "node/5044974200",
        "amenity": "drinking_water"
      },
      "geometry": {
        "type": "Point",
        "coordinates": [
          85.3567395,
          27.761985
        ]
      },
      "id": "node/5044974200"
    },
    {
      "type": "Feature",
      "properties": {
        "@id": "node/5045956946",
        "amenity": "drinking_water"
      },
      "geometry": {
        "type": "Point",
        "coordinates": [
          85.3327733,
          27.6729432
        ]
      },
      "id": "node/5045956946"
    },
    {
      "type": "Feature",
      "properties": {
        "@id": "node/5071424021",
        "amenity": "drinking_water",
        "name:en": "चीजाको खाजा पसल"
      },
      "geometry": {
        "type": "Point",
        "coordinates": [
          84.5730584,
          27.925192
        ]
      },
      "id": "node/5071424021"
    },
    {
      "type": "Feature",
      "properties": {
        "@id": "node/5087825414",
        "amenity": "drinking_water",
        "drinking_water": "yes",
        "man_made": "water_tap",
        "name": "Dhunge Dhara"
      },
      "geometry": {
        "type": "Point",
        "coordinates": [
          85.3423538,
          27.7653923
        ]
      },
      "id": "node/5087825414"
    },
    {
      "type": "Feature",
      "properties": {
        "@id": "node/5097197920",
        "amenity": "drinking_water"
      },
      "geometry": {
        "type": "Point",
        "coordinates": [
          83.785492,
          28.2816368
        ]
      },
      "id": "node/5097197920"
    },
    {
      "type": "Feature",
      "properties": {
        "@id": "node/5109138823",
        "amenity": "drinking_water",
        "name:en": "Panch Dhara"
      },
      "geometry": {
        "type": "Point",
        "coordinates": [
          85.2798043,
          27.7199503
        ]
      },
      "id": "node/5109138823"
    },
    {
      "type": "Feature",
      "properties": {
        "@id": "node/5111962121",
        "amenity": "drinking_water",
        "name:en": "Nepalaya Mineral Water plant"
      },
      "geometry": {
        "type": "Point",
        "coordinates": [
          87.2800141,
          26.5813527
        ]
      },
      "id": "node/5111962121"
    },
    {
      "type": "Feature",
      "properties": {
        "@id": "node/5112795121",
        "amenity": "drinking_water",
        "name": "देवकोटा"
      },
      "geometry": {
        "type": "Point",
        "coordinates": [
          84.0883089,
          28.1515348
        ]
      },
      "id": "node/5112795121"
    },
    {
      "type": "Feature",
      "properties": {
        "@id": "node/5119901921",
        "amenity": "drinking_water",
        "name:en": "Aqua Cool"
      },
      "geometry": {
        "type": "Point",
        "coordinates": [
          85.3865905,
          27.7343457
        ]
      },
      "id": "node/5119901921"
    },
    {
      "type": "Feature",
      "properties": {
        "@id": "node/5170713939",
        "addr:city": "Budhanilkantha Municipality",
        "addr:place": "pasikot",
        "addr:street": "Pasikot",
        "amenity": "drinking_water",
        "name": "Public Water Tap"
      },
      "geometry": {
        "type": "Point",
        "coordinates": [
          85.3537905,
          27.7692361
        ]
      },
      "id": "node/5170713939"
    },
    {
      "type": "Feature",
      "properties": {
        "@id": "node/5194036525",
        "amenity": "drinking_water",
        "name:en": "Trishuli Beverages PVT. LTD"
      },
      "geometry": {
        "type": "Point",
        "coordinates": [
          85.3115945,
          27.7441985
        ]
      },
      "id": "node/5194036525"
    },
    {
      "type": "Feature",
      "properties": {
        "@id": "node/5198001228",
        "amenity": "drinking_water",
        "man_made": "water_well",
        "pump": "manual",
        "source": "BajrabarahiFieldVisit"
      },
      "geometry": {
        "type": "Point",
        "coordinates": [
          84.8098377,
          27.5258708
        ]
      },
      "id": "node/5198001228"
    },
    {
      "type": "Feature",
      "properties": {
        "@id": "node/5227889872",
        "access": "yes",
        "addr:city": "Haleshi Tuwachung 7",
        "addr:place": "Malkhu",
        "amenity": "drinking_water",
        "drinking_water": "yes",
        "man_made": "storage_tank"
      },
      "geometry": {
        "type": "Point",
        "coordinates": [
          86.6171055,
          27.1932959
        ]
      },
      "id": "node/5227889872"
    },
    {
      "type": "Feature",
      "properties": {
        "@id": "node/5227891822",
        "amenity": "drinking_water",
        "name:en": "Dhulikhel drinking water and senitation consumer community"
      },
      "geometry": {
        "type": "Point",
        "coordinates": [
          85.556685,
          27.6156515
        ]
      },
      "id": "node/5227891822"
    },
    {
      "type": "Feature",
      "properties": {
        "@id": "node/5232021391",
        "amenity": "drinking_water",
        "name": "simle kusunde khane pani"
      },
      "geometry": {
        "type": "Point",
        "coordinates": [
          84.0894716,
          28.1670587
        ]
      },
      "id": "node/5232021391"
    },
    {
      "type": "Feature",
      "properties": {
        "@id": "node/5278883222",
        "amenity": "drinking_water",
        "name:en": "Water well Gankhu dharamapur"
      },
      "geometry": {
        "type": "Point",
        "coordinates": [
          85.3988968,
          27.6848097
        ]
      },
      "id": "node/5278883222"
    },
    {
      "type": "Feature",
      "properties": {
        "@id": "node/5279550121",
        "amenity": "drinking_water",
        "name:en": "Gankhu dharampur besi chowk chardobato"
      },
      "geometry": {
        "type": "Point",
        "coordinates": [
          85.4005825,
          27.689349
        ]
      },
      "id": "node/5279550121"
    },
    {
      "type": "Feature",
      "properties": {
        "@id": "node/5286790630",
        "addr:city": "Halesi Tuwachung Municipality",
        "addr:suburb": "Badahare, Bojhe-4",
        "amenity": "drinking_water",
        "drinking_water": "yes",
        "man_made": "water_well",
        "opening_hours": "Su-Sa 01:00-24:00",
        "operator:type": "public"
      },
      "geometry": {
        "type": "Point",
        "coordinates": [
          86.5500683,
          27.1818431
        ]
      },
      "id": "node/5286790630"
    },
    {
      "type": "Feature",
      "properties": {
        "@id": "node/5286840831",
        "addr:city": "Halesi Tuwachung Municipality",
        "addr:suburb": "Badahare, Bojhe-4",
        "amenity": "drinking_water",
        "drinking_water": "yes",
        "man_made": "water_well",
        "name": "Simal Padhera",
        "operator:type": "public"
      },
      "geometry": {
        "type": "Point",
        "coordinates": [
          86.553122,
          27.1850421
        ]
      },
      "id": "node/5286840831"
    },
    {
      "type": "Feature",
      "properties": {
        "@id": "node/5286855632",
        "addr:city": "Haleshi Tuwachung Municipality",
        "addr:suburb": "Badahare, Bungdel-4",
        "amenity": "drinking_water",
        "drinking_water": "yes",
        "man_made": "water_tap",
        "name": "Simal bote Padhero",
        "operator:type": "public"
      },
      "geometry": {
        "type": "Point",
        "coordinates": [
          86.5515845,
          27.1921781
        ]
      },
      "id": "node/5286855632"
    },
    {
      "type": "Feature",
      "properties": {
        "@id": "node/5287001073",
        "access": "yes",
        "addr:city": "Halesi Tuwachung Municipality",
        "addr:street": "Madhya Pahadi Lokmarga",
        "addr:suburb": "Badahare, Papidanda-4",
        "amenity": "drinking_water",
        "drinking_water": "yes",
        "man_made": "storage_tank",
        "name": "Patidandan DW tank",
        "opening_hours": "Su-Sa 06:00-09:00, 16:00-19:00"
      },
      "geometry": {
        "type": "Point",
        "coordinates": [
          86.5708387,
          27.1977893
        ]
      },
      "id": "node/5287001073"
    },
    {
      "type": "Feature",
      "properties": {
        "@id": "node/5302045711",
        "access": "yes",
        "addr:city": "Halesi Tuwachung Municipality",
        "addr:place": "Bahunidanda, Subitar-1",
        "amenity": "drinking_water",
        "drinking_water": "yes",
        "fixme": "Confirm opening and closing time (not open after noon?)",
        "man_made": "storage_tank",
        "name": "Subitar DW tank",
        "opening_hours": "Su-Sa 05:00-09:00"
      },
      "geometry": {
        "type": "Point",
        "coordinates": [
          86.44417,
          27.1389503
        ]
      },
      "id": "node/5302045711"
    },
    {
      "type": "Feature",
      "properties": {
        "@id": "node/5307662325",
        "access": "yes",
        "addr:city": "Halesi Tuwachung Municipality",
        "addr:suburb": "Bahunidanda, Dunmre-1",
        "amenity": "drinking_water",
        "drinking_water": "yes",
        "man_made": "storage_tank",
        "name": "Archal DW tank",
        "opening_hours": "Su-Sa 06:00-20:00"
      },
      "geometry": {
        "type": "Point",
        "coordinates": [
          86.4544415,
          27.1586519
        ]
      },
      "id": "node/5307662325"
    },
    {
      "type": "Feature",
      "properties": {
        "@id": "node/5314527199",
        "amenity": "drinking_water",
        "drinking_water": "yes",
        "man_made": "water_well",
        "name": "Khokseli well"
      },
      "geometry": {
        "type": "Point",
        "coordinates": [
          86.5560262,
          27.1985086
        ]
      },
      "id": "node/5314527199"
    },
    {
      "type": "Feature",
      "properties": {
        "@id": "node/5315807815",
        "addr:city": "Halesi Tuwachung Municipality",
        "addr:street": "Madhya Pahadi Lokmarga way to Diktel",
        "addr:suburb": "Badahare, Khokseli-4",
        "amenity": "drinking_water",
        "drinking_water": "yes",
        "man_made": "water_well",
        "name": "Khokseli well",
        "opening_hours": "Su-Sa 01:00-24:00",
        "operator:type": "public"
      },
      "geometry": {
        "type": "Point",
        "coordinates": [
          86.556226,
          27.1931324
        ]
      },
      "id": "node/5315807815"
    },
    {
      "type": "Feature",
      "properties": {
        "@id": "node/5316001529",
        "addr:city": "Halesi Tuwachung Municipality",
        "addr:street": "Madhya Pahadi Lokmarga way to Diktel",
        "addr:suburb": "Badahare, Bangma-4",
        "amenity": "drinking_water",
        "drinking_water": "yes",
        "man_made": "water_well",
        "name": "Bangma well",
        "opening_hours": "Su-Sa 01:00-24:00",
        "operator:type": "public"
      },
      "geometry": {
        "type": "Point",
        "coordinates": [
          86.5520766,
          27.1941034
        ]
      },
      "id": "node/5316001529"
    },
    {
      "type": "Feature",
      "properties": {
        "@id": "node/5316267833",
        "addr:city": "Halesi Tuwachung Municipality",
        "addr:suburb": "Badahare, Hattiban-4",
        "amenity": "drinking_water",
        "drinking_water": "yes",
        "man_made": "water_well",
        "name": "Badahare, Hattiban",
        "operator:type": "public"
      },
      "geometry": {
        "type": "Point",
        "coordinates": [
          86.5404251,
          27.1986553
        ]
      },
      "id": "node/5316267833"
    },
    {
      "type": "Feature",
      "properties": {
        "@id": "node/5321630998",
        "amenity": "drinking_water"
      },
      "geometry": {
        "type": "Point",
        "coordinates": [
          86.4959393,
          27.1743765
        ]
      },
      "id": "node/5321630998"
    },
    {
      "type": "Feature",
      "properties": {
        "@id": "node/5321631007",
        "amenity": "drinking_water",
        "man_made": "water_tap",
        "operator:type": "public"
      },
      "geometry": {
        "type": "Point",
        "coordinates": [
          86.4970042,
          27.1778149
        ]
      },
      "id": "node/5321631007"
    },
    {
      "type": "Feature",
      "properties": {
        "@id": "node/5321631012",
        "addr:city": "Halesi Tuwachung municipality",
        "addr:suburb": "Bahunidanda,Tallogaun -1",
        "amenity": "drinking_water",
        "man_made": "water_tap",
        "operator:type": "public"
      },
      "geometry": {
        "type": "Point",
        "coordinates": [
          86.4978424,
          27.1793038
        ]
      },
      "id": "node/5321631012"
    },
    {
      "type": "Feature",
      "properties": {
        "@id": "node/5331344522",
        "amenity": "drinking_water",
        "name:en": "Tap"
      },
      "geometry": {
        "type": "Point",
        "coordinates": [
          85.5356177,
          27.6468125
        ]
      },
      "id": "node/5331344522"
    },
    {
      "type": "Feature",
      "properties": {
        "@id": "node/5383256963",
        "amenity": "drinking_water"
      },
      "geometry": {
        "type": "Point",
        "coordinates": [
          88.4148979,
          26.6954061
        ]
      },
      "id": "node/5383256963"
    },
    {
      "type": "Feature",
      "properties": {
        "@id": "node/5411620141",
        "amenity": "drinking_water"
      },
      "geometry": {
        "type": "Point",
        "coordinates": [
          84.0731335,
          28.1421669
        ]
      },
      "id": "node/5411620141"
    },
    {
      "type": "Feature",
      "properties": {
        "@id": "node/5422003757",
        "access": "yes",
        "amenity": "drinking_water",
        "drinking_water": "no",
        "man_made": "storage_tank",
        "source": "Yoyo preset"
      },
      "geometry": {
        "type": "Point",
        "coordinates": [
          83.7395371,
          28.2737573
        ]
      },
      "id": "node/5422003757"
    },
    {
      "type": "Feature",
      "properties": {
        "@id": "node/5431185113",
        "amenity": "drinking_water",
        "drinking_water": "no",
        "man_made": "water_tap",
        "operator:type": "public",
        "source": "2cpokhara"
      },
      "geometry": {
        "type": "Point",
        "coordinates": [
          83.9974529,
          28.2935826
        ]
      },
      "id": "node/5431185113"
    },
    {
      "type": "Feature",
      "properties": {
        "@id": "node/5431185120",
        "amenity": "drinking_water",
        "drinking_water": "no",
        "man_made": "water_tap",
        "source": "2cpokhara"
      },
      "geometry": {
        "type": "Point",
        "coordinates": [
          83.9903075,
          28.2842509
        ]
      },
      "id": "node/5431185120"
    },
    {
      "type": "Feature",
      "properties": {
        "@id": "node/5455943587",
        "access": "yes",
        "amenity": "drinking_water",
        "drinking_water": "yes",
        "man_made": "storage_tank",
        "source": "2cpokhara"
      },
      "geometry": {
        "type": "Point",
        "coordinates": [
          84.0142,
          28.2490452
        ]
      },
      "id": "node/5455943587"
    },
    {
      "type": "Feature",
      "properties": {
        "@id": "node/5456905204",
        "amenity": "drinking_water",
        "name": "Red Cross Drinking Water",
        "source": "2cpokhara"
      },
      "geometry": {
        "type": "Point",
        "coordinates": [
          84.0642956,
          28.1687759
        ]
      },
      "id": "node/5456905204"
    },
    {
      "type": "Feature",
      "properties": {
        "@id": "node/5457059135",
        "amenity": "drinking_water",
        "drinking_water": "yes",
        "name": "Simalchour Public Water Tab"
      },
      "geometry": {
        "type": "Point",
        "coordinates": [
          83.8926168,
          28.2610662
        ]
      },
      "id": "node/5457059135"
    },
    {
      "type": "Feature",
      "properties": {
        "@id": "node/5457059150",
        "access": "yes",
        "amenity": "drinking_water",
        "name": "Naya Chautari Water Tab"
      },
      "geometry": {
        "type": "Point",
        "coordinates": [
          83.8941728,
          28.2701041
        ]
      },
      "id": "node/5457059150"
    },
    {
      "type": "Feature",
      "properties": {
        "@id": "node/5458132969",
        "amenity": "drinking_water",
        "name": "Kailash Pure Drinking Water Supply",
        "phone": "9819159803"
      },
      "geometry": {
        "type": "Point",
        "coordinates": [
          83.9764506,
          28.200177
        ]
      },
      "id": "node/5458132969"
    },
    {
      "type": "Feature",
      "properties": {
        "@id": "node/5458133512",
        "amenity": "drinking_water",
        "name": "Water Tank"
      },
      "geometry": {
        "type": "Point",
        "coordinates": [
          83.9778297,
          28.2040546
        ]
      },
      "id": "node/5458133512"
    },
    {
      "type": "Feature",
      "properties": {
        "@id": "node/5458143225",
        "amenity": "drinking_water",
        "description": "It is old water tap of gankhu dharmapur"
      },
      "geometry": {
        "type": "Point",
        "coordinates": [
          85.3968644,
          27.6842396
        ]
      },
      "id": "node/5458143225"
    },
    {
      "type": "Feature",
      "properties": {
        "@id": "node/5458651099",
        "access": "yes",
        "amenity": "drinking_water",
        "drinking_water": "yes",
        "man_made": "storage_tank",
        "name": "Nuwarthok Pani Tanki",
        "opening_hours": "sunrise-sunset"
      },
      "geometry": {
        "type": "Point",
        "coordinates": [
          83.9697627,
          28.2128305
        ]
      },
      "id": "node/5458651099"
    },
    {
      "type": "Feature",
      "properties": {
        "@id": "node/5459645725",
        "amenity": "drinking_water",
        "man_made": "water_tap",
        "operator:type": "community",
        "source": "2C_Pokhara Field Visit 2018"
      },
      "geometry": {
        "type": "Point",
        "coordinates": [
          83.9785942,
          28.2228936
        ]
      },
      "id": "node/5459645725"
    },
    {
      "type": "Feature",
      "properties": {
        "@id": "node/5459645727",
        "amenity": "drinking_water",
        "man_made": "water_tap",
        "operator:type": "public",
        "source": "2c pokhara"
      },
      "geometry": {
        "type": "Point",
        "coordinates": [
          83.9790019,
          28.223646
        ]
      },
      "id": "node/5459645727"
    },
    {
      "type": "Feature",
      "properties": {
        "@id": "node/5462453632",
        "access": "yes",
        "amenity": "drinking_water",
        "drinking_water": "yes",
        "man_made": "water_tap",
        "name": "Tetepani Water Tap",
        "source": "2cpokhara"
      },
      "geometry": {
        "type": "Point",
        "coordinates": [
          83.9649332,
          28.1946029
        ]
      },
      "id": "node/5462453632"
    },
    {
      "type": "Feature",
      "properties": {
        "@id": "node/5463537251",
        "amenity": "drinking_water",
        "name": "Public Tap",
        "source": "2c pokhara"
      },
      "geometry": {
        "type": "Point",
        "coordinates": [
          83.9847417,
          28.2258236
        ]
      },
      "id": "node/5463537251"
    },
    {
      "type": "Feature",
      "properties": {
        "@id": "node/5464417737",
        "access": "yes",
        "amenity": "drinking_water",
        "drinking_water": "yes",
        "man_made": "storage_tank",
        "name": "Siva Tole Pani Tank",
        "opening_hours": "7:00-17:00"
      },
      "geometry": {
        "type": "Point",
        "coordinates": [
          83.988033,
          28.2077575
        ]
      },
      "id": "node/5464417737"
    },
    {
      "type": "Feature",
      "properties": {
        "@id": "node/5470431897",
        "amenity": "drinking_water"
      },
      "geometry": {
        "type": "Point",
        "coordinates": [
          83.9764573,
          28.2688633
        ]
      },
      "id": "node/5470431897"
    },
    {
      "type": "Feature",
      "properties": {
        "@id": "node/5472132065",
        "amenity": "drinking_water",
        "man_made": "storage_tank",
        "name": "Srijana Bikas Kendra- Srijana Khanepani Pariyojana",
        "source": "2cpokhara"
      },
      "geometry": {
        "type": "Point",
        "coordinates": [
          83.9871472,
          28.1797633
        ]
      },
      "id": "node/5472132065"
    },
    {
      "type": "Feature",
      "properties": {
        "@id": "node/5477670162",
        "amenity": "drinking_water"
      },
      "geometry": {
        "type": "Point",
        "coordinates": [
          85.4228784,
          27.6941983
        ]
      },
      "id": "node/5477670162"
    },
    {
      "type": "Feature",
      "properties": {
        "@id": "node/5477836369",
        "amenity": "drinking_water",
        "drinking_water": "yes",
        "man_made": "water_tap",
        "name": "Pani Dhara",
        "operator:type": "public"
      },
      "geometry": {
        "type": "Point",
        "coordinates": [
          83.9785648,
          28.2426224
        ]
      },
      "id": "node/5477836369"
    },
    {
      "type": "Feature",
      "properties": {
        "@id": "node/5479218517",
        "amenity": "drinking_water",
        "drinking_water": "yes",
        "man_made": "water_tap",
        "opening_hours": "7:00-15:00"
      },
      "geometry": {
        "type": "Point",
        "coordinates": [
          83.9706932,
          28.2458566
        ]
      },
      "id": "node/5479218517"
    },
    {
      "type": "Feature",
      "properties": {
        "@id": "node/5479379054",
        "amenity": "drinking_water",
        "name": "Sande Khola Water Tank"
      },
      "geometry": {
        "type": "Point",
        "coordinates": [
          83.9303673,
          28.2573422
        ]
      },
      "id": "node/5479379054"
    },
    {
      "type": "Feature",
      "properties": {
        "@id": "node/5490535222",
        "amenity": "drinking_water",
        "name": "Dhara"
      },
      "geometry": {
        "type": "Point",
        "coordinates": [
          83.9199351,
          28.2316078
        ]
      },
      "id": "node/5490535222"
    },
    {
      "type": "Feature",
      "properties": {
        "@id": "node/5498514169",
        "amenity": "drinking_water",
        "drinking_water": "yes",
        "man_made": "water_tap",
        "name": "Thapa Dhara",
        "opening_hours": "sunrise-sunset"
      },
      "geometry": {
        "type": "Point",
        "coordinates": [
          83.9413626,
          28.2428286
        ]
      },
      "id": "node/5498514169"
    },
    {
      "type": "Feature",
      "properties": {
        "@id": "node/5505979660",
        "amenity": "drinking_water",
        "drinking_water": "yes",
        "name": "Bhedhahare"
      },
      "geometry": {
        "type": "Point",
        "coordinates": [
          83.9193597,
          28.2525231
        ]
      },
      "id": "node/5505979660"
    },
    {
      "type": "Feature",
      "properties": {
        "@id": "node/5505987506",
        "amenity": "drinking_water",
        "drinking_water": "yes",
        "name": "Chapakola"
      },
      "geometry": {
        "type": "Point",
        "coordinates": [
          83.9249468,
          28.258504
        ]
      },
      "id": "node/5505987506"
    },
    {
      "type": "Feature",
      "properties": {
        "@id": "node/5511812316",
        "amenity": "drinking_water",
        "description": "Tap"
      },
      "geometry": {
        "type": "Point",
        "coordinates": [
          83.8848196,
          28.2476074
        ]
      },
      "id": "node/5511812316"
    },
    {
      "type": "Feature",
      "properties": {
        "@id": "node/5515371670",
        "amenity": "drinking_water",
        "name": "Public Tap",
        "source": "2cpokhara"
      },
      "geometry": {
        "type": "Point",
        "coordinates": [
          84.0757285,
          28.1640562
        ]
      },
      "id": "node/5515371670"
    },
    {
      "type": "Feature",
      "properties": {
        "@id": "node/5515371682",
        "amenity": "drinking_water",
        "name": "Public Tap",
        "source": "2cpokhara"
      },
      "geometry": {
        "type": "Point",
        "coordinates": [
          84.0734017,
          28.1621822
        ]
      },
      "id": "node/5515371682"
    },
    {
      "type": "Feature",
      "properties": {
        "@id": "node/5517629162",
        "amenity": "drinking_water",
        "name": "Public Tap"
      },
      "geometry": {
        "type": "Point",
        "coordinates": [
          84.0849553,
          28.1395486
        ]
      },
      "id": "node/5517629162"
    },
    {
      "type": "Feature",
      "properties": {
        "@id": "node/5517629194",
        "addr:street": "University Road",
        "addr:streetnumber": "1",
        "amenity": "drinking_water",
        "name": "Public Tap, Chowk 1"
      },
      "geometry": {
        "type": "Point",
        "coordinates": [
          84.0762239,
          28.1447732
        ]
      },
      "id": "node/5517629194"
    },
    {
      "type": "Feature",
      "properties": {
        "@id": "node/5519011121",
        "amenity": "drinking_water",
        "name": "Water Tap"
      },
      "geometry": {
        "type": "Point",
        "coordinates": [
          84.0251313,
          28.1554692
        ]
      },
      "id": "node/5519011121"
    },
    {
      "type": "Feature",
      "properties": {
        "@id": "node/5519011122",
        "amenity": "drinking_water",
        "name": "Public Tap"
      },
      "geometry": {
        "type": "Point",
        "coordinates": [
          84.0274246,
          28.1542295
        ]
      },
      "id": "node/5519011122"
    },
    {
      "type": "Feature",
      "properties": {
        "@id": "node/5520587143",
        "access": "yes",
        "amenity": "drinking_water",
        "drinking_water": "yes",
        "emergency": "water_tank",
        "source": "2cpokhara"
      },
      "geometry": {
        "type": "Point",
        "coordinates": [
          84.0455818,
          28.1220071
        ]
      },
      "id": "node/5520587143"
    },
    {
      "type": "Feature",
      "properties": {
        "@id": "node/5520695724",
        "amenity": "drinking_water",
        "name": "Public Tap",
        "source": "2cpokhara"
      },
      "geometry": {
        "type": "Point",
        "coordinates": [
          84.0397078,
          28.1476171
        ]
      },
      "id": "node/5520695724"
    },
    {
      "type": "Feature",
      "properties": {
        "@id": "node/5520695748",
        "amenity": "drinking_water",
        "name": "Public Tap",
        "source": "2cpokhara"
      },
      "geometry": {
        "type": "Point",
        "coordinates": [
          84.0286115,
          28.1517978
        ]
      },
      "id": "node/5520695748"
    },
    {
      "type": "Feature",
      "properties": {
        "@id": "node/5530501759",
        "addr:city": "Pokhara Lekhnath Metropolitan City",
        "addr:place": "Sarangkot",
        "addr:street": "Silingabot",
        "amenity": "drinking_water",
        "drinking_water": "yes",
        "man_made": "water_tap",
        "name": "Silingabot",
        "opening_hours": "Su-Sa 00:00-24:00",
        "operator:type": "public"
      },
      "geometry": {
        "type": "Point",
        "coordinates": [
          83.9598074,
          28.2438128
        ]
      },
      "id": "node/5530501759"
    },
    {
      "type": "Feature",
      "properties": {
        "@id": "node/5531277743",
        "amenity": "drinking_water",
        "name": "Public Tap",
        "source": "2cpokhara"
      },
      "geometry": {
        "type": "Point",
        "coordinates": [
          84.0669027,
          28.2151496
        ]
      },
      "id": "node/5531277743"
    },
    {
      "type": "Feature",
      "properties": {
        "@id": "node/5531278728",
        "amenity": "drinking_water",
        "drinking_water": "yes",
        "man_made": "water_tap",
        "source": "2cpokhara"
      },
      "geometry": {
        "type": "Point",
        "coordinates": [
          84.1039333,
          28.2124375
        ]
      },
      "id": "node/5531278728"
    },
    {
      "type": "Feature",
      "properties": {
        "@id": "node/5531278737",
        "amenity": "drinking_water",
        "drinking_water": "yes",
        "man_made": "water_tap",
        "source": "2cpokhara"
      },
      "geometry": {
        "type": "Point",
        "coordinates": [
          84.1113804,
          28.2042397
        ]
      },
      "id": "node/5531278737"
    },
    {
      "type": "Feature",
      "properties": {
        "@id": "node/5531278741",
        "amenity": "drinking_water",
        "drinking_water": "yes",
        "man_made": "water_tap",
        "source": "2cpokhara"
      },
      "geometry": {
        "type": "Point",
        "coordinates": [
          84.1082141,
          28.19943
        ]
      },
      "id": "node/5531278741"
    },
    {
      "type": "Feature",
      "properties": {
        "@id": "node/5531278743",
        "amenity": "drinking_water",
        "drinking_water": "yes",
        "man_made": "water_tap",
        "source": "2cpokhara"
      },
      "geometry": {
        "type": "Point",
        "coordinates": [
          84.1115266,
          28.2032617
        ]
      },
      "id": "node/5531278743"
    },
    {
      "type": "Feature",
      "properties": {
        "@id": "node/5531278745",
        "amenity": "drinking_water",
        "drinking_water": "yes",
        "man_made": "water_tap",
        "source": "2cpokhara"
      },
      "geometry": {
        "type": "Point",
        "coordinates": [
          84.1126934,
          28.2029828
        ]
      },
      "id": "node/5531278745"
    },
    {
      "type": "Feature",
      "properties": {
        "@id": "node/5531322426",
        "amenity": "drinking_water",
        "drinking_water": "no",
        "man_made": "storage_tank",
        "source": "2cpokhara"
      },
      "geometry": {
        "type": "Point",
        "coordinates": [
          84.1063788,
          28.2103924
        ]
      },
      "id": "node/5531322426"
    },
    {
      "type": "Feature",
      "properties": {
        "@id": "node/5531347106",
        "amenity": "drinking_water",
        "drinking_water": "yes",
        "man_made": "water_tap",
        "source": "2cpokhara"
      },
      "geometry": {
        "type": "Point",
        "coordinates": [
          84.1053508,
          28.2092992
        ]
      },
      "id": "node/5531347106"
    },
    {
      "type": "Feature",
      "properties": {
        "@id": "node/5531347108",
        "amenity": "drinking_water",
        "drinking_water": "yes",
        "man_made": "water_tap",
        "source": "2cpokhara"
      },
      "geometry": {
        "type": "Point",
        "coordinates": [
          84.1050169,
          28.2103173
        ]
      },
      "id": "node/5531347108"
    },
    {
      "type": "Feature",
      "properties": {
        "@id": "node/5531419892",
        "amenity": "drinking_water",
        "name": "Public Tap",
        "source": "2cpokhara"
      },
      "geometry": {
        "type": "Point",
        "coordinates": [
          84.0742949,
          28.2139395
        ]
      },
      "id": "node/5531419892"
    },
    {
      "type": "Feature",
      "properties": {
        "@id": "node/5533287388",
        "addr:city": "Pokhara Lektnath Municipality",
        "addr:place": "Chhinendanda-14",
        "addr:street": "Bachhebuda",
        "amenity": "drinking_water",
        "operator:type": "public"
      },
      "geometry": {
        "type": "Point",
        "coordinates": [
          84.0119979,
          28.1609785
        ]
      },
      "id": "node/5533287388"
    },
    {
      "type": "Feature",
      "properties": {
        "@id": "node/5534085306",
        "amenity": "drinking_water",
        "name": "Public Tap",
        "source": "2cpokhara"
      },
      "geometry": {
        "type": "Point",
        "coordinates": [
          84.0906014,
          28.2130024
        ]
      },
      "id": "node/5534085306"
    },
    {
      "type": "Feature",
      "properties": {
        "@id": "node/5534095360",
        "amenity": "drinking_water",
        "name": "Tap",
        "source": "2cpokhara"
      },
      "geometry": {
        "type": "Point",
        "coordinates": [
          84.076739,
          28.2133492
        ]
      },
      "id": "node/5534095360"
    },
    {
      "type": "Feature",
      "properties": {
        "@id": "node/5534095361",
        "amenity": "drinking_water",
        "name": "Tap",
        "source": "2cpokhara"
      },
      "geometry": {
        "type": "Point",
        "coordinates": [
          84.0765124,
          28.2130863
        ]
      },
      "id": "node/5534095361"
    },
    {
      "type": "Feature",
      "properties": {
        "@id": "node/5544326758",
        "amenity": "drinking_water",
        "features": "drinking water for public and local residents"
      },
      "geometry": {
        "type": "Point",
        "coordinates": [
          83.9666048,
          28.2115824
        ]
      },
      "id": "node/5544326758"
    },
    {
      "type": "Feature",
      "properties": {
        "@id": "node/5544450002",
        "access": "yes",
        "amenity": "drinking_water",
        "drinking_water": "yes",
        "man_made": "storage_tank",
        "source": "2cpokhara"
      },
      "geometry": {
        "type": "Point",
        "coordinates": [
          83.9957092,
          28.2523536
        ]
      },
      "id": "node/5544450002"
    },
    {
      "type": "Feature",
      "properties": {
        "@id": "node/5550547037",
        "access": "yes",
        "amenity": "drinking_water",
        "drinking_water": "no",
        "source": "2cpokhara"
      },
      "geometry": {
        "type": "Point",
        "coordinates": [
          83.9538982,
          28.1567702
        ]
      },
      "id": "node/5550547037"
    },
    {
      "type": "Feature",
      "properties": {
        "@id": "node/5550641553",
        "amenity": "drinking_water",
        "name": "Public Tap",
        "source": "2cpokhara"
      },
      "geometry": {
        "type": "Point",
        "coordinates": [
          83.9651598,
          28.1623075
        ]
      },
      "id": "node/5550641553"
    },
    {
      "type": "Feature",
      "properties": {
        "@id": "node/5550675433",
        "amenity": "drinking_water",
        "name": "Tap"
      },
      "geometry": {
        "type": "Point",
        "coordinates": [
          83.9837562,
          28.1590983
        ]
      },
      "id": "node/5550675433"
    },
    {
      "type": "Feature",
      "properties": {
        "@id": "node/5563297521",
        "amenity": "drinking_water",
        "name:en": "409"
      },
      "geometry": {
        "type": "Point",
        "coordinates": [
          85.6928885,
          27.5623915
        ]
      },
      "id": "node/5563297521"
    },
    {
      "type": "Feature",
      "properties": {
        "@id": "node/5577883601",
        "amenity": "drinking_water"
      },
      "geometry": {
        "type": "Point",
        "coordinates": [
          83.9771095,
          28.2115109
        ]
      },
      "id": "node/5577883601"
    },
    {
      "type": "Feature",
      "properties": {
        "@id": "node/5580150192",
        "amenity": "drinking_water"
      },
      "geometry": {
        "type": "Point",
        "coordinates": [
          84.1020007,
          28.1221443
        ]
      },
      "id": "node/5580150192"
    },
    {
      "type": "Feature",
      "properties": {
        "@id": "node/5580150193",
        "amenity": "drinking_water"
      },
      "geometry": {
        "type": "Point",
        "coordinates": [
          84.1013959,
          28.1232206
        ]
      },
      "id": "node/5580150193"
    },
    {
      "type": "Feature",
      "properties": {
        "@id": "node/5581851415",
        "amenity": "drinking_water"
      },
      "geometry": {
        "type": "Point",
        "coordinates": [
          84.1236216,
          28.1723569
        ]
      },
      "id": "node/5581851415"
    },
    {
      "type": "Feature",
      "properties": {
        "@id": "node/5581851418",
        "amenity": "drinking_water"
      },
      "geometry": {
        "type": "Point",
        "coordinates": [
          84.1238292,
          28.1752994
        ]
      },
      "id": "node/5581851418"
    },
    {
      "type": "Feature",
      "properties": {
        "@id": "node/5581851754",
        "amenity": "drinking_water",
        "name": "Padhare Pani kuwa"
      },
      "geometry": {
        "type": "Point",
        "coordinates": [
          84.1170986,
          28.1828034
        ]
      },
      "id": "node/5581851754"
    },
    {
      "type": "Feature",
      "properties": {
        "@id": "node/5581851766",
        "amenity": "drinking_water",
        "name": "Simle Pani padhero"
      },
      "geometry": {
        "type": "Point",
        "coordinates": [
          84.1052419,
          28.1852972
        ]
      },
      "id": "node/5581851766"
    },
    {
      "type": "Feature",
      "properties": {
        "@id": "node/5581858123",
        "amenity": "drinking_water"
      },
      "geometry": {
        "type": "Point",
        "coordinates": [
          84.08473,
          28.1793259
        ]
      },
      "id": "node/5581858123"
    },
    {
      "type": "Feature",
      "properties": {
        "@id": "node/5581858143",
        "amenity": "drinking_water"
      },
      "geometry": {
        "type": "Point",
        "coordinates": [
          84.0913001,
          28.1707384
        ]
      },
      "id": "node/5581858143"
    },
    {
      "type": "Feature",
      "properties": {
        "@id": "node/5581869643",
        "amenity": "drinking_water"
      },
      "geometry": {
        "type": "Point",
        "coordinates": [
          84.0914731,
          28.1880191
        ]
      },
      "id": "node/5581869643"
    },
    {
      "type": "Feature",
      "properties": {
        "@id": "node/5581869650",
        "amenity": "drinking_water"
      },
      "geometry": {
        "type": "Point",
        "coordinates": [
          84.0867346,
          28.1894121
        ]
      },
      "id": "node/5581869650"
    },
    {
      "type": "Feature",
      "properties": {
        "@id": "node/5581869652",
        "amenity": "drinking_water"
      },
      "geometry": {
        "type": "Point",
        "coordinates": [
          84.087123,
          28.1872359
        ]
      },
      "id": "node/5581869652"
    },
    {
      "type": "Feature",
      "properties": {
        "@id": "node/5588186882",
        "amenity": "drinking_water",
        "man_made": "water_tap",
        "operator:type": "public",
        "source": "2c peset"
      },
      "geometry": {
        "type": "Point",
        "coordinates": [
          83.9170168,
          28.2023298
        ]
      },
      "id": "node/5588186882"
    },
    {
      "type": "Feature",
      "properties": {
        "@id": "node/5588186896",
        "access": "yes",
        "amenity": "drinking_water",
        "man_made": "storage_tank",
        "source": "2c Preset"
      },
      "geometry": {
        "type": "Point",
        "coordinates": [
          83.9216723,
          28.2000607
        ]
      },
      "id": "node/5588186896"
    },
    {
      "type": "Feature",
      "properties": {
        "@id": "node/5588186906",
        "amenity": "drinking_water",
        "man_made": "water_well",
        "operator:type": "public",
        "source": "2c peset"
      },
      "geometry": {
        "type": "Point",
        "coordinates": [
          83.9239463,
          28.1997231
        ]
      },
      "id": "node/5588186906"
    },
    {
      "type": "Feature",
      "properties": {
        "@id": "node/5588186908",
        "access": "yes",
        "amenity": "drinking_water",
        "man_made": "storage_tank",
        "source": "2c Preset"
      },
      "geometry": {
        "type": "Point",
        "coordinates": [
          83.9237807,
          28.2017436
        ]
      },
      "id": "node/5588186908"
    },
    {
      "type": "Feature",
      "properties": {
        "@id": "node/5588187531",
        "amenity": "drinking_water",
        "man_made": "water_tap",
        "operator:type": "public",
        "source": "2c peset"
      },
      "geometry": {
        "type": "Point",
        "coordinates": [
          83.9231152,
          28.2021049
        ]
      },
      "id": "node/5588187531"
    },
    {
      "type": "Feature",
      "properties": {
        "@id": "node/5588187532",
        "amenity": "drinking_water",
        "man_made": "water_tap",
        "operator:type": "public",
        "source": "2c peset"
      },
      "geometry": {
        "type": "Point",
        "coordinates": [
          83.9220956,
          28.202237
        ]
      },
      "id": "node/5588187532"
    },
    {
      "type": "Feature",
      "properties": {
        "@id": "node/5588187550",
        "amenity": "drinking_water",
        "man_made": "water_tap",
        "operator:type": "public",
        "source": "2c peset"
      },
      "geometry": {
        "type": "Point",
        "coordinates": [
          83.9148335,
          28.2069893
        ]
      },
      "id": "node/5588187550"
    },
    {
      "type": "Feature",
      "properties": {
        "@id": "node/5588187559",
        "amenity": "drinking_water",
        "man_made": "water_well",
        "operator:type": "public",
        "source": "2c peset"
      },
      "geometry": {
        "type": "Point",
        "coordinates": [
          83.9089166,
          28.2096981
        ]
      },
      "id": "node/5588187559"
    },
    {
      "type": "Feature",
      "properties": {
        "@id": "node/5588187564",
        "amenity": "drinking_water",
        "man_made": "water_tap",
        "operator:type": "public",
        "source": "2c peset"
      },
      "geometry": {
        "type": "Point",
        "coordinates": [
          83.9074199,
          28.2085901
        ]
      },
      "id": "node/5588187564"
    },
    {
      "type": "Feature",
      "properties": {
        "@id": "node/5588187586",
        "amenity": "drinking_water",
        "man_made": "water_well",
        "operator:type": "public",
        "source": "2c peset"
      },
      "geometry": {
        "type": "Point",
        "coordinates": [
          83.9059393,
          28.2088507
        ]
      },
      "id": "node/5588187586"
    },
    {
      "type": "Feature",
      "properties": {
        "@id": "node/5588187632",
        "access": "yes",
        "amenity": "drinking_water",
        "man_made": "storage_tank",
        "source": "2c Preset"
      },
      "geometry": {
        "type": "Point",
        "coordinates": [
          83.906919,
          28.2123979
        ]
      },
      "id": "node/5588187632"
    },
    {
      "type": "Feature",
      "properties": {
        "@id": "node/5588187642",
        "amenity": "drinking_water",
        "man_made": "water_tap",
        "operator:type": "public",
        "source": "2c peset"
      },
      "geometry": {
        "type": "Point",
        "coordinates": [
          83.9010108,
          28.2102145
        ]
      },
      "id": "node/5588187642"
    },
    {
      "type": "Feature",
      "properties": {
        "@id": "node/5588187665",
        "amenity": "drinking_water",
        "man_made": "water_well",
        "operator:type": "public",
        "source": "2c peset"
      },
      "geometry": {
        "type": "Point",
        "coordinates": [
          83.8985109,
          28.2098476
        ]
      },
      "id": "node/5588187665"
    },
    {
      "type": "Feature",
      "properties": {
        "@id": "node/5588187701",
        "amenity": "drinking_water",
        "man_made": "water_well",
        "operator:type": "public",
        "source": "2c peset"
      },
      "geometry": {
        "type": "Point",
        "coordinates": [
          83.8840558,
          28.209064
        ]
      },
      "id": "node/5588187701"
    },
    {
      "type": "Feature",
      "properties": {
        "@id": "node/5588187702",
        "amenity": "drinking_water",
        "man_made": "water_tap",
        "operator:type": "public",
        "source": "2c peset"
      },
      "geometry": {
        "type": "Point",
        "coordinates": [
          83.8841236,
          28.2090877
        ]
      },
      "id": "node/5588187702"
    },
    {
      "type": "Feature",
      "properties": {
        "@id": "node/5588187704",
        "amenity": "drinking_water",
        "man_made": "water_well",
        "operator:type": "public",
        "source": "2c peset"
      },
      "geometry": {
        "type": "Point",
        "coordinates": [
          83.8821501,
          28.2094038
        ]
      },
      "id": "node/5588187704"
    },
    {
      "type": "Feature",
      "properties": {
        "@id": "node/5588187706",
        "access": "yes",
        "amenity": "drinking_water",
        "man_made": "storage_tank",
        "source": "2c Preset"
      },
      "geometry": {
        "type": "Point",
        "coordinates": [
          83.8785184,
          28.2113301
        ]
      },
      "id": "node/5588187706"
    },
    {
      "type": "Feature",
      "properties": {
        "@id": "node/5589482221",
        "amenity": "drinking_water",
        "name:en": "Khalchhen, purnachandi"
      },
      "geometry": {
        "type": "Point",
        "coordinates": [
          85.320064,
          27.6728323
        ]
      },
      "id": "node/5589482221"
    },
    {
      "type": "Feature",
      "properties": {
        "@id": "node/5589499581",
        "amenity": "drinking_water",
        "content": "water",
        "drinking_water": "yes",
        "man_made": "storage_tank",
        "opening_hours": "sunrise-sunset",
        "operator:type": "public"
      },
      "geometry": {
        "type": "Point",
        "coordinates": [
          83.861306,
          28.2517759
        ]
      },
      "id": "node/5589499581"
    },
    {
      "type": "Feature",
      "properties": {
        "@id": "node/5589555120",
        "amenity": "drinking_water",
        "drinking_water": "yes",
        "man_made": "water_tap",
        "name": "Dhara",
        "operator:type": "public",
        "source": "2cpokhara"
      },
      "geometry": {
        "type": "Point",
        "coordinates": [
          83.8631722,
          28.239104
        ]
      },
      "id": "node/5589555120"
    },
    {
      "type": "Feature",
      "properties": {
        "@id": "node/5589588414",
        "amenity": "drinking_water"
      },
      "geometry": {
        "type": "Point",
        "coordinates": [
          83.9215508,
          28.1997078
        ]
      },
      "id": "node/5589588414"
    },
    {
      "type": "Feature",
      "properties": {
        "@id": "node/5589588625",
        "amenity": "drinking_water"
      },
      "geometry": {
        "type": "Point",
        "coordinates": [
          83.9286536,
          28.1968084
        ]
      },
      "id": "node/5589588625"
    },
    {
      "type": "Feature",
      "properties": {
        "@id": "node/5589588627",
        "amenity": "drinking_water"
      },
      "geometry": {
        "type": "Point",
        "coordinates": [
          83.9339952,
          28.200905
        ]
      },
      "id": "node/5589588627"
    },
    {
      "type": "Feature",
      "properties": {
        "@id": "node/5589588631",
        "amenity": "drinking_water"
      },
      "geometry": {
        "type": "Point",
        "coordinates": [
          83.9403869,
          28.2016372
        ]
      },
      "id": "node/5589588631"
    },
    {
      "type": "Feature",
      "properties": {
        "@id": "node/5591632261",
        "amenity": "drinking_water",
        "drinking_water": "yes",
        "man_made": "water_tap",
        "name": "Dhadkhola Dara"
      },
      "geometry": {
        "type": "Point",
        "coordinates": [
          83.8626337,
          28.237649
        ]
      },
      "id": "node/5591632261"
    },
    {
      "type": "Feature",
      "properties": {
        "@id": "node/5591681943",
        "amenity": "drinking_water",
        "drinking_water": "yes",
        "name": "Khalte Tamu Dhara Water",
        "source": "2cpokhara"
      },
      "geometry": {
        "type": "Point",
        "coordinates": [
          83.8247046,
          28.2297799
        ]
      },
      "id": "node/5591681943"
    },
    {
      "type": "Feature",
      "properties": {
        "@id": "node/5598643497",
        "amenity": "drinking_water"
      },
      "geometry": {
        "type": "Point",
        "coordinates": [
          84.0367734,
          28.2472684
        ]
      },
      "id": "node/5598643497"
    },
    {
      "type": "Feature",
      "properties": {
        "@id": "node/5598643499",
        "amenity": "drinking_water"
      },
      "geometry": {
        "type": "Point",
        "coordinates": [
          84.0362987,
          28.2490664
        ]
      },
      "id": "node/5598643499"
    },
    {
      "type": "Feature",
      "properties": {
        "@id": "node/5598643503",
        "amenity": "drinking_water"
      },
      "geometry": {
        "type": "Point",
        "coordinates": [
          84.0444647,
          28.251311
        ]
      },
      "id": "node/5598643503"
    },
    {
      "type": "Feature",
      "properties": {
        "@id": "node/5598643507",
        "amenity": "drinking_water"
      },
      "geometry": {
        "type": "Point",
        "coordinates": [
          84.0452814,
          28.2515189
        ]
      },
      "id": "node/5598643507"
    },
    {
      "type": "Feature",
      "properties": {
        "@id": "node/5598643512",
        "amenity": "drinking_water"
      },
      "geometry": {
        "type": "Point",
        "coordinates": [
          84.0458393,
          28.2510878
        ]
      },
      "id": "node/5598643512"
    },
    {
      "type": "Feature",
      "properties": {
        "@id": "node/5598644122",
        "amenity": "drinking_water"
      },
      "geometry": {
        "type": "Point",
        "coordinates": [
          84.0504017,
          28.224569
        ]
      },
      "id": "node/5598644122"
    },
    {
      "type": "Feature",
      "properties": {
        "@id": "node/5606153544",
        "amenity": "drinking_water",
        "contact:email": "rishisapkota09@gmail.com",
        "contact:phone": "061-526129",
        "name": "Vindeshwori Drinking Water And Beverage Pvt Ltd",
        "operator": "Private",
        "source": "2cpokhara"
      },
      "geometry": {
        "type": "Point",
        "coordinates": [
          84.0024552,
          28.1796433
        ]
      },
      "id": "node/5606153544"
    },
    {
      "type": "Feature",
      "properties": {
        "@id": "node/5606153554",
        "amenity": "drinking_water"
      },
      "geometry": {
        "type": "Point",
        "coordinates": [
          83.9969674,
          28.1839764
        ]
      },
      "id": "node/5606153554"
    },
    {
      "type": "Feature",
      "properties": {
        "@id": "node/5608576300",
        "amenity": "drinking_water",
        "name": "Boring Drinking Water",
        "operator": "Khanepani sanstha",
        "source": "2cpokhara"
      },
      "geometry": {
        "type": "Point",
        "coordinates": [
          83.9996047,
          28.2298106
        ]
      },
      "id": "node/5608576300"
    },
    {
      "type": "Feature",
      "properties": {
        "@id": "node/5619176736",
        "amenity": "drinking_water",
        "drinking_water": "yes",
        "man_made": "water_tap",
        "name": "Dhara",
        "operator:type": "public",
        "source": "2cpokhara"
      },
      "geometry": {
        "type": "Point",
        "coordinates": [
          83.8321732,
          28.2377931
        ]
      },
      "id": "node/5619176736"
    },
    {
      "type": "Feature",
      "properties": {
        "@id": "node/5619249321",
        "amenity": "drinking_water",
        "man_made": "water_tap",
        "name": "Dhara",
        "operator:type": "public",
        "source": "2cpokhara"
      },
      "geometry": {
        "type": "Point",
        "coordinates": [
          83.8261677,
          28.2235267
        ]
      },
      "id": "node/5619249321"
    },
    {
      "type": "Feature",
      "properties": {
        "@id": "node/5621654690",
        "amenity": "drinking_water",
        "source": "Nijgadh Smart City Data Collection"
      },
      "geometry": {
        "type": "Point",
        "coordinates": [
          85.1831546,
          27.2257889
        ]
      },
      "id": "node/5621654690"
    },
    {
      "type": "Feature",
      "properties": {
        "@id": "node/5621654695",
        "amenity": "drinking_water",
        "source": "Nijgadh Smart City Data Collection"
      },
      "geometry": {
        "type": "Point",
        "coordinates": [
          85.250657,
          27.2074018
        ]
      },
      "id": "node/5621654695"
    },
    {
      "type": "Feature",
      "properties": {
        "@id": "node/5621654699",
        "amenity": "drinking_water",
        "source": "Nijgadh Smart City Data Collection"
      },
      "geometry": {
        "type": "Point",
        "coordinates": [
          85.2471296,
          27.2083769
        ]
      },
      "id": "node/5621654699"
    },
    {
      "type": "Feature",
      "properties": {
        "@id": "node/5642267062",
        "addr:district": "Kurigram",
        "addr:union": "Shoul Mari",
        "addr:ward": "1",
        "address": "Goytapara Ward 1",
        "amenity": "drinking_water",
        "description": "drinking water for the public.Click here more information- https://www.openstreetmap.org/user/aHaSaN/diary.",
        "man_made": "yes",
        "name": "tubewell",
        "source": "survey",
        "source:date": "2018-15-05",
        "source:name": "logic_undp"
      },
      "geometry": {
        "type": "Point",
        "coordinates": [
          89.8672649,
          25.5952296
        ]
      },
      "id": "node/5642267062"
    },
    {
      "type": "Feature",
      "properties": {
        "@id": "node/5644618463",
        "addr:district": "Kurigram",
        "addr:union": "Raniganj",
        "address": "5 no word tistar par",
        "amenity": "drinking_water",
        "damage": "yes",
        "description": "It was Submerged due to the flood & it was 50% damaged.",
        "name": "Tube well",
        "name_disaster": "flood",
        "source": "survey",
        "source:date": "2018-07-12",
        "source:name": "logic_undp",
        "source_ref": "https://www.openstreetmap.org/user/aHaSaN/diary",
        "type": "Institutional"
      },
      "geometry": {
        "type": "Point",
        "coordinates": [
          89.6724633,
          25.6224983
        ]
      },
      "id": "node/5644618463"
    },
    {
      "type": "Feature",
      "properties": {
        "@id": "node/5645254537",
        "addr:ward": "7",
        "amenity": "drinking_water",
        "damage": "Yes",
        "damage_date": "Every Year",
        "damage_description": "Damage due to flood",
        "damage_percent": "10.0",
        "description": "Sanitation",
        "man_made": "water_well",
        "name": "Tubewell with Sanitation",
        "source": "survey",
        "source:link": "https://www.openstreetmap.org/user/aHaSaN/diary",
        "source:name": "logic_undp",
        "source_date": "2018-07-12"
      },
      "geometry": {
        "type": "Point",
        "coordinates": [
          89.7645953,
          25.3945346
        ]
      },
      "id": "node/5645254537"
    },
    {
      "type": "Feature",
      "properties": {
        "@id": "node/5645254561",
        "addr:district": "kurigram",
        "addr:union": "mohongonj",
        "addr:ward": "9",
        "amenity": "drinking_water",
        "damage": "Yes",
        "damage_description": "Overflow by flood water",
        "description": "Sanitation",
        "man_made": "water_well",
        "name": "Noyachar Votang Para Tubewell Azimar Para",
        "source": "survey",
        "source:link": "https://www.openstreetmap.org/user/aHaSaN/diary",
        "source:name": "logic_undp",
        "source_date": "2018-07-12"
      },
      "geometry": {
        "type": "Point",
        "coordinates": [
          89.7604559,
          25.4048121
        ]
      },
      "id": "node/5645254561"
    },
    {
      "type": "Feature",
      "properties": {
        "@id": "node/5645736923",
        "addr:district": "Kurigram",
        "addr:union": "Raniganj",
        "addr:ward": "4 no ward Raniganj bazar",
        "amenity": "drinking_water",
        "damage": "yes",
        "description": "Deu to the flood it was broken & it was 100% damaged.",
        "name": "Tube well",
        "name_disaster": "flood",
        "source": "survey",
        "source:date": "2018-07-12",
        "source:name": "logic_undp",
        "source_ref": "https://www.openstreetmap.org/user/aHaSaN/diary",
        "type": "Institutional"
      },
      "geometry": {
        "type": "Point",
        "coordinates": [
          89.6584227,
          25.6426139
        ]
      },
      "id": "node/5645736923"
    },
    {
      "type": "Feature",
      "properties": {
        "@id": "node/5645736930",
        "addr:district": "Kurigram",
        "addr:union": "Raniganj",
        "addr:ward": "4 no ward raniganj",
        "amenity": "drinking_water",
        "damage": "yes",
        "description": "Because of the flood its floor was broken it's 5 feet raw Tube well. it was 50% damaged by flood.",
        "name": "Tube well",
        "name_disaster": "flood",
        "source": "survey",
        "source:date": "2018-07-12",
        "source:name": "logic_undp",
        "source_ref": "https://www.openstreetmap.org/user/aHaSaN/diary",
        "type": "Institutional"
      },
      "geometry": {
        "type": "Point",
        "coordinates": [
          89.6584133,
          25.6421067
        ]
      },
      "id": "node/5645736930"
    },
    {
      "type": "Feature",
      "properties": {
        "@id": "node/5646240507",
        "addr:district": "Kurigram",
        "addr:union": "Raniganj",
        "addr:ward": "7 no ward uttor khamr",
        "amenity": "drinking_water",
        "description": "2 tola voban 1 tolai building a school & 2 tolai asroi kandro",
        "name": "Community Tube well",
        "name_disaster": "flood",
        "source": "survey",
        "source:date": "2018-07-12",
        "source:name": "logic_undp",
        "source_ref": "https://www.openstreetmap.org/user/aHaSaN/diary",
        "type": "physical"
      },
      "geometry": {
        "type": "Point",
        "coordinates": [
          89.6863235,
          25.6158116
        ]
      },
      "id": "node/5646240507"
    },
    {
      "type": "Feature",
      "properties": {
        "@id": "node/5650841532",
        "amenity": "drinking_water",
        "name:en": "Tap"
      },
      "geometry": {
        "type": "Point",
        "coordinates": [
          85.5355789,
          27.6467821
        ]
      },
      "id": "node/5650841532"
    },
    {
      "type": "Feature",
      "properties": {
        "@id": "node/5680974821",
        "amenity": "drinking_water",
        "description": "This 'spring' are artificial waterpuddles where condensation water is collected from some rocks. water be consumed only after filtering/treatment!",
        "drinking_water:legal": "no"
      },
      "geometry": {
        "type": "Point",
        "coordinates": [
          83.7440314,
          28.7657519
        ]
      },
      "id": "node/5680974821"
    },
    {
      "type": "Feature",
      "properties": {
        "@id": "node/5680976821",
        "amenity": "drinking_water",
        "name:de": "Fluss",
        "name:en": "Stream"
      },
      "geometry": {
        "type": "Point",
        "coordinates": [
          83.8047877,
          28.7529711
        ]
      },
      "id": "node/5680976821"
    },
    {
      "type": "Feature",
      "properties": {
        "@id": "node/5680976823",
        "amenity": "drinking_water",
        "name:de": "Fluss",
        "name:en": "River"
      },
      "geometry": {
        "type": "Point",
        "coordinates": [
          83.8097182,
          28.7383109
        ]
      },
      "id": "node/5680976823"
    },
    {
      "type": "Feature",
      "properties": {
        "@id": "node/5680977622",
        "amenity": "drinking_water"
      },
      "geometry": {
        "type": "Point",
        "coordinates": [
          83.8174602,
          28.7276374
        ]
      },
      "id": "node/5680977622"
    },
    {
      "type": "Feature",
      "properties": {
        "@id": "node/5680977623",
        "amenity": "drinking_water",
        "name:de": "Bach",
        "name:en": "Stream"
      },
      "geometry": {
        "type": "Point",
        "coordinates": [
          83.8228897,
          28.7229648
        ]
      },
      "id": "node/5680977623"
    },
    {
      "type": "Feature",
      "properties": {
        "@id": "node/5681010523",
        "amenity": "drinking_water",
        "check_date": "2025-08-25",
        "name:de": "Fluss",
        "name:en": "Stream",
        "natural": "spring"
      },
      "geometry": {
        "type": "Point",
        "coordinates": [
          83.9262179,
          28.6823035
        ]
      },
      "id": "node/5681010523"
    },
    {
      "type": "Feature",
      "properties": {
        "@id": "node/5694656438",
        "amenity": "drinking_water"
      },
      "geometry": {
        "type": "Point",
        "coordinates": [
          85.364771,
          27.7259727
        ]
      },
      "id": "node/5694656438"
    },
    {
      "type": "Feature",
      "properties": {
        "@id": "node/5694861455",
        "amenity": "drinking_water",
        "name": "রাম মন্দির জল",
        "name:en": "Water"
      },
      "geometry": {
        "type": "Point",
        "coordinates": [
          88.4186879,
          26.6984955
        ]
      },
      "id": "node/5694861455"
    },
    {
      "type": "Feature",
      "properties": {
        "@id": "node/5694861467",
        "amenity": "drinking_water"
      },
      "geometry": {
        "type": "Point",
        "coordinates": [
          88.4187592,
          26.7010973
        ]
      },
      "id": "node/5694861467"
    },
    {
      "type": "Feature",
      "properties": {
        "@id": "node/5694861468",
        "amenity": "drinking_water"
      },
      "geometry": {
        "type": "Point",
        "coordinates": [
          88.4186891,
          26.7020006
        ]
      },
      "id": "node/5694861468"
    },
    {
      "type": "Feature",
      "properties": {
        "@id": "node/5721686322",
        "amenity": "drinking_water",
        "name:en": "Amritpani Drinking Water Well"
      },
      "geometry": {
        "type": "Point",
        "coordinates": [
          84.5888506,
          27.6464759
        ]
      },
      "id": "node/5721686322"
    },
    {
      "type": "Feature",
      "properties": {
        "@id": "node/5778453154",
        "amenity": "drinking_water",
        "name:en": "Chiti Khanepani (चीती खानेपानी)",
        "name:hi": "चिती खानेपानी"
      },
      "geometry": {
        "type": "Point",
        "coordinates": [
          85.2456674,
          27.988034
        ]
      },
      "id": "node/5778453154"
    },
    {
      "type": "Feature",
      "properties": {
        "@id": "node/5778453253",
        "amenity": "drinking_water",
        "name:en": "Saune(साउने)"
      },
      "geometry": {
        "type": "Point",
        "coordinates": [
          85.2440989,
          27.9865379
        ]
      },
      "id": "node/5778453253"
    },
    {
      "type": "Feature",
      "properties": {
        "@id": "node/5817827169",
        "amenity": "drinking_water",
        "name:en": "Thulo Pandhera ठुलो पँधेरा"
      },
      "geometry": {
        "type": "Point",
        "coordinates": [
          85.246408,
          27.986029
        ]
      },
      "id": "node/5817827169"
    },
    {
      "type": "Feature",
      "properties": {
        "@id": "node/5850667185",
        "amenity": "drinking_water",
        "name:en": "Saune(साउने)"
      },
      "geometry": {
        "type": "Point",
        "coordinates": [
          85.2426838,
          27.9876735
        ]
      },
      "id": "node/5850667185"
    },
    {
      "type": "Feature",
      "properties": {
        "@id": "node/5883185586",
        "amenity": "drinking_water",
        "man_made": "water_well",
        "pump": "no"
      },
      "geometry": {
        "type": "Point",
        "coordinates": [
          82.2877503,
          28.1125841
        ]
      },
      "id": "node/5883185586"
    },
    {
      "type": "Feature",
      "properties": {
        "@id": "node/5905840088",
        "amenity": "drinking_water"
      },
      "geometry": {
        "type": "Point",
        "coordinates": [
          84.3703702,
          28.2523327
        ]
      },
      "id": "node/5905840088"
    },
    {
      "type": "Feature",
      "properties": {
        "@id": "node/5905841285",
        "amenity": "drinking_water"
      },
      "geometry": {
        "type": "Point",
        "coordinates": [
          84.3723741,
          28.2450876
        ]
      },
      "id": "node/5905841285"
    },
    {
      "type": "Feature",
      "properties": {
        "@id": "node/5917840973",
        "addr:city": "Ghorahi Sub Metropolitan City -17",
        "addr:street": "Okhara",
        "amenity": "drinking_water",
        "drinking_water": "yes",
        "man_made": "storage_tank"
      },
      "geometry": {
        "type": "Point",
        "coordinates": [
          82.4865586,
          27.9979906
        ]
      },
      "id": "node/5917840973"
    },
    {
      "type": "Feature",
      "properties": {
        "@id": "node/5975621980",
        "amenity": "drinking_water",
        "drinking_water": "yes",
        "man_made": "water_tap",
        "operator:type": "public",
        "source": "Yoyo preset"
      },
      "geometry": {
        "type": "Point",
        "coordinates": [
          83.7374698,
          28.2871868
        ]
      },
      "id": "node/5975621980"
    },
    {
      "type": "Feature",
      "properties": {
        "@id": "node/5975622086",
        "access": "yes",
        "amenity": "drinking_water",
        "drinking_water": "no",
        "man_made": "storage_tank",
        "operator": "public",
        "source": "Yoyo preset"
      },
      "geometry": {
        "type": "Point",
        "coordinates": [
          83.7374081,
          28.285273
        ]
      },
      "id": "node/5975622086"
    },
    {
      "type": "Feature",
      "properties": {
        "@id": "node/5975622087",
        "amenity": "drinking_water",
        "drinking_water": "yes",
        "man_made": "water_tap",
        "operator:type": "public",
        "source": "Yoyo preset"
      },
      "geometry": {
        "type": "Point",
        "coordinates": [
          83.7377957,
          28.2847327
        ]
      },
      "id": "node/5975622087"
    },
    {
      "type": "Feature",
      "properties": {
        "@id": "node/6017827212",
        "addr:district": "kurigram",
        "addr:union": "Bandabeer",
        "addr:ward": "1 no ward",
        "amenity": "drinking_water",
        "description": "Clinic Tube well",
        "name": "Tapurre Community Clinic Tube well",
        "source": "survey",
        "source:date": "09/27/2018",
        "source:name": "logic_undp",
        "source_ref": "https://www.openstreetmap.org/user/aHaSaN/diary"
      },
      "geometry": {
        "type": "Point",
        "coordinates": [
          89.8371309,
          25.6214209
        ]
      },
      "id": "node/6017827212"
    },
    {
      "type": "Feature",
      "properties": {
        "@id": "node/6033911745",
        "addr:city": "Arun Rural Municipality 6",
        "amenity": "drinking_water",
        "drinking_water": "yes",
        "man_made": "storage_tank"
      },
      "geometry": {
        "type": "Point",
        "coordinates": [
          87.228511,
          27.1453977
        ]
      },
      "id": "node/6033911745"
    },
    {
      "type": "Feature",
      "properties": {
        "@id": "node/6035782469",
        "addr:city": "Arun Rural Municipality 6",
        "addr:place": "Khamare",
        "amenity": "drinking_water",
        "drinking_water": "yes",
        "man_made": "storage_tank"
      },
      "geometry": {
        "type": "Point",
        "coordinates": [
          87.2291493,
          27.1536616
        ]
      },
      "id": "node/6035782469"
    },
    {
      "type": "Feature",
      "properties": {
        "@id": "node/6035782482",
        "addr:city": "Arun Rural Municipality 6",
        "addr:place": "Khamare",
        "amenity": "drinking_water",
        "drinking_water": "yes",
        "man_made": "water_well",
        "operator:type": "public"
      },
      "geometry": {
        "type": "Point",
        "coordinates": [
          87.2310296,
          27.1522392
        ]
      },
      "id": "node/6035782482"
    },
    {
      "type": "Feature",
      "properties": {
        "@id": "node/6035783538",
        "addr:city": "Arun Rural Municipality 6",
        "addr:place": "Badhaure",
        "amenity": "drinking_water",
        "drinking_water": "yes",
        "man_made": "water_well",
        "operator:type": "public"
      },
      "geometry": {
        "type": "Point",
        "coordinates": [
          87.2292513,
          27.1506485
        ]
      },
      "id": "node/6035783538"
    },
    {
      "type": "Feature",
      "properties": {
        "@id": "node/6035789861",
        "addr:city": "Arun Rural Municipality 6",
        "addr:place": "Khamare",
        "amenity": "drinking_water",
        "drinking_water": "yes"
      },
      "geometry": {
        "type": "Point",
        "coordinates": [
          87.2301579,
          27.1491533
        ]
      },
      "id": "node/6035789861"
    },
    {
      "type": "Feature",
      "properties": {
        "@id": "node/6035835469",
        "addr:city": "Arun Rural Municipality 6",
        "addr:place": "Palpale",
        "amenity": "drinking_water",
        "drinking_water": "yes",
        "man_made": "water_tap",
        "operator:type": "public"
      },
      "geometry": {
        "type": "Point",
        "coordinates": [
          87.2320206,
          27.1540375
        ]
      },
      "id": "node/6035835469"
    },
    {
      "type": "Feature",
      "properties": {
        "@id": "node/6035842816",
        "addr:city": "Arun Rural Municipality 6",
        "addr:place": "Palpale",
        "amenity": "drinking_water",
        "drinking_water": "yes",
        "man_made": "water_tap",
        "operator:type": "public"
      },
      "geometry": {
        "type": "Point",
        "coordinates": [
          87.2304086,
          27.1553358
        ]
      },
      "id": "node/6035842816"
    },
    {
      "type": "Feature",
      "properties": {
        "@id": "node/6038799487",
        "access": "yes",
        "amenity": "drinking_water",
        "drinking_water": "no",
        "man_made": "storage_tank",
        "source": "Yoyo preset"
      },
      "geometry": {
        "type": "Point",
        "coordinates": [
          83.7219173,
          28.2680285
        ]
      },
      "id": "node/6038799487"
    },
    {
      "type": "Feature",
      "properties": {
        "@id": "node/6038799489",
        "amenity": "drinking_water",
        "name:ne": "धारा"
      },
      "geometry": {
        "type": "Point",
        "coordinates": [
          83.7213179,
          28.268356
        ]
      },
      "id": "node/6038799489"
    },
    {
      "type": "Feature",
      "properties": {
        "@id": "node/6038799491",
        "amenity": "drinking_water",
        "name:ne": "धारा"
      },
      "geometry": {
        "type": "Point",
        "coordinates": [
          83.7200159,
          28.2694574
        ]
      },
      "id": "node/6038799491"
    },
    {
      "type": "Feature",
      "properties": {
        "@id": "node/6038799496",
        "amenity": "drinking_water",
        "name:ne": "धारा"
      },
      "geometry": {
        "type": "Point",
        "coordinates": [
          83.7194051,
          28.2699842
        ]
      },
      "id": "node/6038799496"
    },
    {
      "type": "Feature",
      "properties": {
        "@id": "node/6038799501",
        "amenity": "drinking_water",
        "name:ne": "धारा"
      },
      "geometry": {
        "type": "Point",
        "coordinates": [
          83.7192384,
          28.2704136
        ]
      },
      "id": "node/6038799501"
    },
    {
      "type": "Feature",
      "properties": {
        "@id": "node/6038799508",
        "access": "yes",
        "amenity": "drinking_water",
        "drinking_water": "no",
        "man_made": "storage_tank",
        "source": "Yoyo preset"
      },
      "geometry": {
        "type": "Point",
        "coordinates": [
          83.7193025,
          28.2705093
        ]
      },
      "id": "node/6038799508"
    },
    {
      "type": "Feature",
      "properties": {
        "@id": "node/6041496885",
        "amenity": "drinking_water",
        "fountain": "drinking"
      },
      "geometry": {
        "type": "Point",
        "coordinates": [
          83.6998574,
          28.4025647
        ]
      },
      "id": "node/6041496885"
    },
    {
      "type": "Feature",
      "properties": {
        "@id": "node/6052291839",
        "amenity": "drinking_water"
      },
      "geometry": {
        "type": "Point",
        "coordinates": [
          83.7204196,
          28.3029029
        ]
      },
      "id": "node/6052291839"
    },
    {
      "type": "Feature",
      "properties": {
        "@id": "node/6052291846",
        "amenity": "drinking_water"
      },
      "geometry": {
        "type": "Point",
        "coordinates": [
          83.7208655,
          28.3022293
        ]
      },
      "id": "node/6052291846"
    },
    {
      "type": "Feature",
      "properties": {
        "@id": "node/6052291985",
        "amenity": "drinking_water"
      },
      "geometry": {
        "type": "Point",
        "coordinates": [
          83.7216709,
          28.3017617
        ]
      },
      "id": "node/6052291985"
    },
    {
      "type": "Feature",
      "properties": {
        "@id": "node/6052292168",
        "amenity": "drinking_water"
      },
      "geometry": {
        "type": "Point",
        "coordinates": [
          83.723356,
          28.3030889
        ]
      },
      "id": "node/6052292168"
    },
    {
      "type": "Feature",
      "properties": {
        "@id": "node/6052292197",
        "amenity": "drinking_water"
      },
      "geometry": {
        "type": "Point",
        "coordinates": [
          83.7322569,
          28.2995654
        ]
      },
      "id": "node/6052292197"
    },
    {
      "type": "Feature",
      "properties": {
        "@id": "node/6052292199",
        "amenity": "drinking_water"
      },
      "geometry": {
        "type": "Point",
        "coordinates": [
          83.7319176,
          28.2993009
        ]
      },
      "id": "node/6052292199"
    },
    {
      "type": "Feature",
      "properties": {
        "@id": "node/6052292213",
        "amenity": "drinking_water"
      },
      "geometry": {
        "type": "Point",
        "coordinates": [
          83.7318063,
          28.2989632
        ]
      },
      "id": "node/6052292213"
    },
    {
      "type": "Feature",
      "properties": {
        "@id": "node/6052292215",
        "amenity": "drinking_water",
        "drinking_water": "yes",
        "man_made": "water_tap",
        "operator:type": "public",
        "source": "Yoyo preset"
      },
      "geometry": {
        "type": "Point",
        "coordinates": [
          83.7324326,
          28.2984029
        ]
      },
      "id": "node/6052292215"
    },
    {
      "type": "Feature",
      "properties": {
        "@id": "node/6052292287",
        "amenity": "drinking_water"
      },
      "geometry": {
        "type": "Point",
        "coordinates": [
          83.7309735,
          28.2948692
        ]
      },
      "id": "node/6052292287"
    },
    {
      "type": "Feature",
      "properties": {
        "@id": "node/6052319888",
        "amenity": "drinking_water"
      },
      "geometry": {
        "type": "Point",
        "coordinates": [
          83.6983907,
          28.3102448
        ]
      },
      "id": "node/6052319888"
    },
    {
      "type": "Feature",
      "properties": {
        "@id": "node/6052320017",
        "amenity": "drinking_water"
      },
      "geometry": {
        "type": "Point",
        "coordinates": [
          83.7083443,
          28.3055915
        ]
      },
      "id": "node/6052320017"
    },
    {
      "type": "Feature",
      "properties": {
        "@id": "node/6052369444",
        "amenity": "drinking_water"
      },
      "geometry": {
        "type": "Point",
        "coordinates": [
          83.6967055,
          28.3025434
        ]
      },
      "id": "node/6052369444"
    },
    {
      "type": "Feature",
      "properties": {
        "@id": "node/6052369462",
        "amenity": "drinking_water"
      },
      "geometry": {
        "type": "Point",
        "coordinates": [
          83.6986797,
          28.309351
        ]
      },
      "id": "node/6052369462"
    },
    {
      "type": "Feature",
      "properties": {
        "@id": "node/6052766622",
        "access": "yes",
        "amenity": "drinking_water",
        "drinking_water": "yes",
        "man_made": "storage_tank",
        "source": "Yoyo preset"
      },
      "geometry": {
        "type": "Point",
        "coordinates": [
          83.6747195,
          28.3193803
        ]
      },
      "id": "node/6052766622"
    },
    {
      "type": "Feature",
      "properties": {
        "@id": "node/6052975845",
        "amenity": "drinking_water"
      },
      "geometry": {
        "type": "Point",
        "coordinates": [
          83.7093408,
          28.2767508
        ]
      },
      "id": "node/6052975845"
    },
    {
      "type": "Feature",
      "properties": {
        "@id": "node/6052976425",
        "amenity": "drinking_water",
        "drinking_water": "yes",
        "man_made": "water_tap",
        "operator:type": "public",
        "source": "Yoyo preset"
      },
      "geometry": {
        "type": "Point",
        "coordinates": [
          83.7102815,
          28.2790739
        ]
      },
      "id": "node/6052976425"
    },
    {
      "type": "Feature",
      "properties": {
        "@id": "node/6052976427",
        "amenity": "drinking_water"
      },
      "geometry": {
        "type": "Point",
        "coordinates": [
          83.7079246,
          28.2794578
        ]
      },
      "id": "node/6052976427"
    },
    {
      "type": "Feature",
      "properties": {
        "@id": "node/6053881282",
        "amenity": "drinking_water",
        "drinking_water": "yes",
        "man_made": "water_tap",
        "operator:type": "public",
        "source": "Yoyo preset"
      },
      "geometry": {
        "type": "Point",
        "coordinates": [
          83.7439346,
          28.2995713
        ]
      },
      "id": "node/6053881282"
    },
    {
      "type": "Feature",
      "properties": {
        "@id": "node/6053918645",
        "amenity": "drinking_water"
      },
      "geometry": {
        "type": "Point",
        "coordinates": [
          83.7553735,
          28.312491
        ]
      },
      "id": "node/6053918645"
    },
    {
      "type": "Feature",
      "properties": {
        "@id": "node/6053918809",
        "amenity": "drinking_water"
      },
      "geometry": {
        "type": "Point",
        "coordinates": [
          83.7584292,
          28.3084206
        ]
      },
      "id": "node/6053918809"
    },
    {
      "type": "Feature",
      "properties": {
        "@id": "node/6053957386",
        "amenity": "drinking_water"
      },
      "geometry": {
        "type": "Point",
        "coordinates": [
          83.7446629,
          28.3185303
        ]
      },
      "id": "node/6053957386"
    },
    {
      "type": "Feature",
      "properties": {
        "@id": "node/6054179823",
        "amenity": "drinking_water"
      },
      "geometry": {
        "type": "Point",
        "coordinates": [
          83.7321072,
          28.3374885
        ]
      },
      "id": "node/6054179823"
    },
    {
      "type": "Feature",
      "properties": {
        "@id": "node/6054421476",
        "access": "yes",
        "amenity": "drinking_water",
        "drinking_water": "no",
        "man_made": "storage_tank",
        "source": "Yoyo preset"
      },
      "geometry": {
        "type": "Point",
        "coordinates": [
          83.7342069,
          28.3365634
        ]
      },
      "id": "node/6054421476"
    },
    {
      "type": "Feature",
      "properties": {
        "@id": "node/6054712735",
        "amenity": "drinking_water",
        "man_made": "water_tap",
        "operator:type": "public",
        "source": "Yoyo preset"
      },
      "geometry": {
        "type": "Point",
        "coordinates": [
          83.6830276,
          28.265051
        ]
      },
      "id": "node/6054712735"
    },
    {
      "type": "Feature",
      "properties": {
        "@id": "node/6054805727",
        "amenity": "drinking_water",
        "drinking_water": "yes",
        "man_made": "water_tap",
        "operator:type": "public",
        "source": "Yoyo preset"
      },
      "geometry": {
        "type": "Point",
        "coordinates": [
          83.7434198,
          28.2922395
        ]
      },
      "id": "node/6054805727"
    },
    {
      "type": "Feature",
      "properties": {
        "@id": "node/6054954323",
        "access": "yes",
        "amenity": "drinking_water",
        "drinking_water": "no",
        "man_made": "storage_tank",
        "source": "Yoyo preset"
      },
      "geometry": {
        "type": "Point",
        "coordinates": [
          83.7557276,
          28.2967456
        ]
      },
      "id": "node/6054954323"
    },
    {
      "type": "Feature",
      "properties": {
        "@id": "node/6055190710",
        "amenity": "drinking_water"
      },
      "geometry": {
        "type": "Point",
        "coordinates": [
          83.7695503,
          28.3085983
        ]
      },
      "id": "node/6055190710"
    },
    {
      "type": "Feature",
      "properties": {
        "@id": "node/6055190797",
        "access": "yes",
        "amenity": "drinking_water",
        "drinking_water": "yes",
        "man_made": "storage_tank",
        "source": "Yoyo preset"
      },
      "geometry": {
        "type": "Point",
        "coordinates": [
          83.760341,
          28.3059833
        ]
      },
      "id": "node/6055190797"
    },
    {
      "type": "Feature",
      "properties": {
        "@id": "node/6055190824",
        "amenity": "drinking_water"
      },
      "geometry": {
        "type": "Point",
        "coordinates": [
          83.7633571,
          28.3083562
        ]
      },
      "id": "node/6055190824"
    },
    {
      "type": "Feature",
      "properties": {
        "@id": "node/6055190982",
        "amenity": "drinking_water"
      },
      "geometry": {
        "type": "Point",
        "coordinates": [
          83.7484092,
          28.3102654
        ]
      },
      "id": "node/6055190982"
    },
    {
      "type": "Feature",
      "properties": {
        "@id": "node/6055190983",
        "amenity": "drinking_water"
      },
      "geometry": {
        "type": "Point",
        "coordinates": [
          83.7480927,
          28.3103469
        ]
      },
      "id": "node/6055190983"
    },
    {
      "type": "Feature",
      "properties": {
        "@id": "node/6055191201",
        "access": "yes",
        "amenity": "drinking_water",
        "drinking_water": "yes",
        "man_made": "storage_tank",
        "source": "Yoyo preset"
      },
      "geometry": {
        "type": "Point",
        "coordinates": [
          83.7456103,
          28.311216
        ]
      },
      "id": "node/6055191201"
    },
    {
      "type": "Feature",
      "properties": {
        "@id": "node/6055191525",
        "amenity": "drinking_water"
      },
      "geometry": {
        "type": "Point",
        "coordinates": [
          83.7297219,
          28.3214626
        ]
      },
      "id": "node/6055191525"
    },
    {
      "type": "Feature",
      "properties": {
        "@id": "node/6055191528",
        "access": "yes",
        "amenity": "drinking_water",
        "man_made": "storage_tank",
        "source": "Yoyo preset"
      },
      "geometry": {
        "type": "Point",
        "coordinates": [
          83.7308098,
          28.3217932
        ]
      },
      "id": "node/6055191528"
    },
    {
      "type": "Feature",
      "properties": {
        "@id": "node/6055224160",
        "amenity": "drinking_water"
      },
      "geometry": {
        "type": "Point",
        "coordinates": [
          83.7494391,
          28.3112913
        ]
      },
      "id": "node/6055224160"
    },
    {
      "type": "Feature",
      "properties": {
        "@id": "node/6055224166",
        "amenity": "drinking_water",
        "drinking_water": "yes",
        "man_made": "water_tap",
        "operator:type": "public",
        "source": "Yoyo preset"
      },
      "geometry": {
        "type": "Point",
        "coordinates": [
          83.7496007,
          28.3104384
        ]
      },
      "id": "node/6055224166"
    },
    {
      "type": "Feature",
      "properties": {
        "@id": "node/6055317351",
        "amenity": "drinking_water",
        "drinking_water": "no",
        "man_made": "water_tap",
        "operator:type": "public",
        "source": "Yoyo preset"
      },
      "geometry": {
        "type": "Point",
        "coordinates": [
          83.7095097,
          28.2804776
        ]
      },
      "id": "node/6055317351"
    },
    {
      "type": "Feature",
      "properties": {
        "@id": "node/6055556940",
        "access": "yes",
        "amenity": "drinking_water",
        "drinking_water": "no",
        "man_made": "storage_tank",
        "source": "Yoyo preset"
      },
      "geometry": {
        "type": "Point",
        "coordinates": [
          83.7365625,
          28.2723524
        ]
      },
      "id": "node/6055556940"
    },
    {
      "type": "Feature",
      "properties": {
        "@id": "node/6056242685",
        "amenity": "drinking_water"
      },
      "geometry": {
        "type": "Point",
        "coordinates": [
          83.7523621,
          28.2280648
        ]
      },
      "id": "node/6056242685"
    },
    {
      "type": "Feature",
      "properties": {
        "@id": "node/6056242691",
        "amenity": "drinking_water"
      },
      "geometry": {
        "type": "Point",
        "coordinates": [
          83.7518399,
          28.2307838
        ]
      },
      "id": "node/6056242691"
    },
    {
      "type": "Feature",
      "properties": {
        "@id": "node/6056242692",
        "amenity": "drinking_water"
      },
      "geometry": {
        "type": "Point",
        "coordinates": [
          83.7425935,
          28.2337317
        ]
      },
      "id": "node/6056242692"
    },
    {
      "type": "Feature",
      "properties": {
        "@id": "node/6056242693",
        "amenity": "drinking_water"
      },
      "geometry": {
        "type": "Point",
        "coordinates": [
          83.7394063,
          28.2343307
        ]
      },
      "id": "node/6056242693"
    },
    {
      "type": "Feature",
      "properties": {
        "@id": "node/6056242704",
        "amenity": "drinking_water",
        "man_made": "water_tap",
        "operator:type": "public",
        "source": "Yoyo preset"
      },
      "geometry": {
        "type": "Point",
        "coordinates": [
          83.7411628,
          28.2385626
        ]
      },
      "id": "node/6056242704"
    },
    {
      "type": "Feature",
      "properties": {
        "@id": "node/6056475997",
        "amenity": "drinking_water"
      },
      "geometry": {
        "type": "Point",
        "coordinates": [
          83.7496175,
          28.226791
        ]
      },
      "id": "node/6056475997"
    },
    {
      "type": "Feature",
      "properties": {
        "@id": "node/6056493318",
        "amenity": "drinking_water"
      },
      "geometry": {
        "type": "Point",
        "coordinates": [
          83.712882,
          28.288007
        ]
      },
      "id": "node/6056493318"
    },
    {
      "type": "Feature",
      "properties": {
        "@id": "node/6056493319",
        "amenity": "drinking_water",
        "drinking_water": "yes",
        "man_made": "water_tap",
        "operator:type": "public",
        "source": "Yoyo preset"
      },
      "geometry": {
        "type": "Point",
        "coordinates": [
          83.7129346,
          28.2888197
        ]
      },
      "id": "node/6056493319"
    },
    {
      "type": "Feature",
      "properties": {
        "@id": "node/6056644007",
        "amenity": "drinking_water",
        "drinking_water": "yes",
        "man_made": "water_tap",
        "operator:type": "public",
        "source": "Yoyo preset"
      },
      "geometry": {
        "type": "Point",
        "coordinates": [
          83.7463666,
          28.2666439
        ]
      },
      "id": "node/6056644007"
    },
    {
      "type": "Feature",
      "properties": {
        "@id": "node/6056762493",
        "amenity": "drinking_water",
        "drinking_water": "yes",
        "man_made": "water_tap",
        "operator:type": "public",
        "source": "Yoyo preset"
      },
      "geometry": {
        "type": "Point",
        "coordinates": [
          83.7646526,
          28.230737
        ]
      },
      "id": "node/6056762493"
    },
    {
      "type": "Feature",
      "properties": {
        "@id": "node/6056800878",
        "amenity": "drinking_water",
        "drinking_water": "yes",
        "man_made": "water_tap",
        "operator:type": "public",
        "source": "Yoyo preset"
      },
      "geometry": {
        "type": "Point",
        "coordinates": [
          83.7071568,
          28.2736191
        ]
      },
      "id": "node/6056800878"
    },
    {
      "type": "Feature",
      "properties": {
        "@id": "node/6056802190",
        "amenity": "drinking_water"
      },
      "geometry": {
        "type": "Point",
        "coordinates": [
          83.7078736,
          28.2740042
        ]
      },
      "id": "node/6056802190"
    },
    {
      "type": "Feature",
      "properties": {
        "@id": "node/6056802981",
        "amenity": "drinking_water"
      },
      "geometry": {
        "type": "Point",
        "coordinates": [
          83.7105833,
          28.2752532
        ]
      },
      "id": "node/6056802981"
    },
    {
      "type": "Feature",
      "properties": {
        "@id": "node/6056856063",
        "access": "yes",
        "amenity": "drinking_water",
        "drinking_water": "no",
        "man_made": "storage_tank",
        "source": "Yoyo preset"
      },
      "geometry": {
        "type": "Point",
        "coordinates": [
          83.7333713,
          28.2739693
        ]
      },
      "id": "node/6056856063"
    },
    {
      "type": "Feature",
      "properties": {
        "@id": "node/6056856074",
        "access": "yes",
        "amenity": "drinking_water",
        "drinking_water": "no",
        "man_made": "storage_tank",
        "source": "Yoyo preset"
      },
      "geometry": {
        "type": "Point",
        "coordinates": [
          83.7303579,
          28.2707189
        ]
      },
      "id": "node/6056856074"
    },
    {
      "type": "Feature",
      "properties": {
        "@id": "node/6056858576",
        "access": "yes",
        "amenity": "drinking_water",
        "drinking_water": "no",
        "man_made": "storage_tank",
        "source": "Yoyo preset"
      },
      "geometry": {
        "type": "Point",
        "coordinates": [
          83.7281964,
          28.2746895
        ]
      },
      "id": "node/6056858576"
    },
    {
      "type": "Feature",
      "properties": {
        "@id": "node/6056858578",
        "access": "yes",
        "amenity": "drinking_water",
        "drinking_water": "no",
        "man_made": "storage_tank",
        "source": "Yoyo preset"
      },
      "geometry": {
        "type": "Point",
        "coordinates": [
          83.7269032,
          28.2746555
        ]
      },
      "id": "node/6056858578"
    },
    {
      "type": "Feature",
      "properties": {
        "@id": "node/6056858584",
        "access": "yes",
        "amenity": "drinking_water",
        "drinking_water": "no",
        "man_made": "storage_tank",
        "source": "Yoyo preset"
      },
      "geometry": {
        "type": "Point",
        "coordinates": [
          83.7249336,
          28.2764981
        ]
      },
      "id": "node/6056858584"
    },
    {
      "type": "Feature",
      "properties": {
        "@id": "node/6056858806",
        "amenity": "drinking_water"
      },
      "geometry": {
        "type": "Point",
        "coordinates": [
          83.7223582,
          28.2769557
        ]
      },
      "id": "node/6056858806"
    },
    {
      "type": "Feature",
      "properties": {
        "@id": "node/6056858832",
        "amenity": "drinking_water",
        "drinking_water": "yes",
        "man_made": "water_tap",
        "operator:type": "public",
        "source": "Yoyo preset"
      },
      "geometry": {
        "type": "Point",
        "coordinates": [
          83.7207703,
          28.277287
        ]
      },
      "id": "node/6056858832"
    },
    {
      "type": "Feature",
      "properties": {
        "@id": "node/6056858882",
        "amenity": "drinking_water",
        "drinking_water": "yes",
        "man_made": "water_tap",
        "operator:type": "public",
        "source": "Yoyo preset"
      },
      "geometry": {
        "type": "Point",
        "coordinates": [
          83.7137054,
          28.2793373
        ]
      },
      "id": "node/6056858882"
    },
    {
      "type": "Feature",
      "properties": {
        "@id": "node/6056858883",
        "amenity": "drinking_water",
        "drinking_water": "yes",
        "man_made": "water_tap",
        "operator:type": "public",
        "source": "Yoyo preset"
      },
      "geometry": {
        "type": "Point",
        "coordinates": [
          83.7132655,
          28.2798203
        ]
      },
      "id": "node/6056858883"
    },
    {
      "type": "Feature",
      "properties": {
        "@id": "node/6056859085",
        "amenity": "drinking_water",
        "drinking_water": "yes",
        "man_made": "water_tap",
        "operator:type": "public",
        "source": "Yoyo preset"
      },
      "geometry": {
        "type": "Point",
        "coordinates": [
          83.7121044,
          28.2793261
        ]
      },
      "id": "node/6056859085"
    },
    {
      "type": "Feature",
      "properties": {
        "@id": "node/6057034252",
        "amenity": "drinking_water",
        "man_made": "water_tap",
        "operator:type": "public",
        "source": "Yoyo preset"
      },
      "geometry": {
        "type": "Point",
        "coordinates": [
          83.7533478,
          28.2451454
        ]
      },
      "id": "node/6057034252"
    },
    {
      "type": "Feature",
      "properties": {
        "@id": "node/6057035689",
        "amenity": "drinking_water",
        "man_made": "water_tap",
        "operator:type": "public",
        "source": "Yoyo preset"
      },
      "geometry": {
        "type": "Point",
        "coordinates": [
          83.7528495,
          28.2426927
        ]
      },
      "id": "node/6057035689"
    },
    {
      "type": "Feature",
      "properties": {
        "@id": "node/6057035722",
        "access": "yes",
        "amenity": "drinking_water",
        "emergency": "water_tank",
        "man_made": "storage_tank",
        "source": "Yoyo preset"
      },
      "geometry": {
        "type": "Point",
        "coordinates": [
          83.7449934,
          28.2398478
        ]
      },
      "id": "node/6057035722"
    },
    {
      "type": "Feature",
      "properties": {
        "@id": "node/6057035724",
        "amenity": "drinking_water",
        "man_made": "water_tap",
        "operator:type": "public",
        "source": "Yoyo preset"
      },
      "geometry": {
        "type": "Point",
        "coordinates": [
          83.7501364,
          28.238758
        ]
      },
      "id": "node/6057035724"
    },
    {
      "type": "Feature",
      "properties": {
        "@id": "node/6057035726",
        "access": "yes",
        "amenity": "drinking_water",
        "drinking_water": "no",
        "emergency": "water_tank",
        "man_made": "storage_tank",
        "source": "Yoyo preset"
      },
      "geometry": {
        "type": "Point",
        "coordinates": [
          83.7495042,
          28.2386264
        ]
      },
      "id": "node/6057035726"
    },
    {
      "type": "Feature",
      "properties": {
        "@id": "node/6057035727",
        "amenity": "drinking_water",
        "man_made": "water_tap",
        "operator:type": "public",
        "source": "Yoyo preset"
      },
      "geometry": {
        "type": "Point",
        "coordinates": [
          83.7494207,
          28.2385942
        ]
      },
      "id": "node/6057035727"
    },
    {
      "type": "Feature",
      "properties": {
        "@id": "node/6057073489",
        "amenity": "drinking_water",
        "drinking_water": "yes",
        "man_made": "water_tap",
        "operator:type": "public",
        "source": "Yoyo preset"
      },
      "geometry": {
        "type": "Point",
        "coordinates": [
          83.7033494,
          28.2773643
        ]
      },
      "id": "node/6057073489"
    },
    {
      "type": "Feature",
      "properties": {
        "@id": "node/6057073507",
        "access": "yes",
        "amenity": "drinking_water",
        "drinking_water": "no",
        "man_made": "storage_tank",
        "source": "Yoyo preset"
      },
      "geometry": {
        "type": "Point",
        "coordinates": [
          83.696836,
          28.2753834
        ]
      },
      "id": "node/6057073507"
    },
    {
      "type": "Feature",
      "properties": {
        "@id": "node/6057073703",
        "amenity": "drinking_water",
        "drinking_water": "yes",
        "man_made": "water_tap",
        "operator:type": "public",
        "source": "Yoyo preset"
      },
      "geometry": {
        "type": "Point",
        "coordinates": [
          83.7022027,
          28.2763374
        ]
      },
      "id": "node/6057073703"
    },
    {
      "type": "Feature",
      "properties": {
        "@id": "node/6057241866",
        "access": "yes",
        "amenity": "drinking_water",
        "drinking_water": "no",
        "emergency": "water_tank",
        "man_made": "storage_tank",
        "source": "Yoyo preset"
      },
      "geometry": {
        "type": "Point",
        "coordinates": [
          83.7446487,
          28.2567522
        ]
      },
      "id": "node/6057241866"
    },
    {
      "type": "Feature",
      "properties": {
        "@id": "node/6057241869",
        "amenity": "drinking_water",
        "man_made": "water_tap",
        "operator:type": "public",
        "source": "Yoyo preset"
      },
      "geometry": {
        "type": "Point",
        "coordinates": [
          83.7456572,
          28.2523294
        ]
      },
      "id": "node/6057241869"
    },
    {
      "type": "Feature",
      "properties": {
        "@id": "node/6057297581",
        "amenity": "drinking_water",
        "drinking_water": "yes",
        "man_made": "water_tap",
        "operator:type": "public",
        "source": "Yoyo preset"
      },
      "geometry": {
        "type": "Point",
        "coordinates": [
          83.7444298,
          28.2559932
        ]
      },
      "id": "node/6057297581"
    },
    {
      "type": "Feature",
      "properties": {
        "@id": "node/6057297582",
        "amenity": "drinking_water",
        "man_made": "water_tap",
        "operator:type": "public",
        "source": "Yoyo preset"
      },
      "geometry": {
        "type": "Point",
        "coordinates": [
          83.7464025,
          28.2581783
        ]
      },
      "id": "node/6057297582"
    },
    {
      "type": "Feature",
      "properties": {
        "@id": "node/6057298386",
        "amenity": "drinking_water",
        "man_made": "water_tap",
        "natural": "tree",
        "operator:type": "public",
        "source": "Yoyo preset"
      },
      "geometry": {
        "type": "Point",
        "coordinates": [
          83.7479317,
          28.2594136
        ]
      },
      "id": "node/6057298386"
    },
    {
      "type": "Feature",
      "properties": {
        "@id": "node/6057306193",
        "amenity": "drinking_water",
        "man_made": "water_tap",
        "operator:type": "public",
        "source": "Yoyo preset"
      },
      "geometry": {
        "type": "Point",
        "coordinates": [
          83.7438769,
          28.2498757
        ]
      },
      "id": "node/6057306193"
    },
    {
      "type": "Feature",
      "properties": {
        "@id": "node/6057306195",
        "amenity": "drinking_water",
        "drinking_water": "yes",
        "man_made": "water_tap",
        "operator:type": "public",
        "source": "Yoyo preset"
      },
      "geometry": {
        "type": "Point",
        "coordinates": [
          83.7437944,
          28.2491598
        ]
      },
      "id": "node/6057306195"
    },
    {
      "type": "Feature",
      "properties": {
        "@id": "node/6057306197",
        "amenity": "drinking_water",
        "drinking_water": "yes",
        "man_made": "water_tap",
        "operator:type": "public",
        "source": "Yoyo preset"
      },
      "geometry": {
        "type": "Point",
        "coordinates": [
          83.74511,
          28.242232
        ]
      },
      "id": "node/6057306197"
    },
    {
      "type": "Feature",
      "properties": {
        "@id": "node/6058074136",
        "amenity": "drinking_water"
      },
      "geometry": {
        "type": "Point",
        "coordinates": [
          83.7355386,
          28.2990128
        ]
      },
      "id": "node/6058074136"
    },
    {
      "type": "Feature",
      "properties": {
        "@id": "node/6058236582",
        "amenity": "drinking_water"
      },
      "geometry": {
        "type": "Point",
        "coordinates": [
          83.7198316,
          28.2698129
        ]
      },
      "id": "node/6058236582"
    },
    {
      "type": "Feature",
      "properties": {
        "@id": "node/6058237320",
        "amenity": "drinking_water",
        "drinking_water": "yes",
        "man_made": "water_tap",
        "operator:type": "public",
        "source": "Yoyo preset"
      },
      "geometry": {
        "type": "Point",
        "coordinates": [
          83.7080349,
          28.2639437
        ]
      },
      "id": "node/6058237320"
    },
    {
      "type": "Feature",
      "properties": {
        "@id": "node/6059128665",
        "amenity": "drinking_water"
      },
      "geometry": {
        "type": "Point",
        "coordinates": [
          83.7373283,
          28.2624193
        ]
      },
      "id": "node/6059128665"
    },
    {
      "type": "Feature",
      "properties": {
        "@id": "node/6059129086",
        "access": "yes",
        "amenity": "drinking_water",
        "drinking_water": "no",
        "man_made": "storage_tank",
        "source": "Yoyo preset"
      },
      "geometry": {
        "type": "Point",
        "coordinates": [
          83.7412302,
          28.2649394
        ]
      },
      "id": "node/6059129086"
    },
    {
      "type": "Feature",
      "properties": {
        "@id": "node/6059129087",
        "amenity": "drinking_water"
      },
      "geometry": {
        "type": "Point",
        "coordinates": [
          83.7411953,
          28.2649713
        ]
      },
      "id": "node/6059129087"
    },
    {
      "type": "Feature",
      "properties": {
        "@id": "node/6059170080",
        "amenity": "drinking_water",
        "drinking_water": "yes",
        "man_made": "water_tap",
        "operator:type": "public",
        "source": "Yoyo preset"
      },
      "geometry": {
        "type": "Point",
        "coordinates": [
          83.7398026,
          28.2959603
        ]
      },
      "id": "node/6059170080"
    },
    {
      "type": "Feature",
      "properties": {
        "@id": "node/6059170081",
        "amenity": "drinking_water"
      },
      "geometry": {
        "type": "Point",
        "coordinates": [
          83.7397483,
          28.2977954
        ]
      },
      "id": "node/6059170081"
    },
    {
      "type": "Feature",
      "properties": {
        "@id": "node/6059170083",
        "access": "yes",
        "amenity": "drinking_water",
        "drinking_water": "no",
        "man_made": "storage_tank",
        "source": "Yoyo preset"
      },
      "geometry": {
        "type": "Point",
        "coordinates": [
          83.7402204,
          28.2983881
        ]
      },
      "id": "node/6059170083"
    },
    {
      "type": "Feature",
      "properties": {
        "@id": "node/6059170084",
        "access": "yes",
        "amenity": "drinking_water",
        "drinking_water": "no",
        "man_made": "storage_tank",
        "source": "Yoyo preset"
      },
      "geometry": {
        "type": "Point",
        "coordinates": [
          83.7395914,
          28.2968956
        ]
      },
      "id": "node/6059170084"
    },
    {
      "type": "Feature",
      "properties": {
        "@id": "node/6059170099",
        "amenity": "drinking_water",
        "drinking_water": "yes",
        "man_made": "water_tap",
        "operator:type": "public",
        "source": "Yoyo preset"
      },
      "geometry": {
        "type": "Point",
        "coordinates": [
          83.7269609,
          28.2877779
        ]
      },
      "id": "node/6059170099"
    },
    {
      "type": "Feature",
      "properties": {
        "@id": "node/6059328163",
        "amenity": "drinking_water"
      },
      "geometry": {
        "type": "Point",
        "coordinates": [
          83.7429716,
          28.2744813
        ]
      },
      "id": "node/6059328163"
    },
    {
      "type": "Feature",
      "properties": {
        "@id": "node/6059332200",
        "amenity": "drinking_water"
      },
      "geometry": {
        "type": "Point",
        "coordinates": [
          83.7207516,
          28.2467474
        ]
      },
      "id": "node/6059332200"
    },
    {
      "type": "Feature",
      "properties": {
        "@id": "node/6059332202",
        "amenity": "drinking_water"
      },
      "geometry": {
        "type": "Point",
        "coordinates": [
          83.7210748,
          28.2470888
        ]
      },
      "id": "node/6059332202"
    },
    {
      "type": "Feature",
      "properties": {
        "@id": "node/6059332203",
        "amenity": "drinking_water"
      },
      "geometry": {
        "type": "Point",
        "coordinates": [
          83.7221088,
          28.2482938
        ]
      },
      "id": "node/6059332203"
    },
    {
      "type": "Feature",
      "properties": {
        "@id": "node/6059332205",
        "amenity": "drinking_water"
      },
      "geometry": {
        "type": "Point",
        "coordinates": [
          83.7229858,
          28.2492283
        ]
      },
      "id": "node/6059332205"
    },
    {
      "type": "Feature",
      "properties": {
        "@id": "node/6059332206",
        "amenity": "drinking_water",
        "man_made": "water_tap",
        "operator:type": "public",
        "source": "Yoyo preset"
      },
      "geometry": {
        "type": "Point",
        "coordinates": [
          83.723765,
          28.2496099
        ]
      },
      "id": "node/6059332206"
    },
    {
      "type": "Feature",
      "properties": {
        "@id": "node/6059332214",
        "amenity": "drinking_water"
      },
      "geometry": {
        "type": "Point",
        "coordinates": [
          83.7250887,
          28.2502395
        ]
      },
      "id": "node/6059332214"
    },
    {
      "type": "Feature",
      "properties": {
        "@id": "node/6059332226",
        "amenity": "drinking_water"
      },
      "geometry": {
        "type": "Point",
        "coordinates": [
          83.7224132,
          28.2506176
        ]
      },
      "id": "node/6059332226"
    },
    {
      "type": "Feature",
      "properties": {
        "@id": "node/6059332234",
        "access": "yes",
        "amenity": "drinking_water",
        "drinking_water": "no",
        "man_made": "storage_tank",
        "source": "Yoyo preset"
      },
      "geometry": {
        "type": "Point",
        "coordinates": [
          83.725774,
          28.2531457
        ]
      },
      "id": "node/6059332234"
    },
    {
      "type": "Feature",
      "properties": {
        "@id": "node/6059389379",
        "amenity": "drinking_water"
      },
      "geometry": {
        "type": "Point",
        "coordinates": [
          83.7432419,
          28.2740337
        ]
      },
      "id": "node/6059389379"
    },
    {
      "type": "Feature",
      "properties": {
        "@id": "node/6059511080",
        "amenity": "drinking_water",
        "man_made": "water_tap",
        "operator:type": "public",
        "source": "Yoyo preset"
      },
      "geometry": {
        "type": "Point",
        "coordinates": [
          83.7466999,
          28.2660072
        ]
      },
      "id": "node/6059511080"
    },
    {
      "type": "Feature",
      "properties": {
        "@id": "node/6059511164",
        "amenity": "drinking_water",
        "man_made": "water_tap",
        "operator:type": "public",
        "source": "Yoyo preset"
      },
      "geometry": {
        "type": "Point",
        "coordinates": [
          83.7469205,
          28.2677382
        ]
      },
      "id": "node/6059511164"
    },
    {
      "type": "Feature",
      "properties": {
        "@id": "node/6059511198",
        "amenity": "drinking_water"
      },
      "geometry": {
        "type": "Point",
        "coordinates": [
          83.7479305,
          28.2677224
        ]
      },
      "id": "node/6059511198"
    },
    {
      "type": "Feature",
      "properties": {
        "@id": "node/6059770121",
        "amenity": "drinking_water"
      },
      "geometry": {
        "type": "Point",
        "coordinates": [
          83.761674,
          28.2609244
        ]
      },
      "id": "node/6059770121"
    },
    {
      "type": "Feature",
      "properties": {
        "@id": "node/6059770123",
        "amenity": "drinking_water"
      },
      "geometry": {
        "type": "Point",
        "coordinates": [
          83.7609002,
          28.2611465
        ]
      },
      "id": "node/6059770123"
    },
    {
      "type": "Feature",
      "properties": {
        "@id": "node/6059770145",
        "amenity": "drinking_water"
      },
      "geometry": {
        "type": "Point",
        "coordinates": [
          83.7621488,
          28.2615552
        ]
      },
      "id": "node/6059770145"
    },
    {
      "type": "Feature",
      "properties": {
        "@id": "node/6059770146",
        "access": "yes",
        "amenity": "drinking_water",
        "drinking_water": "no",
        "emergency": "water_tank",
        "man_made": "storage_tank",
        "source": "Yoyo preset"
      },
      "geometry": {
        "type": "Point",
        "coordinates": [
          83.7622319,
          28.2615824
        ]
      },
      "id": "node/6059770146"
    },
    {
      "type": "Feature",
      "properties": {
        "@id": "node/6059771197",
        "access": "yes",
        "amenity": "drinking_water",
        "drinking_water": "no",
        "emergency": "water_tank",
        "man_made": "storage_tank",
        "source": "Yoyo preset"
      },
      "geometry": {
        "type": "Point",
        "coordinates": [
          83.7578398,
          28.265292
        ]
      },
      "id": "node/6059771197"
    },
    {
      "type": "Feature",
      "properties": {
        "@id": "node/6059771202",
        "amenity": "drinking_water"
      },
      "geometry": {
        "type": "Point",
        "coordinates": [
          83.757072,
          28.2649896
        ]
      },
      "id": "node/6059771202"
    },
    {
      "type": "Feature",
      "properties": {
        "@id": "node/6059771204",
        "amenity": "drinking_water"
      },
      "geometry": {
        "type": "Point",
        "coordinates": [
          83.7569828,
          28.2670207
        ]
      },
      "id": "node/6059771204"
    },
    {
      "type": "Feature",
      "properties": {
        "@id": "node/6059771212",
        "amenity": "drinking_water"
      },
      "geometry": {
        "type": "Point",
        "coordinates": [
          83.7559723,
          28.2765228
        ]
      },
      "id": "node/6059771212"
    },
    {
      "type": "Feature",
      "properties": {
        "@id": "node/6059771219",
        "amenity": "drinking_water"
      },
      "geometry": {
        "type": "Point",
        "coordinates": [
          83.7548538,
          28.2751327
        ]
      },
      "id": "node/6059771219"
    },
    {
      "type": "Feature",
      "properties": {
        "@id": "node/6060208336",
        "amenity": "drinking_water"
      },
      "geometry": {
        "type": "Point",
        "coordinates": [
          83.7506931,
          28.2645721
        ]
      },
      "id": "node/6060208336"
    },
    {
      "type": "Feature",
      "properties": {
        "@id": "node/6060340726",
        "amenity": "drinking_water"
      },
      "geometry": {
        "type": "Point",
        "coordinates": [
          83.7124367,
          28.2372402
        ]
      },
      "id": "node/6060340726"
    },
    {
      "type": "Feature",
      "properties": {
        "@id": "node/6060340727",
        "amenity": "drinking_water"
      },
      "geometry": {
        "type": "Point",
        "coordinates": [
          83.7145607,
          28.2369558
        ]
      },
      "id": "node/6060340727"
    },
    {
      "type": "Feature",
      "properties": {
        "@id": "node/6060373476",
        "amenity": "drinking_water",
        "drinking_water": "yes",
        "man_made": "water_tap",
        "operator:type": "public",
        "source": "Yoyo preset"
      },
      "geometry": {
        "type": "Point",
        "coordinates": [
          83.7705106,
          28.2667266
        ]
      },
      "id": "node/6060373476"
    },
    {
      "type": "Feature",
      "properties": {
        "@id": "node/6060390172",
        "access": "yes",
        "amenity": "drinking_water",
        "drinking_water": "yes",
        "emergency": "water_tank",
        "man_made": "storage_tank",
        "source": "Yoyo preset"
      },
      "geometry": {
        "type": "Point",
        "coordinates": [
          83.7736595,
          28.2579855
        ]
      },
      "id": "node/6060390172"
    },
    {
      "type": "Feature",
      "properties": {
        "@id": "node/6060390369",
        "amenity": "drinking_water",
        "man_made": "water_tap",
        "operator:type": "public",
        "source": "Yoyo preset"
      },
      "geometry": {
        "type": "Point",
        "coordinates": [
          83.7731887,
          28.258732
        ]
      },
      "id": "node/6060390369"
    },
    {
      "type": "Feature",
      "properties": {
        "@id": "node/6060390573",
        "amenity": "drinking_water",
        "man_made": "water_tap",
        "operator:type": "public",
        "source": "Yoyo preset"
      },
      "geometry": {
        "type": "Point",
        "coordinates": [
          83.7739887,
          28.2585625
        ]
      },
      "id": "node/6060390573"
    },
    {
      "type": "Feature",
      "properties": {
        "@id": "node/6060390575",
        "amenity": "drinking_water",
        "man_made": "water_tap",
        "operator:type": "public",
        "source": "Yoyo preset"
      },
      "geometry": {
        "type": "Point",
        "coordinates": [
          83.7751105,
          28.2578992
        ]
      },
      "id": "node/6060390575"
    },
    {
      "type": "Feature",
      "properties": {
        "@id": "node/6060390803",
        "amenity": "drinking_water",
        "man_made": "water_tap",
        "operator:type": "public",
        "source": "Yoyo preset"
      },
      "geometry": {
        "type": "Point",
        "coordinates": [
          83.7911414,
          28.2562017
        ]
      },
      "id": "node/6060390803"
    },
    {
      "type": "Feature",
      "properties": {
        "@id": "node/6060673448",
        "amenity": "drinking_water"
      },
      "geometry": {
        "type": "Point",
        "coordinates": [
          83.7680114,
          28.2486736
        ]
      },
      "id": "node/6060673448"
    },
    {
      "type": "Feature",
      "properties": {
        "@id": "node/6061002635",
        "amenity": "drinking_water"
      },
      "geometry": {
        "type": "Point",
        "coordinates": [
          83.7438152,
          28.2726465
        ]
      },
      "id": "node/6061002635"
    },
    {
      "type": "Feature",
      "properties": {
        "@id": "node/6062505763",
        "amenity": "drinking_water"
      },
      "geometry": {
        "type": "Point",
        "coordinates": [
          83.7454118,
          28.2706699
        ]
      },
      "id": "node/6062505763"
    },
    {
      "type": "Feature",
      "properties": {
        "@id": "node/6062535132",
        "access": "yes",
        "amenity": "drinking_water",
        "drinking_water": "no",
        "man_made": "storage_tank",
        "source": "Yoyo preset"
      },
      "geometry": {
        "type": "Point",
        "coordinates": [
          83.7442349,
          28.2814642
        ]
      },
      "id": "node/6062535132"
    },
    {
      "type": "Feature",
      "properties": {
        "@id": "node/6062535164",
        "amenity": "drinking_water",
        "drinking_water": "yes",
        "man_made": "water_tap",
        "operator:type": "public",
        "source": "Yoyo preset"
      },
      "geometry": {
        "type": "Point",
        "coordinates": [
          83.7455519,
          28.2815765
        ]
      },
      "id": "node/6062535164"
    },
    {
      "type": "Feature",
      "properties": {
        "@id": "node/6062535331",
        "amenity": "drinking_water"
      },
      "geometry": {
        "type": "Point",
        "coordinates": [
          83.7417908,
          28.2867469
        ]
      },
      "id": "node/6062535331"
    },
    {
      "type": "Feature",
      "properties": {
        "@id": "node/6062535344",
        "amenity": "drinking_water"
      },
      "geometry": {
        "type": "Point",
        "coordinates": [
          83.7412275,
          28.2865556
        ]
      },
      "id": "node/6062535344"
    },
    {
      "type": "Feature",
      "properties": {
        "@id": "node/6062535391",
        "access": "yes",
        "amenity": "drinking_water",
        "drinking_water": "no",
        "man_made": "storage_tank",
        "source": "Yoyo preset"
      },
      "geometry": {
        "type": "Point",
        "coordinates": [
          83.7381261,
          28.2878276
        ]
      },
      "id": "node/6062535391"
    },
    {
      "type": "Feature",
      "properties": {
        "@id": "node/6062535444",
        "amenity": "drinking_water",
        "drinking_water": "yes",
        "man_made": "water_tap",
        "operator:type": "public",
        "source": "Yoyo preset"
      },
      "geometry": {
        "type": "Point",
        "coordinates": [
          83.7392159,
          28.2834732
        ]
      },
      "id": "node/6062535444"
    },
    {
      "type": "Feature",
      "properties": {
        "@id": "node/6062535466",
        "amenity": "drinking_water",
        "drinking_water": "yes",
        "man_made": "water_tap",
        "operator:type": "public",
        "source": "Yoyo preset"
      },
      "geometry": {
        "type": "Point",
        "coordinates": [
          83.7377239,
          28.2837856
        ]
      },
      "id": "node/6062535466"
    },
    {
      "type": "Feature",
      "properties": {
        "@id": "node/6062535467",
        "amenity": "drinking_water",
        "drinking_water": "yes",
        "man_made": "water_tap",
        "operator:type": "public",
        "source": "Yoyo preset"
      },
      "geometry": {
        "type": "Point",
        "coordinates": [
          83.7369373,
          28.2839291
        ]
      },
      "id": "node/6062535467"
    },
    {
      "type": "Feature",
      "properties": {
        "@id": "node/6062535678",
        "access": "yes",
        "amenity": "drinking_water",
        "drinking_water": "no",
        "man_made": "storage_tank",
        "source": "Yoyo preset"
      },
      "geometry": {
        "type": "Point",
        "coordinates": [
          83.7359382,
          28.2807687
        ]
      },
      "id": "node/6062535678"
    },
    {
      "type": "Feature",
      "properties": {
        "@id": "node/6062535703",
        "amenity": "drinking_water",
        "drinking_water": "yes",
        "man_made": "water_tap",
        "operator:type": "public",
        "source": "Yoyo preset"
      },
      "geometry": {
        "type": "Point",
        "coordinates": [
          83.7343886,
          28.2804044
        ]
      },
      "id": "node/6062535703"
    },
    {
      "type": "Feature",
      "properties": {
        "@id": "node/6062750059",
        "amenity": "drinking_water"
      },
      "geometry": {
        "type": "Point",
        "coordinates": [
          83.7381765,
          28.2735146
        ]
      },
      "id": "node/6062750059"
    },
    {
      "type": "Feature",
      "properties": {
        "@id": "node/6062790503",
        "amenity": "drinking_water"
      },
      "geometry": {
        "type": "Point",
        "coordinates": [
          83.7016361,
          28.2829412
        ]
      },
      "id": "node/6062790503"
    },
    {
      "type": "Feature",
      "properties": {
        "@id": "node/6062790548",
        "amenity": "drinking_water",
        "drinking_water": "yes",
        "man_made": "water_tap",
        "operator:type": "public",
        "source": "Yoyo preset"
      },
      "geometry": {
        "type": "Point",
        "coordinates": [
          83.7022604,
          28.2820336
        ]
      },
      "id": "node/6062790548"
    },
    {
      "type": "Feature",
      "properties": {
        "@id": "node/6062790549",
        "amenity": "drinking_water",
        "drinking_water": "yes",
        "man_made": "water_tap",
        "operator:type": "public",
        "source": "Yoyo preset"
      },
      "geometry": {
        "type": "Point",
        "coordinates": [
          83.7022648,
          28.2820032
        ]
      },
      "id": "node/6062790549"
    },
    {
      "type": "Feature",
      "properties": {
        "@id": "node/6062790811",
        "amenity": "drinking_water",
        "drinking_water": "yes",
        "man_made": "water_tap",
        "operator:type": "public",
        "source": "Yoyo preset"
      },
      "geometry": {
        "type": "Point",
        "coordinates": [
          83.7047059,
          28.2836746
        ]
      },
      "id": "node/6062790811"
    },
    {
      "type": "Feature",
      "properties": {
        "@id": "node/6062790812",
        "amenity": "drinking_water",
        "drinking_water": "yes",
        "man_made": "water_tap",
        "operator:type": "public",
        "source": "Yoyo preset"
      },
      "geometry": {
        "type": "Point",
        "coordinates": [
          83.7045731,
          28.2836946
        ]
      },
      "id": "node/6062790812"
    },
    {
      "type": "Feature",
      "properties": {
        "@id": "node/6062791011",
        "amenity": "drinking_water",
        "drinking_water": "no",
        "man_made": "water_tap",
        "operator:type": "public",
        "source": "Yoyo preset"
      },
      "geometry": {
        "type": "Point",
        "coordinates": [
          83.710248,
          28.2801605
        ]
      },
      "id": "node/6062791011"
    },
    {
      "type": "Feature",
      "properties": {
        "@id": "node/6062791013",
        "amenity": "drinking_water"
      },
      "geometry": {
        "type": "Point",
        "coordinates": [
          83.7121363,
          28.2802561
        ]
      },
      "id": "node/6062791013"
    },
    {
      "type": "Feature",
      "properties": {
        "@id": "node/6062791212",
        "access": "yes",
        "amenity": "drinking_water",
        "drinking_water": "no",
        "man_made": "storage_tank",
        "source": "Yoyo preset"
      },
      "geometry": {
        "type": "Point",
        "coordinates": [
          83.7123207,
          28.2789168
        ]
      },
      "id": "node/6062791212"
    },
    {
      "type": "Feature",
      "properties": {
        "@id": "node/6062791213",
        "amenity": "drinking_water",
        "drinking_water": "yes",
        "man_made": "water_tap",
        "operator:type": "public",
        "source": "Yoyo preset"
      },
      "geometry": {
        "type": "Point",
        "coordinates": [
          83.7122929,
          28.2788994
        ]
      },
      "id": "node/6062791213"
    },
    {
      "type": "Feature",
      "properties": {
        "@id": "node/6062791226",
        "amenity": "drinking_water"
      },
      "geometry": {
        "type": "Point",
        "coordinates": [
          83.7126231,
          28.2776218
        ]
      },
      "id": "node/6062791226"
    },
    {
      "type": "Feature",
      "properties": {
        "@id": "node/6062791228",
        "amenity": "drinking_water"
      },
      "geometry": {
        "type": "Point",
        "coordinates": [
          83.7127525,
          28.2778258
        ]
      },
      "id": "node/6062791228"
    },
    {
      "type": "Feature",
      "properties": {
        "@id": "node/6062791229",
        "amenity": "drinking_water"
      },
      "geometry": {
        "type": "Point",
        "coordinates": [
          83.7127428,
          28.2777951
        ]
      },
      "id": "node/6062791229"
    },
    {
      "type": "Feature",
      "properties": {
        "@id": "node/6062925047",
        "amenity": "drinking_water",
        "drinking_water": "yes",
        "man_made": "water_tap",
        "operator:type": "public",
        "source": "Yoyo preset"
      },
      "geometry": {
        "type": "Point",
        "coordinates": [
          83.6976658,
          28.2881144
        ]
      },
      "id": "node/6062925047"
    },
    {
      "type": "Feature",
      "properties": {
        "@id": "node/6062925189",
        "amenity": "drinking_water"
      },
      "geometry": {
        "type": "Point",
        "coordinates": [
          83.7010286,
          28.2834233
        ]
      },
      "id": "node/6062925189"
    },
    {
      "type": "Feature",
      "properties": {
        "@id": "node/6063024773",
        "amenity": "drinking_water"
      },
      "geometry": {
        "type": "Point",
        "coordinates": [
          83.7321572,
          28.3068532
        ]
      },
      "id": "node/6063024773"
    },
    {
      "type": "Feature",
      "properties": {
        "@id": "node/6063025239",
        "amenity": "drinking_water"
      },
      "geometry": {
        "type": "Point",
        "coordinates": [
          83.7301286,
          28.3124938
        ]
      },
      "id": "node/6063025239"
    },
    {
      "type": "Feature",
      "properties": {
        "@id": "node/6063034242",
        "amenity": "drinking_water"
      },
      "geometry": {
        "type": "Point",
        "coordinates": [
          83.6717165,
          28.3170871
        ]
      },
      "id": "node/6063034242"
    },
    {
      "type": "Feature",
      "properties": {
        "@id": "node/6063034243",
        "amenity": "drinking_water"
      },
      "geometry": {
        "type": "Point",
        "coordinates": [
          83.6694302,
          28.3172278
        ]
      },
      "id": "node/6063034243"
    },
    {
      "type": "Feature",
      "properties": {
        "@id": "node/6063082842",
        "access": "yes",
        "amenity": "drinking_water",
        "drinking_water": "no",
        "man_made": "storage_tank",
        "source": "Yoyo preset"
      },
      "geometry": {
        "type": "Point",
        "coordinates": [
          83.7153228,
          28.2789475
        ]
      },
      "id": "node/6063082842"
    },
    {
      "type": "Feature",
      "properties": {
        "@id": "node/6063787226",
        "amenity": "drinking_water"
      },
      "geometry": {
        "type": "Point",
        "coordinates": [
          83.7384843,
          28.2735686
        ]
      },
      "id": "node/6063787226"
    },
    {
      "type": "Feature",
      "properties": {
        "@id": "node/6063863212",
        "amenity": "drinking_water"
      },
      "geometry": {
        "type": "Point",
        "coordinates": [
          83.7192448,
          28.2566019
        ]
      },
      "id": "node/6063863212"
    },
    {
      "type": "Feature",
      "properties": {
        "@id": "node/6064099416",
        "access": "yes",
        "amenity": "drinking_water",
        "drinking_water": "no",
        "man_made": "storage_tank",
        "source": "Yoyo preset"
      },
      "geometry": {
        "type": "Point",
        "coordinates": [
          83.7420624,
          28.2824829
        ]
      },
      "id": "node/6064099416"
    },
    {
      "type": "Feature",
      "properties": {
        "@id": "node/6064125414",
        "amenity": "drinking_water"
      },
      "geometry": {
        "type": "Point",
        "coordinates": [
          83.7387237,
          28.273449
        ]
      },
      "id": "node/6064125414"
    },
    {
      "type": "Feature",
      "properties": {
        "@id": "node/6064125415",
        "amenity": "drinking_water"
      },
      "geometry": {
        "type": "Point",
        "coordinates": [
          83.7393185,
          28.2731248
        ]
      },
      "id": "node/6064125415"
    },
    {
      "type": "Feature",
      "properties": {
        "@id": "node/6064125480",
        "amenity": "drinking_water"
      },
      "geometry": {
        "type": "Point",
        "coordinates": [
          83.7378993,
          28.2726184
        ]
      },
      "id": "node/6064125480"
    },
    {
      "type": "Feature",
      "properties": {
        "@id": "node/6065434742",
        "amenity": "drinking_water"
      },
      "geometry": {
        "type": "Point",
        "coordinates": [
          83.7497925,
          28.3114302
        ]
      },
      "id": "node/6065434742"
    },
    {
      "type": "Feature",
      "properties": {
        "@id": "node/6065608991",
        "amenity": "drinking_water"
      },
      "geometry": {
        "type": "Point",
        "coordinates": [
          83.7341673,
          28.323796
        ]
      },
      "id": "node/6065608991"
    },
    {
      "type": "Feature",
      "properties": {
        "@id": "node/6065622409",
        "amenity": "drinking_water"
      },
      "geometry": {
        "type": "Point",
        "coordinates": [
          83.7557517,
          28.2465294
        ]
      },
      "id": "node/6065622409"
    },
    {
      "type": "Feature",
      "properties": {
        "@id": "node/6065816617",
        "access": "yes",
        "amenity": "drinking_water",
        "drinking_water": "no",
        "man_made": "storage_tank",
        "source": "Yoyo preset"
      },
      "geometry": {
        "type": "Point",
        "coordinates": [
          83.7290959,
          28.2655489
        ]
      },
      "id": "node/6065816617"
    },
    {
      "type": "Feature",
      "properties": {
        "@id": "node/6065816619",
        "access": "yes",
        "amenity": "drinking_water",
        "drinking_water": "no",
        "man_made": "storage_tank",
        "source": "Yoyo preset"
      },
      "geometry": {
        "type": "Point",
        "coordinates": [
          83.7289524,
          28.265432
        ]
      },
      "id": "node/6065816619"
    },
    {
      "type": "Feature",
      "properties": {
        "@id": "node/6065861223",
        "amenity": "drinking_water"
      },
      "geometry": {
        "type": "Point",
        "coordinates": [
          83.730777,
          28.337722
        ]
      },
      "id": "node/6065861223"
    },
    {
      "type": "Feature",
      "properties": {
        "@id": "node/6067576339",
        "amenity": "drinking_water",
        "name:en": "Water tap (Disfunctional July 2019)"
      },
      "geometry": {
        "type": "Point",
        "coordinates": [
          84.1368552,
          28.6370059
        ]
      },
      "id": "node/6067576339"
    },
    {
      "type": "Feature",
      "properties": {
        "@id": "node/6067911067",
        "access": "yes",
        "amenity": "drinking_water",
        "drinking_water": "yes",
        "man_made": "storage_tank",
        "source": "Yoyo preset"
      },
      "geometry": {
        "type": "Point",
        "coordinates": [
          83.7296805,
          28.3215283
        ]
      },
      "id": "node/6067911067"
    },
    {
      "type": "Feature",
      "properties": {
        "@id": "node/6067927812",
        "amenity": "drinking_water"
      },
      "geometry": {
        "type": "Point",
        "coordinates": [
          83.744522,
          28.3158347
        ]
      },
      "id": "node/6067927812"
    },
    {
      "type": "Feature",
      "properties": {
        "@id": "node/6067955304",
        "amenity": "drinking_water"
      },
      "geometry": {
        "type": "Point",
        "coordinates": [
          83.7314328,
          28.3375833
        ]
      },
      "id": "node/6067955304"
    },
    {
      "type": "Feature",
      "properties": {
        "@id": "node/6068549155",
        "amenity": "drinking_water"
      },
      "geometry": {
        "type": "Point",
        "coordinates": [
          83.7722392,
          28.2544371
        ]
      },
      "id": "node/6068549155"
    },
    {
      "type": "Feature",
      "properties": {
        "@id": "node/6069905455",
        "access": "yes",
        "amenity": "drinking_water",
        "drinking_water": "no",
        "emergency": "water_tank",
        "man_made": "storage_tank",
        "source": "Yoyo preset"
      },
      "geometry": {
        "type": "Point",
        "coordinates": [
          83.7233332,
          28.2504286
        ]
      },
      "id": "node/6069905455"
    },
    {
      "type": "Feature",
      "properties": {
        "@id": "node/6070913042",
        "access": "yes",
        "amenity": "drinking_water",
        "man_made": "storage_tank",
        "source": "Yoyo preset"
      },
      "geometry": {
        "type": "Point",
        "coordinates": [
          83.72968,
          28.3215247
        ]
      },
      "id": "node/6070913042"
    },
    {
      "type": "Feature",
      "properties": {
        "@id": "node/6072070420",
        "amenity": "drinking_water",
        "drinking_water": "yes",
        "man_made": "water_tap",
        "operator:type": "public",
        "source": "Yoyo preset"
      },
      "geometry": {
        "type": "Point",
        "coordinates": [
          83.6723417,
          28.3184733
        ]
      },
      "id": "node/6072070420"
    },
    {
      "type": "Feature",
      "properties": {
        "@id": "node/6072070421",
        "amenity": "drinking_water",
        "drinking_water": "yes",
        "man_made": "water_tap",
        "operator:type": "public",
        "source": "Yoyo preset"
      },
      "geometry": {
        "type": "Point",
        "coordinates": [
          83.6726317,
          28.3157269
        ]
      },
      "id": "node/6072070421"
    },
    {
      "type": "Feature",
      "properties": {
        "@id": "node/6072070422",
        "amenity": "drinking_water",
        "drinking_water": "yes",
        "man_made": "water_tap",
        "operator:type": "public",
        "source": "Yoyo preset"
      },
      "geometry": {
        "type": "Point",
        "coordinates": [
          83.6751141,
          28.3002594
        ]
      },
      "id": "node/6072070422"
    },
    {
      "type": "Feature",
      "properties": {
        "@id": "node/6072070424",
        "amenity": "drinking_water",
        "drinking_water": "yes",
        "man_made": "water_tap",
        "operator:type": "public",
        "source": "Yoyo preset"
      },
      "geometry": {
        "type": "Point",
        "coordinates": [
          83.6743332,
          28.2979418
        ]
      },
      "id": "node/6072070424"
    },
    {
      "type": "Feature",
      "properties": {
        "@id": "node/6072070427",
        "access": "yes",
        "amenity": "drinking_water",
        "drinking_water": "yes",
        "man_made": "storage_tank",
        "source": "Yoyo preset"
      },
      "geometry": {
        "type": "Point",
        "coordinates": [
          83.6820654,
          28.2709055
        ]
      },
      "id": "node/6072070427"
    },
    {
      "type": "Feature",
      "properties": {
        "@id": "node/6072070428",
        "amenity": "drinking_water",
        "drinking_water": "yes",
        "man_made": "water_tap",
        "operator:type": "public",
        "source": "Yoyo preset"
      },
      "geometry": {
        "type": "Point",
        "coordinates": [
          83.6819351,
          28.2707249
        ]
      },
      "id": "node/6072070428"
    },
    {
      "type": "Feature",
      "properties": {
        "@id": "node/6072070434",
        "amenity": "drinking_water",
        "man_made": "water_tap",
        "operator:type": "public",
        "source": "Yoyo preset"
      },
      "geometry": {
        "type": "Point",
        "coordinates": [
          83.6824342,
          28.2705004
        ]
      },
      "id": "node/6072070434"
    },
    {
      "type": "Feature",
      "properties": {
        "@id": "node/6072070435",
        "access": "yes",
        "amenity": "drinking_water",
        "drinking_water": "yes",
        "man_made": "storage_tank",
        "source": "Yoyo preset"
      },
      "geometry": {
        "type": "Point",
        "coordinates": [
          83.6819356,
          28.2706938
        ]
      },
      "id": "node/6072070435"
    },
    {
      "type": "Feature",
      "properties": {
        "@id": "node/6072070436",
        "amenity": "drinking_water",
        "man_made": "water_tap",
        "operator:type": "public",
        "source": "Yoyo preset"
      },
      "geometry": {
        "type": "Point",
        "coordinates": [
          83.6814807,
          28.2706634
        ]
      },
      "id": "node/6072070436"
    },
    {
      "type": "Feature",
      "properties": {
        "@id": "node/6072070437",
        "access": "yes",
        "amenity": "drinking_water",
        "man_made": "storage_tank",
        "source": "Yoyo preset"
      },
      "geometry": {
        "type": "Point",
        "coordinates": [
          83.6812393,
          28.2706303
        ]
      },
      "id": "node/6072070437"
    },
    {
      "type": "Feature",
      "properties": {
        "@id": "node/6072070440",
        "amenity": "drinking_water",
        "man_made": "water_tap",
        "operator:type": "public",
        "source": "Yoyo preset"
      },
      "geometry": {
        "type": "Point",
        "coordinates": [
          83.6809311,
          28.270844
        ]
      },
      "id": "node/6072070440"
    },
    {
      "type": "Feature",
      "properties": {
        "@id": "node/6072070441",
        "access": "yes",
        "amenity": "drinking_water",
        "man_made": "storage_tank",
        "source": "Yoyo preset"
      },
      "geometry": {
        "type": "Point",
        "coordinates": [
          83.680928,
          28.2708475
        ]
      },
      "id": "node/6072070441"
    },
    {
      "type": "Feature",
      "properties": {
        "@id": "node/6072070444",
        "amenity": "drinking_water",
        "man_made": "water_tap",
        "operator:type": "public",
        "source": "Yoyo preset"
      },
      "geometry": {
        "type": "Point",
        "coordinates": [
          83.6816436,
          28.2683353
        ]
      },
      "id": "node/6072070444"
    },
    {
      "type": "Feature",
      "properties": {
        "@id": "node/6072070445",
        "access": "yes",
        "amenity": "drinking_water",
        "drinking_water": "yes",
        "man_made": "storage_tank",
        "source": "Yoyo preset"
      },
      "geometry": {
        "type": "Point",
        "coordinates": [
          83.6823879,
          28.2670502
        ]
      },
      "id": "node/6072070445"
    },
    {
      "type": "Feature",
      "properties": {
        "@id": "node/6072070446",
        "amenity": "drinking_water",
        "man_made": "water_tap",
        "operator:type": "public",
        "source": "Yoyo preset"
      },
      "geometry": {
        "type": "Point",
        "coordinates": [
          83.6824188,
          28.2669392
        ]
      },
      "id": "node/6072070446"
    },
    {
      "type": "Feature",
      "properties": {
        "@id": "node/6072070447",
        "amenity": "drinking_water",
        "man_made": "water_tap",
        "operator:type": "public",
        "source": "Yoyo preset"
      },
      "geometry": {
        "type": "Point",
        "coordinates": [
          83.6828885,
          28.2642236
        ]
      },
      "id": "node/6072070447"
    },
    {
      "type": "Feature",
      "properties": {
        "@id": "node/6072243028",
        "amenity": "drinking_water",
        "drinking_water": "yes",
        "man_made": "water_tap",
        "operator:type": "private",
        "source": "Yoyo preset"
      },
      "geometry": {
        "type": "Point",
        "coordinates": [
          83.7220336,
          28.303331
        ]
      },
      "id": "node/6072243028"
    },
    {
      "type": "Feature",
      "properties": {
        "@id": "node/6072268357",
        "amenity": "drinking_water",
        "drinking_water": "yes",
        "man_made": "water_tap",
        "operator:type": "public",
        "source": "Yoyo preset"
      },
      "geometry": {
        "type": "Point",
        "coordinates": [
          83.7207341,
          28.301927
        ]
      },
      "id": "node/6072268357"
    },
    {
      "type": "Feature",
      "properties": {
        "@id": "node/6072316192",
        "amenity": "drinking_water",
        "drinking_water": "yes",
        "man_made": "water_tap",
        "operator:type": "public",
        "source": "Yoyo preset"
      },
      "geometry": {
        "type": "Point",
        "coordinates": [
          83.7654626,
          28.2562017
        ]
      },
      "id": "node/6072316192"
    },
    {
      "type": "Feature",
      "properties": {
        "@id": "node/6072350255",
        "access": "yes",
        "amenity": "drinking_water",
        "drinking_water": "no",
        "man_made": "storage_tank",
        "source": "Yoyo preset"
      },
      "geometry": {
        "type": "Point",
        "coordinates": [
          83.7267905,
          28.287844
        ]
      },
      "id": "node/6072350255"
    },
    {
      "type": "Feature",
      "properties": {
        "@id": "node/6072365785",
        "amenity": "drinking_water",
        "drinking_water": "yes",
        "man_made": "water_tap",
        "operator:type": "public",
        "source": "Yoyo preset"
      },
      "geometry": {
        "type": "Point",
        "coordinates": [
          83.6736701,
          28.31987
        ]
      },
      "id": "node/6072365785"
    },
    {
      "type": "Feature",
      "properties": {
        "@id": "node/6072365786",
        "amenity": "drinking_water",
        "drinking_water": "yes",
        "man_made": "water_tap",
        "operator:type": "public",
        "source": "Yoyo preset"
      },
      "geometry": {
        "type": "Point",
        "coordinates": [
          83.6765598,
          28.3188464
        ]
      },
      "id": "node/6072365786"
    },
    {
      "type": "Feature",
      "properties": {
        "@id": "node/6072365787",
        "amenity": "drinking_water",
        "man_made": "water_tap",
        "operator:type": "public",
        "source": "Yoyo preset"
      },
      "geometry": {
        "type": "Point",
        "coordinates": [
          83.6761979,
          28.3192204
        ]
      },
      "id": "node/6072365787"
    },
    {
      "type": "Feature",
      "properties": {
        "@id": "node/6072365788",
        "amenity": "drinking_water",
        "drinking_water": "yes",
        "man_made": "water_tap",
        "operator:type": "public",
        "source": "Yoyo preset"
      },
      "geometry": {
        "type": "Point",
        "coordinates": [
          83.6752801,
          28.3192018
        ]
      },
      "id": "node/6072365788"
    },
    {
      "type": "Feature",
      "properties": {
        "@id": "node/6072365789",
        "amenity": "drinking_water",
        "drinking_water": "yes",
        "man_made": "water_tap",
        "operator:type": "public",
        "source": "Yoyo preset"
      },
      "geometry": {
        "type": "Point",
        "coordinates": [
          83.6730149,
          28.3187685
        ]
      },
      "id": "node/6072365789"
    },
    {
      "type": "Feature",
      "properties": {
        "@id": "node/6072437642",
        "access": "yes",
        "amenity": "drinking_water",
        "man_made": "storage_tank",
        "source": "Yoyo preset"
      },
      "geometry": {
        "type": "Point",
        "coordinates": [
          83.7372927,
          28.2309768
        ]
      },
      "id": "node/6072437642"
    },
    {
      "type": "Feature",
      "properties": {
        "@id": "node/6072486818",
        "amenity": "drinking_water",
        "drinking_water": "yes",
        "man_made": "water_tap",
        "operator:type": "public",
        "source": "Yoyo preset"
      },
      "geometry": {
        "type": "Point",
        "coordinates": [
          83.6842276,
          28.2873604
        ]
      },
      "id": "node/6072486818"
    },
    {
      "type": "Feature",
      "properties": {
        "@id": "node/6072486819",
        "amenity": "drinking_water",
        "drinking_water": "yes",
        "man_made": "water_tap",
        "operator:type": "public",
        "source": "Yoyo preset"
      },
      "geometry": {
        "type": "Point",
        "coordinates": [
          83.6846792,
          28.2875576
        ]
      },
      "id": "node/6072486819"
    },
    {
      "type": "Feature",
      "properties": {
        "@id": "node/6072486826",
        "amenity": "drinking_water",
        "drinking_water": "yes",
        "man_made": "water_tap",
        "operator:type": "public",
        "source": "Yoyo preset"
      },
      "geometry": {
        "type": "Point",
        "coordinates": [
          83.6902113,
          28.289802
        ]
      },
      "id": "node/6072486826"
    },
    {
      "type": "Feature",
      "properties": {
        "@id": "node/6072486827",
        "amenity": "drinking_water",
        "drinking_water": "yes",
        "man_made": "water_tap",
        "operator:type": "public",
        "source": "Yoyo preset"
      },
      "geometry": {
        "type": "Point",
        "coordinates": [
          83.6911842,
          28.2895935
        ]
      },
      "id": "node/6072486827"
    },
    {
      "type": "Feature",
      "properties": {
        "@id": "node/6072486829",
        "access": "yes",
        "amenity": "drinking_water",
        "drinking_water": "yes",
        "man_made": "storage_tank",
        "source": "Yoyo preset"
      },
      "geometry": {
        "type": "Point",
        "coordinates": [
          83.6916838,
          28.2881339
        ]
      },
      "id": "node/6072486829"
    },
    {
      "type": "Feature",
      "properties": {
        "@id": "node/6072516623",
        "amenity": "drinking_water",
        "drinking_water": "yes",
        "man_made": "water_tap",
        "operator:type": "public",
        "source": "Yoyo preset"
      },
      "geometry": {
        "type": "Point",
        "coordinates": [
          83.6790486,
          28.2908878
        ]
      },
      "id": "node/6072516623"
    },
    {
      "type": "Feature",
      "properties": {
        "@id": "node/6072516625",
        "access": "yes",
        "amenity": "drinking_water",
        "drinking_water": "yes",
        "man_made": "storage_tank",
        "source": "Yoyo preset"
      },
      "geometry": {
        "type": "Point",
        "coordinates": [
          83.6807317,
          28.2890415
        ]
      },
      "id": "node/6072516625"
    },
    {
      "type": "Feature",
      "properties": {
        "@id": "node/6072516626",
        "amenity": "drinking_water",
        "drinking_water": "yes",
        "man_made": "water_tap",
        "operator:type": "public",
        "source": "Yoyo preset"
      },
      "geometry": {
        "type": "Point",
        "coordinates": [
          83.680627,
          28.2889883
        ]
      },
      "id": "node/6072516626"
    },
    {
      "type": "Feature",
      "properties": {
        "@id": "node/6072653688",
        "amenity": "drinking_water",
        "drinking_water": "yes",
        "man_made": "water_tap",
        "operator:type": "public",
        "source": "Yoyo preset"
      },
      "geometry": {
        "type": "Point",
        "coordinates": [
          83.6831554,
          28.3020823
        ]
      },
      "id": "node/6072653688"
    },
    {
      "type": "Feature",
      "properties": {
        "@id": "node/6072653689",
        "amenity": "drinking_water",
        "drinking_water": "yes",
        "man_made": "water_tap",
        "operator:type": "public",
        "source": "Yoyo preset"
      },
      "geometry": {
        "type": "Point",
        "coordinates": [
          83.683674,
          28.3019533
        ]
      },
      "id": "node/6072653689"
    },
    {
      "type": "Feature",
      "properties": {
        "@id": "node/6072653690",
        "amenity": "drinking_water",
        "drinking_water": "yes",
        "man_made": "water_tap",
        "operator:type": "public",
        "source": "Yoyo preset"
      },
      "geometry": {
        "type": "Point",
        "coordinates": [
          83.6855583,
          28.3035778
        ]
      },
      "id": "node/6072653690"
    },
    {
      "type": "Feature",
      "properties": {
        "@id": "node/6072697318",
        "amenity": "drinking_water",
        "drinking_water": "yes",
        "man_made": "water_tap",
        "operator:type": "public",
        "source": "Yoyo preset"
      },
      "geometry": {
        "type": "Point",
        "coordinates": [
          83.6722455,
          28.3174645
        ]
      },
      "id": "node/6072697318"
    },
    {
      "type": "Feature",
      "properties": {
        "@id": "node/6072710732",
        "amenity": "drinking_water",
        "drinking_water": "yes",
        "man_made": "water_tap",
        "operator:type": "public",
        "source": "Yoyo preset"
      },
      "geometry": {
        "type": "Point",
        "coordinates": [
          83.6675595,
          28.3331924
        ]
      },
      "id": "node/6072710732"
    },
    {
      "type": "Feature",
      "properties": {
        "@id": "node/6072710734",
        "amenity": "drinking_water",
        "check_date": "2025-10-25",
        "drinking_water": "yes",
        "man_made": "water_tap",
        "operator:type": "public",
        "source": "Yoyo preset"
      },
      "geometry": {
        "type": "Point",
        "coordinates": [
          83.661524,
          28.3286919
        ]
      },
      "id": "node/6072710734"
    },
    {
      "type": "Feature",
      "properties": {
        "@id": "node/6072710735",
        "amenity": "drinking_water",
        "drinking_water": "yes",
        "man_made": "water_tap",
        "operator:type": "public",
        "source": "Yoyo preset"
      },
      "geometry": {
        "type": "Point",
        "coordinates": [
          83.6652258,
          28.322884
        ]
      },
      "id": "node/6072710735"
    },
    {
      "type": "Feature",
      "properties": {
        "@id": "node/6072710736",
        "amenity": "drinking_water",
        "drinking_water": "yes",
        "man_made": "water_tap",
        "operator:type": "public",
        "source": "Yoyo preset"
      },
      "geometry": {
        "type": "Point",
        "coordinates": [
          83.6714291,
          28.3202053
        ]
      },
      "id": "node/6072710736"
    },
    {
      "type": "Feature",
      "properties": {
        "@id": "node/6072731572",
        "amenity": "drinking_water",
        "man_made": "water_tap",
        "operator:type": "public",
        "source": "Yoyo preset"
      },
      "geometry": {
        "type": "Point",
        "coordinates": [
          83.7877498,
          28.2337529
        ]
      },
      "id": "node/6072731572"
    },
    {
      "type": "Feature",
      "properties": {
        "@id": "node/6072731573",
        "access": "yes",
        "amenity": "drinking_water",
        "man_made": "storage_tank",
        "source": "Yoyo preset"
      },
      "geometry": {
        "type": "Point",
        "coordinates": [
          83.7849321,
          28.247582
        ]
      },
      "id": "node/6072731573"
    },
    {
      "type": "Feature",
      "properties": {
        "@id": "node/6072731574",
        "access": "yes",
        "amenity": "drinking_water",
        "man_made": "storage_tank",
        "source": "Yoyo preset"
      },
      "geometry": {
        "type": "Point",
        "coordinates": [
          83.7816987,
          28.252127
        ]
      },
      "id": "node/6072731574"
    },
    {
      "type": "Feature",
      "properties": {
        "@id": "node/6072731575",
        "access": "yes",
        "amenity": "drinking_water",
        "man_made": "storage_tank",
        "source": "Yoyo preset"
      },
      "geometry": {
        "type": "Point",
        "coordinates": [
          83.7795576,
          28.2532219
        ]
      },
      "id": "node/6072731575"
    },
    {
      "type": "Feature",
      "properties": {
        "@id": "node/6072759569",
        "amenity": "drinking_water",
        "drinking_water": "yes",
        "man_made": "water_tap",
        "operator:type": "public",
        "source": "Yoyo preset"
      },
      "geometry": {
        "type": "Point",
        "coordinates": [
          83.6883859,
          28.2889825
        ]
      },
      "id": "node/6072759569"
    },
    {
      "type": "Feature",
      "properties": {
        "@id": "node/6072894594",
        "access": "yes",
        "amenity": "drinking_water",
        "drinking_water": "yes",
        "man_made": "storage_tank",
        "source": "Yoyo preset"
      },
      "geometry": {
        "type": "Point",
        "coordinates": [
          83.7106329,
          28.2776389
        ]
      },
      "id": "node/6072894594"
    },
    {
      "type": "Feature",
      "properties": {
        "@id": "node/6072894595",
        "access": "yes",
        "amenity": "drinking_water",
        "drinking_water": "yes",
        "man_made": "storage_tank",
        "source": "Yoyo preset"
      },
      "geometry": {
        "type": "Point",
        "coordinates": [
          83.7103043,
          28.2773974
        ]
      },
      "id": "node/6072894595"
    },
    {
      "type": "Feature",
      "properties": {
        "@id": "node/6072894596",
        "access": "yes",
        "amenity": "drinking_water",
        "drinking_water": "yes",
        "man_made": "storage_tank",
        "source": "Yoyo preset"
      },
      "geometry": {
        "type": "Point",
        "coordinates": [
          83.7099837,
          28.2767629
        ]
      },
      "id": "node/6072894596"
    },
    {
      "type": "Feature",
      "properties": {
        "@id": "node/6081456227",
        "amenity": "drinking_water"
      },
      "geometry": {
        "type": "Point",
        "coordinates": [
          83.7449038,
          28.2815894
        ]
      },
      "id": "node/6081456227"
    },
    {
      "type": "Feature",
      "properties": {
        "@id": "node/6110766587",
        "amenity": "drinking_water",
        "name:en": "Water"
      },
      "geometry": {
        "type": "Point",
        "coordinates": [
          83.9367636,
          28.2329347
        ]
      },
      "id": "node/6110766587"
    },
    {
      "type": "Feature",
      "properties": {
        "@id": "node/6128810198",
        "amenity": "drinking_water"
      },
      "geometry": {
        "type": "Point",
        "coordinates": [
          84.6273924,
          28.1316449
        ]
      },
      "id": "node/6128810198"
    },
    {
      "type": "Feature",
      "properties": {
        "@id": "node/6128859995",
        "amenity": "drinking_water"
      },
      "geometry": {
        "type": "Point",
        "coordinates": [
          84.6315244,
          28.0038389
        ]
      },
      "id": "node/6128859995"
    },
    {
      "type": "Feature",
      "properties": {
        "@id": "node/6128860004",
        "amenity": "drinking_water"
      },
      "geometry": {
        "type": "Point",
        "coordinates": [
          84.6806723,
          28.1661146
        ]
      },
      "id": "node/6128860004"
    },
    {
      "type": "Feature",
      "properties": {
        "@id": "node/6128860015",
        "amenity": "drinking_water"
      },
      "geometry": {
        "type": "Point",
        "coordinates": [
          84.7052651,
          28.1661597
        ]
      },
      "id": "node/6128860015"
    },
    {
      "type": "Feature",
      "properties": {
        "@id": "node/6128860018",
        "amenity": "drinking_water"
      },
      "geometry": {
        "type": "Point",
        "coordinates": [
          84.7443882,
          28.2019897
        ]
      },
      "id": "node/6128860018"
    },
    {
      "type": "Feature",
      "properties": {
        "@id": "node/6128871088",
        "amenity": "drinking_water"
      },
      "geometry": {
        "type": "Point",
        "coordinates": [
          84.6880446,
          28.1672932
        ]
      },
      "id": "node/6128871088"
    },
    {
      "type": "Feature",
      "properties": {
        "@id": "node/6128871188",
        "amenity": "drinking_water"
      },
      "geometry": {
        "type": "Point",
        "coordinates": [
          84.6258133,
          27.9984567
        ]
      },
      "id": "node/6128871188"
    },
    {
      "type": "Feature",
      "properties": {
        "@id": "node/6128871191",
        "amenity": "drinking_water"
      },
      "geometry": {
        "type": "Point",
        "coordinates": [
          84.7042801,
          28.1674164
        ]
      },
      "id": "node/6128871191"
    },
    {
      "type": "Feature",
      "properties": {
        "@id": "node/6128871292",
        "amenity": "drinking_water"
      },
      "geometry": {
        "type": "Point",
        "coordinates": [
          84.6925792,
          28.166724
        ]
      },
      "id": "node/6128871292"
    },
    {
      "type": "Feature",
      "properties": {
        "@id": "node/6128871293",
        "amenity": "drinking_water"
      },
      "geometry": {
        "type": "Point",
        "coordinates": [
          84.7040641,
          28.1654241
        ]
      },
      "id": "node/6128871293"
    },
    {
      "type": "Feature",
      "properties": {
        "@id": "node/6128871297",
        "amenity": "drinking_water"
      },
      "geometry": {
        "type": "Point",
        "coordinates": [
          84.7388422,
          28.199038
        ]
      },
      "id": "node/6128871297"
    },
    {
      "type": "Feature",
      "properties": {
        "@id": "node/6128871789",
        "amenity": "drinking_water"
      },
      "geometry": {
        "type": "Point",
        "coordinates": [
          84.7052052,
          28.1662121
        ]
      },
      "id": "node/6128871789"
    },
    {
      "type": "Feature",
      "properties": {
        "@id": "node/6128873587",
        "amenity": "drinking_water"
      },
      "geometry": {
        "type": "Point",
        "coordinates": [
          84.6504419,
          28.1574186
        ]
      },
      "id": "node/6128873587"
    },
    {
      "type": "Feature",
      "properties": {
        "@id": "node/6128874785",
        "amenity": "drinking_water"
      },
      "geometry": {
        "type": "Point",
        "coordinates": [
          84.7400995,
          28.1999392
        ]
      },
      "id": "node/6128874785"
    },
    {
      "type": "Feature",
      "properties": {
        "@id": "node/6128874786",
        "amenity": "drinking_water"
      },
      "geometry": {
        "type": "Point",
        "coordinates": [
          84.7458884,
          28.200487
        ]
      },
      "id": "node/6128874786"
    },
    {
      "type": "Feature",
      "properties": {
        "@id": "node/6128874787",
        "amenity": "drinking_water"
      },
      "geometry": {
        "type": "Point",
        "coordinates": [
          84.7518869,
          28.201858
        ]
      },
      "id": "node/6128874787"
    },
    {
      "type": "Feature",
      "properties": {
        "@id": "node/6136775736",
        "addr:city": "Arun rural municipality 4",
        "addr:place": "laguwa danda",
        "amenity": "drinking_water",
        "drinking_water": "yes",
        "man_made": "water_well",
        "operator:type": "public"
      },
      "geometry": {
        "type": "Point",
        "coordinates": [
          87.1838079,
          27.1998422
        ]
      },
      "id": "node/6136775736"
    },
    {
      "type": "Feature",
      "properties": {
        "@id": "node/6139904706",
        "addr:city": "Arun rural municipality",
        "addr:place": "Charkilla-4",
        "amenity": "drinking_water",
        "drinking_water": "yes",
        "man_made": "storage_tank",
        "name": "Juwari Water Tank",
        "operator:type": "public"
      },
      "geometry": {
        "type": "Point",
        "coordinates": [
          87.1936449,
          27.2058024
        ]
      },
      "id": "node/6139904706"
    },
    {
      "type": "Feature",
      "properties": {
        "@id": "node/6139904723",
        "addr:city": "Arun rural municipality",
        "addr:place": "Charkilla-4",
        "amenity": "drinking_water",
        "drinking_water": "yes",
        "man_made": "water_tap",
        "operator:type": "public"
      },
      "geometry": {
        "type": "Point",
        "coordinates": [
          87.1960992,
          27.2061984
        ]
      },
      "id": "node/6139904723"
    },
    {
      "type": "Feature",
      "properties": {
        "@id": "node/6139931186",
        "addr:city": "Arun rural municipality 4",
        "addr:place": "Katwal gau",
        "amenity": "drinking_water",
        "drinking_water": "yes",
        "man_made": "storage_tank",
        "name": "Khana pani tanki",
        "operator:type": "public"
      },
      "geometry": {
        "type": "Point",
        "coordinates": [
          87.1871352,
          27.174775
        ]
      },
      "id": "node/6139931186"
    },
    {
      "type": "Feature",
      "properties": {
        "@id": "node/6140001971",
        "addr:city": "Arun rural municipality",
        "addr:place": "Charkilla-4",
        "amenity": "drinking_water",
        "drinking_water": "yes",
        "man_made": "water_tap",
        "operator:type": "public"
      },
      "geometry": {
        "type": "Point",
        "coordinates": [
          87.1995914,
          27.2080066
        ]
      },
      "id": "node/6140001971"
    },
    {
      "type": "Feature",
      "properties": {
        "@id": "node/6140002233",
        "addr:city": "Arun rural municipality",
        "addr:place": "Charkilla-4",
        "amenity": "drinking_water",
        "drinking_water": "yes",
        "man_made": "water_tap",
        "name": "Jamune Dhara",
        "operator:type": "public"
      },
      "geometry": {
        "type": "Point",
        "coordinates": [
          87.1929207,
          27.1994116
        ]
      },
      "id": "node/6140002233"
    },
    {
      "type": "Feature",
      "properties": {
        "@id": "node/6140002266",
        "addr:city": "Arun rural municipality",
        "addr:place": "Charkilla-4",
        "amenity": "drinking_water",
        "drinking_water": "yes",
        "man_made": "water_tap",
        "operator:type": "public"
      },
      "geometry": {
        "type": "Point",
        "coordinates": [
          87.1964961,
          27.2036197
        ]
      },
      "id": "node/6140002266"
    },
    {
      "type": "Feature",
      "properties": {
        "@id": "node/6140002279",
        "addr:city": "Arun rural municipality",
        "addr:place": "Charkilla-4",
        "amenity": "drinking_water",
        "drinking_water": "yes",
        "man_made": "storage_tank",
        "name": "Drinking Water Tank"
      },
      "geometry": {
        "type": "Point",
        "coordinates": [
          87.1988377,
          27.2043664
        ]
      },
      "id": "node/6140002279"
    },
    {
      "type": "Feature",
      "properties": {
        "@id": "node/6140002296",
        "addr:city": "Arun rural municipality",
        "addr:place": "Charkilla-4",
        "amenity": "drinking_water",
        "drinking_water": "yes",
        "man_made": "water_tap",
        "operator:type": "public"
      },
      "geometry": {
        "type": "Point",
        "coordinates": [
          87.1982342,
          27.205645
        ]
      },
      "id": "node/6140002296"
    },
    {
      "type": "Feature",
      "properties": {
        "@id": "node/6141837372",
        "addr:city": "Arun rural municipality",
        "addr:place": "Raikar-4",
        "amenity": "drinking_water",
        "drinking_water": "yes",
        "man_made": "storage_tank",
        "name": "Drinking Water Tank"
      },
      "geometry": {
        "type": "Point",
        "coordinates": [
          87.203207,
          27.2101511
        ]
      },
      "id": "node/6141837372"
    },
    {
      "type": "Feature",
      "properties": {
        "@id": "node/6141943094",
        "addr:city": "Arun rural municipality 4",
        "addr:place": "Golatar",
        "amenity": "drinking_water",
        "drinking_water": "yes",
        "man_made": "storage_tank",
        "name": "Khamtala"
      },
      "geometry": {
        "type": "Point",
        "coordinates": [
          87.1816662,
          27.1963651
        ]
      },
      "id": "node/6141943094"
    },
    {
      "type": "Feature",
      "properties": {
        "@id": "node/6142108678",
        "addr:city": "Arun rural municipality 4",
        "addr:place": "Batomuniko Tole",
        "amenity": "drinking_water",
        "drinking_water": "yes",
        "man_made": "water_well",
        "operator:type": "public"
      },
      "geometry": {
        "type": "Point",
        "coordinates": [
          87.2087941,
          27.1826156
        ]
      },
      "id": "node/6142108678"
    },
    {
      "type": "Feature",
      "properties": {
        "@id": "node/6142114485",
        "amenity": "drinking_water",
        "name:en": "Kanxi fupu"
      },
      "geometry": {
        "type": "Point",
        "coordinates": [
          83.6405108,
          28.1683351
        ]
      },
      "id": "node/6142114485"
    },
    {
      "type": "Feature",
      "properties": {
        "@id": "node/6142118861",
        "addr:city": "Arun rural municipality",
        "addr:place": "Kattike-7",
        "amenity": "drinking_water",
        "drinking_water": "yes",
        "man_made": "storage_tank"
      },
      "geometry": {
        "type": "Point",
        "coordinates": [
          87.1987331,
          27.1477391
        ]
      },
      "id": "node/6142118861"
    },
    {
      "type": "Feature",
      "properties": {
        "@id": "node/6142118863",
        "addr:city": "Arun rural municipality",
        "addr:place": "Maidane-7",
        "amenity": "drinking_water",
        "drinking_water": "yes",
        "man_made": "storage_tank",
        "name": "Khanepaani Yojana"
      },
      "geometry": {
        "type": "Point",
        "coordinates": [
          87.1962118,
          27.1409678
        ]
      },
      "id": "node/6142118863"
    },
    {
      "type": "Feature",
      "properties": {
        "@id": "node/6142118864",
        "addr:city": "Arun rural municipality",
        "addr:place": "Dhunge-7",
        "amenity": "drinking_water",
        "drinking_water": "yes",
        "man_made": "storage_tank",
        "name": "Jhakripaani Drinking Water Tank"
      },
      "geometry": {
        "type": "Point",
        "coordinates": [
          87.2051999,
          27.132265
        ]
      },
      "id": "node/6142118864"
    },
    {
      "type": "Feature",
      "properties": {
        "@id": "node/6142167022",
        "addr:city": "Arun rural municipality 4",
        "addr:place": "Chisapani",
        "amenity": "drinking_water",
        "drinking_water": "yes",
        "man_made": "storage_tank",
        "name": "Chisapani tank",
        "operator:type": "public"
      },
      "geometry": {
        "type": "Point",
        "coordinates": [
          87.2064136,
          27.1759585
        ]
      },
      "id": "node/6142167022"
    },
    {
      "type": "Feature",
      "properties": {
        "@id": "node/6142193004",
        "addr:city": "Arun rural municipality",
        "addr:place": "Halle-7",
        "amenity": "drinking_water",
        "drinking_water": "yes",
        "man_made": "storage_tank",
        "name": "Khanepaani Yojana"
      },
      "geometry": {
        "type": "Point",
        "coordinates": [
          87.2176695,
          27.1321934
        ]
      },
      "id": "node/6142193004"
    },
    {
      "type": "Feature",
      "properties": {
        "@id": "node/6142193005",
        "addr:city": "Arun rural municipality",
        "addr:place": "Halle-7",
        "amenity": "drinking_water",
        "drinking_water": "yes",
        "man_made": "storage_tank",
        "name": "Khanepaani Yojana"
      },
      "geometry": {
        "type": "Point",
        "coordinates": [
          87.2156887,
          27.1355984
        ]
      },
      "id": "node/6142193005"
    },
    {
      "type": "Feature",
      "properties": {
        "@id": "node/6142193006",
        "addr:city": "Arun rural municipality",
        "addr:place": "Halle-7",
        "amenity": "drinking_water",
        "drinking_water": "yes",
        "man_made": "storage_tank",
        "name": "Khanepaani"
      },
      "geometry": {
        "type": "Point",
        "coordinates": [
          87.2210893,
          27.1359935
        ]
      },
      "id": "node/6142193006"
    },
    {
      "type": "Feature",
      "properties": {
        "@id": "node/6144458983",
        "addr:city": "Arun rural municipality",
        "addr:place": "lungchhung-7",
        "amenity": "drinking_water",
        "drinking_water": "yes",
        "man_made": "water_tap",
        "name": "Takidada Dhara",
        "operator:type": "public"
      },
      "geometry": {
        "type": "Point",
        "coordinates": [
          87.22927,
          27.124163
        ]
      },
      "id": "node/6144458983"
    },
    {
      "type": "Feature",
      "properties": {
        "@id": "node/6144614777",
        "addr:city": "Arun rural municipality",
        "addr:place": "Phosretaar-7",
        "amenity": "drinking_water",
        "drinking_water": "yes",
        "man_made": "storage_tank",
        "name": "Drinking Water",
        "operator:type": "public"
      },
      "geometry": {
        "type": "Point",
        "coordinates": [
          87.2203356,
          27.1162873
        ]
      },
      "id": "node/6144614777"
    },
    {
      "type": "Feature",
      "properties": {
        "@id": "node/6144646686",
        "addr:city": "Arun rural municipality",
        "addr:place": "Bhadredada-7",
        "amenity": "drinking_water",
        "drinking_water": "yes",
        "man_made": "storage_tank",
        "name": "Dhungrekhola Sechai"
      },
      "geometry": {
        "type": "Point",
        "coordinates": [
          87.2190803,
          27.126524
        ]
      },
      "id": "node/6144646686"
    },
    {
      "type": "Feature",
      "properties": {
        "@id": "node/6144652205",
        "addr:city": "Arun rural municipality 4",
        "addr:place": "Ambota",
        "amenity": "drinking_water",
        "drinking_water": "yes",
        "man_made": "storage_tank",
        "name": "Khana pani tanki",
        "operator:type": "public"
      },
      "geometry": {
        "type": "Point",
        "coordinates": [
          87.2233182,
          27.1588392
        ]
      },
      "id": "node/6144652205"
    },
    {
      "type": "Feature",
      "properties": {
        "@id": "node/6144652230",
        "addr:city": "Arun rural municipality 4",
        "addr:place": "Ambota",
        "amenity": "drinking_water",
        "drinking_water": "yes",
        "man_made": "storage_tank",
        "name": "Khana pani tanki",
        "operator:type": "public"
      },
      "geometry": {
        "type": "Point",
        "coordinates": [
          87.2245735,
          27.1541222
        ]
      },
      "id": "node/6144652230"
    },
    {
      "type": "Feature",
      "properties": {
        "@id": "node/6144663524",
        "addr:city": "Arun rural municipality",
        "addr:place": "Tharpudada-7",
        "amenity": "drinking_water",
        "drinking_water": "yes",
        "man_made": "storage_tank"
      },
      "geometry": {
        "type": "Point",
        "coordinates": [
          87.2208104,
          27.1277725
        ]
      },
      "id": "node/6144663524"
    },
    {
      "type": "Feature",
      "properties": {
        "@id": "node/6146884946",
        "amenity": "drinking_water"
      },
      "geometry": {
        "type": "Point",
        "coordinates": [
          84.9997764,
          24.8049549
        ]
      },
      "id": "node/6146884946"
    },
    {
      "type": "Feature",
      "properties": {
        "@id": "node/6146888306",
        "addr:city": "Arun rural municipality",
        "addr:place": "Bichtole-7",
        "amenity": "drinking_water",
        "drinking_water": "yes",
        "man_made": "storage_tank",
        "name": "Khanepaani"
      },
      "geometry": {
        "type": "Point",
        "coordinates": [
          87.2221273,
          27.1242585
        ]
      },
      "id": "node/6146888306"
    },
    {
      "type": "Feature",
      "properties": {
        "@id": "node/6146902546",
        "amenity": "drinking_water"
      },
      "geometry": {
        "type": "Point",
        "coordinates": [
          84.9997483,
          24.8047003
        ]
      },
      "id": "node/6146902546"
    },
    {
      "type": "Feature",
      "properties": {
        "@id": "node/6146902547",
        "amenity": "drinking_water"
      },
      "geometry": {
        "type": "Point",
        "coordinates": [
          84.9997988,
          24.8051326
        ]
      },
      "id": "node/6146902547"
    },
    {
      "type": "Feature",
      "properties": {
        "@id": "node/6146902548",
        "amenity": "drinking_water"
      },
      "geometry": {
        "type": "Point",
        "coordinates": [
          84.9998171,
          24.8053193
        ]
      },
      "id": "node/6146902548"
    },
    {
      "type": "Feature",
      "properties": {
        "@id": "node/6146903141",
        "addr:city": "Arun rural municipality 4",
        "addr:place": "Malbasa",
        "amenity": "drinking_water",
        "drinking_water": "yes",
        "man_made": "storage_tank",
        "name": "Khana pani tanki",
        "operator:type": "public"
      },
      "geometry": {
        "type": "Point",
        "coordinates": [
          87.2353533,
          27.138495
        ]
      },
      "id": "node/6146903141"
    },
    {
      "type": "Feature",
      "properties": {
        "@id": "node/6146982921",
        "addr:city": "Arun rural municipality",
        "addr:place": "Dadatole-7",
        "amenity": "drinking_water",
        "content": "water",
        "drinking_water": "yes",
        "man_made": "storage_tank",
        "name": "Dadatole Dhara",
        "operator:type": "public"
      },
      "geometry": {
        "type": "Point",
        "coordinates": [
          87.2350314,
          27.1430253
        ]
      },
      "id": "node/6146982921"
    },
    {
      "type": "Feature",
      "properties": {
        "@id": "node/6146982938",
        "addr:city": "Arun rural municipality",
        "addr:place": "Dadatole-7",
        "amenity": "drinking_water",
        "content": "water",
        "drinking_water": "yes",
        "man_made": "storage_tank",
        "name": "Mallbase Water Tank"
      },
      "geometry": {
        "type": "Point",
        "coordinates": [
          87.2355464,
          27.1384425
        ]
      },
      "id": "node/6146982938"
    },
    {
      "type": "Feature",
      "properties": {
        "@id": "node/6147036034",
        "addr:city": "Arun rural municipality 4",
        "addr:place": "Bhadaura",
        "amenity": "drinking_water",
        "drinking_water": "yes",
        "man_made": "storage_tank",
        "name": "Khana pani tanki",
        "operator:type": "public"
      },
      "geometry": {
        "type": "Point",
        "coordinates": [
          87.2398058,
          27.1463894
        ]
      },
      "id": "node/6147036034"
    },
    {
      "type": "Feature",
      "properties": {
        "@id": "node/6147046428",
        "addr:city": "Arun rural municipality",
        "addr:place": "Pipaltaar-7",
        "amenity": "drinking_water",
        "drinking_water": "yes",
        "man_made": "storage_tank"
      },
      "geometry": {
        "type": "Point",
        "coordinates": [
          87.2351655,
          27.1484122
        ]
      },
      "id": "node/6147046428"
    },
    {
      "type": "Feature",
      "properties": {
        "@id": "node/6147057303",
        "addr:city": "Arun rural municipality",
        "addr:place": "Jagre-7",
        "amenity": "drinking_water",
        "drinking_water": "yes",
        "man_made": "storage_tank",
        "name": "Jagre water Tank"
      },
      "geometry": {
        "type": "Point",
        "coordinates": [
          87.2317028,
          27.1405668
        ]
      },
      "id": "node/6147057303"
    },
    {
      "type": "Feature",
      "properties": {
        "@id": "node/6147094962",
        "addr:city": "Arun rural municipality 4",
        "addr:place": "Khani gau",
        "amenity": "drinking_water",
        "drinking_water": "yes",
        "man_made": "storage_tank",
        "name": "Khana pani tanki",
        "operator:type": "public"
      },
      "geometry": {
        "type": "Point",
        "coordinates": [
          87.2329997,
          27.1567439
        ]
      },
      "id": "node/6147094962"
    },
    {
      "type": "Feature",
      "properties": {
        "@id": "node/6149179008",
        "addr:city": "Arun rural municipality 4",
        "addr:place": "Magdin",
        "amenity": "drinking_water",
        "man_made": "storage_tank",
        "name": "Khana Pani Tank"
      },
      "geometry": {
        "type": "Point",
        "coordinates": [
          87.2239606,
          27.1673717
        ]
      },
      "id": "node/6149179008"
    },
    {
      "type": "Feature",
      "properties": {
        "@id": "node/6149216583",
        "addr:city": "Arun rural municipality 4",
        "addr:place": "Mayndiga",
        "amenity": "drinking_water",
        "man_made": "storage_tank",
        "name": "Khana Pani Tank"
      },
      "geometry": {
        "type": "Point",
        "coordinates": [
          87.2289589,
          27.1644652
        ]
      },
      "id": "node/6149216583"
    },
    {
      "type": "Feature",
      "properties": {
        "@id": "node/6149281871",
        "addr:city": "Arun rural municipality 4",
        "addr:place": "Bhandarigau",
        "amenity": "drinking_water",
        "drinking_water": "yes",
        "man_made": "storage_tank",
        "name": "Khana Pani Tank",
        "operator:type": "public"
      },
      "geometry": {
        "type": "Point",
        "coordinates": [
          87.2251649,
          27.1590862
        ]
      },
      "id": "node/6149281871"
    },
    {
      "type": "Feature",
      "properties": {
        "@id": "node/6158096407",
        "addr:city": "Arun rural municipality 4",
        "addr:place": "Batasa",
        "amenity": "drinking_water",
        "drinking_water": "yes",
        "man_made": "storage_tank",
        "name": "Khana Pani Tank"
      },
      "geometry": {
        "type": "Point",
        "coordinates": [
          87.2504937,
          27.1382205
        ]
      },
      "id": "node/6158096407"
    },
    {
      "type": "Feature",
      "properties": {
        "@id": "node/6243386486",
        "amenity": "drinking_water",
        "name": "धारो",
        "name:en": "Tap"
      },
      "geometry": {
        "type": "Point",
        "coordinates": [
          85.5355571,
          27.64691
        ]
      },
      "id": "node/6243386486"
    },
    {
      "type": "Feature",
      "properties": {
        "@id": "node/6247368985",
        "amenity": "drinking_water",
        "name": "রোদেলা নীড়, রঘুনন্দনপুর, ফরিদপুর।"
      },
      "geometry": {
        "type": "Point",
        "coordinates": [
          89.8143712,
          23.6037875
        ]
      },
      "id": "node/6247368985"
    },
    {
      "type": "Feature",
      "properties": {
        "@id": "node/6247477885",
        "amenity": "drinking_water",
        "name:en": "Rodela Nir, Raghunandanpur, Faridpur. (রোদেলা নীড়, রঘুনন্দনপুর, ফরিদপুর)।"
      },
      "geometry": {
        "type": "Point",
        "coordinates": [
          89.8143533,
          23.603801
        ]
      },
      "id": "node/6247477885"
    },
    {
      "type": "Feature",
      "properties": {
        "@id": "node/6410265499",
        "amenity": "drinking_water",
        "man_made": "water_tap"
      },
      "geometry": {
        "type": "Point",
        "coordinates": [
          83.9460338,
          28.2009613
        ]
      },
      "id": "node/6410265499"
    },
    {
      "type": "Feature",
      "properties": {
        "@id": "node/6410265507",
        "amenity": "drinking_water",
        "man_made": "water_tap"
      },
      "geometry": {
        "type": "Point",
        "coordinates": [
          83.9454418,
          28.2006549
        ]
      },
      "id": "node/6410265507"
    },
    {
      "type": "Feature",
      "properties": {
        "@id": "node/6421183759",
        "amenity": "drinking_water"
      },
      "geometry": {
        "type": "Point",
        "coordinates": [
          83.794764,
          28.22176
        ]
      },
      "id": "node/6421183759"
    },
    {
      "type": "Feature",
      "properties": {
        "@id": "node/6424320643",
        "amenity": "drinking_water",
        "man_made": "water_tap"
      },
      "geometry": {
        "type": "Point",
        "coordinates": [
          85.0445942,
          27.7508626
        ]
      },
      "id": "node/6424320643"
    },
    {
      "type": "Feature",
      "properties": {
        "@id": "node/6434834689",
        "amenity": "drinking_water"
      },
      "geometry": {
        "type": "Point",
        "coordinates": [
          84.0811458,
          28.1337405
        ]
      },
      "id": "node/6434834689"
    },
    {
      "type": "Feature",
      "properties": {
        "@id": "node/6434842785",
        "amenity": "drinking_water",
        "name:en": "Dahal niwas"
      },
      "geometry": {
        "type": "Point",
        "coordinates": [
          85.9699729,
          27.7724049
        ]
      },
      "id": "node/6434842785"
    },
    {
      "type": "Feature",
      "properties": {
        "@id": "node/6442940185",
        "amenity": "drinking_water",
        "name:en": "Water spring"
      },
      "geometry": {
        "type": "Point",
        "coordinates": [
          83.8000901,
          28.4095964
        ]
      },
      "id": "node/6442940185"
    },
    {
      "type": "Feature",
      "properties": {
        "@id": "node/6483380597",
        "amenity": "drinking_water"
      },
      "geometry": {
        "type": "Point",
        "coordinates": [
          89.2693843,
          24.4834382
        ]
      },
      "id": "node/6483380597"
    },
    {
      "type": "Feature",
      "properties": {
        "@id": "node/6496897285",
        "amenity": "drinking_water",
        "name:en": "water tank 1"
      },
      "geometry": {
        "type": "Point",
        "coordinates": [
          83.7939716,
          28.3749501
        ]
      },
      "id": "node/6496897285"
    },
    {
      "type": "Feature",
      "properties": {
        "@id": "node/6501663546",
        "amenity": "drinking_water"
      },
      "geometry": {
        "type": "Point",
        "coordinates": [
          85.4280428,
          27.7161375
        ]
      },
      "id": "node/6501663546"
    },
    {
      "type": "Feature",
      "properties": {
        "@id": "node/6501703868",
        "amenity": "drinking_water",
        "name": "Sangdaha dhungedhara"
      },
      "geometry": {
        "type": "Point",
        "coordinates": [
          85.4246246,
          27.7129942
        ]
      },
      "id": "node/6501703868"
    },
    {
      "type": "Feature",
      "properties": {
        "@id": "node/6501703869",
        "amenity": "drinking_water"
      },
      "geometry": {
        "type": "Point",
        "coordinates": [
          85.4241905,
          27.7133663
        ]
      },
      "id": "node/6501703869"
    },
    {
      "type": "Feature",
      "properties": {
        "@id": "node/6501703870",
        "amenity": "drinking_water",
        "operator": "Bhimsen Dhungedhara"
      },
      "geometry": {
        "type": "Point",
        "coordinates": [
          85.4241701,
          27.7134101
        ]
      },
      "id": "node/6501703870"
    },
    {
      "type": "Feature",
      "properties": {
        "@id": "node/6501781251",
        "amenity": "drinking_water",
        "name": "Narayan Hiti"
      },
      "geometry": {
        "type": "Point",
        "coordinates": [
          85.4310478,
          27.7182544
        ]
      },
      "id": "node/6501781251"
    },
    {
      "type": "Feature",
      "properties": {
        "@id": "node/6507760869",
        "amenity": "drinking_water"
      },
      "geometry": {
        "type": "Point",
        "coordinates": [
          86.0559161,
          25.9889482
        ]
      },
      "id": "node/6507760869"
    },
    {
      "type": "Feature",
      "properties": {
        "@id": "node/6687116803",
        "addr:place": "Netrawati Dabjong RM 4",
        "amenity": "drinking_water",
        "drinking_water": "yes",
        "name": "Tharpubhanjyang Drinking Water Supply Scheme"
      },
      "geometry": {
        "type": "Point",
        "coordinates": [
          84.9979457,
          27.9597442
        ]
      },
      "id": "node/6687116803"
    },
    {
      "type": "Feature",
      "properties": {
        "@id": "node/6687116804",
        "addr:city": "Netrawoti Dobjung RM 4",
        "addr:place": "Tharpu Bhanjyang",
        "amenity": "drinking_water",
        "drinking_water": "yes",
        "man_made": "storage_tank",
        "type": "Intake"
      },
      "geometry": {
        "type": "Point",
        "coordinates": [
          84.9969077,
          27.9647856
        ]
      },
      "id": "node/6687116804"
    },
    {
      "type": "Feature",
      "properties": {
        "@id": "node/6687276255",
        "amenity": "drinking_water",
        "man_made": "water_tap",
        "name": "Guthibajar Tap 6"
      },
      "geometry": {
        "type": "Point",
        "coordinates": [
          84.9944763,
          27.9645351
        ]
      },
      "id": "node/6687276255"
    },
    {
      "type": "Feature",
      "properties": {
        "@id": "node/6687276256",
        "amenity": "drinking_water",
        "man_made": "water_tap",
        "name": "Guthibajar Tap 5"
      },
      "geometry": {
        "type": "Point",
        "coordinates": [
          84.9932706,
          27.9657788
        ]
      },
      "id": "node/6687276256"
    },
    {
      "type": "Feature",
      "properties": {
        "@id": "node/6687276257",
        "amenity": "drinking_water",
        "man_made": "water_tap",
        "name": "Guthibajar Tap 4"
      },
      "geometry": {
        "type": "Point",
        "coordinates": [
          84.9922876,
          27.9659274
        ]
      },
      "id": "node/6687276257"
    },
    {
      "type": "Feature",
      "properties": {
        "@id": "node/6687276258",
        "amenity": "drinking_water",
        "man_made": "water_tap",
        "name": "Guthibajar Tap 3"
      },
      "geometry": {
        "type": "Point",
        "coordinates": [
          84.9915768,
          27.9661152
        ]
      },
      "id": "node/6687276258"
    },
    {
      "type": "Feature",
      "properties": {
        "@id": "node/6687276259",
        "amenity": "drinking_water",
        "man_made": "water_tap",
        "name": "Guthibajar Tap 2"
      },
      "geometry": {
        "type": "Point",
        "coordinates": [
          84.9911619,
          27.9663404
        ]
      },
      "id": "node/6687276259"
    },
    {
      "type": "Feature",
      "properties": {
        "@id": "node/6687276260",
        "amenity": "drinking_water",
        "man_made": "water_tap",
        "name": "Guthibajar Tap 1"
      },
      "geometry": {
        "type": "Point",
        "coordinates": [
          84.9899366,
          27.9667951
        ]
      },
      "id": "node/6687276260"
    },
    {
      "type": "Feature",
      "properties": {
        "@id": "node/6687276261",
        "amenity": "drinking_water",
        "drinking_water": "yes",
        "man_made": "storage_tank",
        "name": "Guthibajar Drinking Water Supply Reservoir Tank"
      },
      "geometry": {
        "type": "Point",
        "coordinates": [
          84.9904805,
          27.9668028
        ]
      },
      "id": "node/6687276261"
    },
    {
      "type": "Feature",
      "properties": {
        "@id": "node/6687276263",
        "amenity": "drinking_water",
        "drinking_water": "yes",
        "man_made": "storage_tank",
        "name": "Bhokteni Drinking Water Supply Reservoir Tank"
      },
      "geometry": {
        "type": "Point",
        "coordinates": [
          84.9969731,
          27.9683764
        ]
      },
      "id": "node/6687276263"
    },
    {
      "type": "Feature",
      "properties": {
        "@id": "node/6687455914",
        "amenity": "drinking_water",
        "man_made": "water_tap",
        "name": "Chheu Gau Tap 3"
      },
      "geometry": {
        "type": "Point",
        "coordinates": [
          84.9847653,
          27.964833
        ]
      },
      "id": "node/6687455914"
    },
    {
      "type": "Feature",
      "properties": {
        "@id": "node/6687455915",
        "amenity": "drinking_water",
        "man_made": "water_tap",
        "name": "Chheu Gau Tap 2"
      },
      "geometry": {
        "type": "Point",
        "coordinates": [
          84.988222,
          27.9673423
        ]
      },
      "id": "node/6687455915"
    },
    {
      "type": "Feature",
      "properties": {
        "@id": "node/6687455916",
        "amenity": "drinking_water",
        "man_made": "water_tap",
        "name": "Chheu Gau Tap 1"
      },
      "geometry": {
        "type": "Point",
        "coordinates": [
          84.9871646,
          27.9678309
        ]
      },
      "id": "node/6687455916"
    },
    {
      "type": "Feature",
      "properties": {
        "@id": "node/6687455917",
        "amenity": "drinking_water",
        "man_made": "storage_tank",
        "name": "Chheu Gau tap Reservoir Tank"
      },
      "geometry": {
        "type": "Point",
        "coordinates": [
          84.9870613,
          27.9682159
        ]
      },
      "id": "node/6687455917"
    },
    {
      "type": "Feature",
      "properties": {
        "@id": "node/6687510883",
        "amenity": "drinking_water",
        "man_made": "water_tap",
        "name": "Tharpu Hiti Tap 12"
      },
      "geometry": {
        "type": "Point",
        "coordinates": [
          84.9924845,
          27.9577855
        ]
      },
      "id": "node/6687510883"
    },
    {
      "type": "Feature",
      "properties": {
        "@id": "node/6687510884",
        "amenity": "drinking_water",
        "man_made": "water_tap",
        "name": "Tharpu Hiti Tap 11"
      },
      "geometry": {
        "type": "Point",
        "coordinates": [
          84.9929627,
          27.9570239
        ]
      },
      "id": "node/6687510884"
    },
    {
      "type": "Feature",
      "properties": {
        "@id": "node/6687519985",
        "amenity": "drinking_water",
        "man_made": "water_tap",
        "name": "Tharpu Hiti Tap 10"
      },
      "geometry": {
        "type": "Point",
        "coordinates": [
          84.9906503,
          27.9531498
        ]
      },
      "id": "node/6687519985"
    },
    {
      "type": "Feature",
      "properties": {
        "@id": "node/6687519986",
        "amenity": "drinking_water",
        "man_made": "water_tap",
        "name": "Tharpu Hiti Tap 9"
      },
      "geometry": {
        "type": "Point",
        "coordinates": [
          84.9909346,
          27.9532951
        ]
      },
      "id": "node/6687519986"
    },
    {
      "type": "Feature",
      "properties": {
        "@id": "node/6687519987",
        "amenity": "drinking_water",
        "man_made": "water_tap",
        "name": "Tharpu Hiti Tap 8"
      },
      "geometry": {
        "type": "Point",
        "coordinates": [
          84.9911625,
          27.9532719
        ]
      },
      "id": "node/6687519987"
    },
    {
      "type": "Feature",
      "properties": {
        "@id": "node/6687519988",
        "amenity": "drinking_water",
        "man_made": "water_tap",
        "name": "Tharpu Hiti Tap 7"
      },
      "geometry": {
        "type": "Point",
        "coordinates": [
          84.9920719,
          27.9531276
        ]
      },
      "id": "node/6687519988"
    },
    {
      "type": "Feature",
      "properties": {
        "@id": "node/6687519989",
        "amenity": "drinking_water",
        "man_made": "water_tap",
        "name": "Tharpu Hiti Tap 6"
      },
      "geometry": {
        "type": "Point",
        "coordinates": [
          84.9925759,
          27.9530695
        ]
      },
      "id": "node/6687519989"
    },
    {
      "type": "Feature",
      "properties": {
        "@id": "node/6687519990",
        "amenity": "drinking_water",
        "man_made": "water_tap",
        "name": "Tharpu Hiti Tap 5"
      },
      "geometry": {
        "type": "Point",
        "coordinates": [
          84.9940332,
          27.9528749
        ]
      },
      "id": "node/6687519990"
    },
    {
      "type": "Feature",
      "properties": {
        "@id": "node/6687519991",
        "amenity": "drinking_water",
        "man_made": "water_tap",
        "name": "Tharpu Hiti Tap 4"
      },
      "geometry": {
        "type": "Point",
        "coordinates": [
          84.9934562,
          27.9531769
        ]
      },
      "id": "node/6687519991"
    },
    {
      "type": "Feature",
      "properties": {
        "@id": "node/6687519992",
        "amenity": "drinking_water",
        "man_made": "water_tap",
        "name": "Tharpu Hiti Tap 3"
      },
      "geometry": {
        "type": "Point",
        "coordinates": [
          84.993232,
          27.9532015
        ]
      },
      "id": "node/6687519992"
    },
    {
      "type": "Feature",
      "properties": {
        "@id": "node/6687519993",
        "amenity": "drinking_water",
        "man_made": "water_tap",
        "name": "Tharpu Hiti Tap 2"
      },
      "geometry": {
        "type": "Point",
        "coordinates": [
          84.9931904,
          27.9533621
        ]
      },
      "id": "node/6687519993"
    },
    {
      "type": "Feature",
      "properties": {
        "@id": "node/6687519994",
        "amenity": "drinking_water",
        "man_made": "water_tap",
        "name": "Tharpu Hiti Tap 1"
      },
      "geometry": {
        "type": "Point",
        "coordinates": [
          84.993519,
          27.9538926
        ]
      },
      "id": "node/6687519994"
    },
    {
      "type": "Feature",
      "properties": {
        "@id": "node/6687519995",
        "amenity": "drinking_water",
        "man_made": "Intake Source",
        "name": "Tharpu Hiti Intake"
      },
      "geometry": {
        "type": "Point",
        "coordinates": [
          84.9973142,
          27.9569095
        ]
      },
      "id": "node/6687519995"
    },
    {
      "type": "Feature",
      "properties": {
        "@id": "node/6687519996",
        "amenity": "drinking_water",
        "man_made": "storage_tank",
        "name": "Tharpu Hiti Reservoir Tank"
      },
      "geometry": {
        "type": "Point",
        "coordinates": [
          84.993737,
          27.9551151
        ]
      },
      "id": "node/6687519996"
    },
    {
      "type": "Feature",
      "properties": {
        "@id": "node/6687594606",
        "amenity": "drinking_water",
        "man_made": "storage_tank",
        "name": "Hajare Warer Supply Reservoir Tank"
      },
      "geometry": {
        "type": "Point",
        "coordinates": [
          84.9550223,
          27.9609595
        ]
      },
      "id": "node/6687594606"
    },
    {
      "type": "Feature",
      "properties": {
        "@id": "node/6687639214",
        "amenity": "drinking_water",
        "man_made": "storage_tank",
        "name": "Pachasekhola Warer Supply Scheme Reservoir Tank"
      },
      "geometry": {
        "type": "Point",
        "coordinates": [
          84.9474002,
          27.9567377
        ]
      },
      "id": "node/6687639214"
    },
    {
      "type": "Feature",
      "properties": {
        "@id": "node/6687639215",
        "amenity": "drinking_water",
        "man_made": "water_tap",
        "name": "Pachasekhola Warer Supply Tap 8"
      },
      "geometry": {
        "type": "Point",
        "coordinates": [
          84.9480365,
          27.9548506
        ]
      },
      "id": "node/6687639215"
    },
    {
      "type": "Feature",
      "properties": {
        "@id": "node/6687639216",
        "amenity": "drinking_water",
        "man_made": "water_tap",
        "name": "Pachasekhola Warer Supply Tap 7"
      },
      "geometry": {
        "type": "Point",
        "coordinates": [
          84.9472962,
          27.9552949
        ]
      },
      "id": "node/6687639216"
    },
    {
      "type": "Feature",
      "properties": {
        "@id": "node/6687639217",
        "amenity": "drinking_water",
        "man_made": "water_tap",
        "name": "Pachasekhola Warer Supply Tap 6"
      },
      "geometry": {
        "type": "Point",
        "coordinates": [
          84.9467041,
          27.9556147
        ]
      },
      "id": "node/6687639217"
    },
    {
      "type": "Feature",
      "properties": {
        "@id": "node/6687639218",
        "amenity": "drinking_water",
        "man_made": "water_tap",
        "name": "Pachasekhola Warer Supply Tap 5"
      },
      "geometry": {
        "type": "Point",
        "coordinates": [
          84.9467129,
          27.9566204
        ]
      },
      "id": "node/6687639218"
    },
    {
      "type": "Feature",
      "properties": {
        "@id": "node/6687639219",
        "amenity": "drinking_water",
        "man_made": "water_tap",
        "name": "Pachasekhola Warer Supply Tap 4"
      },
      "geometry": {
        "type": "Point",
        "coordinates": [
          84.947197,
          27.956268
        ]
      },
      "id": "node/6687639219"
    },
    {
      "type": "Feature",
      "properties": {
        "@id": "node/6687639220",
        "amenity": "drinking_water",
        "man_made": "water_tap",
        "name": "Pachasekhola Warer Supply Tap 3"
      },
      "geometry": {
        "type": "Point",
        "coordinates": [
          84.9473177,
          27.9563172
        ]
      },
      "id": "node/6687639220"
    },
    {
      "type": "Feature",
      "properties": {
        "@id": "node/6687639221",
        "amenity": "drinking_water",
        "man_made": "water_tap",
        "name": "Pachasekhola Warer Supply Tap 2"
      },
      "geometry": {
        "type": "Point",
        "coordinates": [
          84.9484067,
          27.9566649
        ]
      },
      "id": "node/6687639221"
    },
    {
      "type": "Feature",
      "properties": {
        "@id": "node/6687639222",
        "amenity": "drinking_water",
        "man_made": "water_tap",
        "name": "Pachasekhola Warer Supply Tap 1"
      },
      "geometry": {
        "type": "Point",
        "coordinates": [
          84.9491858,
          27.9567898
        ]
      },
      "id": "node/6687639222"
    },
    {
      "type": "Feature",
      "properties": {
        "@id": "node/6687639223",
        "amenity": "drinking_water",
        "man_made": "Intake Source",
        "name": "Pachasekhola Warer Supply Intake"
      },
      "geometry": {
        "type": "Point",
        "coordinates": [
          84.9517339,
          27.9619167
        ]
      },
      "id": "node/6687639223"
    },
    {
      "type": "Feature",
      "properties": {
        "@id": "node/6687693206",
        "amenity": "drinking_water",
        "drinking_water": "yes",
        "man_made": "water_tap",
        "name": "Dhunge Dhara"
      },
      "geometry": {
        "type": "Point",
        "coordinates": [
          85.4365915,
          27.6719907
        ]
      },
      "id": "node/6687693206"
    },
    {
      "type": "Feature",
      "properties": {
        "@id": "node/6734411774",
        "amenity": "drinking_water",
        "name": "Lakure Khanepani"
      },
      "geometry": {
        "type": "Point",
        "coordinates": [
          84.917118,
          27.987678
        ]
      },
      "id": "node/6734411774"
    },
    {
      "type": "Feature",
      "properties": {
        "@id": "node/6734636730",
        "amenity": "drinking_water",
        "name": "Bipanekhola Khanepani"
      },
      "geometry": {
        "type": "Point",
        "coordinates": [
          84.9370757,
          27.9662165
        ]
      },
      "id": "node/6734636730"
    },
    {
      "type": "Feature",
      "properties": {
        "@id": "node/6734833203",
        "amenity": "drinking_water",
        "name": "Chisopani Khanepani"
      },
      "geometry": {
        "type": "Point",
        "coordinates": [
          85.030501,
          27.9911887
        ]
      },
      "id": "node/6734833203"
    },
    {
      "type": "Feature",
      "properties": {
        "@id": "node/6741660885",
        "amenity": "drinking_water"
      },
      "geometry": {
        "type": "Point",
        "coordinates": [
          83.6849678,
          28.0664588
        ]
      },
      "id": "node/6741660885"
    },
    {
      "type": "Feature",
      "properties": {
        "@id": "node/6765590769",
        "amenity": "drinking_water",
        "man_made": "storage_tank",
        "name": "Khirara Khanepani Tanki"
      },
      "geometry": {
        "type": "Point",
        "coordinates": [
          84.9344256,
          28.0089162
        ]
      },
      "id": "node/6765590769"
    },
    {
      "type": "Feature",
      "properties": {
        "@id": "node/6829909583",
        "access": "yes",
        "amenity": "drinking_water",
        "man_made": "storage_tank",
        "source": "Yoyo preset"
      },
      "geometry": {
        "type": "Point",
        "coordinates": [
          83.8831419,
          28.2780251
        ]
      },
      "id": "node/6829909583"
    },
    {
      "type": "Feature",
      "properties": {
        "@id": "node/6829909668",
        "access": "yes",
        "amenity": "drinking_water",
        "man_made": "storage_tank",
        "source": "Yoyo preset"
      },
      "geometry": {
        "type": "Point",
        "coordinates": [
          83.8688511,
          28.2816143
        ]
      },
      "id": "node/6829909668"
    },
    {
      "type": "Feature",
      "properties": {
        "@id": "node/6830353937",
        "amenity": "drinking_water",
        "name": "Fallapani Drinking Water"
      },
      "geometry": {
        "type": "Point",
        "coordinates": [
          83.8813663,
          28.2715457
        ]
      },
      "id": "node/6830353937"
    },
    {
      "type": "Feature",
      "properties": {
        "@id": "node/6830428828",
        "access": "yes",
        "amenity": "drinking_water",
        "man_made": "storage_tank",
        "source": "Yoyo preset"
      },
      "geometry": {
        "type": "Point",
        "coordinates": [
          83.8578889,
          28.2760693
        ]
      },
      "id": "node/6830428828"
    },
    {
      "type": "Feature",
      "properties": {
        "@id": "node/6830468096",
        "access": "yes",
        "amenity": "drinking_water",
        "man_made": "storage_tank",
        "source": "Yoyo preset"
      },
      "geometry": {
        "type": "Point",
        "coordinates": [
          83.838461,
          28.286428
        ]
      },
      "id": "node/6830468096"
    },
    {
      "type": "Feature",
      "properties": {
        "@id": "node/6833800489",
        "amenity": "drinking_water",
        "man_made": "water_tap",
        "operator:type": "public",
        "source": "Yoyo preset"
      },
      "geometry": {
        "type": "Point",
        "coordinates": [
          83.8447554,
          28.2838228
        ]
      },
      "id": "node/6833800489"
    },
    {
      "type": "Feature",
      "properties": {
        "@id": "node/6834057347",
        "amenity": "drinking_water",
        "drinking_water": "yes",
        "man_made": "water_tap",
        "operator:type": "public",
        "source": "Yoyo preset and GPS Survey"
      },
      "geometry": {
        "type": "Point",
        "coordinates": [
          84.1046729,
          28.3562133
        ]
      },
      "id": "node/6834057347"
    },
    {
      "type": "Feature",
      "properties": {
        "@id": "node/6834402023",
        "amenity": "drinking_water",
        "drinking_water": "yes",
        "man_made": "water_tap",
        "operator:type": "public",
        "source": "Yoyo preset and GPS Survey"
      },
      "geometry": {
        "type": "Point",
        "coordinates": [
          84.1042752,
          28.3575148
        ]
      },
      "id": "node/6834402023"
    },
    {
      "type": "Feature",
      "properties": {
        "@id": "node/6834402024",
        "amenity": "drinking_water",
        "drinking_water": "yes",
        "man_made": "water_tap",
        "operator:type": "public",
        "source": "Yoyo preset and GPS Survey"
      },
      "geometry": {
        "type": "Point",
        "coordinates": [
          84.1038401,
          28.3562705
        ]
      },
      "id": "node/6834402024"
    },
    {
      "type": "Feature",
      "properties": {
        "@id": "node/6837300949",
        "access": "yes",
        "amenity": "drinking_water",
        "man_made": "storage_tank",
        "name": "Water Tank",
        "source": "Yoyo preset"
      },
      "geometry": {
        "type": "Point",
        "coordinates": [
          83.7850508,
          28.2842338
        ]
      },
      "id": "node/6837300949"
    },
    {
      "type": "Feature",
      "properties": {
        "@id": "node/6837300951",
        "amenity": "drinking_water",
        "man_made": "water_tap",
        "operator:type": "public",
        "source": "Yoyo preset"
      },
      "geometry": {
        "type": "Point",
        "coordinates": [
          83.7853217,
          28.2835594
        ]
      },
      "id": "node/6837300951"
    },
    {
      "type": "Feature",
      "properties": {
        "@id": "node/6837346080",
        "amenity": "drinking_water",
        "man_made": "water_tap",
        "operator:type": "public",
        "source": "Yoyo preset"
      },
      "geometry": {
        "type": "Point",
        "coordinates": [
          83.7819394,
          28.2836964
        ]
      },
      "id": "node/6837346080"
    },
    {
      "type": "Feature",
      "properties": {
        "@id": "node/6837561957",
        "amenity": "drinking_water",
        "man_made": "water_tap",
        "operator:type": "public",
        "source": "Yoyo preset"
      },
      "geometry": {
        "type": "Point",
        "coordinates": [
          83.8203789,
          28.2633596
        ]
      },
      "id": "node/6837561957"
    },
    {
      "type": "Feature",
      "properties": {
        "@id": "node/6868735685",
        "amenity": "drinking_water",
        "name:en": "Baikuntha taal"
      },
      "geometry": {
        "type": "Point",
        "coordinates": [
          84.4353605,
          27.4144095
        ]
      },
      "id": "node/6868735685"
    },
    {
      "type": "Feature",
      "properties": {
        "@id": "node/6901839298",
        "amenity": "drinking_water",
        "man_made": "water_tap",
        "operator:type": "public",
        "source": "Yoyo preset"
      },
      "geometry": {
        "type": "Point",
        "coordinates": [
          83.8271561,
          28.2688385
        ]
      },
      "id": "node/6901839298"
    },
    {
      "type": "Feature",
      "properties": {
        "@id": "node/6901839368",
        "amenity": "drinking_water",
        "man_made": "water_tap",
        "operator:type": "public",
        "source": "Yoyo preset"
      },
      "geometry": {
        "type": "Point",
        "coordinates": [
          83.8213974,
          28.2654166
        ]
      },
      "id": "node/6901839368"
    },
    {
      "type": "Feature",
      "properties": {
        "@id": "node/6901850444",
        "amenity": "drinking_water",
        "man_made": "water_tap",
        "operator:type": "public",
        "source": "Yoyo preset"
      },
      "geometry": {
        "type": "Point",
        "coordinates": [
          83.8204825,
          28.2641427
        ]
      },
      "id": "node/6901850444"
    },
    {
      "type": "Feature",
      "properties": {
        "@id": "node/6901961059",
        "amenity": "drinking_water",
        "man_made": "water_tap",
        "operator:type": "public",
        "source": "Yoyo preset"
      },
      "geometry": {
        "type": "Point",
        "coordinates": [
          83.8314604,
          28.2805845
        ]
      },
      "id": "node/6901961059"
    },
    {
      "type": "Feature",
      "properties": {
        "@id": "node/6901961064",
        "access": "yes",
        "amenity": "drinking_water",
        "man_made": "storage_tank",
        "source": "Yoyo preset"
      },
      "geometry": {
        "type": "Point",
        "coordinates": [
          83.8324863,
          28.2793408
        ]
      },
      "id": "node/6901961064"
    },
    {
      "type": "Feature",
      "properties": {
        "@id": "node/6901961065",
        "amenity": "drinking_water",
        "man_made": "water_tap",
        "operator:type": "public",
        "source": "Yoyo preset"
      },
      "geometry": {
        "type": "Point",
        "coordinates": [
          83.8325661,
          28.2791282
        ]
      },
      "id": "node/6901961065"
    },
    {
      "type": "Feature",
      "properties": {
        "@id": "node/6901961071",
        "amenity": "drinking_water",
        "man_made": "water_tap",
        "operator:type": "public",
        "source": "Yoyo preset"
      },
      "geometry": {
        "type": "Point",
        "coordinates": [
          83.8341124,
          28.2783216
        ]
      },
      "id": "node/6901961071"
    },
    {
      "type": "Feature",
      "properties": {
        "@id": "node/6902314776",
        "amenity": "drinking_water",
        "man_made": "water_tap",
        "operator:type": "public",
        "source": "Yoyo preset"
      },
      "geometry": {
        "type": "Point",
        "coordinates": [
          83.7833389,
          28.2853327
        ]
      },
      "id": "node/6902314776"
    },
    {
      "type": "Feature",
      "properties": {
        "@id": "node/6902605078",
        "amenity": "drinking_water"
      },
      "geometry": {
        "type": "Point",
        "coordinates": [
          84.1100782,
          28.6718169
        ]
      },
      "id": "node/6902605078"
    },
    {
      "type": "Feature",
      "properties": {
        "@id": "node/6904831224",
        "amenity": "drinking_water",
        "man_made": "water_tap",
        "name": "Dhara",
        "operator:type": "public",
        "source": "Yoyo preset and GPS Survey"
      },
      "geometry": {
        "type": "Point",
        "coordinates": [
          83.8064796,
          28.3768094
        ]
      },
      "id": "node/6904831224"
    },
    {
      "type": "Feature",
      "properties": {
        "@id": "node/6904914464",
        "amenity": "drinking_water",
        "man_made": "water_tap",
        "operator:type": "public",
        "source": "Yoyo preset and GPS Survey"
      },
      "geometry": {
        "type": "Point",
        "coordinates": [
          83.7587665,
          28.3305361
        ]
      },
      "id": "node/6904914464"
    },
    {
      "type": "Feature",
      "properties": {
        "@id": "node/6904914493",
        "amenity": "drinking_water",
        "man_made": "water_tap",
        "operator:type": "public",
        "source": "Yoyo preset and GPS Survey"
      },
      "geometry": {
        "type": "Point",
        "coordinates": [
          83.7715057,
          28.3211332
        ]
      },
      "id": "node/6904914493"
    },
    {
      "type": "Feature",
      "properties": {
        "@id": "node/6904914494",
        "amenity": "drinking_water",
        "man_made": "water_tap",
        "operator:type": "public",
        "source": "Yoyo preset and GPS Survey"
      },
      "geometry": {
        "type": "Point",
        "coordinates": [
          83.7715962,
          28.3205902
        ]
      },
      "id": "node/6904914494"
    },
    {
      "type": "Feature",
      "properties": {
        "@id": "node/6904914499",
        "amenity": "drinking_water",
        "man_made": "water_tap",
        "operator:type": "public",
        "source": "Yoyo preset and GPS Survey"
      },
      "geometry": {
        "type": "Point",
        "coordinates": [
          83.7719492,
          28.3201648
        ]
      },
      "id": "node/6904914499"
    },
    {
      "type": "Feature",
      "properties": {
        "@id": "node/6904915483",
        "access": "yes",
        "amenity": "drinking_water",
        "man_made": "storage_tank",
        "source": "Yoyo preset"
      },
      "geometry": {
        "type": "Point",
        "coordinates": [
          83.8175994,
          28.2713933
        ]
      },
      "id": "node/6904915483"
    },
    {
      "type": "Feature",
      "properties": {
        "@id": "node/6904934512",
        "amenity": "drinking_water",
        "man_made": "water_tap",
        "operator:type": "public",
        "source": "Yoyo preset"
      },
      "geometry": {
        "type": "Point",
        "coordinates": [
          83.809986,
          28.2713289
        ]
      },
      "id": "node/6904934512"
    },
    {
      "type": "Feature",
      "properties": {
        "@id": "node/6904934514",
        "amenity": "drinking_water",
        "man_made": "water_tap",
        "operator:type": "public",
        "source": "Yoyo preset"
      },
      "geometry": {
        "type": "Point",
        "coordinates": [
          83.8052814,
          28.2726376
        ]
      },
      "id": "node/6904934514"
    },
    {
      "type": "Feature",
      "properties": {
        "@id": "node/6905117251",
        "amenity": "drinking_water",
        "man_made": "water_tap",
        "operator:type": "public",
        "source": "Yoyo preset"
      },
      "geometry": {
        "type": "Point",
        "coordinates": [
          83.8251901,
          28.2652123
        ]
      },
      "id": "node/6905117251"
    },
    {
      "type": "Feature",
      "properties": {
        "@id": "node/6907751237",
        "amenity": "drinking_water",
        "man_made": "water_tap",
        "operator:type": "public",
        "source": "Yoyo preset"
      },
      "geometry": {
        "type": "Point",
        "coordinates": [
          83.825583,
          28.2662872
        ]
      },
      "id": "node/6907751237"
    },
    {
      "type": "Feature",
      "properties": {
        "@id": "node/6907751238",
        "amenity": "drinking_water",
        "man_made": "water_tap",
        "name": "Dhuley Gauda Dhunge Dhara and Pokhari",
        "operator:type": "public",
        "source": "Yoyo preset"
      },
      "geometry": {
        "type": "Point",
        "coordinates": [
          83.8263052,
          28.2675909
        ]
      },
      "id": "node/6907751238"
    },
    {
      "type": "Feature",
      "properties": {
        "@id": "node/6908136115",
        "amenity": "drinking_water",
        "description": "Founded by Nepal Pariwar,Holand",
        "name": "Safe Drinking Water Station",
        "note": "Supply Center Banthanti"
      },
      "geometry": {
        "type": "Point",
        "coordinates": [
          83.7291142,
          28.3708875
        ]
      },
      "id": "node/6908136115"
    },
    {
      "type": "Feature",
      "properties": {
        "@id": "node/6908171181",
        "amenity": "drinking_water",
        "man_made": "water_tap",
        "operator:type": "public",
        "source": "Yoyo preset and GPS Survey"
      },
      "geometry": {
        "type": "Point",
        "coordinates": [
          83.7344255,
          28.3578912
        ]
      },
      "id": "node/6908171181"
    },
    {
      "type": "Feature",
      "properties": {
        "@id": "node/6908199088",
        "amenity": "drinking_water",
        "man_made": "water_tap",
        "operator:type": "public",
        "source": "Yoyo preset and GPS Survey"
      },
      "geometry": {
        "type": "Point",
        "coordinates": [
          83.7358001,
          28.3551296
        ]
      },
      "id": "node/6908199088"
    },
    {
      "type": "Feature",
      "properties": {
        "@id": "node/6908199090",
        "amenity": "drinking_water",
        "man_made": "water_tap",
        "operator:type": "public",
        "source": "Yoyo preset and GPS Survey"
      },
      "geometry": {
        "type": "Point",
        "coordinates": [
          83.7358725,
          28.3548298
        ]
      },
      "id": "node/6908199090"
    },
    {
      "type": "Feature",
      "properties": {
        "@id": "node/6908278009",
        "amenity": "drinking_water",
        "man_made": "water_tap",
        "operator:type": "public",
        "source": "Yoyo preset"
      },
      "geometry": {
        "type": "Point",
        "coordinates": [
          83.7868506,
          28.4090392
        ]
      },
      "id": "node/6908278009"
    },
    {
      "type": "Feature",
      "properties": {
        "@id": "node/6908278010",
        "amenity": "drinking_water",
        "man_made": "water_tap",
        "operator:type": "public",
        "source": "Yoyo preset"
      },
      "geometry": {
        "type": "Point",
        "coordinates": [
          83.7872663,
          28.409281
        ]
      },
      "id": "node/6908278010"
    },
    {
      "type": "Feature",
      "properties": {
        "@id": "node/6908282945",
        "amenity": "drinking_water"
      },
      "geometry": {
        "type": "Point",
        "coordinates": [
          83.7007188,
          28.3991024
        ]
      },
      "id": "node/6908282945"
    },
    {
      "type": "Feature",
      "properties": {
        "@id": "node/6908487493",
        "amenity": "drinking_water",
        "man_made": "water_tap",
        "operator:type": "public",
        "source": "Yoyo preset and GPS Survey"
      },
      "geometry": {
        "type": "Point",
        "coordinates": [
          83.6997666,
          28.4019107
        ]
      },
      "id": "node/6908487493"
    },
    {
      "type": "Feature",
      "properties": {
        "@id": "node/6908493580",
        "amenity": "drinking_water",
        "man_made": "water_tap",
        "operator:type": "public",
        "source": "Yoyo preset and GPS Survey"
      },
      "geometry": {
        "type": "Point",
        "coordinates": [
          83.7410773,
          28.340657
        ]
      },
      "id": "node/6908493580"
    },
    {
      "type": "Feature",
      "properties": {
        "@id": "node/6908539586",
        "amenity": "drinking_water",
        "man_made": "water_tap",
        "operator:type": "public",
        "source": "Yoyo preset and GPS Survey"
      },
      "geometry": {
        "type": "Point",
        "coordinates": [
          83.7414703,
          28.342902
        ]
      },
      "id": "node/6908539586"
    },
    {
      "type": "Feature",
      "properties": {
        "@id": "node/6908568973",
        "amenity": "drinking_water",
        "man_made": "water_tap",
        "operator:type": "public",
        "source": "Yoyo preset"
      },
      "geometry": {
        "type": "Point",
        "coordinates": [
          83.7888857,
          28.4003535
        ]
      },
      "id": "node/6908568973"
    },
    {
      "type": "Feature",
      "properties": {
        "@id": "node/6908834316",
        "amenity": "drinking_water"
      },
      "geometry": {
        "type": "Point",
        "coordinates": [
          89.2663332,
          24.4652509
        ]
      },
      "id": "node/6908834316"
    },
    {
      "type": "Feature",
      "properties": {
        "@id": "node/6908834317",
        "amenity": "drinking_water"
      },
      "geometry": {
        "type": "Point",
        "coordinates": [
          89.2665125,
          24.4651883
        ]
      },
      "id": "node/6908834317"
    },
    {
      "type": "Feature",
      "properties": {
        "@id": "node/6908834318",
        "amenity": "drinking_water"
      },
      "geometry": {
        "type": "Point",
        "coordinates": [
          89.2665602,
          24.4648303
        ]
      },
      "id": "node/6908834318"
    },
    {
      "type": "Feature",
      "properties": {
        "@id": "node/6908834319",
        "amenity": "drinking_water"
      },
      "geometry": {
        "type": "Point",
        "coordinates": [
          89.2666068,
          24.4643065
        ]
      },
      "id": "node/6908834319"
    },
    {
      "type": "Feature",
      "properties": {
        "@id": "node/6908834320",
        "amenity": "drinking_water"
      },
      "geometry": {
        "type": "Point",
        "coordinates": [
          89.2664189,
          24.4642403
        ]
      },
      "id": "node/6908834320"
    },
    {
      "type": "Feature",
      "properties": {
        "@id": "node/6908834321",
        "amenity": "drinking_water"
      },
      "geometry": {
        "type": "Point",
        "coordinates": [
          89.2663822,
          24.4641746
        ]
      },
      "id": "node/6908834321"
    },
    {
      "type": "Feature",
      "properties": {
        "@id": "node/6908834324",
        "amenity": "drinking_water"
      },
      "geometry": {
        "type": "Point",
        "coordinates": [
          89.2663,
          24.4644949
        ]
      },
      "id": "node/6908834324"
    },
    {
      "type": "Feature",
      "properties": {
        "@id": "node/6908834325",
        "amenity": "drinking_water"
      },
      "geometry": {
        "type": "Point",
        "coordinates": [
          89.2660893,
          24.4644751
        ]
      },
      "id": "node/6908834325"
    },
    {
      "type": "Feature",
      "properties": {
        "@id": "node/6908834326",
        "amenity": "drinking_water"
      },
      "geometry": {
        "type": "Point",
        "coordinates": [
          89.266273,
          24.4644993
        ]
      },
      "id": "node/6908834326"
    },
    {
      "type": "Feature",
      "properties": {
        "@id": "node/6908834348",
        "amenity": "drinking_water"
      },
      "geometry": {
        "type": "Point",
        "coordinates": [
          89.2655417,
          24.4644069
        ]
      },
      "id": "node/6908834348"
    },
    {
      "type": "Feature",
      "properties": {
        "@id": "node/6908834349",
        "amenity": "drinking_water"
      },
      "geometry": {
        "type": "Point",
        "coordinates": [
          89.2654529,
          24.464376
        ]
      },
      "id": "node/6908834349"
    },
    {
      "type": "Feature",
      "properties": {
        "@id": "node/6908834350",
        "amenity": "drinking_water"
      },
      "geometry": {
        "type": "Point",
        "coordinates": [
          89.2647474,
          24.4646216
        ]
      },
      "id": "node/6908834350"
    },
    {
      "type": "Feature",
      "properties": {
        "@id": "node/6908834367",
        "amenity": "drinking_water"
      },
      "geometry": {
        "type": "Point",
        "coordinates": [
          89.2665791,
          24.4650035
        ]
      },
      "id": "node/6908834367"
    },
    {
      "type": "Feature",
      "properties": {
        "@id": "node/6911274226",
        "access": "yes",
        "amenity": "drinking_water",
        "drinking_water": "yes",
        "man_made": "storage_tank",
        "name:ne": "काउराबोट",
        "source": "Yoyo preset and GPS Survey"
      },
      "geometry": {
        "type": "Point",
        "coordinates": [
          83.7962168,
          28.2969605
        ]
      },
      "id": "node/6911274226"
    },
    {
      "type": "Feature",
      "properties": {
        "@id": "node/6911418685",
        "amenity": "drinking_water",
        "man_made": "water_tap",
        "operator:type": "public",
        "source": "Yoyo preset and GPS Survey"
      },
      "geometry": {
        "type": "Point",
        "coordinates": [
          83.8024657,
          28.2988493
        ]
      },
      "id": "node/6911418685"
    },
    {
      "type": "Feature",
      "properties": {
        "@id": "node/6911418702",
        "amenity": "drinking_water",
        "man_made": "water_tap",
        "operator:type": "public",
        "source": "Yoyo preset and GPS Survey"
      },
      "geometry": {
        "type": "Point",
        "coordinates": [
          83.8104151,
          28.29524
        ]
      },
      "id": "node/6911418702"
    },
    {
      "type": "Feature",
      "properties": {
        "@id": "node/6911459270",
        "amenity": "drinking_water",
        "man_made": "water_tap",
        "operator:type": "public",
        "source": "Yoyo preset and GPS Survey"
      },
      "geometry": {
        "type": "Point",
        "coordinates": [
          83.7486787,
          28.3273653
        ]
      },
      "id": "node/6911459270"
    },
    {
      "type": "Feature",
      "properties": {
        "@id": "node/6911471498",
        "amenity": "drinking_water",
        "man_made": "water_well",
        "operator:type": "public",
        "source": "Yoyo preset and GPS Survey"
      },
      "geometry": {
        "type": "Point",
        "coordinates": [
          83.7993316,
          28.3013602
        ]
      },
      "id": "node/6911471498"
    },
    {
      "type": "Feature",
      "properties": {
        "@id": "node/6911568015",
        "amenity": "drinking_water",
        "man_made": "water_tap",
        "operator:type": "public",
        "source": "Yoyo preset and GPS Survey"
      },
      "geometry": {
        "type": "Point",
        "coordinates": [
          83.8029177,
          28.2992986
        ]
      },
      "id": "node/6911568015"
    },
    {
      "type": "Feature",
      "properties": {
        "@id": "node/6911607589",
        "amenity": "drinking_water",
        "man_made": "water_tap",
        "operator:type": "public",
        "source": "Yoyo preset and GPS Survey"
      },
      "geometry": {
        "type": "Point",
        "coordinates": [
          83.8098498,
          28.2955535
        ]
      },
      "id": "node/6911607589"
    },
    {
      "type": "Feature",
      "properties": {
        "@id": "node/6911607593",
        "amenity": "drinking_water",
        "man_made": "water_tap",
        "operator:type": "public",
        "source": "Yoyo preset and GPS Survey"
      },
      "geometry": {
        "type": "Point",
        "coordinates": [
          83.8094549,
          28.2959952
        ]
      },
      "id": "node/6911607593"
    },
    {
      "type": "Feature",
      "properties": {
        "@id": "node/6912038588",
        "amenity": "drinking_water",
        "man_made": "water_tap",
        "operator:type": "public",
        "source": "Yoyo preset and GPS Survey"
      },
      "geometry": {
        "type": "Point",
        "coordinates": [
          83.7443402,
          28.3490868
        ]
      },
      "id": "node/6912038588"
    },
    {
      "type": "Feature",
      "properties": {
        "@id": "node/6914671036",
        "amenity": "drinking_water",
        "man_made": "water_tap",
        "operator:type": "public",
        "source": "Yoyo preset and GPS Survey"
      },
      "geometry": {
        "type": "Point",
        "coordinates": [
          83.7471385,
          28.3387731
        ]
      },
      "id": "node/6914671036"
    },
    {
      "type": "Feature",
      "properties": {
        "@id": "node/6914842048",
        "amenity": "drinking_water",
        "name": "Padhero"
      },
      "geometry": {
        "type": "Point",
        "coordinates": [
          83.8537288,
          28.2806211
        ]
      },
      "id": "node/6914842048"
    },
    {
      "type": "Feature",
      "properties": {
        "@id": "node/6914842049",
        "amenity": "drinking_water",
        "name": "Paniko Mul"
      },
      "geometry": {
        "type": "Point",
        "coordinates": [
          83.8531923,
          28.2804581
        ]
      },
      "id": "node/6914842049"
    },
    {
      "type": "Feature",
      "properties": {
        "@id": "node/6914861109",
        "amenity": "drinking_water",
        "name": "Paniko Mul"
      },
      "geometry": {
        "type": "Point",
        "coordinates": [
          83.8501869,
          28.2797778
        ]
      },
      "id": "node/6914861109"
    },
    {
      "type": "Feature",
      "properties": {
        "@id": "node/6914922515",
        "amenity": "drinking_water",
        "man_made": "water_tap",
        "operator:type": "public",
        "source": "Yoyo preset and GPS Survey"
      },
      "geometry": {
        "type": "Point",
        "coordinates": [
          83.8289616,
          28.2837868
        ]
      },
      "id": "node/6914922515"
    },
    {
      "type": "Feature",
      "properties": {
        "@id": "node/6915265833",
        "amenity": "drinking_water",
        "man_made": "water_tap",
        "operator:type": "public",
        "source": "Yoyo preset and GPS Survey"
      },
      "geometry": {
        "type": "Point",
        "coordinates": [
          83.8229652,
          28.2947677
        ]
      },
      "id": "node/6915265833"
    },
    {
      "type": "Feature",
      "properties": {
        "@id": "node/6933843685",
        "amenity": "drinking_water"
      },
      "geometry": {
        "type": "Point",
        "coordinates": [
          84.9825395,
          24.6904497
        ]
      },
      "id": "node/6933843685"
    },
    {
      "type": "Feature",
      "properties": {
        "@id": "node/6944199229",
        "amenity": "drinking_water"
      },
      "geometry": {
        "type": "Point",
        "coordinates": [
          88.6122729,
          27.3335487
        ]
      },
      "id": "node/6944199229"
    },
    {
      "type": "Feature",
      "properties": {
        "@id": "node/6947485250",
        "amenity": "drinking_water",
        "man_made": "water_tap",
        "operator:type": "public",
        "source": "Yoyo preset"
      },
      "geometry": {
        "type": "Point",
        "coordinates": [
          83.8253255,
          28.372745
        ]
      },
      "id": "node/6947485250"
    },
    {
      "type": "Feature",
      "properties": {
        "@id": "node/6947485266",
        "amenity": "drinking_water",
        "man_made": "water_tap",
        "operator:type": "public",
        "source": "Yoyo preset"
      },
      "geometry": {
        "type": "Point",
        "coordinates": [
          83.8117374,
          28.3704463
        ]
      },
      "id": "node/6947485266"
    },
    {
      "type": "Feature",
      "properties": {
        "@id": "node/6947502460",
        "amenity": "drinking_water",
        "man_made": "water_tap",
        "operator:type": "public",
        "source": "Yoyo preset"
      },
      "geometry": {
        "type": "Point",
        "coordinates": [
          83.8261328,
          28.3695205
        ]
      },
      "id": "node/6947502460"
    },
    {
      "type": "Feature",
      "properties": {
        "@id": "node/6947662402",
        "amenity": "drinking_water",
        "drinking_water": "yes",
        "man_made": "water_tap",
        "operator:type": "public",
        "source": "Yoyo preset and GPS Survey"
      },
      "geometry": {
        "type": "Point",
        "coordinates": [
          83.8611585,
          28.2777464
        ]
      },
      "id": "node/6947662402"
    },
    {
      "type": "Feature",
      "properties": {
        "@id": "node/6947712123",
        "access": "yes",
        "amenity": "drinking_water",
        "man_made": "storage_tank",
        "source": "Yoyo preset"
      },
      "geometry": {
        "type": "Point",
        "coordinates": [
          83.8267471,
          28.3715502
        ]
      },
      "id": "node/6947712123"
    },
    {
      "type": "Feature",
      "properties": {
        "@id": "node/6947712124",
        "access": "yes",
        "amenity": "drinking_water",
        "man_made": "storage_tank",
        "source": "Yoyo preset"
      },
      "geometry": {
        "type": "Point",
        "coordinates": [
          83.8266163,
          28.371634
        ]
      },
      "id": "node/6947712124"
    },
    {
      "type": "Feature",
      "properties": {
        "@id": "node/6953251078",
        "amenity": "drinking_water",
        "man_made": "water_tap",
        "operator:type": "public",
        "source": "Yoyo preset and GPS Survey"
      },
      "geometry": {
        "type": "Point",
        "coordinates": [
          83.874312,
          28.2778811
        ]
      },
      "id": "node/6953251078"
    },
    {
      "type": "Feature",
      "properties": {
        "@id": "node/6953253158",
        "amenity": "drinking_water"
      },
      "geometry": {
        "type": "Point",
        "coordinates": [
          84.0813087,
          28.1900792
        ]
      },
      "id": "node/6953253158"
    },
    {
      "type": "Feature",
      "properties": {
        "@id": "node/6953272516",
        "amenity": "drinking_water",
        "indoor": "yes",
        "name": "Drinking water industry"
      },
      "geometry": {
        "type": "Point",
        "coordinates": [
          83.8597208,
          28.2866028
        ]
      },
      "id": "node/6953272516"
    },
    {
      "type": "Feature",
      "properties": {
        "@id": "node/6953297657",
        "amenity": "drinking_water",
        "man_made": "water_tap",
        "operator:type": "public",
        "source": "Yoyo preset"
      },
      "geometry": {
        "type": "Point",
        "coordinates": [
          83.8011447,
          28.3197236
        ]
      },
      "id": "node/6953297657"
    },
    {
      "type": "Feature",
      "properties": {
        "@id": "node/6953297821",
        "amenity": "drinking_water"
      },
      "geometry": {
        "type": "Point",
        "coordinates": [
          84.0828123,
          28.1873298
        ]
      },
      "id": "node/6953297821"
    },
    {
      "type": "Feature",
      "properties": {
        "@id": "node/6953367500",
        "amenity": "drinking_water"
      },
      "geometry": {
        "type": "Point",
        "coordinates": [
          83.858302,
          28.2822007
        ]
      },
      "id": "node/6953367500"
    },
    {
      "type": "Feature",
      "properties": {
        "@id": "node/6953367502",
        "amenity": "drinking_water"
      },
      "geometry": {
        "type": "Point",
        "coordinates": [
          83.8586801,
          28.2821841
        ]
      },
      "id": "node/6953367502"
    },
    {
      "type": "Feature",
      "properties": {
        "@id": "node/6953493102",
        "amenity": "drinking_water"
      },
      "geometry": {
        "type": "Point",
        "coordinates": [
          83.8561448,
          28.2766415
        ]
      },
      "id": "node/6953493102"
    },
    {
      "type": "Feature",
      "properties": {
        "@id": "node/6953493123",
        "amenity": "drinking_water"
      },
      "geometry": {
        "type": "Point",
        "coordinates": [
          83.8559517,
          28.2759524
        ]
      },
      "id": "node/6953493123"
    },
    {
      "type": "Feature",
      "properties": {
        "@id": "node/6953493126",
        "amenity": "drinking_water"
      },
      "geometry": {
        "type": "Point",
        "coordinates": [
          83.8568066,
          28.2760386
        ]
      },
      "id": "node/6953493126"
    },
    {
      "type": "Feature",
      "properties": {
        "@id": "node/6953493181",
        "amenity": "drinking_water"
      },
      "geometry": {
        "type": "Point",
        "coordinates": [
          83.8580287,
          28.2759364
        ]
      },
      "id": "node/6953493181"
    },
    {
      "type": "Feature",
      "properties": {
        "@id": "node/6953498091",
        "amenity": "drinking_water",
        "man_made": "water_tap",
        "operator:type": "public",
        "source": "Yoyo preset"
      },
      "geometry": {
        "type": "Point",
        "coordinates": [
          83.8039188,
          28.3275518
        ]
      },
      "id": "node/6953498091"
    },
    {
      "type": "Feature",
      "properties": {
        "@id": "node/6953512089",
        "amenity": "drinking_water",
        "name": "Kaildalo Padhero"
      },
      "geometry": {
        "type": "Point",
        "coordinates": [
          83.8606254,
          28.2797512
        ]
      },
      "id": "node/6953512089"
    },
    {
      "type": "Feature",
      "properties": {
        "@id": "node/6953512126",
        "amenity": "drinking_water"
      },
      "geometry": {
        "type": "Point",
        "coordinates": [
          83.8573578,
          28.2814938
        ]
      },
      "id": "node/6953512126"
    },
    {
      "type": "Feature",
      "properties": {
        "@id": "node/6953512194",
        "amenity": "drinking_water"
      },
      "geometry": {
        "type": "Point",
        "coordinates": [
          83.8448594,
          28.2863347
        ]
      },
      "id": "node/6953512194"
    },
    {
      "type": "Feature",
      "properties": {
        "@id": "node/6954009987",
        "amenity": "drinking_water"
      },
      "geometry": {
        "type": "Point",
        "coordinates": [
          83.8463775,
          28.2842609
        ]
      },
      "id": "node/6954009987"
    },
    {
      "type": "Feature",
      "properties": {
        "@id": "node/6955718184",
        "access": "yes",
        "amenity": "drinking_water",
        "wheelchair": "no"
      },
      "geometry": {
        "type": "Point",
        "coordinates": [
          85.4244997,
          27.6959153
        ]
      },
      "id": "node/6955718184"
    },
    {
      "type": "Feature",
      "properties": {
        "@id": "node/6956650288",
        "amenity": "drinking_water"
      },
      "geometry": {
        "type": "Point",
        "coordinates": [
          83.8275075,
          28.2661206
        ]
      },
      "id": "node/6956650288"
    },
    {
      "type": "Feature",
      "properties": {
        "@id": "node/6956729838",
        "amenity": "drinking_water"
      },
      "geometry": {
        "type": "Point",
        "coordinates": [
          83.8162965,
          28.270814
        ]
      },
      "id": "node/6956729838"
    },
    {
      "type": "Feature",
      "properties": {
        "@id": "node/6957296118",
        "amenity": "drinking_water",
        "man_made": "water_tap",
        "operator:type": "public",
        "source": "Yoyo preset"
      },
      "geometry": {
        "type": "Point",
        "coordinates": [
          83.8043493,
          28.3458823
        ]
      },
      "id": "node/6957296118"
    },
    {
      "type": "Feature",
      "properties": {
        "@id": "node/6957347237",
        "amenity": "drinking_water",
        "man_made": "water_tap",
        "operator:type": "public",
        "source": "Yoyo preset"
      },
      "geometry": {
        "type": "Point",
        "coordinates": [
          83.8047945,
          28.3567394
        ]
      },
      "id": "node/6957347237"
    },
    {
      "type": "Feature",
      "properties": {
        "@id": "node/6957408971",
        "amenity": "drinking_water",
        "man_made": "water_tap",
        "operator:type": "public",
        "source": "Yoyo preset and GPS Survey"
      },
      "geometry": {
        "type": "Point",
        "coordinates": [
          83.8053142,
          28.3754241
        ]
      },
      "id": "node/6957408971"
    },
    {
      "type": "Feature",
      "properties": {
        "@id": "node/6968249333",
        "amenity": "drinking_water",
        "name": "Dhunge Dhara"
      },
      "geometry": {
        "type": "Point",
        "coordinates": [
          83.8170677,
          28.4217652
        ]
      },
      "id": "node/6968249333"
    },
    {
      "type": "Feature",
      "properties": {
        "@id": "node/6968340315",
        "amenity": "drinking_water",
        "man_made": "water_tap",
        "operator:type": "public",
        "source": "Yoyo preset and GPS Survey"
      },
      "geometry": {
        "type": "Point",
        "coordinates": [
          83.767717,
          28.2965378
        ]
      },
      "id": "node/6968340315"
    },
    {
      "type": "Feature",
      "properties": {
        "@id": "node/6968556395",
        "amenity": "drinking_water",
        "man_made": "water_tap",
        "name": "Tap",
        "operator:type": "public",
        "source": "Yoyo preset and GPS Survey"
      },
      "geometry": {
        "type": "Point",
        "coordinates": [
          83.771041,
          28.3050449
        ]
      },
      "id": "node/6968556395"
    },
    {
      "type": "Feature",
      "properties": {
        "@id": "node/6968556461",
        "amenity": "drinking_water",
        "man_made": "water_tap",
        "operator:type": "public",
        "source": "Yoyo preset and GPS Survey"
      },
      "geometry": {
        "type": "Point",
        "coordinates": [
          83.771224,
          28.3055449
        ]
      },
      "id": "node/6968556461"
    },
    {
      "type": "Feature",
      "properties": {
        "@id": "node/6968661712",
        "amenity": "drinking_water",
        "man_made": "water_tap",
        "name": "Tap",
        "operator:type": "public",
        "source": "Yoyo preset and GPS Survey"
      },
      "geometry": {
        "type": "Point",
        "coordinates": [
          83.7712803,
          28.2997904
        ]
      },
      "id": "node/6968661712"
    },
    {
      "type": "Feature",
      "properties": {
        "@id": "node/6968661802",
        "amenity": "drinking_water",
        "man_made": "water_well",
        "operator:type": "public",
        "source": "Yoyo preset and GPS Survey"
      },
      "geometry": {
        "type": "Point",
        "coordinates": [
          83.7717604,
          28.3003058
        ]
      },
      "id": "node/6968661802"
    },
    {
      "type": "Feature",
      "properties": {
        "@id": "node/6971489981",
        "amenity": "drinking_water",
        "man_made": "water_tap",
        "operator:type": "public",
        "source": "Yoyo preset and GPS Survey"
      },
      "geometry": {
        "type": "Point",
        "coordinates": [
          83.7699728,
          28.3030228
        ]
      },
      "id": "node/6971489981"
    },
    {
      "type": "Feature",
      "properties": {
        "@id": "node/6971489982",
        "amenity": "drinking_water",
        "man_made": "water_tap",
        "operator:type": "public",
        "source": "Yoyo preset and GPS Survey"
      },
      "geometry": {
        "type": "Point",
        "coordinates": [
          83.7696013,
          28.3010004
        ]
      },
      "id": "node/6971489982"
    },
    {
      "type": "Feature",
      "properties": {
        "@id": "node/6975553648",
        "amenity": "drinking_water"
      },
      "geometry": {
        "type": "Point",
        "coordinates": [
          89.2664911,
          24.4645798
        ]
      },
      "id": "node/6975553648"
    },
    {
      "type": "Feature",
      "properties": {
        "@id": "node/6976157810",
        "amenity": "drinking_water",
        "man_made": "water_well",
        "name": "Majh Khola Ko Padhero",
        "operator:type": "public",
        "source": "Yoyo preset and GPS Survey"
      },
      "geometry": {
        "type": "Point",
        "coordinates": [
          83.8035716,
          28.2984202
        ]
      },
      "id": "node/6976157810"
    },
    {
      "type": "Feature",
      "properties": {
        "@id": "node/6976157862",
        "amenity": "drinking_water",
        "man_made": "water_tap",
        "name": "Water Tap",
        "operator:type": "public",
        "source": "Yoyo preset and GPS Survey"
      },
      "geometry": {
        "type": "Point",
        "coordinates": [
          83.8047074,
          28.2982878
        ]
      },
      "id": "node/6976157862"
    },
    {
      "type": "Feature",
      "properties": {
        "@id": "node/6976157891",
        "amenity": "drinking_water",
        "man_made": "water_tap",
        "name": "Water Tap",
        "operator:type": "public",
        "source": "Yoyo preset and GPS Survey"
      },
      "geometry": {
        "type": "Point",
        "coordinates": [
          83.8049045,
          28.2971347
        ]
      },
      "id": "node/6976157891"
    },
    {
      "type": "Feature",
      "properties": {
        "@id": "node/6976467539",
        "amenity": "drinking_water",
        "man_made": "water_tap",
        "operator:type": "public",
        "source": "Yoyo preset"
      },
      "geometry": {
        "type": "Point",
        "coordinates": [
          83.7903542,
          28.3231313
        ]
      },
      "id": "node/6976467539"
    },
    {
      "type": "Feature",
      "properties": {
        "@id": "node/6976517757",
        "amenity": "drinking_water",
        "man_made": "water_tap",
        "name": "Tap",
        "operator:type": "public",
        "source": "Yoyo preset and GPS Survey"
      },
      "geometry": {
        "type": "Point",
        "coordinates": [
          83.8276505,
          28.2962254
        ]
      },
      "id": "node/6976517757"
    },
    {
      "type": "Feature",
      "properties": {
        "@id": "node/6987715838",
        "amenity": "drinking_water",
        "man_made": "water_tap",
        "operator:type": "public",
        "source": "Yoyo preset and GPS Survey"
      },
      "geometry": {
        "type": "Point",
        "coordinates": [
          83.8576636,
          28.2600716
        ]
      },
      "id": "node/6987715838"
    },
    {
      "type": "Feature",
      "properties": {
        "@id": "node/6987715840",
        "amenity": "drinking_water",
        "man_made": "water_tap",
        "operator:type": "public",
        "source": "Yoyo preset and GPS Survey"
      },
      "geometry": {
        "type": "Point",
        "coordinates": [
          83.8576066,
          28.2606315
        ]
      },
      "id": "node/6987715840"
    },
    {
      "type": "Feature",
      "properties": {
        "@id": "node/6987715878",
        "amenity": "drinking_water",
        "man_made": "water_tap",
        "operator:type": "public",
        "source": "Yoyo preset and GPS Survey"
      },
      "geometry": {
        "type": "Point",
        "coordinates": [
          83.8605302,
          28.2604732
        ]
      },
      "id": "node/6987715878"
    },
    {
      "type": "Feature",
      "properties": {
        "@id": "node/6987715879",
        "amenity": "drinking_water",
        "man_made": "water_tap",
        "operator:type": "public",
        "source": "Yoyo preset and GPS Survey"
      },
      "geometry": {
        "type": "Point",
        "coordinates": [
          83.8597255,
          28.2605931
        ]
      },
      "id": "node/6987715879"
    },
    {
      "type": "Feature",
      "properties": {
        "@id": "node/7000701275",
        "amenity": "drinking_water",
        "man_made": "water_tap",
        "operator:type": "public",
        "source": "Yoyo preset"
      },
      "geometry": {
        "type": "Point",
        "coordinates": [
          83.7711174,
          28.2916717
        ]
      },
      "id": "node/7000701275"
    },
    {
      "type": "Feature",
      "properties": {
        "@id": "node/7000701276",
        "amenity": "drinking_water",
        "man_made": "water_tap",
        "operator:type": "public",
        "source": "Yoyo preset"
      },
      "geometry": {
        "type": "Point",
        "coordinates": [
          83.7709112,
          28.2919808
        ]
      },
      "id": "node/7000701276"
    },
    {
      "type": "Feature",
      "properties": {
        "@id": "node/7005597826",
        "amenity": "drinking_water",
        "man_made": "water_well",
        "name": "Bhatiko Padhero",
        "operator:type": "public",
        "source": "Yoyo preset and GPS Survey"
      },
      "geometry": {
        "type": "Point",
        "coordinates": [
          83.7805621,
          28.2792605
        ]
      },
      "id": "node/7005597826"
    },
    {
      "type": "Feature",
      "properties": {
        "@id": "node/7005597865",
        "amenity": "drinking_water",
        "man_made": "water_well",
        "operator:type": "public",
        "source": "Yoyo preset and GPS Survey"
      },
      "geometry": {
        "type": "Point",
        "coordinates": [
          83.7825657,
          28.2749715
        ]
      },
      "id": "node/7005597865"
    },
    {
      "type": "Feature",
      "properties": {
        "@id": "node/7005597897",
        "amenity": "drinking_water",
        "man_made": "water_tap",
        "operator:type": "public",
        "source": "Yoyo preset and GPS Survey"
      },
      "geometry": {
        "type": "Point",
        "coordinates": [
          83.788936,
          28.2720039
        ]
      },
      "id": "node/7005597897"
    },
    {
      "type": "Feature",
      "properties": {
        "@id": "node/7005597928",
        "amenity": "drinking_water",
        "man_made": "water_tap",
        "operator:type": "public",
        "source": "Yoyo preset and GPS Survey"
      },
      "geometry": {
        "type": "Point",
        "coordinates": [
          83.7929204,
          28.2699582
        ]
      },
      "id": "node/7005597928"
    },
    {
      "type": "Feature",
      "properties": {
        "@id": "node/7005597929",
        "amenity": "drinking_water",
        "man_made": "water_tap",
        "operator:type": "public",
        "source": "Yoyo preset and GPS Survey"
      },
      "geometry": {
        "type": "Point",
        "coordinates": [
          83.7916571,
          28.2718079
        ]
      },
      "id": "node/7005597929"
    },
    {
      "type": "Feature",
      "properties": {
        "@id": "node/7005598091",
        "amenity": "drinking_water",
        "man_made": "water_well",
        "operator:type": "public",
        "source": "Yoyo preset and GPS Survey"
      },
      "geometry": {
        "type": "Point",
        "coordinates": [
          83.7956268,
          28.277297
        ]
      },
      "id": "node/7005598091"
    },
    {
      "type": "Feature",
      "properties": {
        "@id": "node/7005598094",
        "amenity": "drinking_water",
        "man_made": "water_well",
        "operator:type": "public",
        "source": "Yoyo preset and GPS Survey"
      },
      "geometry": {
        "type": "Point",
        "coordinates": [
          83.7983251,
          28.2760315
        ]
      },
      "id": "node/7005598094"
    },
    {
      "type": "Feature",
      "properties": {
        "@id": "node/7076877253",
        "access": "permissive",
        "amenity": "drinking_water",
        "fee": "no",
        "wheelchair": "no"
      },
      "geometry": {
        "type": "Point",
        "coordinates": [
          84.6547313,
          25.4964472
        ]
      },
      "id": "node/7076877253"
    },
    {
      "type": "Feature",
      "properties": {
        "@id": "node/7076877254",
        "access": "permissive",
        "amenity": "drinking_water",
        "fee": "no",
        "wheelchair": "no"
      },
      "geometry": {
        "type": "Point",
        "coordinates": [
          84.6552658,
          25.4990598
        ]
      },
      "id": "node/7076877254"
    },
    {
      "type": "Feature",
      "properties": {
        "@id": "node/7076877255",
        "amenity": "drinking_water"
      },
      "geometry": {
        "type": "Point",
        "coordinates": [
          84.6554948,
          25.4987996
        ]
      },
      "id": "node/7076877255"
    },
    {
      "type": "Feature",
      "properties": {
        "@id": "node/7076877256",
        "access": "yes",
        "amenity": "drinking_water",
        "fee": "no",
        "wheelchair": "no"
      },
      "geometry": {
        "type": "Point",
        "coordinates": [
          84.6563474,
          25.4986739
        ]
      },
      "id": "node/7076877256"
    },
    {
      "type": "Feature",
      "properties": {
        "@id": "node/7077754969",
        "amenity": "drinking_water"
      },
      "geometry": {
        "type": "Point",
        "coordinates": [
          83.4081029,
          26.7854833
        ]
      },
      "id": "node/7077754969"
    },
    {
      "type": "Feature",
      "properties": {
        "@id": "node/7130729218",
        "amenity": "drinking_water"
      },
      "geometry": {
        "type": "Point",
        "coordinates": [
          82.4541011,
          28.6607569
        ]
      },
      "id": "node/7130729218"
    },
    {
      "type": "Feature",
      "properties": {
        "@id": "node/7171435176",
        "amenity": "drinking_water",
        "man_made": "water_well",
        "name": "Dhunge Dhara",
        "operator:type": "public",
        "source": "Yoyo preset and GPS Survey"
      },
      "geometry": {
        "type": "Point",
        "coordinates": [
          84.1060575,
          28.3576611
        ]
      },
      "id": "node/7171435176"
    },
    {
      "type": "Feature",
      "properties": {
        "@id": "node/7171435177",
        "amenity": "drinking_water",
        "man_made": "water_tap",
        "operator:type": "public",
        "source": "Yoyo preset and GPS Survey"
      },
      "geometry": {
        "type": "Point",
        "coordinates": [
          84.1061984,
          28.359103
        ]
      },
      "id": "node/7171435177"
    },
    {
      "type": "Feature",
      "properties": {
        "@id": "node/7184094056",
        "amenity": "drinking_water"
      },
      "geometry": {
        "type": "Point",
        "coordinates": [
          84.741096,
          26.758136
        ]
      },
      "id": "node/7184094056"
    },
    {
      "type": "Feature",
      "properties": {
        "@id": "node/7184110750",
        "amenity": "drinking_water"
      },
      "geometry": {
        "type": "Point",
        "coordinates": [
          84.7398894,
          26.758402
        ]
      },
      "id": "node/7184110750"
    },
    {
      "type": "Feature",
      "properties": {
        "@id": "node/7184121793",
        "amenity": "drinking_water"
      },
      "geometry": {
        "type": "Point",
        "coordinates": [
          84.7386629,
          26.7588384
        ]
      },
      "id": "node/7184121793"
    },
    {
      "type": "Feature",
      "properties": {
        "@id": "node/7184124200",
        "amenity": "drinking_water"
      },
      "geometry": {
        "type": "Point",
        "coordinates": [
          84.7410011,
          26.758174
        ]
      },
      "id": "node/7184124200"
    },
    {
      "type": "Feature",
      "properties": {
        "@id": "node/7199736474",
        "amenity": "drinking_water"
      },
      "geometry": {
        "type": "Point",
        "coordinates": [
          85.179256,
          27.6613412
        ]
      },
      "id": "node/7199736474"
    },
    {
      "type": "Feature",
      "properties": {
        "@id": "node/7199877403",
        "amenity": "drinking_water",
        "man_made": "water_tap",
        "operator:type": "public",
        "source": "Yoyo preset and GPS Survey"
      },
      "geometry": {
        "type": "Point",
        "coordinates": [
          84.1078124,
          28.3594602
        ]
      },
      "id": "node/7199877403"
    },
    {
      "type": "Feature",
      "properties": {
        "@id": "node/7200202116",
        "amenity": "drinking_water"
      },
      "geometry": {
        "type": "Point",
        "coordinates": [
          85.1090156,
          25.6207706
        ]
      },
      "id": "node/7200202116"
    },
    {
      "type": "Feature",
      "properties": {
        "@id": "node/7204001470",
        "amenity": "drinking_water"
      },
      "geometry": {
        "type": "Point",
        "coordinates": [
          85.2301498,
          25.596885
        ]
      },
      "id": "node/7204001470"
    },
    {
      "type": "Feature",
      "properties": {
        "@id": "node/7204013710",
        "amenity": "drinking_water"
      },
      "geometry": {
        "type": "Point",
        "coordinates": [
          85.2090786,
          25.6060578
        ]
      },
      "id": "node/7204013710"
    },
    {
      "type": "Feature",
      "properties": {
        "@id": "node/7205312993",
        "amenity": "drinking_water",
        "level": "2"
      },
      "geometry": {
        "type": "Point",
        "coordinates": [
          85.1487117,
          25.6173047
        ]
      },
      "id": "node/7205312993"
    },
    {
      "type": "Feature",
      "properties": {
        "@id": "node/7205313006",
        "amenity": "drinking_water",
        "level": "1"
      },
      "geometry": {
        "type": "Point",
        "coordinates": [
          85.1486935,
          25.6173058
        ]
      },
      "id": "node/7205313006"
    },
    {
      "type": "Feature",
      "properties": {
        "@id": "node/7205351112",
        "amenity": "drinking_water",
        "level": "0"
      },
      "geometry": {
        "type": "Point",
        "coordinates": [
          85.1486751,
          25.6173066
        ]
      },
      "id": "node/7205351112"
    },
    {
      "type": "Feature",
      "properties": {
        "@id": "node/7205814459",
        "amenity": "drinking_water"
      },
      "geometry": {
        "type": "Point",
        "coordinates": [
          85.1627369,
          25.6022836
        ]
      },
      "id": "node/7205814459"
    },
    {
      "type": "Feature",
      "properties": {
        "@id": "node/7205986092",
        "amenity": "drinking_water"
      },
      "geometry": {
        "type": "Point",
        "coordinates": [
          85.1632012,
          25.6027194
        ]
      },
      "id": "node/7205986092"
    },
    {
      "type": "Feature",
      "properties": {
        "@id": "node/7205986093",
        "amenity": "drinking_water"
      },
      "geometry": {
        "type": "Point",
        "coordinates": [
          85.1641121,
          25.6026766
        ]
      },
      "id": "node/7205986093"
    },
    {
      "type": "Feature",
      "properties": {
        "@id": "node/7205986100",
        "amenity": "drinking_water"
      },
      "geometry": {
        "type": "Point",
        "coordinates": [
          85.1647846,
          25.6026116
        ]
      },
      "id": "node/7205986100"
    },
    {
      "type": "Feature",
      "properties": {
        "@id": "node/7205986103",
        "amenity": "drinking_water"
      },
      "geometry": {
        "type": "Point",
        "coordinates": [
          85.1649976,
          25.6025874
        ]
      },
      "id": "node/7205986103"
    },
    {
      "type": "Feature",
      "properties": {
        "@id": "node/7205986109",
        "amenity": "drinking_water"
      },
      "geometry": {
        "type": "Point",
        "coordinates": [
          85.1644102,
          25.6026492
        ]
      },
      "id": "node/7205986109"
    },
    {
      "type": "Feature",
      "properties": {
        "@id": "node/7218685647",
        "access": "yes",
        "amenity": "drinking_water"
      },
      "geometry": {
        "type": "Point",
        "coordinates": [
          85.3447054,
          27.685971
        ]
      },
      "id": "node/7218685647"
    },
    {
      "type": "Feature",
      "properties": {
        "@id": "node/7265655609",
        "amenity": "drinking_water",
        "name": "Dharapani"
      },
      "geometry": {
        "type": "Point",
        "coordinates": [
          83.8345845,
          28.283772
        ]
      },
      "id": "node/7265655609"
    },
    {
      "type": "Feature",
      "properties": {
        "@id": "node/7622641846",
        "access": "restricted",
        "amenity": "drinking_water",
        "man_made": "water_well",
        "owner": "Shaikh Abdul Awal",
        "pump": "manual"
      },
      "geometry": {
        "type": "Point",
        "coordinates": [
          89.6471944,
          23.0537449
        ]
      },
      "id": "node/7622641846"
    },
    {
      "type": "Feature",
      "properties": {
        "@id": "node/7628053865",
        "amenity": "drinking_water",
        "man_made": "water_well",
        "pump": "manual"
      },
      "geometry": {
        "type": "Point",
        "coordinates": [
          89.6464819,
          23.0535596
        ]
      },
      "id": "node/7628053865"
    },
    {
      "type": "Feature",
      "properties": {
        "@id": "node/8108693027",
        "amenity": "drinking_water",
        "water_source": "tap"
      },
      "geometry": {
        "type": "Point",
        "coordinates": [
          86.4965589,
          27.1689153
        ]
      },
      "id": "node/8108693027"
    },
    {
      "type": "Feature",
      "properties": {
        "@id": "node/8178510191",
        "access": "yes",
        "amenity": "drinking_water",
        "man_made": "storage_tank",
        "source": "Yoyo preset"
      },
      "geometry": {
        "type": "Point",
        "coordinates": [
          83.8689999,
          28.28171
        ]
      },
      "id": "node/8178510191"
    },
    {
      "type": "Feature",
      "properties": {
        "@id": "node/8178576158",
        "amenity": "drinking_water"
      },
      "geometry": {
        "type": "Point",
        "coordinates": [
          88.6146342,
          27.333851
        ]
      },
      "id": "node/8178576158"
    },
    {
      "type": "Feature",
      "properties": {
        "@id": "node/8281834384",
        "amenity": "drinking_water"
      },
      "geometry": {
        "type": "Point",
        "coordinates": [
          84.3727393,
          28.4586819
        ]
      },
      "id": "node/8281834384"
    },
    {
      "type": "Feature",
      "properties": {
        "@id": "node/8600944872",
        "addr:city": "Pokhara Lekhnath Metropolitian City",
        "addr:place": "Viral Chaur",
        "amenity": "drinking_water",
        "drinking_water": "yes",
        "man_made": "water_tap",
        "name": "Viral Chaur Public Tap"
      },
      "geometry": {
        "type": "Point",
        "coordinates": [
          83.9890781,
          28.1563268
        ]
      },
      "id": "node/8600944872"
    },
    {
      "type": "Feature",
      "properties": {
        "@id": "node/8678002106",
        "amenity": "drinking_water"
      },
      "geometry": {
        "type": "Point",
        "coordinates": [
          83.613834,
          28.2551504
        ]
      },
      "id": "node/8678002106"
    },
    {
      "type": "Feature",
      "properties": {
        "@id": "node/8753364794",
        "amenity": "drinking_water",
        "man_made": "water_well",
        "pump": "manual"
      },
      "geometry": {
        "type": "Point",
        "coordinates": [
          89.6474534,
          23.0539753
        ]
      },
      "id": "node/8753364794"
    },
    {
      "type": "Feature",
      "properties": {
        "@id": "node/9139572836",
        "amenity": "drinking_water"
      },
      "geometry": {
        "type": "Point",
        "coordinates": [
          84.1524077,
          28.2137205
        ]
      },
      "id": "node/9139572836"
    },
    {
      "type": "Feature",
      "properties": {
        "@id": "node/9227167529",
        "amenity": "drinking_water"
      },
      "geometry": {
        "type": "Point",
        "coordinates": [
          82.1091812,
          28.2304629
        ]
      },
      "id": "node/9227167529"
    },
    {
      "type": "Feature",
      "properties": {
        "@id": "node/9230388432",
        "amenity": "drinking_water",
        "name": "पानी धारा"
      },
      "geometry": {
        "type": "Point",
        "coordinates": [
          82.1129872,
          28.2272714
        ]
      },
      "id": "node/9230388432"
    },
    {
      "type": "Feature",
      "properties": {
        "@id": "node/9239636391",
        "amenity": "drinking_water",
        "man_made": "water_tower",
        "name": "हापुरे - पुरन्धारा खानेपानी",
        "name:ne": "हापुरे - पुरन्धारा खानेपानी"
      },
      "geometry": {
        "type": "Point",
        "coordinates": [
          82.1508171,
          28.2111789
        ]
      },
      "id": "node/9239636391"
    },
    {
      "type": "Feature",
      "properties": {
        "@id": "node/9242825118",
        "addr:city": "Duduwa Rural Municipality",
        "addr:place": "Suryalalpurwa_3",
        "amenity": "drinking_water",
        "drinking_water": "no",
        "man_made": "water_well",
        "name": "Well",
        "operator": "Public"
      },
      "geometry": {
        "type": "Point",
        "coordinates": [
          81.6940945,
          28.0470578
        ]
      },
      "id": "node/9242825118"
    },
    {
      "type": "Feature",
      "properties": {
        "@id": "node/9242867581",
        "access": "yes",
        "addr:place": "Tiwaripurwa_3",
        "amenity": "drinking_water",
        "drinking_water": "no",
        "man_made": "water_well",
        "operator": "Public"
      },
      "geometry": {
        "type": "Point",
        "coordinates": [
          81.6891792,
          28.0468824
        ]
      },
      "id": "node/9242867581"
    },
    {
      "type": "Feature",
      "properties": {
        "@id": "node/9247947624",
        "access": "yes",
        "addr:city": "Lekbeshi",
        "addr:street": "Chaukune Chowk",
        "amenity": "drinking_water",
        "description": "24 hours water access",
        "drinking_water": "yes",
        "man_made": "water_tap",
        "name": "ChaukuneChowk -Dhara",
        "opening_hours:covid19": "24/7",
        "operator:type": "public"
      },
      "geometry": {
        "type": "Point",
        "coordinates": [
          81.8113273,
          28.4721175
        ]
      },
      "id": "node/9247947624"
    },
    {
      "type": "Feature",
      "properties": {
        "@id": "node/9249632079",
        "addr:city": "Duduwa Rural Municipality",
        "addr:place": "Molhupurwa 4",
        "amenity": "drinking_water",
        "content": "water",
        "drinking_water:seasonal": "yes",
        "man_made": "storage_tank",
        "name": "khanepani tyanky"
      },
      "geometry": {
        "type": "Point",
        "coordinates": [
          81.6856591,
          28.0666926
        ]
      },
      "id": "node/9249632079"
    },
    {
      "type": "Feature",
      "properties": {
        "@id": "node/9252500958",
        "access": "yes",
        "addr:place": "Jhekreni,kholtepani-06",
        "addr:street": "dhuliabit bhedabari",
        "amenity": "drinking_water",
        "wheelchair": "no"
      },
      "geometry": {
        "type": "Point",
        "coordinates": [
          81.7431031,
          28.5048776
        ]
      },
      "id": "node/9252500958"
    },
    {
      "type": "Feature",
      "properties": {
        "@id": "node/9252507665",
        "access": "yes",
        "addr:city": "Lekbeshi",
        "addr:place": "Tallo Sattale-06",
        "amenity": "drinking_water"
      },
      "geometry": {
        "type": "Point",
        "coordinates": [
          81.7454422,
          28.5291759
        ]
      },
      "id": "node/9252507665"
    },
    {
      "type": "Feature",
      "properties": {
        "@id": "node/9253610058",
        "addr:city": "babai ruralmuncipality",
        "amenity": "drinking_water",
        "content": "water",
        "drinking_water": "yes",
        "man_made": "storage_tank",
        "name": "हापुरे - पुरन्धारा खानेपानी"
      },
      "geometry": {
        "type": "Point",
        "coordinates": [
          82.1394987,
          28.2010721
        ]
      },
      "id": "node/9253610058"
    },
    {
      "type": "Feature",
      "properties": {
        "@id": "node/9288183514",
        "addr:city": "राप्ती गाउँपालिका दाङ",
        "addr:place": "लालमटिया",
        "addr:street": "राप्ती ०२",
        "amenity": "drinking_water",
        "contact:phone": "9847862153",
        "name": "लालमटिया बृहत खानेपानी आयोजना"
      },
      "geometry": {
        "type": "Point",
        "coordinates": [
          82.7285415,
          27.8441221
        ]
      },
      "id": "node/9288183514"
    },
    {
      "type": "Feature",
      "properties": {
        "@id": "node/9288385844",
        "addr:city": "राप्ती गाउँपालिका ३ दाङ",
        "addr:place": "बागडड्डी",
        "amenity": "drinking_water",
        "contact:phone": "9888642898",
        "name": "श्री चौर खानेपानी ट्याङ्की"
      },
      "geometry": {
        "type": "Point",
        "coordinates": [
          82.7095935,
          27.8478231
        ]
      },
      "id": "node/9288385844"
    },
    {
      "type": "Feature",
      "properties": {
        "@id": "node/9289251157",
        "addr:city": "राप्ती गाउँपालिका दाङ",
        "addr:place": "राप्ती ५",
        "addr:street": "कालापानी",
        "amenity": "drinking_water",
        "contact:phone": "९८४७८४८२८७",
        "name": "खानेपानी बोरिङ"
      },
      "geometry": {
        "type": "Point",
        "coordinates": [
          82.6504024,
          27.8507581
        ]
      },
      "id": "node/9289251157"
    },
    {
      "type": "Feature",
      "properties": {
        "@id": "node/9289295043",
        "addr:city": "राप्ती गाउँपालिका दाङ",
        "addr:place": "भुल्के",
        "amenity": "drinking_water",
        "contact:phone": "९८०१३३२५८६",
        "name": "भुल्के पानीको मुहान"
      },
      "geometry": {
        "type": "Point",
        "coordinates": [
          82.6439087,
          27.8787234
        ]
      },
      "id": "node/9289295043"
    },
    {
      "type": "Feature",
      "properties": {
        "@id": "node/9365772062",
        "amenity": "drinking_water",
        "man_made": "water_well",
        "pump": "manual"
      },
      "geometry": {
        "type": "Point",
        "coordinates": [
          89.6468829,
          23.0538607
        ]
      },
      "id": "node/9365772062"
    },
    {
      "type": "Feature",
      "properties": {
        "@id": "node/9365777876",
        "amenity": "drinking_water",
        "man_made": "water_well",
        "pump": "manual"
      },
      "geometry": {
        "type": "Point",
        "coordinates": [
          89.6471574,
          23.0533253
        ]
      },
      "id": "node/9365777876"
    },
    {
      "type": "Feature",
      "properties": {
        "@id": "node/9385112045",
        "access": "yes",
        "addr:city": "Lekbeshi",
        "addr:place": "Lekbeshi-4 Melpani",
        "amenity": "drinking_water",
        "man_made": "water_well",
        "name": "Khane pani Kuwa- Dasrathpur",
        "pump": "no"
      },
      "geometry": {
        "type": "Point",
        "coordinates": [
          81.7585365,
          28.4958653
        ]
      },
      "id": "node/9385112045"
    },
    {
      "type": "Feature",
      "properties": {
        "@id": "node/9385162273",
        "access": "yes",
        "addr:city": "lekbeshi",
        "addr:place": "Lekbeshi-04 Maseri",
        "amenity": "drinking_water",
        "drinking_water": "yes",
        "man_made": "water_tap",
        "name": "Maseri Khane Pani Dhara"
      },
      "geometry": {
        "type": "Point",
        "coordinates": [
          81.7893319,
          28.5133448
        ]
      },
      "id": "node/9385162273"
    },
    {
      "type": "Feature",
      "properties": {
        "@id": "node/9405008372",
        "amenity": "drinking_water"
      },
      "geometry": {
        "type": "Point",
        "coordinates": [
          83.9760848,
          28.2538152
        ]
      },
      "id": "node/9405008372"
    },
    {
      "type": "Feature",
      "properties": {
        "@id": "node/9490469099",
        "amenity": "drinking_water",
        "indoor": "yes"
      },
      "geometry": {
        "type": "Point",
        "coordinates": [
          83.9770008,
          28.2554501
        ]
      },
      "id": "node/9490469099"
    },
    {
      "type": "Feature",
      "properties": {
        "@id": "node/9523779551",
        "amenity": "drinking_water"
      },
      "geometry": {
        "type": "Point",
        "coordinates": [
          85.5171818,
          27.586709
        ]
      },
      "id": "node/9523779551"
    },
    {
      "type": "Feature",
      "properties": {
        "@id": "node/9523779584",
        "amenity": "drinking_water"
      },
      "geometry": {
        "type": "Point",
        "coordinates": [
          85.5194329,
          27.5868373
        ]
      },
      "id": "node/9523779584"
    },
    {
      "type": "Feature",
      "properties": {
        "@id": "node/9523779632",
        "amenity": "drinking_water"
      },
      "geometry": {
        "type": "Point",
        "coordinates": [
          85.5282225,
          27.5869931
        ]
      },
      "id": "node/9523779632"
    },
    {
      "type": "Feature",
      "properties": {
        "@id": "node/9524047014",
        "addr:municipality": "panauti_municipality",
        "addr:province": "bagmati",
        "amenity": "drinking_water",
        "name:en": "Tap (Dhunge Dharo)"
      },
      "geometry": {
        "type": "Point",
        "coordinates": [
          85.5151065,
          27.585384
        ]
      },
      "id": "node/9524047014"
    },
    {
      "type": "Feature",
      "properties": {
        "@id": "node/9527529314",
        "addr:municipality": "sainamaina_municipality",
        "addr:province": "lumbini",
        "amenity": "drinking_water",
        "name:en": "Pipaldada Khanepani Sasthan"
      },
      "geometry": {
        "type": "Point",
        "coordinates": [
          83.275434,
          27.697878
        ]
      },
      "id": "node/9527529314"
    },
    {
      "type": "Feature",
      "properties": {
        "@id": "node/9579063807",
        "access": "yes",
        "amenity": "drinking_water",
        "fee": "no",
        "operator": "11 No Union Parishad",
        "wheelchair": "no"
      },
      "geometry": {
        "type": "Point",
        "coordinates": [
          88.9254406,
          23.2577532
        ]
      },
      "id": "node/9579063807"
    },
    {
      "type": "Feature",
      "properties": {
        "@id": "node/9579982274",
        "amenity": "drinking_water",
        "name": "Public tap"
      },
      "geometry": {
        "type": "Point",
        "coordinates": [
          85.2762235,
          27.6707785
        ]
      },
      "id": "node/9579982274"
    },
    {
      "type": "Feature",
      "properties": {
        "@id": "node/9582280077",
        "amenity": "drinking_water"
      },
      "geometry": {
        "type": "Point",
        "coordinates": [
          85.2821015,
          27.673471
        ]
      },
      "id": "node/9582280077"
    },
    {
      "type": "Feature",
      "properties": {
        "@id": "node/9582280078",
        "amenity": "drinking_water",
        "name": "Public drinking taps"
      },
      "geometry": {
        "type": "Point",
        "coordinates": [
          85.2835817,
          27.6682644
        ]
      },
      "id": "node/9582280078"
    },
    {
      "type": "Feature",
      "properties": {
        "@id": "node/9582283872",
        "amenity": "drinking_water",
        "name": "Hand Wash Pipe"
      },
      "geometry": {
        "type": "Point",
        "coordinates": [
          85.2850265,
          27.6673289
        ]
      },
      "id": "node/9582283872"
    },
    {
      "type": "Feature",
      "properties": {
        "@id": "node/9582285163",
        "amenity": "drinking_water",
        "name": "Public Water"
      },
      "geometry": {
        "type": "Point",
        "coordinates": [
          85.285289,
          27.6711928
        ]
      },
      "id": "node/9582285163"
    },
    {
      "type": "Feature",
      "properties": {
        "@id": "node/9582287187",
        "amenity": "drinking_water",
        "name": "PublicTap"
      },
      "geometry": {
        "type": "Point",
        "coordinates": [
          85.2826367,
          27.6738634
        ]
      },
      "id": "node/9582287187"
    },
    {
      "type": "Feature",
      "properties": {
        "@id": "node/9582300413",
        "amenity": "drinking_water",
        "name": "Panchakanya Drinking Water Tap",
        "survey:date": "2022-07-08"
      },
      "geometry": {
        "type": "Point",
        "coordinates": [
          85.2842027,
          27.6695629
        ]
      },
      "id": "node/9582300413"
    },
    {
      "type": "Feature",
      "properties": {
        "@id": "node/9582300414",
        "amenity": "drinking_water",
        "name": "Panchakanya Water Tap"
      },
      "geometry": {
        "type": "Point",
        "coordinates": [
          85.2859806,
          27.6691973
        ]
      },
      "id": "node/9582300414"
    },
    {
      "type": "Feature",
      "properties": {
        "@id": "node/9582503247",
        "amenity": "drinking_water",
        "man_made": "water_well",
        "name": "Drinking Water Supply",
        "pump": "manual"
      },
      "geometry": {
        "type": "Point",
        "coordinates": [
          89.6469942,
          23.053862
        ]
      },
      "id": "node/9582503247"
    },
    {
      "type": "Feature",
      "properties": {
        "@id": "node/9582503723",
        "amenity": "drinking_water",
        "man_made": "water_well",
        "name": "Drinking Water Supply",
        "pump": "manual"
      },
      "geometry": {
        "type": "Point",
        "coordinates": [
          89.6477131,
          23.0533839
        ]
      },
      "id": "node/9582503723"
    },
    {
      "type": "Feature",
      "properties": {
        "@id": "node/9582510576",
        "amenity": "drinking_water",
        "man_made": "water_well",
        "name": "Drinking Water Supply",
        "pump": "manual"
      },
      "geometry": {
        "type": "Point",
        "coordinates": [
          89.6476532,
          23.0537093
        ]
      },
      "id": "node/9582510576"
    },
    {
      "type": "Feature",
      "properties": {
        "@id": "node/9582510764",
        "amenity": "drinking_water",
        "indoor": "yes",
        "man_made": "water_well",
        "name": "Drinking Water Supply",
        "pump": "manual"
      },
      "geometry": {
        "type": "Point",
        "coordinates": [
          89.6464435,
          23.0534003
        ]
      },
      "id": "node/9582510764"
    },
    {
      "type": "Feature",
      "properties": {
        "@id": "node/9582513133",
        "amenity": "drinking_water",
        "man_made": "water_well",
        "name": "Drinking Water Supply",
        "pump": "manual"
      },
      "geometry": {
        "type": "Point",
        "coordinates": [
          89.6491134,
          23.0535497
        ]
      },
      "id": "node/9582513133"
    },
    {
      "type": "Feature",
      "properties": {
        "@id": "node/9582513137",
        "amenity": "drinking_water",
        "man_made": "water_well",
        "name": "Drinking Water Supply",
        "pump": "manual"
      },
      "geometry": {
        "type": "Point",
        "coordinates": [
          89.6482913,
          23.0534102
        ]
      },
      "id": "node/9582513137"
    },
    {
      "type": "Feature",
      "properties": {
        "@id": "node/9582514834",
        "amenity": "drinking_water",
        "man_made": "water_well",
        "name": "Drinking Water Supply",
        "pump": "manual"
      },
      "geometry": {
        "type": "Point",
        "coordinates": [
          89.6477692,
          23.0535804
        ]
      },
      "id": "node/9582514834"
    },
    {
      "type": "Feature",
      "properties": {
        "@id": "node/9582515246",
        "amenity": "drinking_water",
        "man_made": "water_well",
        "name": "Drinking Water Supply",
        "pump": "manual"
      },
      "geometry": {
        "type": "Point",
        "coordinates": [
          89.6472305,
          23.0533956
        ]
      },
      "id": "node/9582515246"
    },
    {
      "type": "Feature",
      "properties": {
        "@id": "node/9582515732",
        "amenity": "drinking_water",
        "man_made": "water_well",
        "name": "Drinking Water Supply",
        "pump": "manual"
      },
      "geometry": {
        "type": "Point",
        "coordinates": [
          89.6478643,
          23.0538457
        ]
      },
      "id": "node/9582515732"
    },
    {
      "type": "Feature",
      "properties": {
        "@id": "node/9582516324",
        "amenity": "drinking_water",
        "man_made": "water_well",
        "name": "Drinking Water Supply",
        "pump": "manual"
      },
      "geometry": {
        "type": "Point",
        "coordinates": [
          89.646832,
          23.0532056
        ]
      },
      "id": "node/9582516324"
    },
    {
      "type": "Feature",
      "properties": {
        "@id": "node/9582516916",
        "amenity": "drinking_water",
        "man_made": "water_well",
        "name": "Drinking Water Supply",
        "pump": "manual"
      },
      "geometry": {
        "type": "Point",
        "coordinates": [
          89.6341686,
          23.0413254
        ]
      },
      "id": "node/9582516916"
    },
    {
      "type": "Feature",
      "properties": {
        "@id": "node/9582516952",
        "amenity": "drinking_water",
        "man_made": "water_well",
        "name": "Drinking Water Supply",
        "pump": "manual"
      },
      "geometry": {
        "type": "Point",
        "coordinates": [
          89.6474141,
          23.0534192
        ]
      },
      "id": "node/9582516952"
    },
    {
      "type": "Feature",
      "properties": {
        "@id": "node/9582525793",
        "amenity": "drinking_water",
        "name": "Drinking Water Supply"
      },
      "geometry": {
        "type": "Point",
        "coordinates": [
          89.6363215,
          23.0414835
        ]
      },
      "id": "node/9582525793"
    },
    {
      "type": "Feature",
      "properties": {
        "@id": "node/9582534244",
        "amenity": "drinking_water",
        "name": "Drinking Water Supply"
      },
      "geometry": {
        "type": "Point",
        "coordinates": [
          89.6328787,
          23.0409705
        ]
      },
      "id": "node/9582534244"
    },
    {
      "type": "Feature",
      "properties": {
        "@id": "node/9582547559",
        "addr:street": "Kacha Bazar Road",
        "amenity": "drinking_water",
        "name": "Drinking Water Supply"
      },
      "geometry": {
        "type": "Point",
        "coordinates": [
          89.6318302,
          23.0425492
        ]
      },
      "id": "node/9582547559"
    },
    {
      "type": "Feature",
      "properties": {
        "@id": "node/9582551171",
        "amenity": "drinking_water",
        "man_made": "water_well",
        "name": "Drinking Water Supply",
        "pump": "manual"
      },
      "geometry": {
        "type": "Point",
        "coordinates": [
          89.6317836,
          23.0374658
        ]
      },
      "id": "node/9582551171"
    },
    {
      "type": "Feature",
      "properties": {
        "@id": "node/9582551185",
        "addr:street": "Khalpar Road",
        "amenity": "drinking_water",
        "name": "Drinking Water Supply"
      },
      "geometry": {
        "type": "Point",
        "coordinates": [
          89.6318208,
          23.0445392
        ]
      },
      "id": "node/9582551185"
    },
    {
      "type": "Feature",
      "properties": {
        "@id": "node/9582551245",
        "addr:street": "Post Office Road",
        "amenity": "drinking_water",
        "name": "Drinking Water Supply"
      },
      "geometry": {
        "type": "Point",
        "coordinates": [
          89.6330454,
          23.0399192
        ]
      },
      "id": "node/9582551245"
    },
    {
      "type": "Feature",
      "properties": {
        "@id": "node/9582558571",
        "amenity": "drinking_water",
        "name": "Drinking Water Supply"
      },
      "geometry": {
        "type": "Point",
        "coordinates": [
          89.6303495,
          23.0403562
        ]
      },
      "id": "node/9582558571"
    },
    {
      "type": "Feature",
      "properties": {
        "@id": "node/9582564996",
        "addr:street": "Ramnagar Road",
        "amenity": "drinking_water",
        "name": "Drinking Water Supply"
      },
      "geometry": {
        "type": "Point",
        "coordinates": [
          89.6321338,
          23.0420176
        ]
      },
      "id": "node/9582564996"
    },
    {
      "type": "Feature",
      "properties": {
        "@id": "node/9582565222",
        "amenity": "drinking_water",
        "name": "Drinking Water Supply"
      },
      "geometry": {
        "type": "Point",
        "coordinates": [
          89.6318392,
          23.0401307
        ]
      },
      "id": "node/9582565222"
    },
    {
      "type": "Feature",
      "properties": {
        "@id": "node/9582565252",
        "amenity": "drinking_water",
        "name": "Drinking Water Supply"
      },
      "geometry": {
        "type": "Point",
        "coordinates": [
          89.6280671,
          23.0362709
        ]
      },
      "id": "node/9582565252"
    },
    {
      "type": "Feature",
      "properties": {
        "@id": "node/9582567115",
        "addr:street": "Post Office Road",
        "amenity": "drinking_water",
        "name": "Drinking Water Supply"
      },
      "geometry": {
        "type": "Point",
        "coordinates": [
          89.6328404,
          23.039447
        ]
      },
      "id": "node/9582567115"
    },
    {
      "type": "Feature",
      "properties": {
        "@id": "node/9582571322",
        "addr:street": "Haribasor Road",
        "amenity": "drinking_water",
        "name": "Drinking Water Supply"
      },
      "geometry": {
        "type": "Point",
        "coordinates": [
          89.6303792,
          23.0426624
        ]
      },
      "id": "node/9582571322"
    },
    {
      "type": "Feature",
      "properties": {
        "@id": "node/9582571556",
        "addr:street": "Police Station Road",
        "amenity": "drinking_water",
        "name": "Drinking Water Supply"
      },
      "geometry": {
        "type": "Point",
        "coordinates": [
          89.6275074,
          23.0385863
        ]
      },
      "id": "node/9582571556"
    },
    {
      "type": "Feature",
      "properties": {
        "@id": "node/9582588124",
        "addr:street": "Kacha Bazar Road",
        "amenity": "drinking_water",
        "name": "Drinking Water Supply"
      },
      "geometry": {
        "type": "Point",
        "coordinates": [
          89.6314519,
          23.0427508
        ]
      },
      "id": "node/9582588124"
    },
    {
      "type": "Feature",
      "properties": {
        "@id": "node/9582590561",
        "addr:street": "Godown Road",
        "amenity": "drinking_water",
        "name": "Drinking Water Supply"
      },
      "geometry": {
        "type": "Point",
        "coordinates": [
          89.6318883,
          23.0435554
        ]
      },
      "id": "node/9582590561"
    },
    {
      "type": "Feature",
      "properties": {
        "@id": "node/9582592569",
        "amenity": "drinking_water",
        "name": "Drinking Water Supply"
      },
      "geometry": {
        "type": "Point",
        "coordinates": [
          89.6285345,
          23.0405761
        ]
      },
      "id": "node/9582592569"
    },
    {
      "type": "Feature",
      "properties": {
        "@id": "node/9582593337",
        "addr:street": "Boro Kalia Road",
        "amenity": "drinking_water",
        "name": "Drinking Water Supply"
      },
      "geometry": {
        "type": "Point",
        "coordinates": [
          89.6308421,
          23.0415809
        ]
      },
      "id": "node/9582593337"
    },
    {
      "type": "Feature",
      "properties": {
        "@id": "node/9585729769",
        "addr:street": "Gondhobaria Road",
        "amenity": "drinking_water",
        "name": "Drinking Water Supply"
      },
      "geometry": {
        "type": "Point",
        "coordinates": [
          89.6675685,
          23.0802141
        ]
      },
      "id": "node/9585729769"
    },
    {
      "type": "Feature",
      "properties": {
        "@id": "node/9585730003",
        "addr:street": "Islampur Road",
        "amenity": "drinking_water",
        "name": "Drinking Water Supply"
      },
      "geometry": {
        "type": "Point",
        "coordinates": [
          89.6591349,
          23.0593426
        ]
      },
      "id": "node/9585730003"
    },
    {
      "type": "Feature",
      "properties": {
        "@id": "node/9599386257",
        "amenity": "drinking_water",
        "man_made": "water_well",
        "pump": "manual"
      },
      "geometry": {
        "type": "Point",
        "coordinates": [
          89.6450321,
          23.0558311
        ]
      },
      "id": "node/9599386257"
    },
    {
      "type": "Feature",
      "properties": {
        "@id": "node/9600091041",
        "amenity": "drinking_water"
      },
      "geometry": {
        "type": "Point",
        "coordinates": [
          83.9236647,
          28.3562697
        ]
      },
      "id": "node/9600091041"
    },
    {
      "type": "Feature",
      "properties": {
        "@id": "node/9602859268",
        "amenity": "drinking_water"
      },
      "geometry": {
        "type": "Point",
        "coordinates": [
          88.8436095,
          23.644831
        ]
      },
      "id": "node/9602859268"
    },
    {
      "type": "Feature",
      "properties": {
        "@id": "node/9602912926",
        "amenity": "drinking_water"
      },
      "geometry": {
        "type": "Point",
        "coordinates": [
          88.8423983,
          23.6405409
        ]
      },
      "id": "node/9602912926"
    },
    {
      "type": "Feature",
      "properties": {
        "@id": "node/9611086903",
        "access": "yes",
        "amenity": "drinking_water",
        "operator": "sidddhipur Drinking Water supply Plant"
      },
      "geometry": {
        "type": "Point",
        "coordinates": [
          85.3525481,
          27.6393824
        ]
      },
      "id": "node/9611086903"
    },
    {
      "type": "Feature",
      "properties": {
        "@id": "node/9620197716",
        "amenity": "drinking_water"
      },
      "geometry": {
        "type": "Point",
        "coordinates": [
          89.6448369,
          23.0548715
        ]
      },
      "id": "node/9620197716"
    },
    {
      "type": "Feature",
      "properties": {
        "@id": "node/9620222184",
        "amenity": "drinking_water"
      },
      "geometry": {
        "type": "Point",
        "coordinates": [
          89.6443963,
          23.0560519
        ]
      },
      "id": "node/9620222184"
    },
    {
      "type": "Feature",
      "properties": {
        "@id": "node/9620255106",
        "amenity": "drinking_water",
        "man_made": "water_well",
        "pump": "manual"
      },
      "geometry": {
        "type": "Point",
        "coordinates": [
          89.6459298,
          23.0542671
        ]
      },
      "id": "node/9620255106"
    },
    {
      "type": "Feature",
      "properties": {
        "@id": "node/9620255107",
        "amenity": "drinking_water",
        "man_made": "water_well",
        "pump": "manual"
      },
      "geometry": {
        "type": "Point",
        "coordinates": [
          89.6458275,
          23.0542987
        ]
      },
      "id": "node/9620255107"
    },
    {
      "type": "Feature",
      "properties": {
        "@id": "node/9620259104",
        "amenity": "drinking_water",
        "man_made": "water_well",
        "pump": "manual"
      },
      "geometry": {
        "type": "Point",
        "coordinates": [
          89.6458581,
          23.054375
        ]
      },
      "id": "node/9620259104"
    },
    {
      "type": "Feature",
      "properties": {
        "@id": "node/9620259105",
        "amenity": "drinking_water"
      },
      "geometry": {
        "type": "Point",
        "coordinates": [
          89.6440678,
          23.0551186
        ]
      },
      "id": "node/9620259105"
    },
    {
      "type": "Feature",
      "properties": {
        "@id": "node/9620259106",
        "amenity": "drinking_water"
      },
      "geometry": {
        "type": "Point",
        "coordinates": [
          89.6457865,
          23.0544333
        ]
      },
      "id": "node/9620259106"
    },
    {
      "type": "Feature",
      "properties": {
        "@id": "node/9620259613",
        "amenity": "drinking_water"
      },
      "geometry": {
        "type": "Point",
        "coordinates": [
          89.6442301,
          23.0547133
        ]
      },
      "id": "node/9620259613"
    },
    {
      "type": "Feature",
      "properties": {
        "@id": "node/9620260915",
        "amenity": "drinking_water",
        "man_made": "water_well",
        "pump": "manual"
      },
      "geometry": {
        "type": "Point",
        "coordinates": [
          89.6458499,
          23.0545077
        ]
      },
      "id": "node/9620260915"
    },
    {
      "type": "Feature",
      "properties": {
        "@id": "node/9620260916",
        "amenity": "drinking_water"
      },
      "geometry": {
        "type": "Point",
        "coordinates": [
          89.6310083,
          23.0448675
        ]
      },
      "id": "node/9620260916"
    },
    {
      "type": "Feature",
      "properties": {
        "@id": "node/9620263179",
        "amenity": "drinking_water"
      },
      "geometry": {
        "type": "Point",
        "coordinates": [
          89.631824,
          23.0449813
        ]
      },
      "id": "node/9620263179"
    },
    {
      "type": "Feature",
      "properties": {
        "@id": "node/9620269432",
        "amenity": "drinking_water",
        "man_made": "water_well",
        "pump": "manual"
      },
      "geometry": {
        "type": "Point",
        "coordinates": [
          89.6459955,
          23.0541399
        ]
      },
      "id": "node/9620269432"
    },
    {
      "type": "Feature",
      "properties": {
        "@id": "node/9620270693",
        "amenity": "drinking_water",
        "man_made": "water_well",
        "pump": "manual"
      },
      "geometry": {
        "type": "Point",
        "coordinates": [
          89.644466,
          23.0541985
        ]
      },
      "id": "node/9620270693"
    },
    {
      "type": "Feature",
      "properties": {
        "@id": "node/9620270694",
        "amenity": "drinking_water",
        "man_made": "water_well",
        "pump": "manual"
      },
      "geometry": {
        "type": "Point",
        "coordinates": [
          89.6445517,
          23.0543433
        ]
      },
      "id": "node/9620270694"
    },
    {
      "type": "Feature",
      "properties": {
        "@id": "node/9620272790",
        "amenity": "drinking_water"
      },
      "geometry": {
        "type": "Point",
        "coordinates": [
          89.6442965,
          23.0553899
        ]
      },
      "id": "node/9620272790"
    },
    {
      "type": "Feature",
      "properties": {
        "@id": "node/9620272791",
        "amenity": "drinking_water",
        "man_made": "water_well",
        "pump": "manual"
      },
      "geometry": {
        "type": "Point",
        "coordinates": [
          89.6467049,
          23.0534406
        ]
      },
      "id": "node/9620272791"
    },
    {
      "type": "Feature",
      "properties": {
        "@id": "node/9620276385",
        "amenity": "drinking_water",
        "man_made": "water_well",
        "pump": "manual"
      },
      "geometry": {
        "type": "Point",
        "coordinates": [
          89.6461872,
          23.0536984
        ]
      },
      "id": "node/9620276385"
    },
    {
      "type": "Feature",
      "properties": {
        "@id": "node/9620277455",
        "amenity": "drinking_water",
        "man_made": "water_well",
        "pump": "manual"
      },
      "geometry": {
        "type": "Point",
        "coordinates": [
          89.6459986,
          23.0542552
        ]
      },
      "id": "node/9620277455"
    },
    {
      "type": "Feature",
      "properties": {
        "@id": "node/9620277466",
        "amenity": "drinking_water",
        "man_made": "water_well",
        "pump": "manual"
      },
      "geometry": {
        "type": "Point",
        "coordinates": [
          89.6481138,
          23.0534164
        ]
      },
      "id": "node/9620277466"
    },
    {
      "type": "Feature",
      "properties": {
        "@id": "node/9620277467",
        "amenity": "drinking_water"
      },
      "geometry": {
        "type": "Point",
        "coordinates": [
          89.6312833,
          23.0448901
        ]
      },
      "id": "node/9620277467"
    },
    {
      "type": "Feature",
      "properties": {
        "@id": "node/9620277468",
        "amenity": "drinking_water"
      },
      "geometry": {
        "type": "Point",
        "coordinates": [
          89.6312471,
          23.0449604
        ]
      },
      "id": "node/9620277468"
    },
    {
      "type": "Feature",
      "properties": {
        "@id": "node/9620277843",
        "amenity": "drinking_water"
      },
      "geometry": {
        "type": "Point",
        "coordinates": [
          89.6438573,
          23.0544511
        ]
      },
      "id": "node/9620277843"
    },
    {
      "type": "Feature",
      "properties": {
        "@id": "node/9620278104",
        "amenity": "drinking_water"
      },
      "geometry": {
        "type": "Point",
        "coordinates": [
          89.6322474,
          23.0449395
        ]
      },
      "id": "node/9620278104"
    },
    {
      "type": "Feature",
      "properties": {
        "@id": "node/9620278222",
        "amenity": "drinking_water",
        "man_made": "water_well",
        "pump": "manual"
      },
      "geometry": {
        "type": "Point",
        "coordinates": [
          89.6457762,
          23.0545603
        ]
      },
      "id": "node/9620278222"
    },
    {
      "type": "Feature",
      "properties": {
        "@id": "node/9620278223",
        "amenity": "drinking_water"
      },
      "geometry": {
        "type": "Point",
        "coordinates": [
          89.6308113,
          23.0446921
        ]
      },
      "id": "node/9620278223"
    },
    {
      "type": "Feature",
      "properties": {
        "@id": "node/9620278224",
        "amenity": "drinking_water"
      },
      "geometry": {
        "type": "Point",
        "coordinates": [
          89.6320934,
          23.0449895
        ]
      },
      "id": "node/9620278224"
    },
    {
      "type": "Feature",
      "properties": {
        "@id": "node/9620278940",
        "amenity": "drinking_water",
        "man_made": "water_well",
        "pump": "manual"
      },
      "geometry": {
        "type": "Point",
        "coordinates": [
          89.6458999,
          23.0541629
        ]
      },
      "id": "node/9620278940"
    },
    {
      "type": "Feature",
      "properties": {
        "@id": "node/9620280682",
        "amenity": "drinking_water"
      },
      "geometry": {
        "type": "Point",
        "coordinates": [
          89.6446196,
          23.0560552
        ]
      },
      "id": "node/9620280682"
    },
    {
      "type": "Feature",
      "properties": {
        "@id": "node/9620280888",
        "amenity": "drinking_water",
        "man_made": "water_well",
        "pump": "manual"
      },
      "geometry": {
        "type": "Point",
        "coordinates": [
          89.6442677,
          23.0541805
        ]
      },
      "id": "node/9620280888"
    },
    {
      "type": "Feature",
      "properties": {
        "@id": "node/9620281443",
        "amenity": "drinking_water",
        "man_made": "water_well",
        "pump": "manual"
      },
      "geometry": {
        "type": "Point",
        "coordinates": [
          89.644284,
          23.0544049
        ]
      },
      "id": "node/9620281443"
    },
    {
      "type": "Feature",
      "properties": {
        "@id": "node/9620282202",
        "amenity": "drinking_water"
      },
      "geometry": {
        "type": "Point",
        "coordinates": [
          89.6480093,
          23.0531415
        ]
      },
      "id": "node/9620282202"
    },
    {
      "type": "Feature",
      "properties": {
        "@id": "node/9620284721",
        "amenity": "drinking_water"
      },
      "geometry": {
        "type": "Point",
        "coordinates": [
          89.6321956,
          23.0449858
        ]
      },
      "id": "node/9620284721"
    },
    {
      "type": "Feature",
      "properties": {
        "@id": "node/9620285041",
        "amenity": "drinking_water"
      },
      "geometry": {
        "type": "Point",
        "coordinates": [
          89.6481125,
          23.0531064
        ]
      },
      "id": "node/9620285041"
    },
    {
      "type": "Feature",
      "properties": {
        "@id": "node/9620285242",
        "amenity": "drinking_water",
        "man_made": "water_well",
        "pump": "manual"
      },
      "geometry": {
        "type": "Point",
        "coordinates": [
          89.645743,
          23.0541954
        ]
      },
      "id": "node/9620285242"
    },
    {
      "type": "Feature",
      "properties": {
        "@id": "node/9620285517",
        "amenity": "drinking_water"
      },
      "geometry": {
        "type": "Point",
        "coordinates": [
          89.6319768,
          23.0449385
        ]
      },
      "id": "node/9620285517"
    },
    {
      "type": "Feature",
      "properties": {
        "@id": "node/9642516805",
        "amenity": "drinking_water",
        "name": "Water tank"
      },
      "geometry": {
        "type": "Point",
        "coordinates": [
          85.2867421,
          27.6537587
        ]
      },
      "id": "node/9642516805"
    },
    {
      "type": "Feature",
      "properties": {
        "@id": "node/9642615891",
        "amenity": "drinking_water",
        "name": "Water tank"
      },
      "geometry": {
        "type": "Point",
        "coordinates": [
          85.2855388,
          27.6541359
        ]
      },
      "id": "node/9642615891"
    },
    {
      "type": "Feature",
      "properties": {
        "@id": "node/9655520435",
        "amenity": "drinking_water",
        "name": "Barkha hiti"
      },
      "geometry": {
        "type": "Point",
        "coordinates": [
          85.2767368,
          27.6798742
        ]
      },
      "id": "node/9655520435"
    },
    {
      "type": "Feature",
      "properties": {
        "@id": "node/9683202855",
        "amenity": "drinking_water",
        "drinking_water": "yes",
        "man_made": "water_tap",
        "operator:type": "public",
        "source": "Yoyo preset"
      },
      "geometry": {
        "type": "Point",
        "coordinates": [
          83.7473773,
          28.2557942
        ]
      },
      "id": "node/9683202855"
    },
    {
      "type": "Feature",
      "properties": {
        "@id": "node/9714465818",
        "amenity": "drinking_water",
        "indoor": "no",
        "name": "Glacial stream"
      },
      "geometry": {
        "type": "Point",
        "coordinates": [
          84.467125,
          28.6516306
        ]
      },
      "id": "node/9714465818"
    },
    {
      "type": "Feature",
      "properties": {
        "@id": "node/9719771779",
        "amenity": "drinking_water",
        "name": "Public Water Tank"
      },
      "geometry": {
        "type": "Point",
        "coordinates": [
          85.2764193,
          27.6775968
        ]
      },
      "id": "node/9719771779"
    },
    {
      "type": "Feature",
      "properties": {
        "@id": "node/9719778526",
        "amenity": "drinking_water",
        "name": "Public Drinking Tank"
      },
      "geometry": {
        "type": "Point",
        "coordinates": [
          85.2759072,
          27.6780093
        ]
      },
      "id": "node/9719778526"
    },
    {
      "type": "Feature",
      "properties": {
        "@id": "node/9722263371",
        "amenity": "drinking_water",
        "name": "Public drinking water"
      },
      "geometry": {
        "type": "Point",
        "coordinates": [
          85.2644978,
          27.6611783
        ]
      },
      "id": "node/9722263371"
    },
    {
      "type": "Feature",
      "properties": {
        "@id": "node/9722274194",
        "amenity": "drinking_water",
        "name": "Public Tap"
      },
      "geometry": {
        "type": "Point",
        "coordinates": [
          85.2581277,
          27.6626354
        ]
      },
      "id": "node/9722274194"
    },
    {
      "type": "Feature",
      "properties": {
        "@id": "node/9722274394",
        "amenity": "drinking_water",
        "name": "Public tap"
      },
      "geometry": {
        "type": "Point",
        "coordinates": [
          85.2559496,
          27.6660523
        ]
      },
      "id": "node/9722274394"
    },
    {
      "type": "Feature",
      "properties": {
        "@id": "node/9722281532",
        "amenity": "drinking_water",
        "name": "Public tank"
      },
      "geometry": {
        "type": "Point",
        "coordinates": [
          85.264625,
          27.6621224
        ]
      },
      "id": "node/9722281532"
    },
    {
      "type": "Feature",
      "properties": {
        "@id": "node/9722281847",
        "amenity": "drinking_water",
        "name": "Public tap"
      },
      "geometry": {
        "type": "Point",
        "coordinates": [
          85.2565318,
          27.6628142
        ]
      },
      "id": "node/9722281847"
    },
    {
      "type": "Feature",
      "properties": {
        "@id": "node/9722284690",
        "amenity": "drinking_water",
        "name": "Drinking Water Tap"
      },
      "geometry": {
        "type": "Point",
        "coordinates": [
          85.2646699,
          27.6601112
        ]
      },
      "id": "node/9722284690"
    },
    {
      "type": "Feature",
      "properties": {
        "@id": "node/9724474466",
        "amenity": "drinking_water"
      },
      "geometry": {
        "type": "Point",
        "coordinates": [
          85.2932563,
          27.6584048
        ]
      },
      "id": "node/9724474466"
    },
    {
      "type": "Feature",
      "properties": {
        "@id": "node/9724482606",
        "amenity": "drinking_water",
        "name": "Public tap"
      },
      "geometry": {
        "type": "Point",
        "coordinates": [
          85.2672028,
          27.6596945
        ]
      },
      "id": "node/9724482606"
    },
    {
      "type": "Feature",
      "properties": {
        "@id": "node/9724506870",
        "amenity": "drinking_water",
        "name": "Public tap"
      },
      "geometry": {
        "type": "Point",
        "coordinates": [
          85.2683627,
          27.6595318
        ]
      },
      "id": "node/9724506870"
    },
    {
      "type": "Feature",
      "properties": {
        "@id": "node/9724525629",
        "amenity": "drinking_water",
        "name": "Public drinking water"
      },
      "geometry": {
        "type": "Point",
        "coordinates": [
          85.2745513,
          27.6567223
        ]
      },
      "id": "node/9724525629"
    },
    {
      "type": "Feature",
      "properties": {
        "@id": "node/9782408246",
        "amenity": "drinking_water"
      },
      "geometry": {
        "type": "Point",
        "coordinates": [
          88.1853777,
          26.2581018
        ]
      },
      "id": "node/9782408246"
    },
    {
      "type": "Feature",
      "properties": {
        "@id": "node/9791809070",
        "amenity": "drinking_water",
        "dhungedhara": "yes",
        "historic": "stone_tap"
      },
      "geometry": {
        "type": "Point",
        "coordinates": [
          85.2742699,
          27.6818268
        ]
      },
      "id": "node/9791809070"
    },
    {
      "type": "Feature",
      "properties": {
        "@id": "node/9804065810",
        "amenity": "drinking_water"
      },
      "geometry": {
        "type": "Point",
        "coordinates": [
          88.1850911,
          26.2533408
        ]
      },
      "id": "node/9804065810"
    },
    {
      "type": "Feature",
      "properties": {
        "@id": "node/9819142309",
        "amenity": "drinking_water"
      },
      "geometry": {
        "type": "Point",
        "coordinates": [
          88.184583,
          26.257848
        ]
      },
      "id": "node/9819142309"
    },
    {
      "type": "Feature",
      "properties": {
        "@id": "node/9823361303",
        "amenity": "drinking_water",
        "dhungedhara": "yes",
        "historic": "stone_tap",
        "name": "Fosi Hiti"
      },
      "geometry": {
        "type": "Point",
        "coordinates": [
          85.1105998,
          27.6445678
        ]
      },
      "id": "node/9823361303"
    },
    {
      "type": "Feature",
      "properties": {
        "@id": "node/9837723508",
        "access": "yes",
        "amenity": "drinking_water",
        "bottle": "no",
        "fee": "no"
      },
      "geometry": {
        "type": "Point",
        "coordinates": [
          88.184912,
          26.2687502
        ]
      },
      "id": "node/9837723508"
    },
    {
      "type": "Feature",
      "properties": {
        "@id": "node/9837942149",
        "access": "yes",
        "amenity": "drinking_water",
        "bottle": "no",
        "fee": "no"
      },
      "geometry": {
        "type": "Point",
        "coordinates": [
          88.1858694,
          26.2706281
        ]
      },
      "id": "node/9837942149"
    },
    {
      "type": "Feature",
      "properties": {
        "@id": "node/9837942205",
        "access": "yes",
        "amenity": "drinking_water",
        "fee": "no",
        "ref": "Vat No. 3"
      },
      "geometry": {
        "type": "Point",
        "coordinates": [
          88.1854943,
          26.2698837
        ]
      },
      "id": "node/9837942205"
    },
    {
      "type": "Feature",
      "properties": {
        "@id": "node/9837942206",
        "access": "yes",
        "amenity": "drinking_water",
        "bottle": "no",
        "fee": "no",
        "ref": "Vat No. 4"
      },
      "geometry": {
        "type": "Point",
        "coordinates": [
          88.1856263,
          26.2701605
        ]
      },
      "id": "node/9837942206"
    },
    {
      "type": "Feature",
      "properties": {
        "@id": "node/9838200537",
        "access": "yes",
        "amenity": "drinking_water",
        "bottle": "no",
        "fee": "no",
        "ref": "Vat No. 5"
      },
      "geometry": {
        "type": "Point",
        "coordinates": [
          88.1863851,
          26.2710349
        ]
      },
      "id": "node/9838200537"
    },
    {
      "type": "Feature",
      "properties": {
        "@id": "node/9838200582",
        "access": "yes",
        "amenity": "drinking_water",
        "bottle": "no",
        "fee": "no",
        "ref": "Vat No. 3"
      },
      "geometry": {
        "type": "Point",
        "coordinates": [
          88.1858199,
          26.2699186
        ]
      },
      "id": "node/9838200582"
    },
    {
      "type": "Feature",
      "properties": {
        "@id": "node/9838200595",
        "access": "yes",
        "amenity": "drinking_water",
        "bottle": "no",
        "fee": "no"
      },
      "geometry": {
        "type": "Point",
        "coordinates": [
          88.1853329,
          26.2689327
        ]
      },
      "id": "node/9838200595"
    },
    {
      "type": "Feature",
      "properties": {
        "@id": "node/9838871297",
        "access": "yes",
        "amenity": "drinking_water",
        "bottle": "no",
        "description": "For Disabled Only",
        "fee": "no",
        "wheelchair": "yes"
      },
      "geometry": {
        "type": "Point",
        "coordinates": [
          88.1852626,
          26.2693864
        ]
      },
      "id": "node/9838871297"
    },
    {
      "type": "Feature",
      "properties": {
        "@id": "node/9885116917",
        "amenity": "drinking_water",
        "name": "देउराली",
        "name:en": "Deurali"
      },
      "geometry": {
        "type": "Point",
        "coordinates": [
          83.6598283,
          28.3129277
        ]
      },
      "id": "node/9885116917"
    },
    {
      "type": "Feature",
      "properties": {
        "@id": "node/9889691135",
        "amenity": "drinking_water",
        "indoor": "yes",
        "level": "0"
      },
      "geometry": {
        "type": "Point",
        "coordinates": [
          88.4159187,
          26.6551988
        ]
      },
      "id": "node/9889691135"
    },
    {
      "type": "Feature",
      "properties": {
        "@id": "node/9904468745",
        "amenity": "drinking_water",
        "name": "School Tap"
      },
      "geometry": {
        "type": "Point",
        "coordinates": [
          81.7247683,
          28.1983042
        ]
      },
      "id": "node/9904468745"
    },
    {
      "type": "Feature",
      "properties": {
        "@id": "node/9904474386",
        "amenity": "drinking_water",
        "name": "Bore water"
      },
      "geometry": {
        "type": "Point",
        "coordinates": [
          81.7323355,
          28.202825
        ]
      },
      "id": "node/9904474386"
    },
    {
      "type": "Feature",
      "properties": {
        "@id": "node/9904498658",
        "amenity": "drinking_water"
      },
      "geometry": {
        "type": "Point",
        "coordinates": [
          81.7335941,
          28.2044099
        ]
      },
      "id": "node/9904498658"
    },
    {
      "type": "Feature",
      "properties": {
        "@id": "node/9905930183",
        "amenity": "drinking_water",
        "name": "Boring water"
      },
      "geometry": {
        "type": "Point",
        "coordinates": [
          81.7203929,
          28.1999884
        ]
      },
      "id": "node/9905930183"
    },
    {
      "type": "Feature",
      "properties": {
        "@id": "node/9916431210",
        "amenity": "drinking_water"
      },
      "geometry": {
        "type": "Point",
        "coordinates": [
          83.9731438,
          28.2072896
        ]
      },
      "id": "node/9916431210"
    },
    {
      "type": "Feature",
      "properties": {
        "@id": "node/9931974304",
        "access": "yes",
        "amenity": "drinking_water",
        "bottle": "no",
        "fee": "no",
        "ref": "Vat No. 4"
      },
      "geometry": {
        "type": "Point",
        "coordinates": [
          88.1860001,
          26.2702813
        ]
      },
      "id": "node/9931974304"
    },
    {
      "type": "Feature",
      "properties": {
        "@id": "node/9945554844",
        "amenity": "drinking_water"
      },
      "geometry": {
        "type": "Point",
        "coordinates": [
          82.2979361,
          28.1309136
        ]
      },
      "id": "node/9945554844"
    },
    {
      "type": "Feature",
      "properties": {
        "@id": "node/9960918470",
        "amenity": "drinking_water",
        "name": "banepa khanepani sasthan"
      },
      "geometry": {
        "type": "Point",
        "coordinates": [
          85.5203703,
          27.6349213
        ]
      },
      "id": "node/9960918470"
    },
    {
      "type": "Feature",
      "properties": {
        "@id": "node/9975489735",
        "amenity": "drinking_water"
      },
      "geometry": {
        "type": "Point",
        "coordinates": [
          87.1268255,
          27.79773
        ]
      },
      "id": "node/9975489735"
    },
    {
      "type": "Feature",
      "properties": {
        "@id": "node/10034234918",
        "addr:place": "Aawarh gate east side",
        "amenity": "drinking_water",
        "dhungedhara": "yes",
        "historic": "stone_tap",
        "name": "Salla Ghari Dhara",
        "number_of_water_spouts": "1",
        "source": "apeirogon field survey"
      },
      "geometry": {
        "type": "Point",
        "coordinates": [
          85.305553,
          27.65459
        ]
      },
      "id": "node/10034234918"
    },
    {
      "type": "Feature",
      "properties": {
        "@id": "node/10034234919",
        "addr:place": "Nakhu DOI",
        "amenity": "drinking_water",
        "dhungedhara": "yes",
        "historic": "stone_tap",
        "name": "Bahun Dhara",
        "number_of_water_spouts": "2",
        "source": "apeirogon field survey"
      },
      "geometry": {
        "type": "Point",
        "coordinates": [
          85.309113,
          27.652784
        ]
      },
      "id": "node/10034234919"
    },
    {
      "type": "Feature",
      "properties": {
        "@id": "node/10034234920",
        "addr:place": "Gaagledhara",
        "amenity": "drinking_water",
        "dhungedhara": "yes",
        "historic": "stone_tap",
        "name": "Gaagle Dhara",
        "number_of_water_spouts": "1",
        "source": "apeirogon field survey"
      },
      "geometry": {
        "type": "Point",
        "coordinates": [
          85.309669,
          27.646341
        ]
      },
      "id": "node/10034234920"
    },
    {
      "type": "Feature",
      "properties": {
        "@id": "node/10034234921",
        "addr:place": "Kywana Tau",
        "amenity": "drinking_water",
        "dhungedhara": "yes",
        "historic": "stone_tap",
        "name": "किवाना हिटी",
        "name:en": "Kywana Hiti",
        "name:ne": "किवाना हिटी",
        "number_of_water_spouts": "1",
        "source": "apeirogon field survey"
      },
      "geometry": {
        "type": "Point",
        "coordinates": [
          85.306069,
          27.658667
        ]
      },
      "id": "node/10034234921"
    },
    {
      "type": "Feature",
      "properties": {
        "@id": "node/10034234922",
        "addr:place": "Bugal Phat, Chunikhel",
        "amenity": "drinking_water",
        "dhungedhara": "yes",
        "historic": "stone_tap",
        "name": "Twatigaa Hiti",
        "number_of_water_spouts": "1",
        "source": "apeirogon field survey"
      },
      "geometry": {
        "type": "Point",
        "coordinates": [
          85.30537,
          27.622413
        ]
      },
      "id": "node/10034234922"
    },
    {
      "type": "Feature",
      "properties": {
        "@id": "node/10034234923",
        "addr:place": "Del Taau, Khokana",
        "amenity": "drinking_water",
        "dhungedhara": "yes",
        "historic": "stone_tap",
        "name": "Tarpa Pukhu Hiti",
        "number_of_water_spouts": "1",
        "source": "apeirogon field survey"
      },
      "geometry": {
        "type": "Point",
        "coordinates": [
          85.293705,
          27.636509
        ]
      },
      "id": "node/10034234923"
    },
    {
      "type": "Feature",
      "properties": {
        "@id": "node/10034234924",
        "addr:place": "Sunakothi",
        "amenity": "drinking_water",
        "dhungedhara": "yes",
        "historic": "stone_tap",
        "name": "Wakhat Dhungedhara",
        "number_of_water_spouts": "3",
        "source": "apeirogon field survey"
      },
      "geometry": {
        "type": "Point",
        "coordinates": [
          85.326267,
          27.629343
        ]
      },
      "id": "node/10034234924"
    },
    {
      "type": "Feature",
      "properties": {
        "@id": "node/10034234925",
        "addr:place": "Sunakothi",
        "amenity": "drinking_water",
        "dhungedhara": "yes",
        "historic": "stone_tap",
        "name": "Pinga Docha Dhungedhara",
        "number_of_water_spouts": "1",
        "source": "apeirogon field survey"
      },
      "geometry": {
        "type": "Point",
        "coordinates": [
          85.321043,
          27.62931
        ]
      },
      "id": "node/10034234925"
    },
    {
      "type": "Feature",
      "properties": {
        "@id": "node/10034234926",
        "addr:place": "Sunakothi",
        "amenity": "drinking_water",
        "dhungedhara": "yes",
        "historic": "stone_tap",
        "name": "Barah Hiti Dhungedhara",
        "number_of_water_spouts": "1",
        "source": "apeirogon field survey"
      },
      "geometry": {
        "type": "Point",
        "coordinates": [
          85.315113,
          27.636446
        ]
      },
      "id": "node/10034234926"
    },
    {
      "type": "Feature",
      "properties": {
        "@id": "node/10034234927",
        "addr:place": "Nakhipot",
        "amenity": "drinking_water",
        "dhungedhara": "yes",
        "historic": "stone_tap",
        "name": "Nakhipot Hiti",
        "number_of_water_spouts": "1",
        "source": "apeirogon field survey"
      },
      "geometry": {
        "type": "Point",
        "coordinates": [
          85.315463,
          27.648006
        ]
      },
      "id": "node/10034234927"
    },
    {
      "type": "Feature",
      "properties": {
        "@id": "node/10034234928",
        "addr:place": "Tikhideval",
        "amenity": "drinking_water",
        "dhungedhara": "yes",
        "historic": "stone_tap",
        "name": "Shova Hiti",
        "number_of_water_spouts": "3",
        "source": "apeirogon field survey"
      },
      "geometry": {
        "type": "Point",
        "coordinates": [
          85.316309,
          27.6571
        ]
      },
      "id": "node/10034234928"
    },
    {
      "type": "Feature",
      "properties": {
        "@id": "node/10034234929",
        "Outlet_Provision": "yes",
        "addr:place": "Choy lachhi, khokana",
        "amenity": "drinking_water",
        "dhungedhara": "yes",
        "historic": "stone_tap",
        "name": "Lachhi Hiti",
        "number_of_water_spouts": "1",
        "source": "apeirogon field survey"
      },
      "geometry": {
        "type": "Point",
        "coordinates": [
          85.29817,
          27.63591
        ]
      },
      "id": "node/10034234929"
    },
    {
      "type": "Feature",
      "properties": {
        "@id": "node/10034234930",
        "Outlet_Provision": "yes",
        "addr:place": "Khokana",
        "amenity": "drinking_water",
        "dhungedhara": "yes",
        "historic": "stone_tap",
        "name": "Kalanani Hiti",
        "number_of_water_spouts": "1",
        "source": "apeirogon field survey"
      },
      "geometry": {
        "type": "Point",
        "coordinates": [
          85.2998637,
          27.6359407
        ]
      },
      "id": "node/10034234930"
    },
    {
      "type": "Feature",
      "properties": {
        "@id": "node/10034234934",
        "Outlet_Provision": "no",
        "addr:place": "Bhunna tole, bungamati",
        "amenity": "drinking_water",
        "dhungedhara": "yes",
        "historic": "stone_tap",
        "name": "Nhawanga hiti",
        "number_of_water_spouts": "1",
        "source": "apeirogon field survey"
      },
      "geometry": {
        "type": "Point",
        "coordinates": [
          85.3043902,
          27.6307298
        ]
      },
      "id": "node/10034234934"
    },
    {
      "type": "Feature",
      "properties": {
        "@id": "node/10034234935",
        "Outlet_Provision": "yes",
        "addr:place": "Machindrabahal, Bungmati",
        "amenity": "drinking_water",
        "dhungedhara": "yes",
        "historic": "stone_tap",
        "name": "Ga Hiti",
        "number_of_water_spouts": "3",
        "source": "apeirogon field survey"
      },
      "geometry": {
        "type": "Point",
        "coordinates": [
          85.3022413,
          27.6297506
        ]
      },
      "id": "node/10034234935"
    },
    {
      "type": "Feature",
      "properties": {
        "@id": "node/10034234938",
        "Outlet_Provision": "yes",
        "addr:place": "Samal Harisiddhi",
        "amenity": "drinking_water",
        "dhungedhara": "yes",
        "historic": "stone_tap",
        "name": "Phongashi Hiti",
        "number_of_water_spouts": "1",
        "source": "apeirogon field survey"
      },
      "geometry": {
        "type": "Point",
        "coordinates": [
          85.3399145,
          27.6338321
        ]
      },
      "id": "node/10034234938"
    },
    {
      "type": "Feature",
      "properties": {
        "@id": "node/10034234939",
        "Outlet_Provision": "yes",
        "addr:place": "Sama",
        "amenity": "drinking_water",
        "dhungedhara": "yes",
        "historic": "stone_tap",
        "name": "Harishiddhi Hiti",
        "number_of_water_spouts": "1",
        "source": "apeirogon field survey"
      },
      "geometry": {
        "type": "Point",
        "coordinates": [
          85.3397496,
          27.6348845
        ]
      },
      "id": "node/10034234939"
    },
    {
      "type": "Feature",
      "properties": {
        "@id": "node/10034234942",
        "Outlet_Provision": "no",
        "addr:place": "Samal tol",
        "amenity": "drinking_water",
        "dhungedhara": "yes",
        "historic": "stone_tap",
        "name": "Puksi Inar",
        "source": "apeirogon field survey"
      },
      "geometry": {
        "type": "Point",
        "coordinates": [
          85.3405076,
          27.6357775
        ]
      },
      "id": "node/10034234942"
    },
    {
      "type": "Feature",
      "properties": {
        "@id": "node/10034234946",
        "Outlet_Provision": "yes",
        "addr:place": "Pharsidol",
        "amenity": "drinking_water",
        "dhungedhara": "yes",
        "historic": "stone_tap",
        "name": "Bakhya Hiti",
        "number_of_water_spouts": "1",
        "source": "apeirogon field survey"
      },
      "geometry": {
        "type": "Point",
        "coordinates": [
          85.296074,
          27.6095594
        ]
      },
      "id": "node/10034234946"
    },
    {
      "type": "Feature",
      "properties": {
        "@id": "node/10034234949",
        "Outlet_Provision": "yes",
        "addr:place": "Pharsidol, bungamati",
        "amenity": "drinking_water",
        "dhungedhara": "yes",
        "historic": "stone_tap",
        "name": "Pharsidol Dhara",
        "number_of_water_spouts": "1",
        "source": "apeirogon field survey"
      },
      "geometry": {
        "type": "Point",
        "coordinates": [
          85.2982831,
          27.6083598
        ]
      },
      "id": "node/10034234949"
    },
    {
      "type": "Feature",
      "properties": {
        "@id": "node/10034234952",
        "Outlet_Provision": "yes",
        "addr:place": "Dhapakhel",
        "amenity": "drinking_water",
        "dhungedhara": "yes",
        "historic": "stone_tap",
        "name": "Paheol(Dhungedhara)",
        "number_of_water_spouts": "1",
        "source": "apeirogon field survey"
      },
      "geometry": {
        "type": "Point",
        "coordinates": [
          85.3307533,
          27.6233848
        ]
      },
      "id": "node/10034234952"
    },
    {
      "type": "Feature",
      "properties": {
        "@id": "node/10034234953",
        "Outlet_Provision": "yes",
        "addr:place": "Subba Gau",
        "amenity": "drinking_water",
        "dhungedhara": "yes",
        "historic": "stone_tap",
        "name": "Japla Hiti",
        "number_of_water_spouts": "1",
        "source": "apeirogon field survey"
      },
      "geometry": {
        "type": "Point",
        "coordinates": [
          85.334445,
          27.6266554
        ]
      },
      "id": "node/10034234953"
    },
    {
      "type": "Feature",
      "properties": {
        "@id": "node/10034234955",
        "Outlet_Provision": "yes",
        "addr:place": "Harisiddi",
        "amenity": "drinking_water",
        "dhungedhara": "yes",
        "historic": "stone_tap",
        "name": "Bwangodya(Chara) hiti",
        "number_of_water_spouts": "1",
        "source": "apeirogon field survey"
      },
      "geometry": {
        "type": "Point",
        "coordinates": [
          85.3431554,
          27.6373017
        ]
      },
      "id": "node/10034234955"
    },
    {
      "type": "Feature",
      "properties": {
        "@id": "node/10034234956",
        "Outlet_Provision": "yes",
        "addr:place": "Harisiddi",
        "amenity": "drinking_water",
        "dhungedhara": "yes",
        "historic": "stone_tap",
        "name": "Dhalko Hiti",
        "number_of_water_spouts": "5",
        "source": "apeirogon field survey"
      },
      "geometry": {
        "type": "Point",
        "coordinates": [
          85.3406559,
          27.6375962
        ]
      },
      "id": "node/10034234956"
    },
    {
      "type": "Feature",
      "properties": {
        "@id": "node/10034234957",
        "Outlet_Provision": "yes",
        "addr:place": "Harisiddi",
        "amenity": "drinking_water",
        "dhungedhara": "yes",
        "historic": "stone_tap",
        "name": "Hitko Hiti",
        "number_of_water_spouts": "1",
        "source": "apeirogon field survey"
      },
      "geometry": {
        "type": "Point",
        "coordinates": [
          85.3398426,
          27.639296
        ]
      },
      "id": "node/10034234957"
    },
    {
      "type": "Feature",
      "properties": {
        "@id": "node/10034234959",
        "Outlet_Provision": "yes",
        "addr:place": "Sankhamul Park",
        "amenity": "drinking_water",
        "dhungedhara": "yes",
        "historic": "stone_tap",
        "name": "सामाखुसी हिटी ए",
        "name:en": "Samkhamul Hiti A",
        "name:ne": "सामाखुसी हिटी ए",
        "number_of_water_spouts": "1",
        "source": "apeirogon field survey"
      },
      "geometry": {
        "type": "Point",
        "coordinates": [
          85.3293394,
          27.681613
        ]
      },
      "id": "node/10034234959"
    },
    {
      "type": "Feature",
      "properties": {
        "@id": "node/10034234960",
        "Outlet_Provision": "yes",
        "addr:place": "Alko, Ikhache",
        "amenity": "drinking_water",
        "dhungedhara": "yes",
        "historic": "stone_tap",
        "name": "Alko Hiti",
        "number_of_water_spouts": "5",
        "source": "apeirogon field survey"
      },
      "geometry": {
        "type": "Point",
        "coordinates": [
          85.3256531,
          27.678338
        ]
      },
      "id": "node/10034234960"
    },
    {
      "type": "Feature",
      "properties": {
        "@id": "node/10034234961",
        "Outlet_Provision": "yes",
        "addr:place": "Imukhel",
        "amenity": "drinking_water",
        "dhungedhara": "yes",
        "historic": "stone_tap",
        "name": "Washa Hiti",
        "number_of_water_spouts": "2",
        "source": "apeirogon field survey"
      },
      "geometry": {
        "type": "Point",
        "coordinates": [
          85.3263646,
          27.6783478
        ]
      },
      "id": "node/10034234961"
    },
    {
      "type": "Feature",
      "properties": {
        "@id": "node/10034234962",
        "Outlet_Provision": "yes",
        "addr:place": "Imukhel",
        "amenity": "drinking_water",
        "dhungedhara": "yes",
        "historic": "stone_tap",
        "name": "Amrit Hiti",
        "number_of_water_spouts": "2",
        "source": "apeirogon field survey"
      },
      "geometry": {
        "type": "Point",
        "coordinates": [
          85.3260452,
          27.6778062
        ]
      },
      "id": "node/10034234962"
    },
    {
      "type": "Feature",
      "properties": {
        "@id": "node/10034234963",
        "Outlet_Provision": "yes",
        "amenity": "drinking_water",
        "dhungedhara": "yes",
        "historic": "stone_tap",
        "name": "Sainthu Ganesh Hiti",
        "number_of_water_spouts": "1",
        "source": "apeirogon field survey"
      },
      "geometry": {
        "type": "Point",
        "coordinates": [
          85.3284599,
          27.6779931
        ]
      },
      "id": "node/10034234963"
    },
    {
      "type": "Feature",
      "properties": {
        "@id": "node/10034234964",
        "Outlet_Provision": "yes",
        "addr:place": "Sankhamul Park",
        "amenity": "drinking_water",
        "dhungedhara": "yes",
        "historic": "stone_tap",
        "name": "Sankhamul Hiti",
        "number_of_water_spouts": "2",
        "source": "apeirogon field survey"
      },
      "geometry": {
        "type": "Point",
        "coordinates": [
          85.3305945,
          27.6798964
        ]
      },
      "id": "node/10034234964"
    },
    {
      "type": "Feature",
      "properties": {
        "@id": "node/10034234966",
        "Outlet_Provision": "yes",
        "addr:place": "Patan Durbar",
        "amenity": "drinking_water",
        "dhungedhara": "yes",
        "historic": "stone_tap",
        "name": "Tusha Hiti",
        "number_of_water_spouts": "1",
        "source": "apeirogon field survey",
        "wikidata": "Q99777433",
        "wikipedia": "fr:Tusha Hiti"
      },
      "geometry": {
        "type": "Point",
        "coordinates": [
          85.3251336,
          27.6727221
        ]
      },
      "id": "node/10034234966"
    },
    {
      "type": "Feature",
      "properties": {
        "@id": "node/10034234967",
        "Outlet_Provision": "yes",
        "addr:place": "Patan Durbar",
        "amenity": "drinking_water",
        "dhungedhara": "yes",
        "historic": "stone_tap",
        "name": "Bhandarkhal Hiti",
        "name:en": "Bhandarkhal Hiti",
        "number_of_water_spouts": "1",
        "source": "apeirogon field survey"
      },
      "geometry": {
        "type": "Point",
        "coordinates": [
          85.3253105,
          27.6726844
        ]
      },
      "id": "node/10034234967"
    },
    {
      "type": "Feature",
      "properties": {
        "@id": "node/10034234971",
        "Outlet_Provision": "yes",
        "addr:place": "Bhindiyolacchi",
        "amenity": "drinking_water",
        "dhungedhara": "yes",
        "historic": "stone_tap",
        "name": "Bhindiyo Lachhi Hiti",
        "number_of_water_spouts": "1",
        "source": "apeirogon field survey"
      },
      "geometry": {
        "type": "Point",
        "coordinates": [
          85.3276055,
          27.6740691
        ]
      },
      "id": "node/10034234971"
    },
    {
      "type": "Feature",
      "properties": {
        "@id": "node/10034234973",
        "Outlet_Provision": "yes",
        "addr:place": "Kwyalachhi chyasa",
        "amenity": "drinking_water",
        "dhungedhara": "yes",
        "historic": "stone_tap",
        "name": "Narayan Hiti",
        "number_of_water_spouts": "3",
        "source": "apeirogon field survey"
      },
      "geometry": {
        "type": "Point",
        "coordinates": [
          85.3280496,
          27.6744295
        ]
      },
      "id": "node/10034234973"
    },
    {
      "type": "Feature",
      "properties": {
        "@id": "node/10034234974",
        "addr:place": "Bholdhoka,Balkumari",
        "amenity": "drinking_water",
        "dhungedhara": "yes",
        "historic": "stone_tap",
        "source": "apeirogon field survey"
      },
      "geometry": {
        "type": "Point",
        "coordinates": [
          85.3307967,
          27.6730362
        ]
      },
      "id": "node/10034234974"
    },
    {
      "type": "Feature",
      "properties": {
        "@id": "node/10034234975",
        "Outlet_Provision": "yes",
        "addr:place": "Bholdhoka, balkumari, Lalitpur",
        "amenity": "drinking_water",
        "dhungedhara": "yes",
        "historic": "stone_tap",
        "name": "मकाह हिती",
        "name:en": "Makah Hiti",
        "name:ne": "मकाह हिती",
        "source": "apeirogon field survey"
      },
      "geometry": {
        "type": "Point",
        "coordinates": [
          85.3329104,
          27.6728384
        ]
      },
      "id": "node/10034234975"
    },
    {
      "type": "Feature",
      "properties": {
        "@id": "node/10034234976",
        "Outlet_Provision": "yes",
        "addr:place": "Kwachhen, Balkumari Lalitpur",
        "amenity": "drinking_water",
        "dhungedhara": "yes",
        "historic": "stone_tap",
        "name": "क्वाचेन हिटी",
        "name:en": "Kwachhen Hiti",
        "name:ne": "क्वाचेन हिटी",
        "number_of_water_spouts": "1",
        "source": "apeirogon field survey"
      },
      "geometry": {
        "type": "Point",
        "coordinates": [
          85.3357228,
          27.6720551
        ]
      },
      "id": "node/10034234976"
    },
    {
      "type": "Feature",
      "properties": {
        "@id": "node/10034234977",
        "Outlet_Provision": "yes",
        "addr:place": "Tyagal",
        "amenity": "drinking_water",
        "dhungedhara": "yes",
        "historic": "stone_tap",
        "name": "Tyagal dhunge dhara",
        "number_of_water_spouts": "1",
        "source": "apeirogon field survey"
      },
      "geometry": {
        "type": "Point",
        "coordinates": [
          85.3302826,
          27.668342
        ]
      },
      "id": "node/10034234977"
    },
    {
      "type": "Feature",
      "properties": {
        "@id": "node/10034234978",
        "Outlet_Provision": "yes",
        "addr:place": "Imukhel",
        "amenity": "drinking_water",
        "dhungedhara": "yes",
        "historic": "stone_tap",
        "name": "Byanchha",
        "number_of_water_spouts": "1",
        "source": "apeirogon field survey"
      },
      "geometry": {
        "type": "Point",
        "coordinates": [
          85.3262112,
          27.6785752
        ]
      },
      "id": "node/10034234978"
    },
    {
      "type": "Feature",
      "properties": {
        "@id": "node/10034234979",
        "Outlet_Provision": "yes",
        "addr:place": "Emukhel",
        "amenity": "drinking_water",
        "dhungedhara": "yes",
        "historic": "stone_tap",
        "name": "Dhatu",
        "number_of_water_spouts": "1",
        "source": "apeirogon field survey"
      },
      "geometry": {
        "type": "Point",
        "coordinates": [
          85.3262084,
          27.6784685
        ]
      },
      "id": "node/10034234979"
    },
    {
      "type": "Feature",
      "properties": {
        "@id": "node/10034234980",
        "Outlet_Provision": "no",
        "addr:place": "Sankhamul park",
        "amenity": "drinking_water",
        "dhungedhara": "yes",
        "historic": "stone_tap",
        "name": "Sankhamul hiti c",
        "source": "apeirogon field survey"
      },
      "geometry": {
        "type": "Point",
        "coordinates": [
          85.3312903,
          27.678904
        ]
      },
      "id": "node/10034234980"
    },
    {
      "type": "Feature",
      "properties": {
        "@id": "node/10034234982",
        "Outlet_Provision": "no",
        "addr:place": "Shankhamul park",
        "amenity": "drinking_water",
        "dhungedhara": "yes",
        "historic": "stone_tap",
        "name": "Rudradhara",
        "number_of_water_spouts": "1",
        "source": "apeirogon field survey"
      },
      "geometry": {
        "type": "Point",
        "coordinates": [
          85.332071,
          27.6783707
        ]
      },
      "id": "node/10034234982"
    },
    {
      "type": "Feature",
      "properties": {
        "@id": "node/10034234983",
        "addr:place": "Sankhamul park",
        "amenity": "drinking_water",
        "dhungedhara": "yes",
        "historic": "stone_tap",
        "man_made": "water_tap",
        "source": "apeirogon field survey"
      },
      "geometry": {
        "type": "Point",
        "coordinates": [
          85.3316918,
          27.6785616
        ]
      },
      "id": "node/10034234983"
    },
    {
      "type": "Feature",
      "properties": {
        "@id": "node/10034234984",
        "Outlet_Provision": "no",
        "addr:place": "Chyasal",
        "amenity": "drinking_water",
        "dhungedhara": "yes",
        "historic": "stone_tap",
        "name": "च्यासल हिती",
        "name:en": "Chyasal Hiti",
        "name:ne": "च्यासल हिती",
        "source": "apeirogon field survey"
      },
      "geometry": {
        "type": "Point",
        "coordinates": [
          85.3329444,
          27.6784928
        ]
      },
      "id": "node/10034234984"
    },
    {
      "type": "Feature",
      "properties": {
        "@id": "node/10034234985",
        "Outlet_Provision": "yes",
        "addr:place": "Tangal",
        "amenity": "drinking_water",
        "dhungedhara": "yes",
        "historic": "stone_tap",
        "name": "Chakba Hiti",
        "number_of_water_spouts": "5",
        "source": "apeirogon field survey"
      },
      "geometry": {
        "type": "Point",
        "coordinates": [
          85.3238579,
          27.6699632
        ]
      },
      "id": "node/10034234985"
    },
    {
      "type": "Feature",
      "properties": {
        "@id": "node/10034234987",
        "Outlet_Provision": "yes",
        "addr:place": "Mangalbazar",
        "amenity": "drinking_water",
        "dhungedhara": "yes",
        "fountain": "drinking",
        "historic": "stone_tap",
        "name": "Manga Hiti",
        "number_of_water_spouts": "3",
        "source": "apeirogon field survey"
      },
      "geometry": {
        "type": "Point",
        "coordinates": [
          85.3255348,
          27.6735225
        ]
      },
      "id": "node/10034234987"
    },
    {
      "type": "Feature",
      "properties": {
        "@id": "node/10034234989",
        "Outlet_Provision": "yes",
        "addr:place": "Chyasal gate",
        "amenity": "drinking_water",
        "dhungedhara": "yes",
        "historic": "stone_tap",
        "name": "Bya Hiti",
        "number_of_water_spouts": "2",
        "source": "apeirogon field survey"
      },
      "geometry": {
        "type": "Point",
        "coordinates": [
          85.3293027,
          27.6748352
        ]
      },
      "id": "node/10034234989"
    },
    {
      "type": "Feature",
      "properties": {
        "@id": "node/10034234990",
        "Outlet_Provision": "yes",
        "addr:place": "Chyasal gate",
        "amenity": "drinking_water",
        "dhungedhara": "yes",
        "historic": "stone_tap",
        "name": "Chyasa Hiti",
        "number_of_water_spouts": "8",
        "source": "apeirogon field survey"
      },
      "geometry": {
        "type": "Point",
        "coordinates": [
          85.3281892,
          27.6746668
        ]
      },
      "id": "node/10034234990"
    },
    {
      "type": "Feature",
      "properties": {
        "@id": "node/10034234991",
        "Outlet_Provision": "yes",
        "addr:place": "Bhola Dhoka",
        "amenity": "drinking_water",
        "dhungedhara": "yes",
        "historic": "stone_tap",
        "name": "Bhola Khya Hiti",
        "name:en": "Bhola Khya Hiti",
        "number_of_water_spouts": "1",
        "source": "apeirogon field survey"
      },
      "geometry": {
        "type": "Point",
        "coordinates": [
          85.3326837,
          27.6730995
        ]
      },
      "id": "node/10034234991"
    },
    {
      "type": "Feature",
      "properties": {
        "@id": "node/10034234994",
        "Outlet_Provision": "no",
        "addr:place": "Chahbahal",
        "amenity": "drinking_water",
        "dhungedhara": "yes",
        "historic": "stone_tap",
        "name": "Chha Baha Hiti",
        "number_of_water_spouts": "3",
        "source": "apeirogon field survey"
      },
      "geometry": {
        "type": "Point",
        "coordinates": [
          85.3192116,
          27.6765856
        ]
      },
      "id": "node/10034234994"
    },
    {
      "type": "Feature",
      "properties": {
        "@id": "node/10034234995",
        "Outlet_Provision": "yes",
        "addr:place": "Tapa hiti tole",
        "amenity": "drinking_water",
        "dhungedhara": "yes",
        "historic": "stone_tap",
        "name": "तापा हिटी बी",
        "name:en": "Tapa hiti B",
        "name:ne": "तापा हिटी बी",
        "number_of_water_spouts": "3",
        "source": "apeirogon field survey"
      },
      "geometry": {
        "type": "Point",
        "coordinates": [
          85.3239079,
          27.677396
        ]
      },
      "id": "node/10034234995"
    },
    {
      "type": "Feature",
      "properties": {
        "@id": "node/10034234996",
        "Outlet_Provision": "yes",
        "addr:place": "Tapa hiti tole",
        "amenity": "drinking_water",
        "dhungedhara": "yes",
        "historic": "stone_tap",
        "name": "Tapa hiti A",
        "number_of_water_spouts": "3",
        "source": "apeirogon field survey"
      },
      "geometry": {
        "type": "Point",
        "coordinates": [
          85.3239836,
          27.6773202
        ]
      },
      "id": "node/10034234996"
    },
    {
      "type": "Feature",
      "properties": {
        "@id": "node/10034234997",
        "Outlet_Provision": "no",
        "addr:place": "Nagabahal",
        "amenity": "drinking_water",
        "dhungedhara": "yes",
        "historic": "stone_tap",
        "name": "Naga Bahal Hiti",
        "number_of_water_spouts": "1",
        "source": "apeirogon field survey"
      },
      "geometry": {
        "type": "Point",
        "coordinates": [
          85.3241538,
          27.6759966
        ]
      },
      "id": "node/10034234997"
    },
    {
      "type": "Feature",
      "properties": {
        "@id": "node/10034234998",
        "Outlet_Provision": "yes",
        "amenity": "drinking_water",
        "dhungedhara": "yes",
        "historic": "stone_tap",
        "name": "Misa Hiti",
        "number_of_water_spouts": "6",
        "source": "apeirogon field survey"
      },
      "geometry": {
        "type": "Point",
        "coordinates": [
          85.3258647,
          27.6766878
        ]
      },
      "id": "node/10034234998"
    },
    {
      "type": "Feature",
      "properties": {
        "@id": "node/10034234999",
        "Outlet_Provision": "yes",
        "addr:place": "Konti, kumbeshwor",
        "amenity": "drinking_water",
        "dhungedhara": "yes",
        "historic": "stone_tap",
        "name": "Konti Pukhu Hiti",
        "number_of_water_spouts": "1",
        "source": "apeirogon field survey"
      },
      "geometry": {
        "type": "Point",
        "coordinates": [
          85.3259995,
          27.6768088
        ]
      },
      "id": "node/10034234999"
    },
    {
      "type": "Feature",
      "properties": {
        "@id": "node/10034235000",
        "Outlet_Provision": "yes",
        "amenity": "drinking_water",
        "dhungedhara": "yes",
        "historic": "stone_tap",
        "name": "Konti Hiti",
        "number_of_water_spouts": "6",
        "source": "apeirogon field survey"
      },
      "geometry": {
        "type": "Point",
        "coordinates": [
          85.3257217,
          27.6768234
        ]
      },
      "id": "node/10034235000"
    },
    {
      "type": "Feature",
      "properties": {
        "@id": "node/10034235001",
        "Outlet_Provision": "yes",
        "addr:place": "Subabal",
        "amenity": "drinking_water",
        "dhungedhara": "yes",
        "historic": "stone_tap",
        "name": "सुबाहल हिती",
        "name:en": "Subahal Hiti",
        "name:ne": "सुबाहल हिती",
        "number_of_water_spouts": "2",
        "source": "apeirogon field survey"
      },
      "geometry": {
        "type": "Point",
        "coordinates": [
          85.3307642,
          27.6707618
        ]
      },
      "id": "node/10034235001"
    },
    {
      "type": "Feature",
      "properties": {
        "@id": "node/10034235002",
        "Outlet_Provision": "no",
        "addr:place": "Guita tol",
        "amenity": "drinking_water",
        "dhungedhara": "yes",
        "historic": "stone_tap",
        "name": "गुइता हिटी",
        "name:en": "Guita Hiti",
        "name:ne": "गुइता हिटी",
        "number_of_water_spouts": "2",
        "source": "apeirogon field survey"
      },
      "geometry": {
        "type": "Point",
        "coordinates": [
          85.332471,
          27.671281
        ]
      },
      "id": "node/10034235002"
    },
    {
      "type": "Feature",
      "properties": {
        "@id": "node/10034235003",
        "Outlet_Provision": "yes",
        "addr:place": "Manda hiti margha",
        "amenity": "drinking_water",
        "dhungedhara": "yes",
        "historic": "stone_tap",
        "name": "Manda Hiti",
        "number_of_water_spouts": "3",
        "source": "apeirogon field survey"
      },
      "geometry": {
        "type": "Point",
        "coordinates": [
          85.3283969,
          27.6637313
        ]
      },
      "id": "node/10034235003"
    },
    {
      "type": "Feature",
      "properties": {
        "@id": "node/10034235004",
        "Outlet_Provision": "yes",
        "addr:place": "Sincha Tol",
        "amenity": "drinking_water",
        "dhungedhara": "yes",
        "historic": "stone_tap",
        "name": "Sincha (?????) Hiti",
        "number_of_water_spouts": "3",
        "source": "apeirogon field survey"
      },
      "geometry": {
        "type": "Point",
        "coordinates": [
          85.3285771,
          27.6657112
        ]
      },
      "id": "node/10034235004"
    },
    {
      "type": "Feature",
      "properties": {
        "@id": "node/10034235005",
        "Outlet_Provision": "yes",
        "addr:place": "Khanibahal Tol",
        "amenity": "drinking_water",
        "dhungedhara": "yes",
        "historic": "stone_tap",
        "name": "Kanibaha Hiti",
        "number_of_water_spouts": "1",
        "source": "apeirogon field survey"
      },
      "geometry": {
        "type": "Point",
        "coordinates": [
          85.327544,
          27.6678067
        ]
      },
      "id": "node/10034235005"
    },
    {
      "type": "Feature",
      "properties": {
        "@id": "node/10034235006",
        "Outlet_Provision": "yes",
        "addr:place": "Na Hiti Ganesh Marga",
        "amenity": "drinking_water",
        "dhungedhara": "yes",
        "historic": "stone_tap",
        "name": "Na Hiti",
        "number_of_water_spouts": "2",
        "source": "apeirogon field survey"
      },
      "geometry": {
        "type": "Point",
        "coordinates": [
          85.3262119,
          27.666712
        ]
      },
      "id": "node/10034235006"
    },
    {
      "type": "Feature",
      "properties": {
        "@id": "node/10034235007",
        "Outlet_Provision": "no",
        "addr:place": "Lagankhel",
        "amenity": "drinking_water",
        "dhungedhara": "yes",
        "historic": "stone_tap",
        "name": "लगाख्य हिटी",
        "name:en": "Lagakhya Hiti",
        "name:ne": "लगाख्य हिटी",
        "number_of_water_spouts": "1",
        "source": "apeirogon field survey"
      },
      "geometry": {
        "type": "Point",
        "coordinates": [
          85.3234023,
          27.6664853
        ]
      },
      "id": "node/10034235007"
    },
    {
      "type": "Feature",
      "properties": {
        "@id": "node/10034235008",
        "Outlet_Provision": "yes",
        "addr:place": "Thapa Galli",
        "amenity": "drinking_water",
        "dhungedhara": "yes",
        "historic": "stone_tap",
        "name": "Thapa Hiti",
        "number_of_water_spouts": "4",
        "source": "apeirogon field survey"
      },
      "geometry": {
        "type": "Point",
        "coordinates": [
          85.3265737,
          27.6692688
        ]
      },
      "id": "node/10034235008"
    },
    {
      "type": "Feature",
      "properties": {
        "@id": "node/10034235009",
        "Outlet_Provision": "yes",
        "addr:place": "????????",
        "amenity": "drinking_water",
        "dhungedhara": "yes",
        "historic": "stone_tap",
        "name": "Lu Hiti",
        "number_of_water_spouts": "3",
        "source": "apeirogon field survey"
      },
      "geometry": {
        "type": "Point",
        "coordinates": [
          85.327999,
          27.6697493
        ]
      },
      "id": "node/10034235009"
    },
    {
      "type": "Feature",
      "properties": {
        "@id": "node/10034235010",
        "Outlet_Provision": "yes",
        "addr:place": "Saugal Patan",
        "amenity": "drinking_water",
        "dhungedhara": "yes",
        "historic": "stone_tap",
        "name": "Sauga Hiti",
        "number_of_water_spouts": "4",
        "source": "apeirogon field survey"
      },
      "geometry": {
        "type": "Point",
        "coordinates": [
          85.326748,
          27.6705364
        ]
      },
      "id": "node/10034235010"
    },
    {
      "type": "Feature",
      "properties": {
        "@id": "node/10034235011",
        "Outlet_Provision": "yes",
        "addr:place": "Yala Layaku Marga, Tangal",
        "amenity": "drinking_water",
        "dhungedhara": "yes",
        "historic": "stone_tap",
        "name": "Tangal Hiti",
        "number_of_water_spouts": "3",
        "source": "apeirogon field survey"
      },
      "geometry": {
        "type": "Point",
        "coordinates": [
          85.3238965,
          27.6701208
        ]
      },
      "id": "node/10034235011"
    },
    {
      "type": "Feature",
      "properties": {
        "@id": "node/10034235013",
        "Outlet_Provision": "no",
        "addr:place": "Jawalakhel",
        "amenity": "drinking_water",
        "dhungedhara": "yes",
        "historic": "stone_tap",
        "name": "Jawalakhel Hiti",
        "number_of_water_spouts": "1",
        "source": "apeirogon field survey"
      },
      "geometry": {
        "type": "Point",
        "coordinates": [
          85.3127163,
          27.6730698
        ]
      },
      "id": "node/10034235013"
    },
    {
      "type": "Feature",
      "properties": {
        "@id": "node/10034235014",
        "Outlet_Provision": "yes",
        "access": "no",
        "addr:place": "Pulchiw",
        "amenity": "drinking_water",
        "dhungedhara": "yes",
        "fee": "no",
        "historic": "stone_tap",
        "name": "Pucha Hiti",
        "number_of_water_spouts": "3",
        "source": "apeirogon field survey",
        "wheelchair": "no"
      },
      "geometry": {
        "type": "Point",
        "coordinates": [
          85.3164973,
          27.6766331
        ]
      },
      "id": "node/10034235014"
    },
    {
      "type": "Feature",
      "properties": {
        "@id": "node/10034235015",
        "Outlet_Provision": "yes",
        "addr:place": "Sanepa",
        "amenity": "drinking_water",
        "dhungedhara": "yes",
        "historic": "stone_tap",
        "name": "Raj Tirtha Hiti",
        "number_of_water_spouts": "1",
        "source": "apeirogon field survey"
      },
      "geometry": {
        "type": "Point",
        "coordinates": [
          85.3057262,
          27.6919615
        ]
      },
      "id": "node/10034235015"
    },
    {
      "type": "Feature",
      "properties": {
        "@id": "node/10034235016",
        "Outlet_Provision": "yes",
        "addr:place": "Sanepa",
        "amenity": "drinking_water",
        "dhungedhara": "yes",
        "historic": "stone_tap",
        "name": "Sanepa Hiti",
        "number_of_water_spouts": "1",
        "source": "apeirogon field survey"
      },
      "geometry": {
        "type": "Point",
        "coordinates": [
          85.3065793,
          27.6862937
        ]
      },
      "id": "node/10034235016"
    },
    {
      "type": "Feature",
      "properties": {
        "@id": "node/10034241717",
        "Outlet_Provision": "yes",
        "addr:place": "Dhobhighat",
        "amenity": "drinking_water",
        "dhungedhara": "yes",
        "historic": "stone_tap",
        "name": "Hiku Hiti",
        "number_of_water_spouts": "3",
        "source": "apeirogon field survey"
      },
      "geometry": {
        "type": "Point",
        "coordinates": [
          85.3066513,
          27.6766062
        ]
      },
      "id": "node/10034241717"
    },
    {
      "type": "Feature",
      "properties": {
        "@id": "node/10034241718",
        "Outlet_Provision": "yes",
        "addr:place": "Dhobhighat",
        "amenity": "drinking_water",
        "dhungedhara": "yes",
        "historic": "stone_tap",
        "name": "Dhobhighat Ikuhiti",
        "number_of_water_spouts": "3",
        "source": "apeirogon field survey"
      },
      "geometry": {
        "type": "Point",
        "coordinates": [
          85.3060133,
          27.6749935
        ]
      },
      "id": "node/10034241718"
    },
    {
      "type": "Feature",
      "properties": {
        "@id": "node/10034241719",
        "Outlet_Provision": "yes",
        "addr:place": "Lalitpur-13, Kusunti",
        "amenity": "drinking_water",
        "dhungedhara": "yes",
        "historic": "stone_tap",
        "name": "Kal Dhara Hiti",
        "number_of_water_spouts": "1",
        "source": "apeirogon field survey"
      },
      "geometry": {
        "type": "Point",
        "coordinates": [
          85.3127839,
          27.6632678
        ]
      },
      "id": "node/10034241719"
    },
    {
      "type": "Feature",
      "properties": {
        "@id": "node/10034241721",
        "Outlet_Provision": "yes",
        "addr:place": "Lalitpur-13, Kusunti",
        "amenity": "drinking_water",
        "dhungedhara": "yes",
        "historic": "stone_tap",
        "name": "Kusunti Hiti",
        "number_of_water_spouts": "1",
        "source": "apeirogon field survey"
      },
      "geometry": {
        "type": "Point",
        "coordinates": [
          85.3121615,
          27.6650378
        ]
      },
      "id": "node/10034241721"
    },
    {
      "type": "Feature",
      "properties": {
        "@id": "node/10055949617",
        "amenity": "drinking_water"
      },
      "geometry": {
        "type": "Point",
        "coordinates": [
          84.2416876,
          28.5933341
        ]
      },
      "id": "node/10055949617"
    },
    {
      "type": "Feature",
      "properties": {
        "@id": "node/10068916078",
        "amenity": "drinking_water"
      },
      "geometry": {
        "type": "Point",
        "coordinates": [
          85.3851561,
          27.678628
        ]
      },
      "id": "node/10068916078"
    },
    {
      "type": "Feature",
      "properties": {
        "@id": "node/10068927118",
        "amenity": "drinking_water"
      },
      "geometry": {
        "type": "Point",
        "coordinates": [
          85.3865589,
          27.6784807
        ]
      },
      "id": "node/10068927118"
    },
    {
      "type": "Feature",
      "properties": {
        "@id": "node/10068927119",
        "amenity": "drinking_water"
      },
      "geometry": {
        "type": "Point",
        "coordinates": [
          85.3868385,
          27.677729
        ]
      },
      "id": "node/10068927119"
    },
    {
      "type": "Feature",
      "properties": {
        "@id": "node/10074131917",
        "amenity": "drinking_water",
        "name:en": "Ghorahi Khanepani"
      },
      "geometry": {
        "type": "Point",
        "coordinates": [
          82.5195586,
          28.0565799
        ]
      },
      "id": "node/10074131917"
    },
    {
      "type": "Feature",
      "properties": {
        "@id": "node/10086798418",
        "amenity": "drinking_water"
      },
      "geometry": {
        "type": "Point",
        "coordinates": [
          83.6022113,
          28.6825568
        ]
      },
      "id": "node/10086798418"
    },
    {
      "type": "Feature",
      "properties": {
        "@id": "node/10088378204",
        "amenity": "drinking_water",
        "man_made": "water_tap"
      },
      "geometry": {
        "type": "Point",
        "coordinates": [
          83.9669225,
          28.2023622
        ]
      },
      "id": "node/10088378204"
    },
    {
      "type": "Feature",
      "properties": {
        "@id": "node/10154968840",
        "amenity": "drinking_water"
      },
      "geometry": {
        "type": "Point",
        "coordinates": [
          82.3407523,
          28.1547568
        ]
      },
      "id": "node/10154968840"
    },
    {
      "type": "Feature",
      "properties": {
        "@id": "node/10154968893",
        "amenity": "drinking_water"
      },
      "geometry": {
        "type": "Point",
        "coordinates": [
          82.3443036,
          28.1721039
        ]
      },
      "id": "node/10154968893"
    },
    {
      "type": "Feature",
      "properties": {
        "@id": "node/10237675310",
        "amenity": "drinking_water",
        "name": "Tinpaniya"
      },
      "geometry": {
        "type": "Point",
        "coordinates": [
          85.8039796,
          25.9167152
        ]
      },
      "id": "node/10237675310"
    },
    {
      "type": "Feature",
      "properties": {
        "@id": "node/10242205040",
        "amenity": "drinking_water"
      },
      "geometry": {
        "type": "Point",
        "coordinates": [
          89.9207045,
          26.9180379
        ]
      },
      "id": "node/10242205040"
    },
    {
      "type": "Feature",
      "properties": {
        "@id": "node/10248429626",
        "amenity": "drinking_water"
      },
      "geometry": {
        "type": "Point",
        "coordinates": [
          88.6116417,
          27.3270672
        ]
      },
      "id": "node/10248429626"
    },
    {
      "type": "Feature",
      "properties": {
        "@id": "node/10281996386",
        "amenity": "drinking_water"
      },
      "geometry": {
        "type": "Point",
        "coordinates": [
          88.4165121,
          26.65505
        ]
      },
      "id": "node/10281996386"
    },
    {
      "type": "Feature",
      "properties": {
        "@id": "node/10285927009",
        "amenity": "drinking_water",
        "name": "Ganga Mineral Water"
      },
      "geometry": {
        "type": "Point",
        "coordinates": [
          85.3047927,
          23.3664599
        ]
      },
      "id": "node/10285927009"
    },
    {
      "type": "Feature",
      "properties": {
        "@id": "node/10303857009",
        "amenity": "drinking_water",
        "name:en": "Water tank"
      },
      "geometry": {
        "type": "Point",
        "coordinates": [
          86.6361047,
          27.3009032
        ]
      },
      "id": "node/10303857009"
    },
    {
      "type": "Feature",
      "properties": {
        "@id": "node/10316743009",
        "amenity": "drinking_water",
        "name:en": "Kuwa"
      },
      "geometry": {
        "type": "Point",
        "coordinates": [
          83.7600906,
          28.1316718
        ]
      },
      "id": "node/10316743009"
    },
    {
      "type": "Feature",
      "properties": {
        "@id": "node/10567218307",
        "amenity": "drinking_water",
        "operator": "Ghattekhola Muhan",
        "wheelchair": "no"
      },
      "geometry": {
        "type": "Point",
        "coordinates": [
          87.3176982,
          27.0399853
        ]
      },
      "id": "node/10567218307"
    },
    {
      "type": "Feature",
      "properties": {
        "@id": "node/10567233281",
        "amenity": "drinking_water",
        "operator": "Ramche ban muhan",
        "wheelchair": "no"
      },
      "geometry": {
        "type": "Point",
        "coordinates": [
          87.3314208,
          27.0510508
        ]
      },
      "id": "node/10567233281"
    },
    {
      "type": "Feature",
      "properties": {
        "@id": "node/10567236941",
        "amenity": "drinking_water",
        "operator": "Chiyabari muhan",
        "wheelchair": "no"
      },
      "geometry": {
        "type": "Point",
        "coordinates": [
          87.3302216,
          27.0480314
        ]
      },
      "id": "node/10567236941"
    },
    {
      "type": "Feature",
      "properties": {
        "@id": "node/10567337607",
        "amenity": "drinking_water",
        "operator": "Chiyabari muhan",
        "wheelchair": "no"
      },
      "geometry": {
        "type": "Point",
        "coordinates": [
          87.3304262,
          27.0473464
        ]
      },
      "id": "node/10567337607"
    },
    {
      "type": "Feature",
      "properties": {
        "@id": "node/10567467971",
        "amenity": "drinking_water",
        "operator": "Sinjali Muhan",
        "wheelchair": "no"
      },
      "geometry": {
        "type": "Point",
        "coordinates": [
          87.3252492,
          27.042007
        ]
      },
      "id": "node/10567467971"
    },
    {
      "type": "Feature",
      "properties": {
        "@id": "node/10567469501",
        "amenity": "drinking_water",
        "operator": "Ghatte khola",
        "wheelchair": "no"
      },
      "geometry": {
        "type": "Point",
        "coordinates": [
          87.3171989,
          27.0392973
        ]
      },
      "id": "node/10567469501"
    },
    {
      "type": "Feature",
      "properties": {
        "@id": "node/10567471316",
        "amenity": "drinking_water",
        "operator": "Sarki Khola Khane Pani Muhan",
        "wheelchair": "no"
      },
      "geometry": {
        "type": "Point",
        "coordinates": [
          87.3224367,
          27.0421128
        ]
      },
      "id": "node/10567471316"
    },
    {
      "type": "Feature",
      "properties": {
        "@id": "node/10567476206",
        "amenity": "drinking_water",
        "operator": "Rana Sinjali tole Khanepani",
        "wheelchair": "no"
      },
      "geometry": {
        "type": "Point",
        "coordinates": [
          87.3185788,
          27.0376977
        ]
      },
      "id": "node/10567476206"
    },
    {
      "type": "Feature",
      "properties": {
        "@id": "node/10569218762",
        "amenity": "drinking_water",
        "operator": "thing khola muhan",
        "wheelchair": "no"
      },
      "geometry": {
        "type": "Point",
        "coordinates": [
          87.316711,
          27.0357504
        ]
      },
      "id": "node/10569218762"
    },
    {
      "type": "Feature",
      "properties": {
        "@id": "node/10569278043",
        "amenity": "drinking_water",
        "operator": "chiyabagan muhan",
        "wheelchair": "no"
      },
      "geometry": {
        "type": "Point",
        "coordinates": [
          87.3188591,
          27.034222
        ]
      },
      "id": "node/10569278043"
    },
    {
      "type": "Feature",
      "properties": {
        "@id": "node/10569299459",
        "amenity": "drinking_water",
        "operator": "gopal kuwa",
        "wheelchair": "no"
      },
      "geometry": {
        "type": "Point",
        "coordinates": [
          87.3191355,
          27.0350115
        ]
      },
      "id": "node/10569299459"
    },
    {
      "type": "Feature",
      "properties": {
        "@id": "node/10569300771",
        "amenity": "drinking_water",
        "operator": "mude muhan",
        "wheelchair": "no"
      },
      "geometry": {
        "type": "Point",
        "coordinates": [
          87.3332882,
          27.0486194
        ]
      },
      "id": "node/10569300771"
    },
    {
      "type": "Feature",
      "properties": {
        "@id": "node/10569341017",
        "amenity": "drinking_water",
        "operator": "chiyabagan khola muhan",
        "wheelchair": "no"
      },
      "geometry": {
        "type": "Point",
        "coordinates": [
          87.3173057,
          27.035454
        ]
      },
      "id": "node/10569341017"
    },
    {
      "type": "Feature",
      "properties": {
        "@id": "node/10569451001",
        "amenity": "drinking_water",
        "operator": "Gairi Tole Public Tap",
        "ref": "Gairi Tole Public tap"
      },
      "geometry": {
        "type": "Point",
        "coordinates": [
          87.3117601,
          27.0339681
        ]
      },
      "id": "node/10569451001"
    },
    {
      "type": "Feature",
      "properties": {
        "@id": "node/10569451095",
        "amenity": "drinking_water",
        "operator": "Bokre Tole Dhara 1",
        "ref": "Bokre Tole Dhara"
      },
      "geometry": {
        "type": "Point",
        "coordinates": [
          87.311288,
          27.0340905
        ]
      },
      "id": "node/10569451095"
    },
    {
      "type": "Feature",
      "properties": {
        "@id": "node/10569464464",
        "amenity": "drinking_water",
        "ref": "Bokre Tole Dhara 2"
      },
      "geometry": {
        "type": "Point",
        "coordinates": [
          87.3108868,
          27.0352277
        ]
      },
      "id": "node/10569464464"
    },
    {
      "type": "Feature",
      "properties": {
        "@id": "node/10569483415",
        "amenity": "drinking_water",
        "ref": "Bokre Tole Dhara 3"
      },
      "geometry": {
        "type": "Point",
        "coordinates": [
          87.3103504,
          27.0366516
        ]
      },
      "id": "node/10569483415"
    },
    {
      "type": "Feature",
      "properties": {
        "@id": "node/10569491019",
        "amenity": "drinking_water",
        "operator": "Hajar Sim"
      },
      "geometry": {
        "type": "Point",
        "coordinates": [
          87.3102173,
          27.0378805
        ]
      },
      "id": "node/10569491019"
    },
    {
      "type": "Feature",
      "properties": {
        "@id": "node/10569502151",
        "amenity": "drinking_water",
        "operator": "Bishwokarma Muhan1"
      },
      "geometry": {
        "type": "Point",
        "coordinates": [
          87.3109919,
          27.0377315
        ]
      },
      "id": "node/10569502151"
    },
    {
      "type": "Feature",
      "properties": {
        "@id": "node/10569502732",
        "amenity": "drinking_water",
        "operator": "Bishwokarma Muhan2"
      },
      "geometry": {
        "type": "Point",
        "coordinates": [
          87.3106915,
          27.0377506
        ]
      },
      "id": "node/10569502732"
    },
    {
      "type": "Feature",
      "properties": {
        "@id": "node/10572166535",
        "amenity": "drinking_water",
        "operator": "tallo rana tole khane pani muhan",
        "wheelchair": "no"
      },
      "geometry": {
        "type": "Point",
        "coordinates": [
          87.3173887,
          27.03703
        ]
      },
      "id": "node/10572166535"
    },
    {
      "type": "Feature",
      "properties": {
        "@id": "node/10572193214",
        "amenity": "drinking_water",
        "operator": "sundar muhan",
        "wheelchair": "no"
      },
      "geometry": {
        "type": "Point",
        "coordinates": [
          87.3100328,
          27.0365858
        ]
      },
      "id": "node/10572193214"
    },
    {
      "type": "Feature",
      "properties": {
        "@id": "node/10572209365",
        "amenity": "drinking_water",
        "operator": "mathillo rana tole khanepani",
        "wheelchair": "no"
      },
      "geometry": {
        "type": "Point",
        "coordinates": [
          87.3173444,
          27.0372713
        ]
      },
      "id": "node/10572209365"
    },
    {
      "type": "Feature",
      "properties": {
        "@id": "node/10572217528",
        "amenity": "drinking_water",
        "name": "Tanki Dhara"
      },
      "geometry": {
        "type": "Point",
        "coordinates": [
          87.31083,
          27.0403359
        ]
      },
      "id": "node/10572217528"
    },
    {
      "type": "Feature",
      "properties": {
        "@id": "node/10572220068",
        "amenity": "drinking_water",
        "name": "Buddha Chowk Boring"
      },
      "geometry": {
        "type": "Point",
        "coordinates": [
          87.3124629,
          27.0357164
        ]
      },
      "id": "node/10572220068"
    },
    {
      "type": "Feature",
      "properties": {
        "@id": "node/10610430824",
        "amenity": "drinking_water"
      },
      "geometry": {
        "type": "Point",
        "coordinates": [
          84.4088474,
          28.3929682
        ]
      },
      "id": "node/10610430824"
    },
    {
      "type": "Feature",
      "properties": {
        "@id": "node/10703366905",
        "amenity": "drinking_water",
        "name:en": "Water tank"
      },
      "geometry": {
        "type": "Point",
        "coordinates": [
          83.8763003,
          28.1704526
        ]
      },
      "id": "node/10703366905"
    },
    {
      "type": "Feature",
      "properties": {
        "@id": "node/10711845106",
        "amenity": "drinking_water"
      },
      "geometry": {
        "type": "Point",
        "coordinates": [
          82.1055953,
          26.8597688
        ]
      },
      "id": "node/10711845106"
    },
    {
      "type": "Feature",
      "properties": {
        "@id": "node/10924163081",
        "amenity": "drinking_water",
        "drinking_water": "yes",
        "man_made": "water_well",
        "pump": "no"
      },
      "geometry": {
        "type": "Point",
        "coordinates": [
          83.6815286,
          25.0602822
        ]
      },
      "id": "node/10924163081"
    },
    {
      "type": "Feature",
      "properties": {
        "@id": "node/10989032291",
        "access": "yes",
        "amenity": "drinking_water",
        "bottle": "yes",
        "fee": "no",
        "operator": "Natural"
      },
      "geometry": {
        "type": "Point",
        "coordinates": [
          84.1213247,
          28.0453056
        ]
      },
      "id": "node/10989032291"
    },
    {
      "type": "Feature",
      "properties": {
        "@id": "node/11057985543",
        "access": "permissive",
        "amenity": "drinking_water",
        "bottle": "yes",
        "operational_status": "functional",
        "operator": "Shree Jana Sewa Secondary School, Patihalna",
        "wheelchair": "yes"
      },
      "geometry": {
        "type": "Point",
        "coordinates": [
          81.8939823,
          28.406775
        ]
      },
      "id": "node/11057985543"
    },
    {
      "type": "Feature",
      "properties": {
        "@id": "node/11057985547",
        "amenity": "drinking_water",
        "operational_status": "operational",
        "operator": "Shree Sirjana Primary School"
      },
      "geometry": {
        "type": "Point",
        "coordinates": [
          81.8964248,
          28.3770438
        ]
      },
      "id": "node/11057985547"
    },
    {
      "type": "Feature",
      "properties": {
        "@id": "node/11057985549",
        "amenity": "drinking_water",
        "operational_status": "operational"
      },
      "geometry": {
        "type": "Point",
        "coordinates": [
          81.9024405,
          28.3687815
        ]
      },
      "id": "node/11057985549"
    },
    {
      "type": "Feature",
      "properties": {
        "@id": "node/11057985550",
        "amenity": "drinking_water",
        "operational_status": "operational"
      },
      "geometry": {
        "type": "Point",
        "coordinates": [
          81.9140167,
          28.3768635
        ]
      },
      "id": "node/11057985550"
    },
    {
      "type": "Feature",
      "properties": {
        "@id": "node/11159565001",
        "access": "yes",
        "amenity": "drinking_water",
        "bottle": "yes",
        "fee": "no",
        "man_made": "water_tap",
        "wheelchair": "yes"
      },
      "geometry": {
        "type": "Point",
        "coordinates": [
          88.7287357,
          26.5164867
        ]
      },
      "id": "node/11159565001"
    },
    {
      "type": "Feature",
      "properties": {
        "@id": "node/11170333519",
        "access": "yes",
        "amenity": "drinking_water",
        "bottle": "yes",
        "fee": "no",
        "man_made": "water_tap",
        "wheelchair": "yes"
      },
      "geometry": {
        "type": "Point",
        "coordinates": [
          88.7232668,
          26.5290367
        ]
      },
      "id": "node/11170333519"
    },
    {
      "type": "Feature",
      "properties": {
        "@id": "node/11192469223",
        "access": "yes",
        "amenity": "drinking_water",
        "bottle": "yes",
        "fee": "no",
        "man_made": "water_tap",
        "wheelchair": "yes"
      },
      "geometry": {
        "type": "Point",
        "coordinates": [
          88.7242743,
          26.5184585
        ]
      },
      "id": "node/11192469223"
    },
    {
      "type": "Feature",
      "properties": {
        "@id": "node/11198471455",
        "amenity": "drinking_water",
        "fee": "no"
      },
      "geometry": {
        "type": "Point",
        "coordinates": [
          83.8799365,
          28.2248028
        ]
      },
      "id": "node/11198471455"
    },
    {
      "type": "Feature",
      "properties": {
        "@id": "node/11243097665",
        "amenity": "drinking_water"
      },
      "geometry": {
        "type": "Point",
        "coordinates": [
          86.7125135,
          27.7452819
        ]
      },
      "id": "node/11243097665"
    },
    {
      "type": "Feature",
      "properties": {
        "@id": "node/11243100298",
        "amenity": "drinking_water",
        "man_made": "water_tap"
      },
      "geometry": {
        "type": "Point",
        "coordinates": [
          86.717463,
          27.7021643
        ]
      },
      "id": "node/11243100298"
    },
    {
      "type": "Feature",
      "properties": {
        "@id": "node/11243110111",
        "amenity": "drinking_water"
      },
      "geometry": {
        "type": "Point",
        "coordinates": [
          86.7280998,
          27.6923274
        ]
      },
      "id": "node/11243110111"
    },
    {
      "type": "Feature",
      "properties": {
        "@id": "node/11243120113",
        "amenity": "drinking_water",
        "name": "4/55"
      },
      "geometry": {
        "type": "Point",
        "coordinates": [
          86.7151865,
          27.7091567
        ]
      },
      "id": "node/11243120113"
    },
    {
      "type": "Feature",
      "properties": {
        "@id": "node/11245012978",
        "amenity": "drinking_water"
      },
      "geometry": {
        "type": "Point",
        "coordinates": [
          86.710856,
          27.8024034
        ]
      },
      "id": "node/11245012978"
    },
    {
      "type": "Feature",
      "properties": {
        "@id": "node/11245054274",
        "amenity": "drinking_water"
      },
      "geometry": {
        "type": "Point",
        "coordinates": [
          86.7158366,
          27.7934611
        ]
      },
      "id": "node/11245054274"
    },
    {
      "type": "Feature",
      "properties": {
        "@id": "node/11245070713",
        "amenity": "drinking_water"
      },
      "geometry": {
        "type": "Point",
        "coordinates": [
          86.7109399,
          27.7999337
        ]
      },
      "id": "node/11245070713"
    },
    {
      "type": "Feature",
      "properties": {
        "@id": "node/11245084670",
        "amenity": "drinking_water"
      },
      "geometry": {
        "type": "Point",
        "coordinates": [
          86.7223796,
          27.7735702
        ]
      },
      "id": "node/11245084670"
    },
    {
      "type": "Feature",
      "properties": {
        "@id": "node/11247374006",
        "amenity": "drinking_water"
      },
      "geometry": {
        "type": "Point",
        "coordinates": [
          86.7036674,
          27.8228249
        ]
      },
      "id": "node/11247374006"
    },
    {
      "type": "Feature",
      "properties": {
        "@id": "node/11247403607",
        "amenity": "drinking_water"
      },
      "geometry": {
        "type": "Point",
        "coordinates": [
          86.7204055,
          27.8234503
        ]
      },
      "id": "node/11247403607"
    },
    {
      "type": "Feature",
      "properties": {
        "@id": "node/11247420047",
        "amenity": "drinking_water"
      },
      "geometry": {
        "type": "Point",
        "coordinates": [
          86.7159034,
          27.8250599
        ]
      },
      "id": "node/11247420047"
    },
    {
      "type": "Feature",
      "properties": {
        "@id": "node/11247434190",
        "amenity": "drinking_water"
      },
      "geometry": {
        "type": "Point",
        "coordinates": [
          86.7057665,
          27.8229854
        ]
      },
      "id": "node/11247434190"
    },
    {
      "type": "Feature",
      "properties": {
        "@id": "node/11256587743",
        "amenity": "drinking_water"
      },
      "geometry": {
        "type": "Point",
        "coordinates": [
          86.7550434,
          27.8354508
        ]
      },
      "id": "node/11256587743"
    },
    {
      "type": "Feature",
      "properties": {
        "@id": "node/11263994868",
        "amenity": "drinking_water",
        "man_made": "water_tap"
      },
      "geometry": {
        "type": "Point",
        "coordinates": [
          83.659858,
          28.3127453
        ]
      },
      "id": "node/11263994868"
    },
    {
      "type": "Feature",
      "properties": {
        "@id": "node/11263995161",
        "amenity": "drinking_water",
        "man_made": "water_tap"
      },
      "geometry": {
        "type": "Point",
        "coordinates": [
          83.7015929,
          28.262183
        ]
      },
      "id": "node/11263995161"
    },
    {
      "type": "Feature",
      "properties": {
        "@id": "node/11268564458",
        "amenity": "drinking_water"
      },
      "geometry": {
        "type": "Point",
        "coordinates": [
          86.8051005,
          27.8675936
        ]
      },
      "id": "node/11268564458"
    },
    {
      "type": "Feature",
      "properties": {
        "@id": "node/11287631740",
        "amenity": "drinking_water"
      },
      "geometry": {
        "type": "Point",
        "coordinates": [
          86.7140733,
          27.6525993
        ]
      },
      "id": "node/11287631740"
    },
    {
      "type": "Feature",
      "properties": {
        "@id": "node/11287676461",
        "amenity": "drinking_water"
      },
      "geometry": {
        "type": "Point",
        "coordinates": [
          86.650626,
          27.8316738
        ]
      },
      "id": "node/11287676461"
    },
    {
      "type": "Feature",
      "properties": {
        "@id": "node/11287774492",
        "amenity": "drinking_water",
        "fee": "no"
      },
      "geometry": {
        "type": "Point",
        "coordinates": [
          86.6431051,
          27.8299091
        ]
      },
      "id": "node/11287774492"
    },
    {
      "type": "Feature",
      "properties": {
        "@id": "node/11287799826",
        "amenity": "drinking_water"
      },
      "geometry": {
        "type": "Point",
        "coordinates": [
          86.6456717,
          27.8388334
        ]
      },
      "id": "node/11287799826"
    },
    {
      "type": "Feature",
      "properties": {
        "@id": "node/11297326646",
        "amenity": "drinking_water",
        "man_made": "water_tap"
      },
      "geometry": {
        "type": "Point",
        "coordinates": [
          85.2895639,
          27.7158495
        ]
      },
      "id": "node/11297326646"
    },
    {
      "type": "Feature",
      "properties": {
        "@id": "node/11311432000",
        "amenity": "drinking_water",
        "man_made": "water_tap"
      },
      "geometry": {
        "type": "Point",
        "coordinates": [
          88.713616,
          26.5349345
        ]
      },
      "id": "node/11311432000"
    },
    {
      "type": "Feature",
      "properties": {
        "@id": "node/11327610914",
        "amenity": "drinking_water",
        "man_made": "water_tap"
      },
      "geometry": {
        "type": "Point",
        "coordinates": [
          88.7289278,
          26.5246342
        ]
      },
      "id": "node/11327610914"
    },
    {
      "type": "Feature",
      "properties": {
        "@id": "node/11357643284",
        "amenity": "drinking_water"
      },
      "geometry": {
        "type": "Point",
        "coordinates": [
          84.1095202,
          28.0245767
        ]
      },
      "id": "node/11357643284"
    },
    {
      "type": "Feature",
      "properties": {
        "@id": "node/11373886141",
        "amenity": "drinking_water",
        "bottle": "yes",
        "operator": "Water",
        "wheelchair": "yes"
      },
      "geometry": {
        "type": "Point",
        "coordinates": [
          84.1006366,
          28.0379121
        ]
      },
      "id": "node/11373886141"
    },
    {
      "type": "Feature",
      "properties": {
        "@id": "node/11373886153",
        "amenity": "drinking_water",
        "operator": "Water Drinking"
      },
      "geometry": {
        "type": "Point",
        "coordinates": [
          84.1119531,
          28.0449117
        ]
      },
      "id": "node/11373886153"
    },
    {
      "type": "Feature",
      "properties": {
        "@id": "node/11412168307",
        "amenity": "drinking_water",
        "description": "a historical structurally made ; drinking water called dhunge dhara",
        "name": "Dhunge dhara"
      },
      "geometry": {
        "type": "Point",
        "coordinates": [
          83.67456,
          28.3174508
        ]
      },
      "id": "node/11412168307"
    },
    {
      "type": "Feature",
      "properties": {
        "@id": "node/11478382574",
        "amenity": "drinking_water"
      },
      "geometry": {
        "type": "Point",
        "coordinates": [
          83.8287809,
          28.2143439
        ]
      },
      "id": "node/11478382574"
    },
    {
      "type": "Feature",
      "properties": {
        "@id": "node/11478382693",
        "amenity": "drinking_water"
      },
      "geometry": {
        "type": "Point",
        "coordinates": [
          83.8217623,
          28.2131873
        ]
      },
      "id": "node/11478382693"
    },
    {
      "type": "Feature",
      "properties": {
        "@id": "node/11514070877",
        "amenity": "drinking_water"
      },
      "geometry": {
        "type": "Point",
        "coordinates": [
          83.7969732,
          28.0277264
        ]
      },
      "id": "node/11514070877"
    },
    {
      "type": "Feature",
      "properties": {
        "@id": "node/11774764384",
        "amenity": "drinking_water"
      },
      "geometry": {
        "type": "Point",
        "coordinates": [
          83.0076113,
          25.3011888
        ]
      },
      "id": "node/11774764384"
    },
    {
      "type": "Feature",
      "properties": {
        "@id": "node/11789338270",
        "amenity": "drinking_water"
      },
      "geometry": {
        "type": "Point",
        "coordinates": [
          84.3394587,
          28.2344678
        ]
      },
      "id": "node/11789338270"
    },
    {
      "type": "Feature",
      "properties": {
        "@id": "node/11883123969",
        "amenity": "drinking_water"
      },
      "geometry": {
        "type": "Point",
        "coordinates": [
          84.3749349,
          28.2417219
        ]
      },
      "id": "node/11883123969"
    },
    {
      "type": "Feature",
      "properties": {
        "@id": "node/11883124069",
        "amenity": "drinking_water"
      },
      "geometry": {
        "type": "Point",
        "coordinates": [
          84.3751808,
          28.2412617
        ]
      },
      "id": "node/11883124069"
    },
    {
      "type": "Feature",
      "properties": {
        "@id": "node/11883402569",
        "amenity": "drinking_water",
        "fee": "no"
      },
      "geometry": {
        "type": "Point",
        "coordinates": [
          84.3653166,
          28.2901589
        ]
      },
      "id": "node/11883402569"
    },
    {
      "type": "Feature",
      "properties": {
        "@id": "node/11888173769",
        "amenity": "drinking_water"
      },
      "geometry": {
        "type": "Point",
        "coordinates": [
          84.4068976,
          28.3470169
        ]
      },
      "id": "node/11888173769"
    },
    {
      "type": "Feature",
      "properties": {
        "@id": "node/11888174169",
        "amenity": "drinking_water"
      },
      "geometry": {
        "type": "Point",
        "coordinates": [
          84.4046083,
          28.3735189
        ]
      },
      "id": "node/11888174169"
    },
    {
      "type": "Feature",
      "properties": {
        "@id": "node/11888174269",
        "amenity": "drinking_water"
      },
      "geometry": {
        "type": "Point",
        "coordinates": [
          84.402908,
          28.3814308
        ]
      },
      "id": "node/11888174269"
    },
    {
      "type": "Feature",
      "properties": {
        "@id": "node/11888174370",
        "amenity": "drinking_water"
      },
      "geometry": {
        "type": "Point",
        "coordinates": [
          84.4032696,
          28.3841395
        ]
      },
      "id": "node/11888174370"
    },
    {
      "type": "Feature",
      "properties": {
        "@id": "node/11888174469",
        "amenity": "drinking_water"
      },
      "geometry": {
        "type": "Point",
        "coordinates": [
          84.4021635,
          28.3875368
        ]
      },
      "id": "node/11888174469"
    },
    {
      "type": "Feature",
      "properties": {
        "@id": "node/11908840369",
        "amenity": "drinking_water"
      },
      "geometry": {
        "type": "Point",
        "coordinates": [
          83.9742951,
          28.6691692
        ]
      },
      "id": "node/11908840369"
    },
    {
      "type": "Feature",
      "properties": {
        "@id": "node/11913278495",
        "amenity": "drinking_water"
      },
      "geometry": {
        "type": "Point",
        "coordinates": [
          83.6663973,
          28.7565294
        ]
      },
      "id": "node/11913278495"
    },
    {
      "type": "Feature",
      "properties": {
        "@id": "node/11919186569",
        "amenity": "drinking_water"
      },
      "geometry": {
        "type": "Point",
        "coordinates": [
          83.6479878,
          28.4837707
        ]
      },
      "id": "node/11919186569"
    },
    {
      "type": "Feature",
      "properties": {
        "@id": "node/11921267369",
        "amenity": "drinking_water"
      },
      "geometry": {
        "type": "Point",
        "coordinates": [
          83.6834151,
          28.4266057
        ]
      },
      "id": "node/11921267369"
    },
    {
      "type": "Feature",
      "properties": {
        "@id": "node/11921267569",
        "amenity": "drinking_water"
      },
      "geometry": {
        "type": "Point",
        "coordinates": [
          83.6990889,
          28.4055288
        ]
      },
      "id": "node/11921267569"
    },
    {
      "type": "Feature",
      "properties": {
        "@id": "node/11925054269",
        "amenity": "drinking_water"
      },
      "geometry": {
        "type": "Point",
        "coordinates": [
          83.8153774,
          28.3998159
        ]
      },
      "id": "node/11925054269"
    },
    {
      "type": "Feature",
      "properties": {
        "@id": "node/11958516263",
        "amenity": "drinking_water"
      },
      "geometry": {
        "type": "Point",
        "coordinates": [
          89.2972559,
          27.4305159
        ]
      },
      "id": "node/11958516263"
    },
    {
      "type": "Feature",
      "properties": {
        "@id": "node/12062966298",
        "access": "yes",
        "amenity": "drinking_water",
        "drinking_water": "no",
        "man_made": "storage_tank",
        "source": "Yoyo preset"
      },
      "geometry": {
        "type": "Point",
        "coordinates": [
          83.7439029,
          28.2815231
        ]
      },
      "id": "node/12062966298"
    },
    {
      "type": "Feature",
      "properties": {
        "@id": "node/12557766436",
        "amenity": "drinking_water",
        "fountain": "drinking",
        "name": "Amrit Dhara",
        "name:bn": "অমৃত ধারা"
      },
      "geometry": {
        "type": "Point",
        "coordinates": [
          88.7262571,
          26.5246488
        ]
      },
      "id": "node/12557766436"
    },
    {
      "type": "Feature",
      "properties": {
        "@id": "node/12571263187",
        "amenity": "drinking_water",
        "bottle": "yes",
        "fountain": "bottle_refill"
      },
      "geometry": {
        "type": "Point",
        "coordinates": [
          88.7092784,
          26.5471492
        ]
      },
      "id": "node/12571263187"
    },
    {
      "type": "Feature",
      "properties": {
        "@id": "node/12616232825",
        "amenity": "drinking_water",
        "name": "Amrit Dhara"
      },
      "geometry": {
        "type": "Point",
        "coordinates": [
          88.4288653,
          26.7077196
        ]
      },
      "id": "node/12616232825"
    },
    {
      "type": "Feature",
      "properties": {
        "@id": "node/12620005400",
        "amenity": "drinking_water"
      },
      "geometry": {
        "type": "Point",
        "coordinates": [
          83.9659763,
          28.2002081
        ]
      },
      "id": "node/12620005400"
    },
    {
      "type": "Feature",
      "properties": {
        "@id": "node/12671240201",
        "amenity": "drinking_water"
      },
      "geometry": {
        "type": "Point",
        "coordinates": [
          84.6160563,
          28.0033806
        ]
      },
      "id": "node/12671240201"
    },
    {
      "type": "Feature",
      "properties": {
        "@id": "node/12690504647",
        "amenity": "drinking_water",
        "man_made": "water_tap"
      },
      "geometry": {
        "type": "Point",
        "coordinates": [
          88.3704735,
          26.6522448
        ]
      },
      "id": "node/12690504647"
    },
    {
      "type": "Feature",
      "properties": {
        "@id": "node/12692922186",
        "access": "yes",
        "amenity": "drinking_water",
        "bottle": "yes",
        "indoor": "yes",
        "level": "0"
      },
      "geometry": {
        "type": "Point",
        "coordinates": [
          85.1197243,
          25.6072762
        ]
      },
      "id": "node/12692922186"
    },
    {
      "type": "Feature",
      "properties": {
        "@id": "node/12696371001",
        "amenity": "drinking_water"
      },
      "geometry": {
        "type": "Point",
        "coordinates": [
          84.4130733,
          27.9348814
        ]
      },
      "id": "node/12696371001"
    },
    {
      "type": "Feature",
      "properties": {
        "@id": "node/12723254214",
        "amenity": "drinking_water",
        "name": "Drinking water tap"
      },
      "geometry": {
        "type": "Point",
        "coordinates": [
          84.4000994,
          28.310253
        ]
      },
      "id": "node/12723254214"
    },
    {
      "type": "Feature",
      "properties": {
        "@id": "node/12797583368",
        "access": "yes",
        "amenity": "drinking_water",
        "bottle": "yes",
        "fee": "no",
        "operator": "Deen Dayal Upadhyay Gorakhpur University",
        "wheelchair": "yes"
      },
      "geometry": {
        "type": "Point",
        "coordinates": [
          83.3826828,
          26.7505473
        ]
      },
      "id": "node/12797583368"
    },
    {
      "type": "Feature",
      "properties": {
        "@id": "node/12828714839",
        "access": "yes",
        "addr:city": "Madhyapur thimi",
        "addr:place": "Tanani ward no-5",
        "amenity": "drinking_water",
        "drinking_water": "yes",
        "fee": "no",
        "man_made": "water_tap"
      },
      "geometry": {
        "type": "Point",
        "coordinates": [
          85.3865244,
          27.6792831
        ]
      },
      "id": "node/12828714839"
    },
    {
      "type": "Feature",
      "properties": {
        "@id": "node/12839953866",
        "amenity": "drinking_water"
      },
      "geometry": {
        "type": "Point",
        "coordinates": [
          84.4018811,
          28.3146412
        ]
      },
      "id": "node/12839953866"
    },
    {
      "type": "Feature",
      "properties": {
        "@id": "node/12917408669",
        "amenity": "drinking_water"
      },
      "geometry": {
        "type": "Point",
        "coordinates": [
          87.8566024,
          23.2442669
        ]
      },
      "id": "node/12917408669"
    },
    {
      "type": "Feature",
      "properties": {
        "@id": "node/12991954993",
        "access": "customers",
        "amenity": "drinking_water",
        "fee": "no",
        "wheelchair": "yes"
      },
      "geometry": {
        "type": "Point",
        "coordinates": [
          83.4714403,
          27.6944456
        ]
      },
      "id": "node/12991954993"
    },
    {
      "type": "Feature",
      "properties": {
        "@id": "node/13011848917",
        "access": "yes",
        "amenity": "drinking_water",
        "fountain": "bottle_refill"
      },
      "geometry": {
        "type": "Point",
        "coordinates": [
          85.9060629,
          26.1524281
        ]
      },
      "id": "node/13011848917"
    },
    {
      "type": "Feature",
      "properties": {
        "@id": "node/13020173670",
        "amenity": "drinking_water"
      },
      "geometry": {
        "type": "Point",
        "coordinates": [
          84.8449917,
          27.4986183
        ]
      },
      "id": "node/13020173670"
    },
    {
      "type": "Feature",
      "properties": {
        "@id": "node/13026777669",
        "access": "yes",
        "amenity": "drinking_water",
        "fee": "no",
        "man_made": "water_tap",
        "wheelchair": "yes"
      },
      "geometry": {
        "type": "Point",
        "coordinates": [
          88.7232066,
          26.5223258
        ]
      },
      "id": "node/13026777669"
    },
    {
      "type": "Feature",
      "properties": {
        "@id": "node/13138205397",
        "access": "yes",
        "amenity": "drinking_water",
        "fee": "no",
        "wheelchair": "yes"
      },
      "geometry": {
        "type": "Point",
        "coordinates": [
          88.4454984,
          26.6829284
        ]
      },
      "id": "node/13138205397"
    },
    {
      "type": "Feature",
      "properties": {
        "@id": "node/13138217404",
        "access": "yes",
        "amenity": "drinking_water",
        "fee": "no",
        "wheelchair": "yes"
      },
      "geometry": {
        "type": "Point",
        "coordinates": [
          88.4458441,
          26.6829638
        ]
      },
      "id": "node/13138217404"
    },
    {
      "type": "Feature",
      "properties": {
        "@id": "node/13138217407",
        "access": "yes",
        "amenity": "drinking_water",
        "fee": "yes",
        "wheelchair": "yes"
      },
      "geometry": {
        "type": "Point",
        "coordinates": [
          88.4455279,
          26.6829356
        ]
      },
      "id": "node/13138217407"
    },
    {
      "type": "Feature",
      "properties": {
        "@id": "node/13138217417",
        "access": "yes",
        "amenity": "drinking_water",
        "fee": "no",
        "wheelchair": "yes"
      },
      "geometry": {
        "type": "Point",
        "coordinates": [
          88.4447283,
          26.6828452
        ]
      },
      "id": "node/13138217417"
    },
    {
      "type": "Feature",
      "properties": {
        "@id": "node/13138217418",
        "access": "yes",
        "amenity": "drinking_water",
        "fee": "yes",
        "wheelchair": "yes"
      },
      "geometry": {
        "type": "Point",
        "coordinates": [
          88.4436946,
          26.682727
        ]
      },
      "id": "node/13138217418"
    },
    {
      "type": "Feature",
      "properties": {
        "@id": "node/13145015702",
        "amenity": "drinking_water"
      },
      "geometry": {
        "type": "Point",
        "coordinates": [
          85.0036805,
          24.7700149
        ]
      },
      "id": "node/13145015702"
    },
    {
      "type": "Feature",
      "properties": {
        "@id": "node/13200339680",
        "amenity": "drinking_water",
        "fountain": "drinking"
      },
      "geometry": {
        "type": "Point",
        "coordinates": [
          88.4169576,
          26.6493106
        ]
      },
      "id": "node/13200339680"
    },
    {
      "type": "Feature",
      "properties": {
        "@id": "node/13200339681",
        "amenity": "drinking_water",
        "fountain": "drinking"
      },
      "geometry": {
        "type": "Point",
        "coordinates": [
          88.4137691,
          26.6489654
        ]
      },
      "id": "node/13200339681"
    },
    {
      "type": "Feature",
      "properties": {
        "@id": "node/13200339682",
        "amenity": "drinking_water",
        "fountain": "drinking"
      },
      "geometry": {
        "type": "Point",
        "coordinates": [
          88.4106745,
          26.6496283
        ]
      },
      "id": "node/13200339682"
    },
    {
      "type": "Feature",
      "properties": {
        "@id": "node/13200339683",
        "amenity": "drinking_water",
        "fountain": "drinking"
      },
      "geometry": {
        "type": "Point",
        "coordinates": [
          88.4092033,
          26.6499818
        ]
      },
      "id": "node/13200339683"
    },
    {
      "type": "Feature",
      "properties": {
        "@id": "node/13200339684",
        "amenity": "drinking_water",
        "fountain": "drinking"
      },
      "geometry": {
        "type": "Point",
        "coordinates": [
          88.4073767,
          26.6504337
        ]
      },
      "id": "node/13200339684"
    },
    {
      "type": "Feature",
      "properties": {
        "@id": "node/13206270313",
        "amenity": "drinking_water",
        "fountain": "drinking"
      },
      "geometry": {
        "type": "Point",
        "coordinates": [
          88.3690976,
          26.655128
        ]
      },
      "id": "node/13206270313"
    },
    {
      "type": "Feature",
      "properties": {
        "@id": "node/13235999801",
        "amenity": "drinking_water"
      },
      "geometry": {
        "type": "Point",
        "coordinates": [
          84.7578671,
          28.2026416
        ]
      },
      "id": "node/13235999801"
    },
    {
      "type": "Feature",
      "properties": {
        "@id": "node/13236000003",
        "amenity": "drinking_water"
      },
      "geometry": {
        "type": "Point",
        "coordinates": [
          84.8595045,
          28.2386323
        ]
      },
      "id": "node/13236000003"
    },
    {
      "type": "Feature",
      "properties": {
        "@id": "node/13236000203",
        "amenity": "drinking_water"
      },
      "geometry": {
        "type": "Point",
        "coordinates": [
          84.9456752,
          28.463775
        ]
      },
      "id": "node/13236000203"
    },
    {
      "type": "Feature",
      "properties": {
        "@id": "node/13236000801",
        "amenity": "drinking_water"
      },
      "geometry": {
        "type": "Point",
        "coordinates": [
          85.0125135,
          28.4782655
        ]
      },
      "id": "node/13236000801"
    },
    {
      "type": "Feature",
      "properties": {
        "@id": "node/13238500901",
        "amenity": "drinking_water"
      },
      "geometry": {
        "type": "Point",
        "coordinates": [
          85.0953211,
          28.5294556
        ]
      },
      "id": "node/13238500901"
    },
    {
      "type": "Feature",
      "properties": {
        "@id": "node/13238505901",
        "amenity": "drinking_water"
      },
      "geometry": {
        "type": "Point",
        "coordinates": [
          85.0747584,
          28.5056904
        ]
      },
      "id": "node/13238505901"
    },
    {
      "type": "Feature",
      "properties": {
        "@id": "node/13266295203",
        "amenity": "drinking_water"
      },
      "geometry": {
        "type": "Point",
        "coordinates": [
          84.486237,
          28.6617253
        ]
      },
      "id": "node/13266295203"
    },
    {
      "type": "Feature",
      "properties": {
        "@id": "node/13266295303",
        "amenity": "drinking_water"
      },
      "geometry": {
        "type": "Point",
        "coordinates": [
          84.487266,
          28.662079
        ]
      },
      "id": "node/13266295303"
    },
    {
      "type": "Feature",
      "properties": {
        "@id": "node/13270014097",
        "addr:floor": "G",
        "amenity": "drinking_water",
        "bottle": "yes",
        "fee": "yes",
        "indoor": "yes",
        "level": "0",
        "name": "Apex Industries"
      },
      "geometry": {
        "type": "Point",
        "coordinates": [
          88.4360775,
          26.6940906
        ]
      },
      "id": "node/13270014097"
    },
    {
      "type": "Feature",
      "properties": {
        "@id": "node/13270079836",
        "access": "customers",
        "amenity": "drinking_water",
        "fee": "yes",
        "operator": "Softech Water Treatment",
        "payment:cash": "yes",
        "payment:upi": "yes"
      },
      "geometry": {
        "type": "Point",
        "coordinates": [
          88.4280387,
          26.7225226
        ]
      },
      "id": "node/13270079836"
    },
    {
      "type": "Feature",
      "properties": {
        "@id": "node/13299018082",
        "amenity": "drinking_water",
        "bottle": "yes",
        "level": "0"
      },
      "geometry": {
        "type": "Point",
        "coordinates": [
          88.4419695,
          26.682537
        ]
      },
      "id": "node/13299018082"
    },
    {
      "type": "Feature",
      "properties": {
        "@id": "node/13299018083",
        "amenity": "drinking_water",
        "bottle": "yes",
        "level": "0"
      },
      "geometry": {
        "type": "Point",
        "coordinates": [
          88.4419562,
          26.6825357
        ]
      },
      "id": "node/13299018083"
    },
    {
      "type": "Feature",
      "properties": {
        "@id": "node/13299018089",
        "amenity": "drinking_water",
        "bottle": "yes",
        "level": "0"
      },
      "geometry": {
        "type": "Point",
        "coordinates": [
          88.441979,
          26.6825296
        ]
      },
      "id": "node/13299018089"
    },
    {
      "type": "Feature",
      "properties": {
        "@id": "node/13299018092",
        "amenity": "drinking_water",
        "bottle": "yes",
        "level": "0"
      },
      "geometry": {
        "type": "Point",
        "coordinates": [
          88.4419627,
          26.6825364
        ]
      },
      "id": "node/13299018092"
    },
    {
      "type": "Feature",
      "properties": {
        "@id": "node/13299018093",
        "amenity": "drinking_water",
        "bottle": "yes",
        "level": "0"
      },
      "geometry": {
        "type": "Point",
        "coordinates": [
          88.4419772,
          26.6825376
        ]
      },
      "id": "node/13299018093"
    },
    {
      "type": "Feature",
      "properties": {
        "@id": "node/13299018096",
        "amenity": "drinking_water",
        "bottle": "yes",
        "level": "0"
      },
      "geometry": {
        "type": "Point",
        "coordinates": [
          88.4419586,
          26.6825274
        ]
      },
      "id": "node/13299018096"
    },
    {
      "type": "Feature",
      "properties": {
        "@id": "node/13299018099",
        "amenity": "drinking_water",
        "bottle": "yes",
        "level": "0"
      },
      "geometry": {
        "type": "Point",
        "coordinates": [
          88.441972,
          26.6825291
        ]
      },
      "id": "node/13299018099"
    },
    {
      "type": "Feature",
      "properties": {
        "@id": "node/13299042601",
        "amenity": "drinking_water",
        "bottle": "yes",
        "level": "0"
      },
      "geometry": {
        "type": "Point",
        "coordinates": [
          88.4419648,
          26.6825279
        ]
      },
      "id": "node/13299042601"
    },
    {
      "type": "Feature",
      "properties": {
        "@id": "node/13300823573",
        "amenity": "drinking_water",
        "bottle": "yes",
        "level": "0"
      },
      "geometry": {
        "type": "Point",
        "coordinates": [
          84.7227407,
          25.7877538
        ]
      },
      "id": "node/13300823573"
    },
    {
      "type": "Feature",
      "properties": {
        "@id": "node/13300851102",
        "amenity": "drinking_water",
        "bottle": "yes",
        "level": "0"
      },
      "geometry": {
        "type": "Point",
        "coordinates": [
          84.7229895,
          25.787462
        ]
      },
      "id": "node/13300851102"
    },
    {
      "type": "Feature",
      "properties": {
        "@id": "node/13302212198",
        "amenity": "drinking_water",
        "bottle": "yes",
        "level": "0"
      },
      "geometry": {
        "type": "Point",
        "coordinates": [
          84.3560156,
          26.2114018
        ]
      },
      "id": "node/13302212198"
    },
    {
      "type": "Feature",
      "properties": {
        "@id": "node/13323325543",
        "amenity": "drinking_water"
      },
      "geometry": {
        "type": "Point",
        "coordinates": [
          83.0055415,
          25.2892279
        ]
      },
      "id": "node/13323325543"
    },
    {
      "type": "Feature",
      "properties": {
        "@id": "node/13333566374",
        "amenity": "drinking_water"
      },
      "geometry": {
        "type": "Point",
        "coordinates": [
          88.3910669,
          23.4254371
        ]
      },
      "id": "node/13333566374"
    },
    {
      "type": "Feature",
      "properties": {
        "@id": "node/13333566375",
        "amenity": "drinking_water"
      },
      "geometry": {
        "type": "Point",
        "coordinates": [
          88.390732,
          23.4253146
        ]
      },
      "id": "node/13333566375"
    },
    {
      "type": "Feature",
      "properties": {
        "@id": "node/13333566387",
        "amenity": "drinking_water"
      },
      "geometry": {
        "type": "Point",
        "coordinates": [
          88.3906645,
          23.4237237
        ]
      },
      "id": "node/13333566387"
    },
    {
      "type": "Feature",
      "properties": {
        "@id": "node/13339809801",
        "amenity": "drinking_water"
      },
      "geometry": {
        "type": "Point",
        "coordinates": [
          83.0316487,
          25.323972
        ]
      },
      "id": "node/13339809801"
    },
    {
      "type": "Feature",
      "properties": {
        "@id": "node/13380902088",
        "access": "yes",
        "amenity": "drinking_water",
        "wheelchair": "no"
      },
      "geometry": {
        "type": "Point",
        "coordinates": [
          85.5353806,
          24.4259105
        ]
      },
      "id": "node/13380902088"
    },
    {
      "type": "Feature",
      "properties": {
        "@id": "node/13577106782",
        "amenity": "drinking_water"
      },
      "geometry": {
        "type": "Point",
        "coordinates": [
          86.5073763,
          27.5731601
        ]
      },
      "id": "node/13577106782"
    },
    {
      "type": "Feature",
      "properties": {
        "@id": "node/13579852258",
        "amenity": "drinking_water"
      },
      "geometry": {
        "type": "Point",
        "coordinates": [
          85.1021961,
          25.6147164
        ]
      },
      "id": "node/13579852258"
    },
    {
      "type": "Feature",
      "properties": {
        "@id": "node/13599797070",
        "amenity": "drinking_water"
      },
      "geometry": {
        "type": "Point",
        "coordinates": [
          86.8676318,
          27.5603264
        ]
      },
      "id": "node/13599797070"
    },
    {
      "type": "Feature",
      "properties": {
        "@id": "node/13599797072",
        "amenity": "drinking_water"
      },
      "geometry": {
        "type": "Point",
        "coordinates": [
          86.8633839,
          27.5702285
        ]
      },
      "id": "node/13599797072"
    },
    {
      "type": "Feature",
      "properties": {
        "@id": "node/13686332699",
        "amenity": "drinking_water"
      },
      "geometry": {
        "type": "Point",
        "coordinates": [
          88.7243855,
          26.5279384
        ]
      },
      "id": "node/13686332699"
    },
    {
      "type": "Feature",
      "properties": {
        "@id": "node/13713295507",
        "access": "yes",
        "amenity": "drinking_water",
        "fee": "no"
      },
      "geometry": {
        "type": "Point",
        "coordinates": [
          88.4408803,
          26.6829087
        ]
      },
      "id": "node/13713295507"
    },
    {
      "type": "Feature",
      "properties": {
        "@id": "node/13713295512",
        "access": "yes",
        "amenity": "drinking_water",
        "fee": "no"
      },
      "geometry": {
        "type": "Point",
        "coordinates": [
          88.440316,
          26.6828488
        ]
      },
      "id": "node/13713295512"
    },
    {
      "type": "Feature",
      "properties": {
        "@id": "node/13713295515",
        "amenity": "drinking_water"
      },
      "geometry": {
        "type": "Point",
        "coordinates": [
          88.4420008,
          26.6830275
        ]
      },
      "id": "node/13713295515"
    },
    {
      "type": "Feature",
      "properties": {
        "@id": "node/13713295518",
        "access": "yes",
        "amenity": "drinking_water",
        "fee": "no"
      },
      "geometry": {
        "type": "Point",
        "coordinates": [
          88.4426595,
          26.6830974
        ]
      },
      "id": "node/13713295518"
    },
    {
      "type": "Feature",
      "properties": {
        "@id": "node/13713295528",
        "access": "yes",
        "amenity": "drinking_water",
        "fee": "no"
      },
      "geometry": {
        "type": "Point",
        "coordinates": [
          88.4447651,
          26.6833207
        ]
      },
      "id": "node/13713295528"
    },
    {
      "type": "Feature",
      "properties": {
        "@id": "node/13713295529",
        "access": "yes",
        "amenity": "drinking_water",
        "fee": "no"
      },
      "geometry": {
        "type": "Point",
        "coordinates": [
          88.4447813,
          26.6833224
        ]
      },
      "id": "node/13713295529"
    },
    {
      "type": "Feature",
      "properties": {
        "@id": "node/13713295531",
        "access": "yes",
        "amenity": "drinking_water",
        "fee": "no"
      },
      "geometry": {
        "type": "Point",
        "coordinates": [
          88.4452363,
          26.6833707
        ]
      },
      "id": "node/13713295531"
    },
    {
      "type": "Feature",
      "properties": {
        "@id": "node/13784022923",
        "access": "yes",
        "amenity": "drinking_water",
        "fee": "no"
      },
      "geometry": {
        "type": "Point",
        "coordinates": [
          83.4979798,
          27.6280563
        ]
      },
      "id": "node/13784022923"
    },
    {
      "type": "Feature",
      "properties": {
        "@id": "node/13839983198",
        "access": "yes",
        "amenity": "drinking_water",
        "fee": "no",
        "wheelchair": "no"
      },
      "geometry": {
        "type": "Point",
        "coordinates": [
          88.5861303,
          26.7509362
        ]
      },
      "id": "node/13839983198"
    },
    {
      "type": "Feature",
      "properties": {
        "@id": "node/14091987183",
        "amenity": "drinking_water"
      },
      "geometry": {
        "type": "Point",
        "coordinates": [
          87.3009889,
          23.064752
        ]
      },
      "id": "node/14091987183"
    },
    {
      "type": "Feature",
      "properties": {
        "@id": "node/14150068889",
        "access": "yes",
        "amenity": "drinking_water",
        "fee": "no",
        "wheelchair": "yes"
      },
      "geometry": {
        "type": "Point",
        "coordinates": [
          88.7103989,
          26.5594415
        ]
      },
      "id": "node/14150068889"
    },
    {
      "type": "Feature",
      "properties": {
        "@id": "node/14150068890",
        "access": "yes",
        "amenity": "drinking_water",
        "fee": "no",
        "wheelchair": "yes"
      },
      "geometry": {
        "type": "Point",
        "coordinates": [
          88.7108142,
          26.5595226
        ]
      },
      "id": "node/14150068890"
    },
    {
      "type": "Feature",
      "properties": {
        "@id": "node/14150068891",
        "access": "yes",
        "amenity": "drinking_water",
        "fee": "no",
        "wheelchair": "yes"
      },
      "geometry": {
        "type": "Point",
        "coordinates": [
          88.7111419,
          26.5595804
        ]
      },
      "id": "node/14150068891"
    },
    {
      "type": "Feature",
      "properties": {
        "@id": "node/14150068892",
        "access": "yes",
        "amenity": "drinking_water",
        "fee": "no",
        "wheelchair": "yes"
      },
      "geometry": {
        "type": "Point",
        "coordinates": [
          88.7115783,
          26.559656
        ]
      },
      "id": "node/14150068892"
    },
    {
      "type": "Feature",
      "properties": {
        "@id": "node/14150068893",
        "access": "yes",
        "amenity": "drinking_water",
        "fee": "no",
        "wheelchair": "yes"
      },
      "geometry": {
        "type": "Point",
        "coordinates": [
          88.7119188,
          26.5597132
        ]
      },
      "id": "node/14150068893"
    },
    {
      "type": "Feature",
      "properties": {
        "@id": "node/14150068894",
        "access": "yes",
        "amenity": "drinking_water",
        "fee": "no",
        "wheelchair": "yes"
      },
      "geometry": {
        "type": "Point",
        "coordinates": [
          88.7122872,
          26.5597801
        ]
      },
      "id": "node/14150068894"
    }
  ]
}